policy,decision_us,execution_us,start_nav,end_nav,price_PnL,funding_PnL,fees,spread,slippage,charged_reduction_cost,turnover_USDT,opening_actual_gross,opening_actual_net,opening_maximum_asset_gross,before_reduction_actual_gross,before_reduction_maximum_asset_gross,boundary_actual_gross,boundary_actual_net,boundary_maximum_asset_gross,allocated_leg_gross,allocated_maximum_asset_gross,covariance_annual_vol,ramp_L1_after_eligibility_release,terminal_paid_flat,held_BTCUSDT,held_ETHUSDT,held_SOLUSDT,held_XRPUSDT,held_DOGEUSDT
SELECTED_FULL773_256,1727740800000000,1727740860000001,10000.0,9995.32646676704,-4.52878542686231,-0.01991969557925506,0.05087999848456582,0.03697405601668906,0.03697405601668906,0.0,92.43514004172266,0.009243629390651383,0.00924362939065138,0.002391526297017207,0.00879474571512354,0.0022742066844221058,0.00879474571512354,0.008794745715123542,0.0022742066844221058,0.011529988461636078,0.0024156529737841574,0.004852303850386443,0.10000000000000005,False,0.00020590239257920782,0.005012625161684108,0.15659250817152295,30.187831496317,208.97382419139424
SELECTED_FULL773_256,1727827200000000,1727827260000001,9995.32646676704,9987.992371433622,-7.177557979627579,-0.028289235351004013,0.05227399537414441,0.03798706153197035,0.03798706153197035,0.0,94.96765382992588,0.018296186273083406,0.018296186273083406,0.004711014077250611,0.017590767386613467,0.004615333552105158,0.017590767386613467,0.017590767386613467,0.004615333552105158,0.022730307907244274,0.004758539021345234,0.009667914688508469,0.10000000000000005,False,0.00042862097155557086,0.010637194496916727,0.3243768695395092,61.33624297997189,439.82364574036785
SELECTED_FULL773_256,1727913600000000,1727913660000001,9987.992371433622,9984.526650236934,-3.302258579927822,-0.029913213283783446,0.0544348017304086,0.039557300872326576,0.039557300872326576,0.0,98.89325218081645,0.02749234921506045,0.02749234921506045,0.007043388426149324,0.02717078671522296,0.0070672506957204385,0.02717078671522296,0.02717078671522296,0.0070672506957204385,0.03403024050705822,0.0071221679211027535,0.014529145521132868,0.10000000000000005,False,0.0006521241216031345,0.016690723669311843,0.5013388532657304,102.20168318385821,671.19901945521
SELECTED_FULL773_256,1728000000000000,1728000060000001,9984.526650236934,9997.153091121752,12.794664621531187,-0.026138788339380825,0.05791389397705428,0.042085527197917506,0.042085527197917506,0.0,105.21381799479377,0.0377090104651793,0.0377090104651793,0.009571378364597056,0.03894067872463583,0.010013353043730232,0.03894067872463583,0.03894067872463584,0.010013353043730232,0.04631447821124365,0.009678304379410451,0.019394396461620354,0.10000000000000006,False,0.0009073432320484019,0.02341370710964098,0.6986768613019522,144.21827254018578,909.0109617808401
SELECTED_FULL773_256,1728086400000000,1728086460000001,9997.153091121752,9995.622605117282,-1.3465168397163,-0.08473822037497374,0.040446581132350036,0.029392181623682897,0.029392181623682897,0.0,73.48045405920725,0.046291276131363024,0.046291276131363024,0.01178120259565785,0.04616319384303617,0.011796907788044072,0.04616319384303617,0.04616319384303617,0.011796907788044072,0.056982605226604977,0.01191282777548857,0.02425816776687529,0.10000000000000005,False,0.0010864187009951632,0.027883976249477395,0.8220195486149514,173.15037379979418,1077.8559246495195
SELECTED_FULL773_256,1728172800000000,1728172860000001,9995.622605117282,10004.43074195084,9.061295065238449,-0.11399483171723643,0.05672306942550442,0.04122016526815233,0.04122016526815233,0.0,103.05041317038082,0.05647353430813756,0.05647353430813756,0.014311560426848354,0.05732875632118607,0.014687995916104132,0.05732875632118607,0.05732875632118606,0.014687995916104132,0.0692543351294123,0.014455920378875975,0.02919812394261828,0.10000000000000009,False,0.0013346189308979465,0.034301501464895696,1.003626961087878,213.09922998578475,1307.5956606188263
SELECTED_FULL773_256,1728259200000000,1728259260000001,10004.43074195084,9994.437269263579,-9.711034741020368,-0.09478374950316161,0.0764862099815152,0.05558399337906353,0.05558399337906353,0.0,138.95998344765883,0.07055583005200541,0.07055583005200541,0.017201013529043133,0.06965341035241718,0.016949415300820215,0.06965341035241718,0.06965341035241718,0.016949415300820215,0.08375117664319356,0.01737443524016108,0.033745269141623215,0.10000000000000003,False,0.002248362521535846,0.04522501746865984,1.1753187584540723,206.8666966962791,1545.5642240012085
SELECTED_FULL773_256,1728345600000000,1728345660000001,9994.437269263579,9992.255731293115,-1.8945083035068977,-0.14367986028526558,0.05842945083462145,0.042460177919207504,0.042460177919207504,0.0,106.15044479801875,0.08027551437061636,0.08027551437061636,0.019532713758492058,0.0801022910517962,0.019458757762124423,0.0801022910517962,0.0801022910517962,0.019458757762124423,0.0951359666694278,0.019729730910681014,0.03859444301481456,0.09999999999999992,False,0.002578493891700056,0.05183464121398931,1.3544323035779218,237.62410532177918,1798.8912859103339
SELECTED_FULL773_256,1728432000000000,1728432060000001,9992.255731293115,9976.736847010989,-15.195722922757428,-0.183261910198278,0.05702308343999134,0.041438182864611095,0.041438182864611095,0.0,103.59545716152775,0.09047113236343696,0.09047113236343696,0.02195478737825372,0.08908747666899458,0.022146497431501752,0.08908747666899458,0.08908747666899458,0.022146497431501752,0.10698171021720342,0.022176242418122185,0.04341972066488524,0.09999999999999994,False,0.00290955273258303,0.058262437040023915,1.5281477510310721,267.64101441174705,2045.4524806248635
SELECTED_FULL773_256,1728518400000000,1728518460000001,9976.736847010989,9972.243704107086,-4.169403685436242,-0.12244202670137906,0.08204883314694422,0.059624179308875966,0.059624179308875966,0.0,149.06044827218992,0.10403037749730527,0.1040303774973053,0.025287665580142376,0.10365704914048733,0.025255839695381976,0.10365704914048733,0.10365704914048733,0.025255839695381976,0.12322345645001172,0.02557367944124818,0.048002865776816235,0.1,False,0.0034231682733666235,0.06870062332843593,1.8123669702964087,310.0390987520142,2335.52392734892
SELECTED_FULL773_256,1728604800000000,1728604860000001,9972.243704107086,10012.770590972521,40.78491305196399,-0.112909764977656,0.059149523917510174,0.04298344881731718,0.04298344881731718,0.0,107.45862204329295,0.11443448615019074,0.11443448615019071,0.027747766901558963,0.11804294126527085,0.028947544239588542,0.11804294126527085,0.11804294126527085,0.028947544239588542,0.13530418205972025,0.028059257186767595,0.0528009164287427,0.09999999999999998,False,0.00378826757340389,0.07538992201560546,1.9911594716007046,338.9190771804531,2612.628336610929
SELECTED_FULL773_256,1728691200000000,1728691260000001,10012.770590972521,10022.2481147266,9.750218809823341,-0.21742719274984068,0.02252720780371047,0.016370327595167846,0.016370327595167846,0.0,40.92581898791961,0.12213097749202267,0.12213097749202267,0.029571817881313526,0.12298766848122164,0.029738583574072025,0.12298766848122164,0.12298766848122161,0.029738583574072025,0.1441542214977939,0.029870358234998243,0.05775641981203176,0.10000000000000006,False,0.003912396971345498,0.07921661463761011,2.0340889633048396,358.63067039170693,2675.7111334938754
SELECTED_FULL773_256,1728777600000000,1728777660000001,10022.2481147266,10020.026335007953,-1.8702344960427877,-0.20266111918937083,0.0606852328756696,0.04409943527045244,0.04409943527045244,0.0,110.2485881761311,0.13399004398634098,0.133990043986341,0.03240918433722514,0.133831113553612,0.03273304043366114,0.133831113553612,0.133831113553612,0.03273304043366114,0.15806093796236462,0.03277638871682507,0.06266086973676052,0.09999999999999996,False,0.004248790925742704,0.08581213436689769,2.2191799992568457,393.49996422908896,2915.953509392486
SELECTED_FULL773_256,1728864000000000,1728864060000001,10020.026335007953,10097.857695157876,78.47051096733428,-0.4438777062974178,0.07959341494772484,0.0578398480835149,0.0578398480835149,0.0,144.59962020878726,0.14826506487806834,0.14826506487806834,0.035668221194241234,0.1548904193982405,0.037718816334613915,0.1548904193982405,0.1548904193982405,0.037718816334613915,0.17411546825085236,0.036071385058822146,0.06748222617884657,0.09999999999999998,False,0.004729282162075849,0.09602160770546171,2.4181273555756952,444.9641172795054,3207.013196739639
SELECTED_FULL773_256,1728950400000000,1728950460000001,10097.857695157876,10093.286644493157,-4.036045612001614,-0.42341722821482475,0.04544014703656743,0.03307383873394528,0.03307383873394528,0.0,82.68459683486321,0.14670371000079485,0.14670371000079485,0.03619372032284133,0.14636865304780758,0.03645787205024836,0.14636865304780758,0.14636865304780758,0.03645787205024836,0.1759286768742818,0.03660578731852851,0.07225914007465085,0.09999999999999998,False,0.0044858054221005115,0.08641349876497964,2.3203288584844377,413.85866555975076,3130.943189410467
SELECTED_FULL773_256,1729036800000000,1729036860000001,10093.286644493157,10126.344530797453,33.71767362436098,-0.44075012855887735,0.08927966565938314,0.06487876292375783,0.06487876292375783,0.0,162.19690730939456,0.16244195938043543,0.16244195938043546,0.03979495542298985,0.16523784538682634,0.04245177819843034,0.16523784538682634,0.16523784538682634,0.04245177819843034,0.19365980446287398,0.04024584383914682,0.07723730776477895,0.09999999999999995,False,0.0048895411160207415,0.09758602797249195,2.5953293842969245,468.8150974480034,3417.45235696241
SELECTED_FULL773_256,1729123200000000,1729123260000001,10126.344530797453,10122.967122240236,-2.772163957726724,-0.509357247658877,0.039083125506669855,0.02840211316274075,0.02840211316274075,0.0,71.00528290685187,0.17202194239105567,0.17202194239105564,0.04233744499644528,0.17180385709261298,0.043670960942434375,0.17180385709261298,0.17180385709261295,0.043670960942434375,0.2058750356744244,0.042818601970335934,0.08210456796316654,0.10000000000000005,False,0.005153741494849941,0.10265463891150768,2.777040387111074,488.2929277681739,3408.2160343605015
SELECTED_FULL773_256,1729209600000000,1729209660000001,10122.967122240236,10174.104281742359,51.78899175950079,-0.5087271740506097,0.058329701480148176,0.042387690923732416,0.042387690923732416,0.0,105.96922730933103,0.18227463215844145,0.18227463215844145,0.044973694364438016,0.18644619352835617,0.04733779470907536,0.18644619352835617,0.18644619352835617,0.04733779470907536,0.21860222392810696,0.04548588094928724,0.08692757284447294,0.10000000000000003,False,0.005481885766715273,0.10873879924847611,3.029215473102718,519.4790478398301,3509.835737048859
SELECTED_FULL773_256,1729296000000000,1729296060000001,10174.104281742359,10210.105356293114,36.585044270376116,-0.5305686577172355,0.021745670870113542,0.015827695516495772,0.015827695516495772,0.0,39.56923879123943,0.18255794067504713,0.18255794067504713,0.04571911947933995,0.18549650128763842,0.04777878454785337,0.18549650128763842,0.18549650128763842,0.04777878454785337,0.2216812848655958,0.04624597044333605,0.08808890626309944,0.02823662336794147,False,0.005431519111608054,0.10531183420621713,3.002702522772666,507.59071204732606,3389.8021265319458
SELECTED_FULL773_256,1729382400000000,1729382460000001,10210.105356293114,10240.177912736897,30.654205888892466,-0.517460085343391,0.026138818986998612,0.019025270388673562,0.019025270388673562,0.0,47.56317597168391,0.1808391969445346,0.1808391969445346,0.045894783170880596,0.1833005116984421,0.047956341974419434,0.1833005116984421,0.1833005116984421,0.047956341974419434,0.22205557079462598,0.046433348564439904,0.08669151267376457,0.035714985556344385,False,0.005404247029145446,0.10206341214424258,2.9327051290660333,495.3246015492752,3256.1158051710845
SELECTED_FULL773_256,1729468800000000,1729468860000001,10240.177912736897,10226.49195221697,-13.035969745372247,-0.5438112601423287,0.04324378288735463,0.03146786576376049,0.03146786576376049,0.0,78.66966440940121,0.17785755129186676,0.17785755129186676,0.04618583284483423,0.1768190032542526,0.046942192093847576,0.1768190032542526,0.1768190032542526,0.046942192093847576,0.22263539739528088,0.04673309002238541,0.08591601776561608,0.022351593809334318,False,0.005282421802343193,0.09325978903355296,2.82440275538803,465.2003903820101,3336.9522429247554
SELECTED_FULL773_256,1729555200000000,1729555260000001,10226.49195221697,10205.9916352976,-19.825307011074525,-0.5446515474833434,0.053126647811982286,0.038615856499949426,0.038615856499949426,0.0,96.53964124987357,0.18345409802765275,0.18345409802765275,0.04574427185723862,0.18187773433740517,0.04621301228782751,0.18187773433740517,0.18187773433740517,0.04621301228782751,0.2219659839516157,0.046274110867727966,0.08745833849945536,0.0464662978964021,False,0.005571840000969923,0.10604171393874506,2.8117897749581062,517.6346817346141,3251.75493437912
SELECTED_FULL773_256,1729641600000000,1729641660000001,10205.9916352976,10194.628377911857,-10.725649392300541,-0.5674173093770023,0.02860947250261714,0.02079060578096906,0.02079060578096906,0.0,51.97651445242264,0.18686485048458062,0.18686485048458062,0.04615987267168547,0.18601976110493776,0.04706227599724243,0.18601976110493776,0.1860197611049378,0.04706227599724243,0.22432953229820918,0.04668919975938857,0.08799397903217161,0.018180638550494264,False,0.005661218724663197,0.1112669195578431,2.808537226544563,546.0323994399976,3370.0839429185567
SELECTED_FULL773_256,1729728000000000,1729728060000001,10194.628377911857,10233.092106813016,39.11126959729609,-0.5807643352136395,0.027209420536921575,0.019783470193212353,0.019783470193212353,0.0,49.45867548303089,0.18761474850477267,0.1876147485047727,0.045839048492830076,0.19073036382514708,0.04737730601145505,0.19073036382514708,0.19073036382514708,0.04737730601145505,0.2232446761689518,0.04635838733296742,0.0883144535548494,0.012963070505269517,False,0.005740635693441914,0.11794881128680892,2.735520714257663,566.3877228422172,3340.546169251817
SELECTED_FULL773_256,1729814400000000,1729814460000001,10233.092106813016,10127.681267954395,-104.9605704960768,-0.41320279489404305,0.015093625595414967,0.010985971028033309,0.010985971028033309,0.0,27.464927570083276,0.18804711254483944,0.18804711254483944,0.046087427364066715,0.17963992293864905,0.04333776436855487,0.17963992293864905,0.17963992293864905,0.04333776436855487,0.22433549370062628,0.046609105973723024,0.08830266371297789,0.0014626849351139204,False,0.005643870711650685,0.11744577480601238,2.6610347058956867,559.9197522107382,3319.830923031765
SELECTED_FULL773_256,1729900800000000,1729900860000001,10127.681267954395,10175.743093638805,48.619361181381365,-0.5173952616738019,0.016346003893257563,0.011897115702226716,0.011897115702226716,0.0,29.74278925556679,0.17682875398054418,0.17682875398054415,0.04296616522434265,0.18077082976947217,0.04472206981901462,0.18077082976947217,0.18077082976947217,0.04472206981901462,0.20944372878560458,0.04345037415006392,0.08912513728762161,0.013795705669447775,False,0.005370825187324126,0.11498616872925298,2.638207239156218,561.1825472893174,3311.360642465768
SELECTED_FULL773_256,1729987200000000,1729987260000001,10175.743093638805,10223.096321417688,47.85294871703783,-0.46828026454058075,0.01280982263010901,0.009315425492511822,0.009315425492511822,0.0,23.288563731279556,0.18101988062619762,0.18101988062619762,0.04473114550823922,0.18486170901707089,0.04673331996041383,0.18486170901707089,0.18486170901707089,0.04673331996041383,0.21742591699901498,0.04523492503642425,0.08847394377150952,0.008275388984520538,False,0.005495023483733035,0.11341209885451907,2.6644689960701946,548.5702559422025,3312.022401212773
SELECTED_FULL773_256,1730073600000000,1730073660000001,10223.096321417688,10297.663722768173,75.17052194528594,-0.5172871320501191,0.034952605137293154,0.025440428806531155,0.025440428806531155,0.0,63.601072016327876,0.17864189688143522,0.1786418968814352,0.04449232259056351,0.18464659155146976,0.04933541770753605,0.18464659155146976,0.18464659155146979,0.04933541770753605,0.21598697500729253,0.044996594026594235,0.0880725476676444,0.013007038820195254,False,0.005371688658707138,0.10992245508579129,2.5761524721160236,533.177081728339,3153.1749079847846
SELECTED_FULL773_256,1730160000000000,1730160060000001,10297.663722768173,10367.147368528615,70.20018354852587,-0.5494289289987939,0.06804910089180669,0.04952987909731908,0.04952987909731908,0.0,123.8246977432977,0.17262485012211715,0.17262485012211715,0.04287662709293581,0.1782364933643116,0.046484762398724684,0.1782364933643116,0.17823649336431158,0.046484762398724684,0.2082459858746152,0.043366004284809384,0.08823897745737073,0.005908041204070208,False,0.00508723848010824,0.10497164057315918,2.4785108471165893,519.0817287718278,2740.3297064631897
SELECTED_FULL773_256,1730246400000000,1730246460000001,10367.147368528615,10334.982527370574,-31.490024668527433,-0.5091265660322873,0.06747129016045667,0.0491093166609336,0.0491093166609336,0.0,122.77329165233398,0.1663966190916774,0.1663966190916774,0.04251279513316676,0.16386488050189282,0.041609710750987065,0.16386488050189282,0.16386488050189282,0.041609710750987065,0.2055232341604272,0.0430007680058947,0.08817528965602738,0.011086182556606225,False,0.004746347695293075,0.09440217205041602,2.4583298095260666,471.27164142800467,2506.137656384813
SELECTED_FULL773_256,1730332800000000,1730332860000001,10334.982527370574,10268.105871184607,-66.20170188632925,-0.5300045445454658,0.05908159058682443,0.04293408225188898,0.04293408225188898,0.0,107.33520562972245,0.1742529448519849,0.17425294485198486,0.04394049316524804,0.16893808871294752,0.04263328412884347,0.16893808871294752,0.16893808871294752,0.04263328412884347,0.21281939897326063,0.044452398567289726,0.0874689911149279,0.008471330384326549,False,0.004977726612450585,0.10017086248284948,2.5959975987146957,507.8541079264057,2696.181558767213
SELECTED_FULL773_256,1730419200000000,1730419260000001,10268.105871184607,10251.267783613364,-16.19897554789502,-0.5246693639797704,0.046646883550509124,0.03389788790822551,0.03389788790822551,0.0,84.74471977056376,0.1771932624813268,0.1771932624813268,0.04529536496611325,0.17590213843454908,0.04473430961395674,0.17590213843454908,0.17590213843454908,0.04473430961395674,0.21889471125261648,0.04582651368909882,0.08642493332299449,0.019441718054369343,False,0.005175119870722404,0.104417933276326,2.7580645153529817,514.6673304339794,2877.8690627063506
SELECTED_FULL773_256,1730505600000000,1730505660000001,10251.267783613364,10246.56852983201,-4.024730509736685,-0.5190969706743848,0.0633518357661011,0.04603723258927483,0.04603723258927483,0.0,115.09308147318707,0.18713218033432139,0.18713218033432139,0.04730816629328395,0.1868223757244149,0.04741827154306246,0.1868223757244149,0.1868223757244149,0.04741827154306246,0.2290325044882951,0.04785812589246402,0.08766255799204421,0.0047181566937219924,False,0.005520251864189894,0.11249010167537447,2.91670973772102,549.6596443197454,3044.1361376616283
SELECTED_FULL773_256,1730592000000000,1730592060000001,10246.56852983201,10196.8489909796,-49.143315333838615,-0.46053823854566317,0.047115981868368295,0.034284649078097744,0.034284649078097744,0.0,85.71162269524436,0.18118825201662075,0.18118825201662075,0.04804077994061161,0.17725020411110676,0.047141412987894794,0.17725020411110676,0.17725020411110676,0.047141412987894794,0.23081463458558482,0.04861665136048201,0.08547881186291571,0.0636085294740296,False,0.0053558169998607266,0.10057603293420547,2.962491491796917,489.63608542671733,3084.0648222352966
SELECTED_FULL773_256,1730678400000000,1730678460000001,10196.8489909796,10195.032044950945,-1.246825663559211,-0.4528523490593362,0.04779850030188925,0.03473475786780703,0.03473475786780703,0.0,86.83689466951756,0.18576839237075154,0.18576839237075154,0.04745367553975399,0.18567706561400357,0.049686643355515085,0.18567706561400357,0.18567706561400357,0.049686643355515085,0.22935380914583825,0.04801200034973274,0.08707960522672327,0.03950911498789432,False,0.005516082128533299,0.11166957430845766,2.9820806036449503,543.9561804111797,3204.0285971886483
SELECTED_FULL773_256,1730764800000000,1730764860000001,10195.032044950945,10278.244093036605,83.71313855130587,-0.43167191691711626,0.028282204484611297,0.020568172122566782,0.020568172122566782,0.0,51.420430306416954,0.1858940817540314,0.1858940817540314,0.0472730028275382,0.19253253148985772,0.05056760839885538,0.19253253148985772,0.19253253148985772,0.05056760839885538,0.22874420568509707,0.04782908708809343,0.0870105806178894,0.0030149787293781566,False,0.005593559396636504,0.11511308763446129,3.052419387323822,548.3161370382518,3048.364940319786
SELECTED_FULL773_256,1730851200000000,1730851260000001,10278.244093036605,10485.962559926478,208.51158892997145,-0.608193103219703,0.07530568966954143,0.05481162360400424,0.05481162360400424,0.0,137.0290590100106,0.1792038035669681,0.1792038035669681,0.04584328249378411,0.1955355908153606,0.05190511039143416,0.1955355908153606,0.19553559081536062,0.05190511039143416,0.22162091414375384,0.046387481849745185,0.08695529265061325,0.011242470984353709,False,0.005311167473282375,0.10947766469454755,2.8216059030340155,515.9411622455481,2763.5188841504414
SELECTED_FULL773_256,1730937600000000,1730937660000001,10485.962559926478,10516.588953213706,31.91419751250099,-0.4486280469245919,0.34172445876656843,0.24872585979079148,0.24872585979079148,0.0,621.8146494769787,0.1362467738968395,0.1362467738968395,0.03901284345918278,0.13887377732037323,0.04098106401659614,0.13887377732037323,0.13887377732037323,0.04098106401659614,0.18513743366472918,0.03940375890771312,0.08594812186232743,0.049653189250949574,False,0.003778815605386114,0.05974098456099363,2.188276238273058,299.6884768512658,2076.945809699836
SELECTED_FULL773_256,1731024000000000,1731024060000001,10516.588953213706,10543.743102301007,27.727805468107185,-0.4169070902766981,0.06383665276944057,0.046456318879236395,0.046456318879236395,0.0,116.140797198091,0.13006157003161858,0.13006157003161858,0.03941499521833229,0.1323544661038718,0.04097315257481997,0.1323544661038718,0.1323544661038718,0.04097315257481997,0.18552480530532137,0.03981253307028474,0.08322701192721775,0.06609831593726395,False,0.003603104965124498,0.045734271090511466,2.104621096885239,238.54712789671098,2137.395581042375
SELECTED_FULL773_256,1731110400000000,1731110460000001,10543.743102301007,10584.917310419034,41.71949722468251,-0.3960468733836896,0.06077690371192469,0.04423266477919413,0.04423266477919413,0.0,110.58166194798531,0.12308522969435798,0.12308522969435798,0.04048083530681366,0.12654611557301956,0.04361453682036254,0.12654611557301956,0.12654611557301956,0.04361453682036254,0.18842196642998138,0.04088915385623858,0.07990597058903695,0.10000000000000002,False,0.0033943469570017,0.03116563071517584,2.1367383559015454,166.58985963330363,2111.6835869351557
SELECTED_FULL773_256,1731196800000000,1731196860000001,10584.917310419034,10738.287452572104,154.71163872222556,-1.1287772211795837,0.08662851166175001,0.06304541815705438,0.06304541815705438,0.0,157.61354539263593,0.11389354020791313,0.11389354020791313,0.04145148754496282,0.12667207156281202,0.05176760072031488,0.12667207156281202,0.12667207156281202,0.05176760072031488,0.19048572559367496,0.04186934799684569,0.07628883285427346,0.10000000000000006,False,0.003144447995106817,0.013899607142626266,2.1959547073267904,77.69045521794953,2006.9149690050897
SELECTED_FULL773_256,1731283200000000,1731283260000001,10738.287452572104,10889.251778025668,152.09914441206197,-0.688769344430818,0.18163773815698214,0.13220593795544228,0.13220593795544228,0.0,330.51484488860564,0.09589695294642624,0.09589695294642624,0.03467892242933004,0.10853137022349145,0.04377339068390049,0.10853137022349145,0.10853137022349145,0.04377339068390049,0.1594833551738286,0.03502775952298699,0.07410425800954676,0.09999999999999995,False,0.0025621040509811468,0.012410172059696195,1.7711142405309401,67.26887918731953,1344.368999139428
SELECTED_FULL773_256,1731369600000000,1731369660000001,10889.251778025668,10895.309534219921,7.437072232072193,-0.9284366461201192,0.18360449220667163,0.13363744974646746,0.13363744974646746,0.0,334.0936243661686,0.0778535487702689,0.07785354877026891,0.030566735530361575,0.07848963458612265,0.032767065518462514,0.07848963458612265,0.07848963458612265,0.032767065518462514,0.13922418644639625,0.03087421200689476,0.07153199938037702,0.10000000000000003,False,0.0019074263351124682,0.0018546589843838363,1.4970992142466173,10.07019538672524,938.7271472002143
SELECTED_FULL773_256,1731456000000000,1731456060000001,10895.309534219921,10921.696411788842,26.89264231055109,-0.3869238900944455,0.048395828683144765,0.03522251142611386,0.03522251142611386,0.0,88.05627856528464,0.07529124204094845,0.07116354487761589,0.029497342241879495,0.07747507388773034,0.0309461365332282,0.07747507388773034,0.0734531526899363,0.0309461365332282,0.13355619770458269,0.029794970200916693,0.0670114571985105,0.10000000000000005,False,0.0017633194797823633,-0.00346229661523248,1.516511743454264,-15.873234405966363,845.0452753617514
SELECTED_FULL773_256,1731542400000000,1731542460000001,10921.696411788842,10877.341345364792,-43.99165010984114,-0.24096620977140532,0.04986342170372109,0.036293341366708705,0.036293341366708705,0.0,90.73335341677176,0.07666475247494829,0.06514625851984349,0.028938126896713597,0.07343783080677156,0.02830040660905917,0.07343783080677156,0.061366836752446904,0.02830040660905917,0.13008112670341554,0.029230103487793875,0.06325104842901787,0.09999999999999999,False,0.0015726234769725682,-0.009866766091750813,1.4672696992342913,-45.68567826041975,790.2037534130071
SELECTED_FULL773_256,1731628800000000,1731628860000001,10877.341345364792,10902.619609493346,25.570565447694452,-0.1883326202008713,0.04234696557696608,0.03081086668164459,0.03081086668164459,0.0,77.02716670411148,0.06635703181330527,0.05761143319905951,0.02523097293318524,0.06924578596628085,0.02634849918006699,0.06924578596628085,0.05982266861772148,0.02634849918006699,0.11358091270731277,0.025485587644872694,0.058044662835891124,0.09999999999999998,False,0.0014333445819353493,-0.007764532969423669,1.3081185978955525,-30.666651234104137,753.4889543378825
SELECTED_FULL773_256,1731715200000000,1731715260000001,10902.619609493346,10879.41816562062,-22.732863919552013,-0.33111208383781915,0.055978868870789095,0.04074450023348794,0.04074450023348794,0.0,101.86125058371988,0.061724716449110865,0.05048048162159996,0.023003251355517708,0.06131276646869379,0.02278389706253982,0.06131276646869379,0.04849796904836792,0.02278389706253982,0.10313920634673834,0.02323531445899229,0.0522055213250568,0.09999999999999998,False,0.001207521963804946,-0.009919638705193278,1.1484226444858507,-34.327416387534775,657.8164907614953
SELECTED_FULL773_256,1731801600000000,1731801660000001,10879.41816562062,10899.895381937311,21.05944573364273,-0.38243666818995253,0.0813874387320764,0.05920265501573008,0.05920265501573008,0.0,148.0066375393252,0.04770936385089054,0.045112103488778886,0.018694156486039473,0.04945264735089652,0.020541506800563627,0.04945264735089652,0.046958603996865994,0.020541506800563627,0.08464394720428159,0.018882639576969396,0.044809142363934136,0.10000000000000002,False,0.0010823890617762504,-0.0022525927188657563,0.942261910249547,-6.281939228683199,557.5355302052257
SELECTED_FULL773_256,1731888000000000,1731888060000001,10899.895381937311,10912.386259574376,13.475940036064666,-0.27920505976810184,0.28755115612020543,0.20915309155643944,0.20915309155643944,0.0,522.8827288910986,0.05319450685212653,0.039799984635924046,0.01926862440842024,0.05472258713436655,0.020321158910765986,0.05472258713436655,0.040986774571571793,0.020321158910765986,0.08588786654761052,0.019461996573189,0.04188065449729473,0.10000000000000006,False,-0.00040617021718277277,-0.011865972773411004,0.36511032372950747,197.97548011469524,573.193562339771
SELECTED_FULL773_256,1731974400000000,1731974460000001,10912.386259574376,10918.678074687685,6.61667106940737,-0.23211209524924611,0.03776661739215142,0.02748862172803801,0.02748862172803801,0.0,68.72155432009501,0.048972736540345375,0.03468949591521738,0.017446608522368953,0.04945112640111289,0.01835470578984172,0.04945112640111289,0.035275207289177435,0.01835470578984172,0.07749866787474381,0.017622687115614603,0.03739086137136337,0.09999999999999996,False,-0.0004304520906803599,-0.012110936941082888,0.3152546003239621,169.96921082924655,512.8701086981469
SELECTED_FULL773_256,1732060800000000,1732060860000001,10918.678074687685,10911.660178148943,-6.829852725151359,-0.10443313124851332,0.03404745738465668,0.02478161247882428,0.02478161247882428,0.0,61.9540311970607,0.04558362186687553,0.029601300998661765,0.015836100616518144,0.04505224821633208,0.015840411000751432,0.04505224821633208,0.028994190006003534,0.015840411000751432,0.06996376996556529,0.01599593873764153,0.033059946254243924,0.10000000000000005,False,-0.0004724222923280475,-0.014036718159076238,0.27212646393141715,156.94650133697616,442.4914538922782
SELECTED_FULL773_256,1732147200000000,1732147260000001,10911.660178148943,10938.002174158113,26.535155190075418,-0.1271554855384292,0.026878168176606716,0.01956276359441514,0.01956276359441514,0.0,48.90690898603785,0.04065444242008391,0.024697066950506944,0.013868170647597019,0.04409953039060929,0.01601170764622613,0.04409953039060929,0.027063399909783008,0.01601170764622613,0.06102195005344328,0.014008168444670423,0.028809868357881272,0.09999999999999999,False,-0.00046172752627217237,-0.014186117420026427,0.22898786749648772,137.4047489772521,400.74110867998127
SELECTED_FULL773_256,1732233600000000,1732233660000001,10938.002174158113,10968.429128647678,30.774123364661506,-0.23089824037868542,0.04734707385542687,0.03446178043091795,0.03446178043091795,0.0,86.15445107729488,0.0366289051935781,0.019193993916882136,0.012036325385926847,0.03928028017909115,0.013914443556951135,0.03928028017909115,0.02194624554137214,0.013914443556951135,0.05250863407844249,0.012157775192070064,0.023993869154369813,0.09999999999999999,False,-0.00048425917721235353,-0.014174724258380948,0.1633088681854295,103.28883867013185,339.98386945471697
SELECTED_FULL773_256,1732320000000000,1732320060000001,10968.429128647678,10969.850700005545,1.7483931820290741,-0.18498678091053777,0.05776324103673311,0.042035901107697886,0.042035901107697886,0.0,105.08975276924471,0.029699551790413663,0.014461523331866528,0.009594116447383394,0.029916514091238116,0.009901075100101712,0.029916514091238116,0.014618843972874088,0.009901075100101712,0.04168508767761043,0.0096909013978423,0.01974523592040485,0.10000000000000002,False,-0.0004224277851167414,-0.012557784787867197,0.12350552254697159,71.2175321624232,253.35506325555923
SELECTED_FULL773_256,1732406400000000,1732406460000001,10969.850700005545,10967.529711502613,-2.187301843444159,-0.062300664831881396,0.02906939092999114,0.021158301863302385,0.021158301863302385,0.0,52.89575465825595,0.025430643566906986,0.0097969866170037,0.007827208884277303,0.02517830512819066,0.00781548327941508,0.02517830512819066,0.009599561802598494,0.00781548327941508,0.03360405693779902,0.007906220150440206,0.015498776560269822,0.09999999999999995,False,-0.00043880220179584156,-0.012629185109547025,0.08432056893087655,58.6975349365514,200.28634034333425
SELECTED_FULL773_256,1732492800000000,1732492860000001,10967.529711502613,10961.73417347404,-5.728806098091785,-0.007911451678958268,0.023952557217056476,0.017433960792490474,0.017433960792490474,0.0,43.584901981226196,0.021301429214123684,0.0056335724191394,0.0061703931664018295,0.02052233652708734,0.006114298101534012,0.02052233652708734,0.005113902101087739,0.006114298101534012,0.026068837106854814,0.006232686943104615,0.0112435219485022,0.10000000000000003,False,-0.0004383559589975371,-0.012787528600111307,0.04889103186499385,47.46693374390427,158.12698889801695
SELECTED_FULL773_256,1732579200000000,1732579260000001,10961.73417347404,10961.97342449953,0.28838572205573426,0.020430637630359308,0.028329711378981437,0.02061781140831328,0.02061781140831328,0.0,51.544528520783196,0.015820213015726694,0.001013008912653522,0.004107004590829702,0.015578025984786205,0.004054557167790472,0.015578025984786205,0.001039288203541709,0.004054557167790472,0.016798499600649663,0.00414846315855138,0.007450984219667484,0.10000000000000005,False,-0.0004360495743572834,-0.01188507414365928,0.009492852272335406,31.883574269664177,114.73178946651497
SELECTED_FULL773_256,1732665600000000,1732665660000001,10961.97342449953,10960.345011222751,-1.6185463904460589,-0.007271303191584303,0.0010571362557445967,0.0007692234433163271,0.0007692234433163271,0.0,1.9230586082908174,0.01545738518901103,0.0009260915652919604,0.004003260032046551,0.016330066381589067,0.004216971476919182,0.016330066381589067,0.0007785559965906529,0.004216971476919182,0.016361873339202533,0.004043696044598037,0.007284773122160758,0.004043726081262883,False,-0.0004323463578117051,-0.011975372647623378,0.008810404620209135,31.48035845901089,113.28020777991475
SELECTED_FULL773_256,1732752000000000,1732752060000001,10960.345011222751,10963.415377328918,3.1066536866064123,-0.016467744372063407,0.008074854699665887,0.0058724906835997326,0.0058724906835997326,0.0,14.681226708999331,0.014990607670884218,0.0008158841246524379,0.00387003453641892,0.015122259959322428,0.004063682129943125,0.015122259959322428,0.001099019657341722,0.004063682129943125,0.015801299679243624,0.0039091187254032805,0.007143446903605921,0.0028712171566325495,False,-0.00040510803492007903,-0.010625638084747228,0.00739251463206761,28.890367130533157,105.81987082389178
SELECTED_FULL773_256,1732838400000000,1732838460000001,10963.415377328918,10972.141629936554,8.76780777381098,-0.029533561567396078,0.0048968234403435175,0.003562390584105178,0.003562390584105178,0.0,8.905976460262945,0.014309939699137623,0.0007956120922026371,0.0036968267386148015,0.015239477168614596,0.004339192184150806,0.015239477168614596,0.0015940756732121528,0.004339192184150806,0.015097386852364121,0.0037341643282527456,0.006828923889086255,0.007035071453394847,False,-0.00038686317354028114,-0.01033465754843077,0.007331469873090338,26.28221429976063,100.65514993210367
SELECTED_FULL773_256,1732924800000000,1732924860000001,10972.141629936554,10973.729555682774,1.6217883428974926,-0.011311811309097274,0.00918496996818956,0.0066829077003844675,0.0066829077003844675,0.0,16.70726925096117,0.013716806345571098,0.0007597079633466047,0.003543157780894765,0.01399388689212272,0.00380215092640779,0.01399388689212272,0.0009073847256386405,0.00380215092640779,0.014469235631606084,0.0035789398977027005,0.006680594470403476,0.0032693512048828964,False,-0.00036456734163275116,-0.00988876551966698,0.006854093852911544,21.460639849957726,91.09344398200066
SELECTED_FULL773_256,1733011200000000,1733011260000001,10973.729555682774,10981.974097911565,8.273052827054702,-0.019247406807223425,0.0037735040832152034,0.0027448436866066295,0.0027448436866066295,0.0,6.862109216516573,0.01338065619516845,0.0007715266456269615,0.0034608930456361577,0.014197935585654967,0.004096515935940274,0.014197935585654967,0.0015242769911060347,0.004096515935940274,0.01413925827850695,0.0034958486103154954,0.006492111647552843,0.004167982459537267,False,-0.00035873449580429295,-0.009333771849448171,0.00713330323305616,19.534447199382566,90.06989575733905
SELECTED_FULL773_256,1733097600000000,1733097660000001,10981.974097911565,10988.450757158778,6.59507416182678,0.007047367519892273,0.05111209388612141,0.03717509412388312,0.03717509412388312,0.0,92.93773530970776,0.011317148897079712,0.0007667356165656105,0.0029442975667547692,0.011560179982494173,0.0034644664344972236,0.011560179982494173,0.001366457290324949,0.0034644664344972236,0.012050910193231689,0.0029740039696673167,0.006326467133765692,0.002686329075482125,False,1.7309203360772324e-05,-0.007793785698041475,-0.12217715717262148,14.039874171234441,73.4475847087952
SELECTED_FULL773_256,1733184000000000,1733184060000001,10988.450757158778,10984.237786822141,-4.20005456813002,-0.0025096378685094123,0.00423794917692201,0.0030840907315814615,0.0030840907315814615,0.0,7.710226828953654,0.011117447275571943,0.0008130714634442151,0.002901322538409618,0.010913389931982268,0.0027828092526279435,0.010913389931982268,0.0004310114912779567,0.0027828092526279435,0.011886760911160832,0.002930626051352808,0.006346827103423056,0.0011088543413177816,False,1.8635980603859527e-05,-0.0077664768276820865,-0.12530878592977276,11.757702250565234,74.82751174108725
SELECTED_FULL773_256,1733270400000000,1733270460000001,10984.237786822141,10982.428191190389,-1.7897490497469166,-0.014028792115303503,0.002371333985058961,0.0017232279522265538,0.0017232279522265538,0.0,4.308069880566384,0.010693207227363692,0.0008232166450152764,0.002796784303593215,0.010710681219724717,0.002938235689810807,0.010710681219724717,0.0006603870668316425,0.002938235689810807,0.011466438920118577,0.002825033153817551,0.006404133787585677,0.0009663461378371417,False,1.883133582535717e-05,-0.0074833073860104534,-0.11535887006669368,12.060982120064462,75.20324983602495
SELECTED_FULL773_256,1733356800000000,1733356860000001,10982.428191190389,10980.533358352384,-1.8483145004835297,-0.037672805357638,0.0036041144335122455,0.002620708865002079,0.002620708865002079,0.0,6.551772162505197,0.010391733844183815,0.0007927777302639891,0.002716850120585552,0.010309553400007504,0.002707437680242453,0.010309553400007504,0.0006245874182384706,0.002707437680242453,0.01113732035131757,0.0027442908407718032,0.006294299857753697,0.0027000224991161727,False,1.7640694072689768e-05,-0.006870010487095233,-0.1148113279499427,12.710367336985152,69.53689744243083
SELECTED_FULL773_256,1733443200000000,1733443260000001,10980.533358352384,10981.717476762211,1.2013649840726492,-0.013573441982193353,0.0014969159808192927,0.0010881081411201277,0.0010881081411201277,0.0,2.7202703528003194,0.010181866156684129,0.0007833990542055543,0.002662976397301865,0.010572120745710154,0.00286273919631772,0.010572120745710154,0.0008927111423959627,0.00286273919631772,0.010917759378217326,0.002689874248991286,0.006311784922848623,8.211419080035327e-05,False,1.7732305740495393e-05,-0.006807684955983018,-0.1091556809679416,12.999418236691412,68.39494627655056
SELECTED_FULL773_256,1733529600000000,1733529660000001,10981.717476762211,10985.111487086038,3.4241681289767536,-0.024276548627791054,0.002395880102567588,0.0017426882101857022,0.0017426882101857022,0.0,4.356720525464255,0.010183762526915396,0.0008272750504139504,0.002670031889290942,0.010514217114879935,0.0028748261675826657,0.010514217114879935,0.001138728920274108,0.0028748261675826657,0.010955128039289956,0.0026970004639958745,0.006296580593259928,0.0016604811095995483,False,1.8191968036643544e-05,-0.006416067856788694,-0.10829038300862072,12.12434674123234,67.42594375099753
SELECTED_FULL773_256,1733616000000000,1733616060000001,10985.111487086038,10986.036282817238,0.9336144769832028,-0.003862086454770298,0.002018422079139253,0.0014691186251832398,0.0014691186251832398,0.0,3.6727965629580988,0.01025034014806897,0.0008043861527739642,0.002683242959933337,0.010322160111761208,0.0027644071534178097,0.010322160111761208,0.0008892999991348947,0.0027644071534178097,0.011003882984654429,0.0027103452012231036,0.006153181606967207,0.003382112212193973,False,1.7682366555449003e-05,-0.006481589972229987,-0.10881376984042095,11.316354959068297,64.93591329283836
SELECTED_FULL773_256,1733702400000000,1733702460000001,10986.036282817238,10982.039430353923,-3.829238200030967,0.0028884013493259684,0.06946377490866938,0.050519444863098194,0.050519444863098194,0.0,126.2986121577455,0.011553116839733951,0.0007937823536868767,0.003007346562986519,0.010520856806540501,0.0027862886265184656,0.010520856806540501,0.0004453770383220207,0.0027862886265184656,0.012311064205449036,0.003037676655694106,0.005945986965845763,0.0008429640665881108,False,-0.00029170957855703797,0.008245188569789005,-0.12442168899734773,12.706551938530499,3.7291310039802696
SELECTED_FULL773_256,1733788800000000,1733788860000001,10982.039430353923,10984.199886298378,2.171502769317243,0.0008448388172635636,0.00484551147740905,0.003523076101270595,0.003523076101270595,0.0,8.807690253176489,0.011322877684073076,0.000710653539948718,0.002937317452010577,0.01141219167011566,0.00315139277294794,0.01141219167011566,0.0009082062980250086,0.00315139277294794,0.012011502666349901,0.002966984112525207,0.006080311852436953,0.002060229109769428,False,-0.00029925765169500426,0.008692103835160425,-0.13464547552743567,14.599547928425261,3.7759043718537577
SELECTED_FULL773_256,1733875200000000,1733875260000001,10984.199886298378,10983.241058560863,-0.9534147719366773,0.0003650750176906465,0.0023536050384932042,0.0017122177779193566,0.0017122177779193566,0.0,4.280544444798391,0.011456935140103377,0.0007645279796199807,0.002978912981968841,0.011960561413800825,0.0031423695737629468,0.011960561413800825,0.0006777879969775304,0.0031423695737629468,0.01219045573267874,0.003009001429257877,0.006135395184749335,0.0006043153035109432,False,-0.0003040645219243777,0.009011332251625481,-0.13731407629340486,13.80048858100159,4.26334495714686
SELECTED_FULL773_256,1733961600000000,1733961660000001,10983.241058560863,10983.164465044994,-0.06728058331111343,-0.002841464510629547,0.0026369351717372373,0.0019172664374540183,0.0019172664374540183,0.0,4.793166093635046,0.01153106798620499,0.0008213585044602666,0.0030059707722202875,0.011454993260126847,0.0030443614649813045,0.011454993260126847,0.0008152379562171142,0.0030443614649813045,0.012311260210458952,0.003036332324306395,0.006208210016481788,0.001108678685297011,False,-0.0002906992157823349,0.008620178107895553,-0.12941430664702563,13.754648232820882,4.354898930529
SELECTED_FULL773_256,1734048000000000,1734048060000001,10983.164465044994,10984.446650661439,1.2890213556415433,-0.003784721566049559,0.001243028717959086,0.000903994456425635,0.000903994456425635,0.0,2.2599861410640876,0.011637735006339155,0.0008227580356290601,0.0030328474569291473,0.01177916292720845,0.0031383932800977342,0.01177916292720845,0.0009400114538333914,0.0031383932800977342,0.012420139413280741,0.003063481428720449,0.0061856511972525445,0.0006785597850273127,False,-0.00029713933508682247,0.008587573549024393,-0.13081788299371988,14.23819327359488,4.453554279097141
SELECTED_FULL773_256,1734134400000000,1734134460000001,10984.446650661439,10984.380752956491,-0.06249766124283896,-0.0001567803079097808,0.00132095239935189,0.0009611554979591041,0.0009611554979591041,0.0,2.40288874489776,0.011910160302137917,0.000808335770479792,0.003098790441106448,0.011769848863775125,0.0030652756645295856,0.011769848863775125,0.0008026506966626134,0.0030652756645295856,0.012683661829290288,0.003130090430463436,0.006175243207562908,0.0004031243022066698,False,-0.0003006743023733491,0.00870995092930394,-0.1356417548572499,14.058519837981084,4.3387908451273
SELECTED_FULL773_256,1734220800000000,1734220860000001,10984.380752956491,10984.373234417895,-0.006627079811620789,0.001046869878155395,0.000789681928647128,0.000574323366826942,0.000574323366826942,0.0,1.435808417067355,0.011900564606115572,0.0008000229866500331,0.003095144599526398,0.012196133095855278,0.0031694435206718217,0.012196133095855278,0.0007994200741875673,0.0031694435206718217,0.012667253315652497,0.003126408134697156,0.006120205954390404,0.0017030492782088187,False,-0.00030083004506003587,0.008798079012713235,-0.13890698814735905,14.195507627243217,4.426523382835365
SELECTED_FULL773_256,1734307200000000,1734307260000001,10984.373234417895,10986.566754056414,2.2839717053853694,0.0016640575736302,0.03752883833235765,0.027293643053872337,0.027293643053872337,0.0,68.23410763468084,0.011805355657761715,0.000815800027361237,0.0030737089185446146,0.011753819037922915,0.0031260317846777365,0.011753819037922915,0.0010235179737183018,0.0031260317846777365,0.01258372849047617,0.0031047304465596855,0.006102576446670126,0.001912188352731799,False,1.7149062572609682e-05,0.008532257151077523,-0.1345554311680082,13.788484373560323,-74.19139566909449
SELECTED_FULL773_256,1734393600000000,1734393660000001,10986.566754056414,10986.34874505528,-0.18509353540303208,-0.00427552687117609,0.011667594222539853,0.008486172318078265,0.008486172318078265,0.0,21.21543079519566,0.01368488842515712,0.0008388494294938727,0.0035470495207133614,0.013751055648885997,0.0036570500143710736,0.013751055648885997,0.0008220162952502131,0.0036570500143710736,0.014500939944858822,0.0035828689638526235,0.00606021691117636,0.0006323248582334384,False,1.7381757609456166e-05,0.009771763979934742,-0.1631073144430643,15.645493316195498,-87.73248690932607
SELECTED_FULL773_256,1734480000000000,1734480060000001,10986.34874505528,10986.97163506352,0.6840075018900127,-0.010405202641955599,0.02065554146760915,0.01502837477026843,0.01502837477026843,0.0,37.57093692567107,0.01717091866017128,-0.0009309571777660776,0.005418477246104933,0.015784273865957783,0.005017492195983245,0.015784273865957783,-0.0008686438652787192,0.005017492195983245,0.018035236120360287,0.0058186610244309565,0.00642451167167943,0.000712091836388728,False,1.77080552101499e-05,0.011219451342699428,-0.2663013595305565,17.003454239150496,-101.30555059116227
SELECTED_FULL773_256,1734566400000000,1734566460000001,10986.97163506352,10992.419893243648,5.50370367621788,-0.017511018773843066,0.015453898999433476,0.01124028915920555,0.01124028915920555,0.0,28.100722898013878,0.017792559226200034,-0.0011786420482605908,0.004742800318615157,0.01656350508561795,0.004451441078333001,0.01656350508561795,-0.0006773720834045761,0.004451441078333001,0.018642314284786514,0.005125737997082654,0.006544554317599464,0.0039564095590504935,False,1.81622284375841e-05,0.01230510830883942,-0.25172133063979446,19.30791181991835,-145.2025319913725
SELECTED_FULL773_256,1734652800000000,1734652860000001,10992.419893243648,10993.381096569843,1.0464956871455906,-0.039503529103575324,0.018654121627449505,0.013567355109581031,0.013567355109581031,0.0,33.918387773952574,0.019649203031786668,-0.0008824030402520576,0.005132901518009682,0.019790899881018485,0.005159751406611395,0.019790899881018485,-0.000787128961159669,0.005159751406611395,0.02061383390419176,0.00556784578578568,0.00708099538906087,0.013262907428855077,False,2.1351511676908068e-05,0.01476199395462814,-0.290255536432253,22.470028702673076,-178.77371986649868
SELECTED_FULL773_256,1734739200000000,1734739260000001,10993.381096569843,10993.691178233443,0.362763613346331,-0.04799203004286062,0.0019105714555881907,0.0013896741239342865,0.0013896741239342865,0.0,3.4741853098357156,0.020106933645264502,-0.0008347746850317584,0.005235427082574066,0.019543106741407405,0.005282632111003183,0.019543106741407405,-0.0008017533484478817,0.005282632111003183,0.021114428362862595,0.0056905094494922905,0.007266695569261342,0.004231388169351013,False,2.2400908113109967e-05,0.014956904377684028,-0.29626303890619704,22.7759339808078,-181.39563354756498
SELECTED_FULL773_256,1734825600000000,1734825660000001,10993.691178233443,10993.725841387626,0.0852875742622938,-0.02941098208216189,0.008641339331772947,0.006286049332260296,0.006286049332260296,0.0,15.715123330650739,0.019376813759202176,-0.0012107712764488534,0.0049680929983908105,0.01907573220507763,0.004938771343702377,0.01907573220507763,-0.0012030072818516994,0.004938771343702377,0.022069922325998595,0.005462012302741928,0.0072760749058574225,0.0020814888249483434,False,-4.041797646948702e-05,0.014017064192965837,-0.3010061988355999,23.737585682356958,-170.594623871563
SELECTED_FULL773_256,1734912000000000,1734912060000001,10993.725841387626,10989.676779637291,-3.888473502894191,-0.020583317440123768,0.05703885070791522,0.04148303964604122,0.04148303964604122,0.0,103.70759911510302,0.019444708227043247,-0.0012709972369601896,0.004993485959775122,0.020018481968422333,0.005258899453314105,0.020018481968422333,-0.0016252789853120687,0.005258899453314105,0.022107473967882596,0.005473200990372115,0.007201187188568389,0.0046838357404949465,False,0.0004912034934542515,-0.0012429496995078053,-0.30433704691170754,24.14290295673924,-175.61201702474025
SELECTED_FULL773_256,1734998400000000,1734998460000001,10989.676779637291,10988.628445048533,-0.9903864222687501,-0.030480632499934043,0.0111913902828057,0.008138071853273405,0.008138071853273405,0.0,20.345179633183513,0.018550394209836903,-0.0013064945322138627,0.004964222185512691,0.019216702429085138,0.005158249930957509,0.019216702429085138,-0.0013967442102745299,0.005158249930957509,0.021036647042002775,0.005401388723925855,0.007004143894658817,0.006201267748022627,False,0.00044494906360191127,0.0006160984134834998,-0.287283101243536,22.355006734808825,-168.4110048964237
SELECTED_FULL773_256,1735084800000000,1735084860000001,10988.628445048533,10988.751193224145,0.16766307890341073,-0.027954407582459463,0.006910801032710322,0.0050248473382385654,0.0050248473382385654,0.0,12.562118345596412,0.018775576125170418,-0.0010583913844615057,0.00495849187740798,0.0187470358147975,0.004971269940671342,0.0187470358147975,-0.0010431202274021898,0.004971269940671342,0.0196363313337015,0.005344136021657946,0.006735614097503054,0.008284264665168881,False,0.00048404215236001,0.00052314797903041,-0.2766817691065212,20.58851604249086,-161.88888133270115
SELECTED_FULL773_256,1735171200000000,1735171260000001,10988.751193224145,10990.069029498292,1.3211253076546334,-0.0009567255495882394,0.0009497825267668781,0.000691262716337228,0.000691262716337228,0.0,1.72815679084307,0.018672974617254375,-0.0011886635703298727,0.004965409546896063,0.01769511880635765,0.004735985089553934,0.01769511880635765,-0.0010683099546788108,0.004735985089553934,0.019522446084662335,0.005345993917087183,0.006575647362826732,0.0033385756652655058,False,0.0004738533243780642,0.0005142235882450747,-0.27635554346858016,20.518022215983066,-163.25665281083255
SELECTED_FULL773_256,1735257600000000,1735257660000001,10990.069029498292,10990.367800147493,0.3390190012360047,-0.026129789418647884,0.0057517587921210485,0.004183401911696534,0.004183401911696534,0.0,10.458504779241334,0.01864677507137569,-0.0011549260944525234,0.004950425291457053,0.018439607249812875,0.004938254503177103,0.018439607249812875,-0.0011240462939469524,0.004938254503177103,0.01947777119872821,0.0053217576938721575,0.006560938034317902,0.00023523800766142057,False,0.0004927639105423215,0.000524206425135125,-0.2888682477731643,21.866190157792055,-173.96382229838767
SELECTED_FULL773_256,1735344000000000,1735344060000001,10990.367800147493,10986.444328638774,-3.8857944959776156,-0.010577877508769554,0.0110389048032881,0.008030115214568994,0.008030115214568994,0.0,20.075288036422485,0.017527270829218594,-0.0016417798811607922,0.0045667948059617235,0.018103367689098426,0.004841607003483054,0.018103367689098426,-0.001996052051967138,0.004841607003483054,0.01992403880312789,0.004940110030946349,0.006485423176651304,0.0007120584558235436,False,0.00042722345944605646,-0.001486613248530988,-0.2723607056063193,21.897868159007324,-160.87771917793617
SELECTED_FULL773_256,1735430400000000,1735430460000001,10986.444328638774,10986.91611289236,0.4816615618980323,0.0021382864936944804,0.004896194088107639,0.0035597003591017464,0.0035597003591017464,0.0,8.899250897754365,0.01729336557727019,-0.0016638067581763365,0.004511859039024588,0.016765250526373135,0.004377904533506394,0.016765250526373135,-0.0016198939343777408,0.004377904533506394,0.019644853828817026,0.0048719040051152405,0.006599730114550795,0.002058225065901054,False,0.0004155887363846643,-0.0014695100371886986,-0.2538107216499705,21.203072220658665,-152.87821964667916
SELECTED_FULL773_256,1735516800000000,1735516860000001,10986.91611289236,10985.262134742166,-1.328093798875592,-0.00851675311129775,0.12929786306100424,0.09403486757374838,0.09403486757374838,0.0,235.0871689343709,0.029529425471609173,-0.0016364593855440264,0.007791471214288301,0.029538546645740387,0.007859854019024153,0.029538546645740387,-0.0017575562780388413,0.007859854019024153,0.03295253231114913,0.008197223358726458,0.006610729362086973,0.0015613948164214042,False,0.0008085664995291814,0.02257905645517804,-0.451700532251044,0.8522829630492994,-272.8082346449593
SELECTED_FULL773_256,1735603200000000,1735603260000001,10985.262134742166,10984.824066531715,0.0,0.0,0.17847726806575145,0.12979547119310683,0.12979547119310683,0.0,324.4886779827671,0.0,0.0,0.0,0.0,0.0,0.0,0.0,0.0,0.0,0.0,0.0,0.003362687400930108,True,0.0,0.0,0.0,0.0,0.0
FROZEN_VOL,1727740800000000,1727740860000001,10000.0,9995.030516855108,-4.811888459880563,-0.022843259282744225,0.054924746584508105,0.039913339571621326,0.039913339571621326,0.0,99.7833489290533,0.009978469354202537,0.009978469354202537,0.0019956938708405076,0.009501867984196522,0.0019441670312083591,0.009501867984196522,0.00950186798419652,0.0019441670312083591,0.010079126154449829,0.0020158252308899657,0.005,0.10000000000000005,False,0.00031465634748226076,0.007660203968083809,0.13067403818604292,32.587638448417145,174.3854402814633
FROZEN_VOL,1727827200000000,1727827260000001,9995.030516855108,9987.324592905035,-7.5363217144857435,-0.031929055716894486,0.0561156549919515,0.040778762438741005,0.040778762438741005,0.0,101.94690609685252,0.019701898724270476,0.019701898724270476,0.003940379744854095,0.018962239896165578,0.003933079992171398,0.018962239896165578,0.018962239896165578,0.003933079992171398,0.019900633683944815,0.003980126736788963,0.010000000000000002,0.10000000000000005,False,0.0006477098457055818,0.01607437821190448,0.27130655410266424,66.04674377528936,367.8654335251733
FROZEN_VOL,1727913600000000,1727913660000001,9987.324592905035,9983.883844578017,-3.263935835734799,-0.03375341539418516,0.05831094882531665,0.04237406353122349,0.04237406353122349,0.0,105.93515882805873,0.029569624090568805,0.029569624090568805,0.005913924818113761,0.029252470520524924,0.005933940221573923,0.029252470520524924,0.029252470520524924,0.005933940221573923,0.02986787932664965,0.00597357586532993,0.015000000000000005,0.10000000000000006,False,0.0009739065746558242,0.02497481552691831,0.42091661786845624,110.00827106708817,563.5286779498106
FROZEN_VOL,1728000000000000,1728000060000001,9983.883844578017,9996.625027571528,12.922221050026483,-0.029223544098404063,0.06187966900709781,0.04496742170416235,0.04496742170416235,0.0,112.41855426040586,0.040513088781451566,0.04051308878145156,0.008102617756290311,0.04175349600521057,0.008476663660614878,0.04175349600521057,0.04175349600521057,0.008476663660614878,0.0409216896375247,0.008184337927504939,0.020000000000000007,0.10000000000000006,False,0.0013316624292079738,0.03442723576462466,0.5914238620026018,155.05916124372982,769.4698413474161
FROZEN_VOL,1728086400000000,1728086460000001,9996.625027571528,9995.087891507763,-1.3420114304436574,-0.08767348932816683,0.04379713848792028,0.03182700275264899,0.03182700275264899,0.0,79.56750688162249,0.04971346733864473,0.04971346733864473,0.009942693467728947,0.04958631119457922,0.009955946307392589,0.04958631119457922,0.04958631119457922,0.009955946307392589,0.05021508381960292,0.010043016763920585,0.02500000000000001,0.10000000000000006,False,0.0016012912820695254,0.04117567299146746,0.6937025224192386,186.09307247179115,909.6029102881271
FROZEN_VOL,1728172800000000,1728172860000001,9995.087891507763,10003.798504128852,8.974190730807532,-0.11462049166797482,0.06071519747618377,0.044121210287176645,0.044121210287176645,0.0,110.3030257179416,0.06062293810209507,0.06062293810209507,0.012124587620419016,0.061466327495544655,0.01244360790990578,0.061466327495544655,0.061466327495544655,0.01244360790990578,0.0612343784176319,0.01224687568352638,0.03000000000000001,0.10000000000000003,False,0.001952998168663963,0.05019467953919506,0.8502147758758138,229.03895835320967,1107.7194960208706
FROZEN_VOL,1728259200000000,1728259260000001,10003.798504128852,9994.003675679685,-9.494340595062397,-0.10735787412140829,0.07871987365757088,0.05720505316297571,0.05720505316297571,0.0,143.01263290743927,0.0757636231753242,0.0757636231753242,0.015152724635064842,0.07488640905624856,0.01508671902128691,0.07488640905624856,0.07488640905624856,0.01508671902128691,0.07652743485678401,0.015305486971356802,0.03500000000000001,0.10000000000000009,False,0.0024141624051552766,0.06217391811927359,1.035296334997559,284.3937665897422,1361.4323476947422
FROZEN_VOL,1728345600000000,1728345660000001,9994.003675679685,9992.650111001769,-1.0324312137459384,-0.16882581810727465,0.06208067052136683,0.04511348777077743,0.04511348777077743,0.0,112.78371942694358,0.08617286120025544,0.08617286120025544,0.017234572240051087,0.0860799013299552,0.017350508790908072,0.0860799013299552,0.0860799013299552,0.017350508790908072,0.08704196761031732,0.017408393522063463,0.040000000000000015,0.10000000000000009,False,0.0027677973668398764,0.07102435934431393,1.195022260018378,325.5949968973702,1587.1705985874385
FROZEN_VOL,1728432000000000,1728432060000001,9992.650111001769,9975.260251219259,-17.039638721713015,-0.20143289393788058,0.06064612908798747,0.044071018885246324,0.044071018885246324,0.0,110.17754721311582,0.09710720583798971,0.09710720583798971,0.01942144116759794,0.0955668544040924,0.01959468584570843,0.0955668544040924,0.0955668544040924,0.01959468584570843,0.0980866261969217,0.01961732523938434,0.04500000000000001,0.10000000000000003,False,0.003123089419996505,0.07950054342656294,1.3518680971786814,365.2028162562718,1809.4990821313083
FROZEN_VOL,1728518400000000,1728518460000001,9975.260251219259,9972.160138469113,-2.72601557523493,-0.1572814499721581,0.08837419480704034,0.06422076506579487,0.06422076506579487,0.0,160.5519126644872,0.11166429138265604,0.11166429138265604,0.02233285827653121,0.11142321480319005,0.022573480212170056,0.11142321480319005,0.11142321480319005,0.022573480212170056,0.11278976194013864,0.022557952388027727,0.05000000000000001,0.09999999999999998,False,0.0036727292883108314,0.09390160612173279,1.6003565444726522,424.5687656701689,2062.3146764223075
FROZEN_VOL,1728604800000000,1728604860000001,9972.160138469113,10012.801794680065,40.93546854919757,-0.14006733916249753,0.06266653631091776,0.04553923138646737,0.04553923138646737,0.0,113.84807846616842,0.12284170018470651,0.12284170018470651,0.0245683400369413,0.12642951634660501,0.025630326259143008,0.12642951634660501,0.12642951634660501,0.025630326259143008,0.12408061240646513,0.024816122481293026,0.055000000000000014,0.10000000000000003,False,0.004064320996246232,0.10278646212160247,1.7629898243118771,462.08156153399534,2313.2437345418216
FROZEN_VOL,1728691200000000,1728691260000001,10012.801794680065,10023.249329975202,10.755079536510072,-0.24555031301054317,0.025268755314384612,0.01836258652306127,0.01836258652306127,0.0,45.90646630765316,0.13101510481526624,0.13101510481526624,0.026203020963053245,0.1319507467568159,0.026597663638421105,0.1319507467568159,0.1319507467568159,0.026597663638421105,0.1323376703430449,0.026467534068608977,0.06000000000000003,0.10000000000000003,False,0.004197005238924474,0.10765860931337484,1.8023716451416847,487.3937040622227,2370.9021407617433
FROZEN_VOL,1728777600000000,1728777660000001,10023.249329975202,10019.237725341094,-3.636878025389318,-0.21467427700116673,0.06523740815608445,0.047407461780455226,0.047407461780455226,0.0,118.51865445113806,0.14377741717670645,0.14377741717670645,0.02875548343534129,0.143469697980122,0.029047984310110485,0.143469697980122,0.143469697980122,0.029047984310110485,0.14522739527608586,0.02904547905521717,0.06500000000000002,0.10000000000000003,False,0.004558238339755214,0.11639089677915604,1.9691917253848221,534.7287155736997,2587.474438407614
FROZEN_VOL,1728864000000000,1728864060000001,10019.237725341094,10101.624280097285,83.07764834211243,-0.4798334066804492,0.08610975168187057,0.06257521377942778,0.06257521377942778,0.0,156.43803444856943,0.15908681850842402,0.15908681850842402,0.0318173637016848,0.16601020259093052,0.03363132330522987,0.16601020259093052,0.16601020259093052,0.03363132330522987,0.1606903677682643,0.032138073553652856,0.07000000000000002,0.10000000000000003,False,0.005072585215318373,0.12914398354353432,2.156885226791389,599.5467537687797,2860.5438709517243
FROZEN_VOL,1728950400000000,1728950460000001,10101.624280097285,10095.956227812621,-5.095663916042231,-0.45740349025475996,0.046823475617690645,0.03408070137396509,0.03408070137396509,0.0,85.20175343491272,0.15757753552282444,0.15757753552282444,0.03151550710456489,0.1571594844591779,0.03201737329592367,0.1571594844591779,0.1571594844591779,0.03201737329592367,0.15916741600762102,0.0318334832015242,0.07500000000000004,0.10000000000000003,False,0.004818569114343967,0.1210495210784616,2.0211681033604223,580.9382991976278,2727.2696646988784
FROZEN_VOL,1729036800000000,1729036860000001,10095.956227812621,10127.290729277911,32.05330668264665,-0.4829609801455125,0.09613022565315138,0.0698570057794865,0.0698570057794865,0.0,174.64251444871624,0.17446182376441788,0.17446182376441788,0.03489236475288358,0.177083007188902,0.03722818133986614,0.177083007188902,0.17708300718890205,0.03722818133986614,0.1762199477672348,0.03524398955344696,0.08000000000000006,0.10000000000000003,False,0.005251128566334367,0.13514655809326379,2.276192543724702,650.5328865500182,2997.2224799356327
FROZEN_VOL,1729123200000000,1729123260000001,10127.290729277911,10122.173341814796,-4.454397997020953,-0.5501429914981103,0.04599485859856798,0.03342580799894299,0.03342580799894299,0.0,83.56451999735746,0.18479883183427445,0.18479883183427445,0.03695976636685489,0.18445013550698516,0.03813038826612517,0.18445013550698516,0.1844501355069852,0.03813038826612517,0.18666340672326892,0.037332681344653784,0.08500000000000005,0.10000000000000006,False,0.005535325081876647,0.1432259593103043,2.424524734447407,682.6520673062022,2975.579366436049
FROZEN_VOL,1729209600000000,1729209660000001,10122.173341814796,10170.732212690033,49.2741950304748,-0.5575285230459298,0.06431757633394997,0.04673902792961991,0.04673902792961991,0.0,116.84756982404976,0.19599691437889363,0.19599691437889363,0.03919938287577873,0.19990281592909148,0.04127033229669396,0.19990281592909148,0.19990281592909148,0.04127033229669396,0.19797359491135227,0.03959471898227045,0.09000000000000005,0.09999999999999995,False,0.005892237070540155,0.1524411072872486,2.6400742755299516,729.7714969089506,3058.9527628509477
FROZEN_VOL,1729296000000000,1729296060000001,10170.732212690033,10202.612367444084,32.5651304595264,-0.6030701587138225,0.03338388267241643,0.024260832044720522,0.024260832044720522,0.0,60.652080111801304,0.20554423027265178,0.20554423027265178,0.041108846054530364,0.20809215745451926,0.042977997877167995,0.20809215745451926,0.20809215745451926,0.042977997877167995,0.20761876263841042,0.04152375252768208,0.09500000000000004,0.10000000000000005,False,0.006111206572606875,0.15835401818377942,2.699010378612192,765.0570864607771,3046.9588817287176
FROZEN_VOL,1729382400000000,1729382460000001,10202.612367444084,10240.234243243052,38.40842365973861,-0.6366939049554429,0.061080545185145045,0.04438670531585281,0.04438670531585281,0.0,110.96676328963201,0.21897168252759402,0.21897168252759402,0.0437943365055188,0.22191472891964717,0.045727325668370955,0.22191472891964717,0.2219147289196472,0.045727325668370955,0.2211802690048079,0.04423605380096158,0.1,0.09999999999999924,False,0.0065362576599708065,0.16873301152201686,2.796408039182916,821.1910981449115,3104.788246130542
FROZEN_VOL,1729468800000000,1729468860000001,10240.234243243052,10217.915877264708,-21.583237738038406,-0.6663041365414147,0.028029848959725708,0.02039712740320419,0.02039712740320419,0.0,50.99281850801048,0.2183204822225003,0.2183204822225003,0.04366409644450006,0.21668358217089914,0.04441681320864768,0.21668358217089914,0.21668358217089914,0.04441681320864768,0.22052425747618673,0.044104851495237345,0.1,0.0,False,0.006481312047291848,0.16295508550657728,2.6702154103847846,815.4797929398726,3154.7842409435702
FROZEN_VOL,1729555200000000,1729555260000001,10217.915877264708,10191.63488863615,-25.580543740462808,-0.6520547920051825,0.019720465142642186,0.014334815473923778,0.014334815473923778,0.0,35.83703868480944,0.2189297543694335,0.2189297543694335,0.04378595087388671,0.21698331029014287,0.04426014341517365,0.21698331029014287,0.21698331029014287,0.04426014341517365,0.22114011874744724,0.04422802374948945,0.10000000000000002,0.0,False,0.006641328087786986,0.1676983386917887,2.6891810051634866,820.6145338023648,3109.9613779302745
FROZEN_VOL,1729641600000000,1729641660000001,10191.63488863615,10170.582721682391,-20.331006599100288,-0.6675211064938715,0.021862639753030128,0.015888304205466924,0.015888304205466924,0.0,39.72076051366731,0.2206018476258221,0.2206018476258221,0.04412036952516442,0.21905830847773017,0.04502589746561991,0.21905830847773017,0.21905830847773017,0.04502589746561991,0.2228289763471864,0.04456579526943728,0.1,0.0,False,0.00667167668334478,0.1713400768833177,2.6806744412110097,842.6842780523516,3216.6559179393003
FROZEN_VOL,1729728000000000,1729728060000001,10170.582721682391,10212.134264514865,42.277452280704665,-0.6785073861402611,0.019314083127957026,0.014043989480534619,0.014043989480534619,0.0,35.10997370133654,0.2198632542861055,0.2198632542861055,0.04397265085722111,0.22310756855216865,0.045434216207120896,0.22310756855216865,0.22310756855216865,0.045434216207120896,0.22208306017055382,0.044416612034110764,0.10000000000000002,0.0,False,0.006707512356760287,0.17722846536501727,2.617955854596377,851.0473808576578,3196.9790452548373
FROZEN_VOL,1729814400000000,1729814460000001,10212.134264514865,10093.854526149524,-117.74057166240271,-0.4995962867955192,0.016113760501395152,0.011728327820523821,0.011728327820523821,0.0,29.32081955130955,0.22028418570809727,0.22028418570809727,0.04405683714161946,0.2112000313535662,0.04358969456503024,0.2112000313535662,0.2112000313535662,0.04358969456503024,0.2225084163045254,0.044501683260905076,0.1,0.0,False,0.006593951919472257,0.17732292553461565,2.5385803352293834,845.3825494413821,3167.06034642196
FROZEN_VOL,1729900800000000,1729900860000001,10093.854526149524,10145.781950074746,52.60835224316068,-0.6029603949803138,0.03174964561805302,0.023109138669519632,0.023109138669519632,0.0,57.77284667379907,0.2054780521208325,0.2054780521208325,0.041095610424166505,0.2096100535607124,0.04275793564420795,0.2096100535607124,0.2096100535607124,0.04275793564420795,0.20755198479543346,0.04151039695908669,0.1,0.0,False,0.00621661584907627,0.16968347063354203,2.514913963535002,828.1291857565647,3156.608394684295
FROZEN_VOL,1729987200000000,1729987260000001,10145.781950074746,10194.190588766094,49.00884933805244,-0.560913960126331,0.016014400151916627,0.01164114321289825,0.01164114321289825,0.0,29.102858032245624,0.21136445231793877,0.21136445231793877,0.04227289046358775,0.21516746911200232,0.044159821886746733,0.21516746911200232,0.21516746911200232,0.044159821886746733,0.21349861985881502,0.042699723971763005,0.10000000000000002,0.0,False,0.006393621252225719,0.17277713594019659,2.5106238240263896,835.7168118831415,3120.7878036704374
FROZEN_VOL,1730073600000000,1730073660000001,10194.190588766094,10271.418081714395,77.90973609789327,-0.6137645330242225,0.027885465278663462,0.020296575644998517,0.020296575644998517,0.0,50.741439112496295,0.2101913952339608,0.2101913952339608,0.042038279046792165,0.21619473260161046,0.04660129491958608,0.21619473260161046,0.21619473260161046,0.04660129491958608,0.21231311443532208,0.04246262288706441,0.1,0.0,False,0.0062986530903422,0.17095712338526264,2.4271825436312837,829.2247482653626,2970.837780960412
FROZEN_VOL,1730160000000000,1730160060000001,10271.418081714395,10348.130674219643,77.53019719922528,-0.6461389121450763,0.06982330171588955,0.05082124005814802,0.05082124005814802,0.0,127.05310014537004,0.20382855789118226,0.20382855789118226,0.040765711578236455,0.2098063554684643,0.04416455874721136,0.2098063554684643,0.2098063554684643,0.04416455874721136,0.20588399523419013,0.04117679904683803,0.09999999999999999,0.0,False,0.005987583058809019,0.16314999652984058,2.3504809537108122,806.7720175222429,2598.7753047048413
FROZEN_VOL,1730246400000000,1730246460000001,10348.130674219643,10317.326177357572,-30.0303328599153,-0.6061403617312041,0.06842161284528812,0.0498010137894229,0.0498010137894229,0.0,124.50253447355723,0.19777816342247154,0.19777816342247154,0.03955563268449431,0.19545477972398934,0.039992205092024884,0.19545477972398934,0.19545477972398934,0.039992205092024884,0.19977267886717587,0.039954535773435176,0.1,0.0,False,0.005627168128116273,0.15508312986450415,2.283133699459938,774.2012665768445,2327.5344571771734
FROZEN_VOL,1730332800000000,1730332860000001,10317.326177357572,10237.216102592269,-79.30277023229984,-0.6311894564040881,0.07178459077339017,0.05216524291358925,0.05216524291358925,0.0,130.41310728397315,0.20809853589987226,0.20809853589987226,0.04161970717997445,0.20197688821515336,0.0408307508749646,0.20197688821515336,0.2019768882151533,0.0408307508749646,0.21019695322401505,0.04203939064480301,0.1,0.0,False,0.0059320743977253655,0.16139155770862448,2.4546776683472773,820.3988622926811,2549.407852069045
FROZEN_VOL,1730419200000000,1730419260000001,10237.216102592269,10220.880394832486,-15.530748398068514,-0.6374090386410972,0.06829359307512362,0.049628364998999794,0.049628364998999794,0.0,124.07091249749949,0.21409998728581892,0.21409998728581892,0.042819997457163785,0.21291915494748773,0.04317393215952063,0.21291915494748773,0.21291915494748773,0.04317393215952063,0.21625907389615012,0.04325181477923003,0.09999999999999999,0.0,False,0.006231595846891088,0.17405217112449045,2.599480477833299,860.3540588361711,2712.3964666606594
FROZEN_VOL,1730505600000000,1730505660000001,10220.880394832486,10213.486795010718,-6.58196996941654,-0.6373838566958151,0.07102275247219747,0.051611621591597615,0.051611621591597615,0.0,129.029053978994,0.22554706464468904,0.22554706464468904,0.0451094129289378,0.22506205242459928,0.045226304824610424,0.22506205242459928,0.22506205242459928,0.045226304824610424,0.2278214338473891,0.04556428676947782,0.1,0.0,False,0.006631170800892512,0.18348425195232884,2.772899826145512,898.9082746991894,2894.0434002461507
FROZEN_VOL,1730592000000000,1730592060000001,10213.486795010718,10158.55706027094,-54.31060951074193,-0.5909191115628589,0.011496827184266244,0.008354645145168406,0.008354645145168406,0.0,20.886612862921016,0.22710768278651522,0.22710768278651522,0.04542153655730304,0.2229887857506819,0.045237091484859375,0.2229887857506819,0.22298878575068196,0.045237091484859375,0.22940106625621873,0.045880213251243744,0.09999999999999999,0.0,False,0.006688219880971754,0.18608468585040377,2.791953434472287,909.2728002193555,2906.528304441546
FROZEN_VOL,1730678400000000,1730678460000001,10158.55706027094,10151.060222525246,-6.856894511083254,-0.5820688007681157,0.023589647347682156,0.017142393247352776,0.017142393247352776,0.0,42.85598311838194,0.22720878790689392,0.22720878790689397,0.045441757581378785,0.22669980691767191,0.04760698416017819,0.22669980691767191,0.22669980691767191,0.04760698416017819,0.22950251865965643,0.04590050373193129,0.10000000000000002,0.0,False,0.006718441106943784,0.18803797150771842,2.844940573113788,918.6468803849616,3056.681614312298
FROZEN_VOL,1730764800000000,1730764860000001,10151.060222525246,10239.362958134518,88.93364859501445,-0.5621619030520025,0.02801059684107892,0.02037024292508978,0.02037024292508978,0.0,50.92560731272444,0.22704005063177476,0.2270400506317748,0.04540801012635495,0.23376603368986656,0.04854678890398025,0.23376603368986656,0.23376603368986662,0.04854678890398025,0.2293318312478001,0.04586636624956002,0.09999999999999999,0.0,False,0.006796465991268155,0.19226829659617506,2.9193509628716594,915.8281810606126,2915.473267095549
FROZEN_VOL,1730851200000000,1730851260000001,10239.362958134518,10481.293748324737,242.85614452052798,-0.7405308839156127,0.0752627324462656,0.05478035697377219,0.05478035697377219,0.0,136.95089243443044,0.22039506922479687,0.22039506922479687,0.044079013844959374,0.23847442675859082,0.04974090440770508,0.23847442675859082,0.23847442675859082,0.04974090440770508,0.2226172636670791,0.04452345273341582,0.1,0.0,False,0.00650137890007394,0.1861749970134653,2.7027539059819334,877.3967238723233,2647.1136349555604
FROZEN_VOL,1730937600000000,1730937660000001,10481.293748324737,10528.744878623935,48.95839100650086,-0.5763960182480126,0.3790613225918001,0.27590168323153075,0.27590168323153075,0.0,689.7542080788269,0.1726816456963655,0.17268164569636552,0.034536329139273104,0.17653810807226483,0.03667484841155751,0.17653810807226483,0.17653810807226486,0.03667484841155751,0.1744104136298742,0.03488208272597484,0.1,0.0,False,0.004787165328621334,0.13317289031622095,1.9363037610242513,668.0569620676695,1837.7926481252264
FROZEN_VOL,1731024000000000,1731024060000001,10528.744878623935,10557.637509407483,29.52218381358867,-0.5498316027966877,0.03246676490696413,0.023627331168369556,0.023627331168369556,0.0,59.06832792092389,0.1720462028500269,0.1720462028500269,0.03440924057000538,0.17437035923503477,0.03576398854600725,0.17437035923503477,0.17437035923503477,0.03576398854600725,0.17378272742687048,0.034756545485374095,0.10000000000000002,0.0,False,0.004771752409035719,0.12494511966553813,1.8394687599645312,651.7060123673582,1868.1141250709763
FROZEN_VOL,1731110400000000,1731110460000001,10557.637509407483,10612.357545975477,55.31136356593639,-0.5611295435991922,0.012302605801674237,0.00894742427046126,0.00894742427046126,0.0,22.36856067615315,0.17434877777571964,0.17434877777571964,0.034869755555143926,0.17866127167567905,0.03752175420494148,0.17866127167567905,0.17866127167567905,0.03752175420494148,0.1761093728233294,0.03522187456466588,0.10000000000000002,0.0,False,0.00481444284015126,0.1243174235015048,1.8430096931915203,664.514776561383,1821.39910060858
FROZEN_VOL,1731196800000000,1731196860000001,10612.357545975477,10771.393649935266,160.66418182463187,-1.5551852658133134,0.029683047460669475,0.021604775784489116,0.021604775784489116,0.0,54.01193946122278,0.17362561689746833,0.17362561689746833,0.03472512337949367,0.18597673769639758,0.043346595241610476,0.18597673769639758,0.18597673769639758,0.043346595241610476,0.17537820638726695,0.03507564127745339,0.10000000000000002,0.0,False,0.004806060953676989,0.11785963326525464,1.844408878512534,658.7645583246413,1685.6321193248757
FROZEN_VOL,1731283200000000,1731283260000001,10771.393649935266,10961.015635169948,191.19690041186084,-1.171844158602342,0.16413624364127505,0.11946738746726476,0.11946738746726476,0.0,298.66846866816195,0.1582547278545601,0.15825472785456013,0.031650945570912026,0.1729545095364659,0.03981229251228216,0.1729545095364659,0.1729545095364659,0.03981229251228216,0.1598472786689943,0.03196945573379886,0.10000000000000003,0.0,False,0.004241185904658152,0.10707103579736629,1.6214603403476735,580.3745940723499,1230.7738061233197
FROZEN_VOL,1731369600000000,1731369660000001,10961.015635169948,10994.788216505161,36.0634623185892,-1.803811218508329,0.19834172617754559,0.14436401934459975,0.14436401934459975,0.0,360.9100483614993,0.14003403446119556,0.14003403446119556,0.028006806892239108,0.14287774045535703,0.03182395998835668,0.14287774045535703,0.14287774045535703,0.03182395998835668,0.14144223417296933,0.028288446834593868,0.1,0.0,False,0.003453459788701118,0.09098085565150285,1.3807547992451001,493.996470821002,865.7756288587846
FROZEN_VOL,1731456000000000,1731456060000001,10994.788216505161,11009.550635464668,15.623300674265252,-0.7303605452511492,0.05316889932167438,0.03867613509404309,0.03867613509404309,0.0,96.69033773510772,0.14064975194187165,0.14064975194187165,0.02812995038837433,0.14187855889207132,0.029543360936640478,0.14187855889207132,0.14187855889207132,0.029543360936640478,0.14206876996221,0.028413753992441997,0.10000000000000002,0.0,False,0.0035168940028763598,0.0952428272077622,1.4594147579603152,436.6499724791048,813.2291433487155
FROZEN_VOL,1731542400000000,1731542460000001,11009.550635464668,10989.564490166707,-19.36505361178137,-0.5676901603436484,0.02175903617068328,0.015821244831564378,0.015821244831564378,0.0,39.55311207891094,0.14287519034860158,0.1428751903486016,0.028575038069720317,0.1413722045782421,0.03224888940615678,0.1413722045782421,0.14137220457824207,0.03224888940615678,0.14431767407714932,0.028863534815429862,0.1,0.0,False,0.003476757129450098,0.0986979650281517,1.4605236888963913,456.99709847222937,786.5706635370605
FROZEN_VOL,1731628800000000,1731628860000001,10989.564490166707,11079.406390588234,90.48342848508531,-0.5187952979727789,0.05000378329081693,0.03636449114820183,0.03636449114820183,0.0,90.91122787050456,0.14191313628215302,0.14191313628215302,0.028382627256430603,0.1489276154424307,0.03241037920309853,0.1489276154424307,0.1489276154424307,0.03241037920309853,0.1433450013932714,0.028669000278654277,0.1,0.0,False,0.0035671514885934545,0.10183461071421518,1.4866979464088161,402.20403501814275,856.3523849121974
FROZEN_VOL,1731715200000000,1731715260000001,11079.406390588234,11144.332159941148,65.8672740752131,-0.7863564542986187,0.06317857832391015,0.04598484483871471,0.04598484483871471,0.0,114.96211209678678,0.13855335785757222,0.13855335785757222,0.027710671571514443,0.14365461413659214,0.03469833952454229,0.14365461413659214,0.14365461413659214,0.03469833952454229,0.13995092692235342,0.027990185384470682,0.1,0.0,False,0.003368012010595381,0.09937062397938534,1.4058681767296886,343.87711966199527,805.2812916307656
FROZEN_VOL,1731801600000000,1731801660000001,11144.332159941148,11149.50911245857,6.274156885756251,-0.9570084151840157,0.0571012148829401,0.0415473691332832,0.0415473691332832,0.0,103.868422833208,0.13826884623255847,0.13826884623255847,0.02765376924651169,0.13876563589797017,0.030429739284085728,0.13876563589797017,0.13876563589797017,0.030429739284085728,0.13966374424981243,0.027932748849962483,0.1,0.0,False,0.00339832997385416,0.0982725905339845,1.4278118653213214,274.0586153943566,844.8350046903724
FROZEN_VOL,1731888000000000,1731888060000001,11149.50911245857,11189.245924016985,40.970336611070316,-1.1549983748666808,0.031990100270334436,0.023268288759193196,0.023268288759193196,0.0,58.170721897982986,0.1379926696071022,0.1379926696071022,0.027598533921420438,0.14116322390874642,0.029037630012874346,0.14116322390874642,0.1411632239087464,0.029037630012874346,0.1393855532487382,0.02787711064974764,0.10000000000000002,0.0,False,0.0034244066784356246,0.10004159510572645,1.294958076871448,290.0715858090059,839.8371632036722
FROZEN_VOL,1731974400000000,1731974460000001,11189.245924016985,11191.879107911074,3.550642550029763,-0.8684756252523593,0.019946585808594545,0.014518222438747026,0.014518222438747026,0.0,36.29555609686757,0.13792003838920183,0.13792003838920183,0.02758400767784037,0.13820423713314198,0.029029777447888944,0.13820423713314198,0.13820423713314198,0.029029777447888944,0.13931256022047162,0.02786251204409432,0.1,0.0,False,0.003409559738861745,0.0959292889690539,1.2852088042016823,275.5494101678725,831.4509154630371
FROZEN_VOL,1732060800000000,1732060860000001,11191.879107911074,11180.53506212649,-10.761583024642146,-0.5275669895670342,0.02236307496786992,0.01626634770365432,0.01626634770365432,0.0,40.66586925913579,0.13756460900519432,0.13756460900519432,0.027512921801038866,0.13674098156109016,0.028116594036781555,0.13674098156109016,0.13674098156109013,0.028116594036781555,0.1389534689451137,0.02779069378902274,0.1,0.0,False,0.003334428325330069,0.09907328969099113,1.296286033340071,279.49512967196193,788.0023143607341
FROZEN_VOL,1732147200000000,1732147260000001,11180.53506212649,11307.975874431677,128.26985203623175,-0.7941310941298438,0.014225805549467733,0.010341415682916891,0.010341415682916891,0.0,25.853539207292226,0.13803403758880123,0.13803403758880123,0.027606807517760245,0.14782127668526,0.03159081431352704,0.14782127668526,0.14782127668526,0.03159081431352704,0.13942788546405907,0.027885577092811812,0.1,0.0,False,0.003273961043245891,0.10058918549443557,1.3113732238164404,280.2668806770867,817.3986803571822
FROZEN_VOL,1732233600000000,1732233660000001,11307.975874431677,11375.114273802916,68.37689680314517,-1.0342472919241847,0.08317355799556957,0.060538290993208795,0.060538290993208795,0.0,151.345727483022,0.13443972459930292,0.13443972459930292,0.026887944919860584,0.1396549134863009,0.030985737586854772,0.1396549134863009,0.1396549134863009,0.030985737586854772,0.13579524877156465,0.02715904975431293,0.1,0.0,False,0.003088299130830174,0.09039743729568815,1.1825395379421941,238.53973058239254,785.1735159990639
FROZEN_VOL,1732320000000000,1732320060000001,11375.114273802916,11380.708048703218,6.941108815319456,-1.2460200093447056,0.0412613844651848,0.030026260603371956,0.030026260603371956,0.0,75.0656515084299,0.13471632992250343,0.13471632992250343,0.02694326598450069,0.1352588170266779,0.02779534858080659,0.1352588170266779,0.13525881702667789,0.02779534858080659,0.13607588894377162,0.027215177788754322,0.1,0.0,False,0.0030984679503045487,0.0921101666673641,1.1931791627955068,207.41743351086487,737.8837119433102
FROZEN_VOL,1732406400000000,1732406460000001,11380.708048703218,11366.556423538796,-13.145639770668492,-0.9727353886001326,0.013543743313872833,0.009853130920198691,0.009853130920198691,0.0,24.63282730049673,0.13439816296342041,0.13439816296342041,0.026879632592684083,0.1334085795164988,0.026993669624285958,0.1334085795164988,0.1334085795164988,0.026993669624285958,0.13575532353962605,0.02715106470792521,0.1,0.0,False,0.0031308456864370523,0.09010900483547908,1.2000641687098303,209.12521003952887,713.5720952783364
FROZEN_VOL,1732492800000000,1732492860000001,11366.556423538796,11300.413425648594,-65.13307684567694,-0.8726603761867385,0.05594751509137693,0.040656576623339095,0.040656576623339095,0.0,101.64144155834774,0.1423524475766541,0.1423524475766541,0.02847048951533082,0.13742015027932364,0.02910331641769955,0.13742015027932364,0.13742015027932367,0.02910331641769955,0.14378861469886822,0.028757722939773644,0.1,0.0,False,0.0033020939401795977,0.09632724235542578,1.2803462615365329,226.98149512755748,756.1453316899753
FROZEN_VOL,1732579200000000,1732579260000001,11300.413425648594,11276.22068901118,-23.422159380002583,-0.6965031840763305,0.030171760681979323,0.021951156327496665,0.021951156327496665,0.0,54.87789081874166,0.13519278566319323,0.13519278566319323,0.027038557132638644,0.13340482046124025,0.026820004170732412,0.13340482046124025,0.13340482046124025,0.026820004170732412,0.13655747421830125,0.02731149484366025,0.09999999999999999,0.0,False,0.0032833810223277136,0.08949263842251672,1.3060263781823995,216.3915518242014,778.6764983199682
FROZEN_VOL,1732665600000000,1732665660000001,11276.22068901118,11358.929680816847,83.39600844143584,-0.675271077606856,0.004784280754187223,0.003480638702951261,0.003480638702951261,0.0,8.701596757378152,0.1330829898352469,0.13308298983524688,0.026616597967049377,0.13945571045468433,0.029044063819603515,0.13945571045468433,0.13945571045468433,0.029044063819603515,0.1344271224374679,0.02688542448749358,0.1,0.0,False,0.0032584760635285186,0.09025510315761581,1.3023836842713632,215.30439027283762,774.7601126521996
FROZEN_VOL,1732752000000000,1732752060000001,11358.929680816847,11363.407231093417,5.267922732583566,-0.6714489121853272,0.04842735613533924,0.0352480938462328,0.0352480938462328,0.0,88.12023461558199,0.13169929546274733,0.1316992954627473,0.026339859092549465,0.1321096099286468,0.0276544520712691,0.1321096099286468,0.1321096099286468,0.0276544520712691,0.13302819860880588,0.026605639721761176,0.10000000000000002,0.0,False,0.003120607317471493,0.08185086718067092,1.2366778605609325,203.77978123246587,746.4062339225287
FROZEN_VOL,1732838400000000,1732838460000001,11363.407231093417,11445.611753998433,83.04348148368406,-0.8020489714398891,0.015035580345107113,0.010937013441423084,0.010937013441423084,0.0,27.342533603557712,0.1315473984944065,0.1315473984944065,0.0263094796988813,0.1378576627721559,0.030683592805906233,0.1378576627721559,0.1378576627721559,0.030683592805906233,0.13287572849885218,0.026575145699770434,0.1,0.0,False,0.0031224605915628283,0.08341336971148121,1.2564167294978406,193.86833589521507,742.4734534942908
FROZEN_VOL,1732924800000000,1732924860000001,11445.611753998433,11462.14498751466,17.352373850962792,-0.7207253894072095,0.04007699676407383,0.029168974282597328,0.029168974282597328,0.0,72.92243570649332,0.1318336855937976,0.1318336855937976,0.02636673711875952,0.13315627943232333,0.028257150703209468,0.13315627943232333,0.13315627943232336,0.028257150703209468,0.1331641939631809,0.026632838792636185,0.1,0.0,False,0.003095502429478159,0.08396445373734227,1.24072212062685,166.5916872205734,707.1275895683125
FROZEN_VOL,1733011200000000,1733011260000001,11462.14498751466,11536.201222435782,75.23785285700109,-1.0929832890914857,0.036122739216245855,0.02625595378624454,0.02625595378624454,0.0,65.63988446561135,0.13728213618670257,0.13728213618670257,0.027456427237340517,0.14292169512997988,0.032314447868272984,0.14292169512997988,0.14292169512997988,0.032314447868272984,0.13866775213064594,0.02773355042612919,0.1,0.0,False,0.003263628386628172,0.08491506425629182,1.3257524485753365,161.86972340438913,746.352787181173
FROZEN_VOL,1733097600000000,1733097660000001,11536.201222435782,11555.542234096749,20.519545370609972,-1.0796778405560434,0.04026099825167939,0.029297435417543684,0.029297435417543684,0.0,73.24358854385919,0.13839652746935818,0.13839652746935818,0.027679305493871636,0.1399394351796842,0.03253416251394959,0.1399394351796842,0.13993943517968427,0.03253416251394959,0.13979327426625418,0.027958654853250837,0.1,0.0,False,0.0032820128995375243,0.08591674513059937,1.346850437037182,138.65015267597704,725.3283547526864
FROZEN_VOL,1733184000000000,1733184060000001,11555.542234096749,11532.733950868724,-21.44355583504072,-1.226446077578389,0.0563356861075051,0.040972814648834024,0.040972814648834024,0.0,102.43203662208506,0.13956072213033677,0.13956072213033677,0.027912144426067355,0.13797569345671143,0.029087425286949176,0.13797569345671143,0.13797569345671143,0.029087425286949176,0.14096873944825833,0.028193747889651663,0.1,0.0,False,0.0033638437602372725,0.0884921268743367,1.4277826650357788,118.9511724254407,757.0203821799334
FROZEN_VOL,1733270400000000,1733270460000001,11532.733950868724,11543.050704204408,11.671720499999877,-1.2877689001963344,0.027383740257081936,0.019907261931025877,0.019907261931025877,0.0,49.768154827564686,0.14019452535136523,0.14019452535136523,0.028038905070273044,0.14107955545267742,0.02967166854440553,0.14107955545267742,0.1410795554526774,0.02967166854440553,0.1416098065394448,0.02832196130788896,0.09999999999999999,0.0,False,0.003367116064998481,0.08928077161338607,1.3763070793078298,126.95353471923937,791.5871439005498
FROZEN_VOL,1733356800000000,1733356860000001,11543.050704204408,11525.954984046059,-14.701521508589126,-2.2948997223905945,0.04045685085284312,0.0294210382593844,0.0294210382593844,0.0,73.55259564846101,0.14165633604844474,0.14165633604844474,0.02833126720968895,0.14058971113379867,0.029214780837463223,0.14058971113379867,0.14058971113379867,0.029214780837463223,0.14308597722409586,0.02861719544481917,0.09999999999999999,0.0,False,0.0033129819963748403,0.08524682843608394,1.4246414317201408,139.3083879239013,762.1395060508478
FROZEN_VOL,1733443200000000,1733443260000001,11525.954984046059,11582.821299357947,58.27794153339091,-1.3688059435213304,0.01744083429204589,0.012689721845491385,0.012689721845491385,0.0,31.72430461372846,0.13910479677933105,0.13910479677933105,0.02782095935586621,0.1434527536795265,0.02976421922885628,0.1434527536795265,0.14345275367952653,0.02976421922885628,0.14050937372591427,0.028101874745182855,0.09999999999999999,0.0,False,0.0033050367219819342,0.08461094237420988,1.3566675150087815,142.55442955787126,750.0337610167137
FROZEN_VOL,1733529600000000,1733529660000001,11582.821299357947,11625.720617519892,44.73073506938514,-1.6817610853633094,0.060999785776202506,0.04432801814999092,0.04432801814999092,0.0,110.82004537497727,0.15302235189710336,0.15302235189710334,0.03060447037942067,0.15630329086669387,0.03284001197783953,0.15630329086669387,0.15630329086669387,0.03284001197783953,0.15456603512330985,0.030913207024661972,0.1,0.0,False,0.003549141716043349,0.08854003272758702,1.4943785305389707,146.5768819174451,815.1436779477758
FROZEN_VOL,1733616000000000,1733616060000001,11625.720617519892,11638.650673933078,14.065197384656416,-1.0768938974275875,0.02372037199675884,0.017263351023457586,0.017263351023457586,0.0,43.15837755864396,0.1530323815099781,0.15303238150997808,0.030606476301995623,0.1540700934156444,0.031499754636666266,0.1540700934156444,0.1540700934156444,0.031499754636666266,0.1545773886753602,0.03091547773507204,0.1,0.0,False,0.003560185061254589,0.0889042422803078,1.4925359053525717,136.60711783931092,783.883855824932
FROZEN_VOL,1733702400000000,1733702460000001,11638.650673933078,11471.892044672202,-166.13581336950298,-0.5970082432703734,0.010509529323369234,0.007649059389300645,0.007649059389300645,0.0,19.122648473251616,0.15252242787642054,0.15252242787642054,0.030504485575284103,0.14025720448846304,0.029744385111387835,0.14025720448846304,0.14025720448846307,0.029744385111387835,0.15406271684022704,0.030812543368045408,0.1,0.0,False,0.003504744470130108,0.08860295393282046,1.4948642709462439,136.54484994797622,759.1145082206866
FROZEN_VOL,1733788800000000,1733788860000001,11471.892044672202,11466.72433310393,-4.614535730309078,-0.3919850071460644,0.06563919572619331,0.0477758175458136,0.0477758175458136,0.0,119.43954386453399,0.12984753421196538,0.12984753421196538,0.025969506842393072,0.12950179891368802,0.027879875356675552,0.12950179891368802,0.12950179891368802,0.027879875356675552,0.1311572825580407,0.026231456511608145,0.1,0.0,False,0.0030599121914995017,0.08027570777331165,1.376751203396301,134.83376008279046,720.6811962429858
FROZEN_VOL,1733875200000000,1733875260000001,11466.72433310393,11537.96543644282,71.82970017727149,-0.45995160037729227,0.05243269416590923,0.03810627191843245,0.03810627191843245,0.0,95.26567979608113,0.1367516340331391,0.1367516340331391,0.02735032680662782,0.14213124543696587,0.02888449762714382,0.14213124543696587,0.14213124543696587,0.02888449762714382,0.1381314139554229,0.02762628279108458,0.10000000000000003,0.0,False,0.0032477236940100453,0.08636942059343129,1.4666564065968406,132.27125239249366,796.0785364198564
FROZEN_VOL,1733961600000000,1733961660000001,11537.96543644282,11521.13546206465,-16.153298454959472,-0.5270596598533113,0.060983661623012796,0.0443163008669521,0.0443163008669521,0.0,110.79075216738026,0.15173549107931877,0.15173549107931877,0.030347098215863757,0.15055311663628898,0.03077897685516481,0.15055311663628898,0.150553116636289,0.03077897685516481,0.1532661853329603,0.030653237066592058,0.1,0.0,False,0.003461279530437093,0.0914201644625412,1.5409023011553615,145.8731116491825,845.1345157893624
FROZEN_VOL,1734048000000000,1734048060000001,11521.13546206465,11539.974094967685,19.37766781937132,-0.509208165815425,0.012152863893253568,0.008836943314381783,0.008836943314381783,0.0,22.092358285954457,0.1509612237360706,0.1509612237360706,0.03019224474721412,0.15239357201727374,0.031195528222474782,0.15239357201727374,0.15239357201727372,0.031195528222474782,0.1524856898148617,0.030497137962972345,0.10000000000000002,0.0,False,0.0034806209929097594,0.08967721206322221,1.5323702251097444,148.68477926903697,857.1697126732017
FROZEN_VOL,1734134400000000,1734134460000001,11539.974094967685,11512.905685841972,-26.541465033983012,-0.4938127697840224,0.013493630271784926,0.009818845837294586,0.009818845837294586,0.0,24.54711459323647,0.15095971149638457,0.15095971149638457,0.030191942299276915,0.14900883758936367,0.030243500242589517,0.14900883758936367,0.14900883758936367,0.030243500242589517,0.1524841192831476,0.03049682385662952,0.1,0.0,False,0.003436200752813546,0.08915384639494733,1.5501567525870001,143.9010539036239,851.2625075409958
FROZEN_VOL,1734220800000000,1734220860000001,11512.905685841972,11555.632921179826,43.18648820324328,-0.4268355373973203,0.01321307139422332,0.009602128299804195,0.009602128299804195,0.0,24.005320749510485,0.15101195246662327,0.15101195246662327,0.030202390493324658,0.1541904256682131,0.031034003092670286,0.1541904256682131,0.1541904256682131,0.031034003092670286,0.15253689621869143,0.030507379243738284,0.1,0.0,False,0.003431520290178517,0.08998216851672708,1.5844898343851364,145.18425643249194,875.7493871195521
FROZEN_VOL,1734307200000000,1734307260000001,11555.632921179826,11552.5888930023,-2.5342774028793555,-0.4785443569421862,0.012719751015733366,0.009243333344766635,0.009243333344766635,0.0,23.108333361916586,0.15619059369608995,0.15619059369608995,0.03123811873921799,0.15601195815364785,0.03178477408656073,0.15601195815364785,0.15601195815364782,0.03178477408656073,0.15776785040158192,0.03155357008031638,0.1,0.0,False,0.0034540806250003605,0.09122355560440383,1.609484833551142,147.42108080897253,887.4404033554188
FROZEN_VOL,1734393600000000,1734393660000001,11552.5888930023,11559.445636802327,7.419396530274218,-0.5220441901370412,0.016550728470931836,0.012028905819736356,0.012028905819736356,0.0,30.07226454934089,0.15817318072701378,0.15817318072701378,0.03163463614540275,0.1587206481896308,0.03267098298638758,0.1587206481896308,0.1587206481896308,0.03267098298638758,0.15977032801210958,0.031954065602421915,0.1,0.0,False,0.0034463505446023506,0.09164008563970867,1.6894446261610492,146.72420970417463,908.7218378575183
FROZEN_VOL,1734480000000000,1734480060000001,11559.445636802327,11419.660068416455,-139.4974682574093,-0.23431796319690373,0.021909592164095097,0.015936286550262954,0.015936286550262954,0.0,39.840716375657394,0.15817050786729336,0.15817050786729336,0.03163410157345868,0.14789034015981706,0.03027962672940706,0.14789034015981706,0.14789034015981706,0.03027962672940706,0.15976744641794713,0.031953489283589424,0.1,0.0,False,0.003446543014112435,0.09395717146604855,1.6358189856714669,142.39523989758555,928.2638439748171
FROZEN_VOL,1734566400000000,1734566460000001,11419.660068416455,11323.009222414543,-96.39305703181509,-0.17839254220910006,0.03233135311492447,0.023532537386217682,0.023532537386217682,0.0,58.83134346554421,0.14273957296526524,0.14273957296526524,0.028547914593053052,0.13544394263093204,0.028018543529584643,0.13544394263093204,0.13544394263093204,0.028018543529584643,0.1441803843968375,0.028836076879367498,0.09999999999999999,0.0,False,0.003249410318331554,0.08969740369030375,1.5748283354060626,140.743951004796,908.4214721554016
FROZEN_VOL,1734652800000000,1734652860000001,11323.009222414543,11332.360172947143,9.614921515773764,-0.2081543513217319,0.02273995935579034,0.016538336248018953,0.016538336248018953,0.0,41.34584062004738,0.13539383146295242,0.13539383146295242,0.027078766292590487,0.136129892013482,0.027412689836507204,0.136129892013482,0.136129892013482,0.027412689836507204,0.13676077175834292,0.027352154351668583,0.1,0.0,False,0.0031404055232282986,0.08957342025961898,1.577301347893827,136.3445433195842,971.488891407373
FROZEN_VOL,1734739200000000,1734739260000001,11332.360172947143,11296.126886110093,-36.0616377548912,-0.15948316917222774,0.00495467895463043,0.0036056170166707305,0.0036056170166707305,0.0,9.014042541676826,0.13551946837039539,0.13551946837039539,0.027103893674079078,0.1327616230471644,0.027436752927864183,0.1327616230471644,0.1327616230471644,0.027436752927864183,0.1368882049321008,0.027377640986420163,0.1,0.0,False,0.003143670511187465,0.08856430605151384,1.581050885161454,134.86311985085212,968.0442354323038
FROZEN_VOL,1734825600000000,1734825660000001,11296.126886110093,11268.66740651484,-27.084043503341853,-0.21179558707024,0.06669994926390978,0.048470277787885895,0.048470277787885895,0.0,121.17569446971473,0.1434908912833979,0.1434908912833979,0.028698178256679585,0.141434983660236,0.028598051808728164,0.141434983660236,0.14143498366023596,0.028598051808728164,0.14493819455882548,0.028987638911765097,0.1,0.0,False,0.0033327600094098042,0.09718714902543513,1.7865724265818705,144.91442414093893,1012.5361281961531
FROZEN_VOL,1734912000000000,1734912060000001,11268.66740651484,11319.02510845394,50.72196132555507,-0.2689044077352039,0.03886673564591786,0.02824412153616588,0.02824412153616588,0.0,70.61030384041469,0.14770230750990196,0.14770230750990193,0.029540461501980392,0.15152506856779085,0.03096091026552306,0.15152506856779085,0.15152506856779085,0.03096091026552306,0.149192987534678,0.0298385975069356,0.1,0.0,False,0.0034981879396862566,0.10147661648016064,1.8454308619065027,151.1917240635395,1064.871461518538
FROZEN_VOL,1734998400000000,1734998460000001,11319.02510845394,11373.258488189018,54.55785847915761,-0.2361237789399537,0.03597939672371624,0.026187784208251134,0.026187784208251134,0.0,65.46946052062783,0.14574218684011436,0.14574218684011436,0.029148437368022872,0.14984311271983786,0.030196448486956934,0.14984311271983786,0.14984311271983786,0.030196448486956934,0.14721318100395966,0.029442636200791933,0.1,0.0,False,0.003480704002207876,0.09654508715256233,1.7373845130683538,146.13514595902043,1018.4889764514428
FROZEN_VOL,1735084800000000,1735084860000001,11373.258488189018,11371.567229356824,-1.3645350302324504,-0.2362191436311111,0.03685478232310183,0.026824938003567826,0.026824938003567826,0.0,67.06234500891956,0.14394776468608927,0.14394776468608927,0.02878955293721786,0.1438480326067533,0.02902770753511669,0.1438480326067533,0.1438480326067533,0.02902770753511669,0.14540062545153715,0.02908012509030743,0.1,0.0,False,0.0033185066366979168,0.09384565298629927,1.6626640010446758,141.15119270842263,972.8389985017322
FROZEN_VOL,1735171200000000,1735171260000001,11371.567229356824,11285.888384710972,-85.41445437371877,-0.20515252311817242,0.024145335274598362,0.01754620687057508,0.01754620687057508,0.0,43.86551717643769,0.14770627536949582,0.14770627536949582,0.029541255073899163,0.14125858612608935,0.0286540770016195,0.14125858612608935,0.14125858612608935,0.0286540770016195,0.1491974807325493,0.02983949614650986,0.1,0.0,False,0.00337719884421943,0.09610949029830859,1.7014212831998028,146.23394486982806,1005.112255864308
FROZEN_VOL,1735257600000000,1735257660000001,11285.888384710972,11271.212745932944,-14.421830115577919,-0.22776611366658092,0.01061436129070054,0.007714093745846815,0.007714093745846815,0.0,19.285234364617033,0.14276570276480222,0.14276570276480222,0.02855314055296044,0.14167173262222474,0.02858150713263877,0.14167173262222474,0.14167173262222474,0.02858150713263877,0.14420744780643657,0.028841489561287313,0.1,0.0,False,0.003365294605524258,0.09663355465573534,1.7109844627647885,149.33352505543365,1030.3984578791337
FROZEN_VOL,1735344000000000,1735344060000001,11271.212745932944,11319.64460009973,48.86655456250476,-0.3294338102564205,0.04290671136926065,0.031179937046188978,0.031179937046188978,0.0,77.94984261547245,0.14858895491452212,0.14858895491452212,0.029717790982904422,0.15226879434296156,0.031359877896776064,0.15226879434296156,0.15226879434296156,0.031359877896776064,0.15008845169689017,0.030017690339378032,0.1,0.0,False,0.0035527296393530693,0.10047437126117724,1.8176276113365488,156.0095091835581,1073.6342593021964
FROZEN_VOL,1735430400000000,1735430460000001,11319.64460009973,11274.221908766543,-45.01411100878096,-0.3235629216788451,0.034620293904564906,0.02519855441048468,0.02519855441048468,0.0,62.996386026211695,0.1467046696905257,0.1467046696905257,0.029340933938105142,0.14330196369088186,0.029051263274444954,0.14330196369088186,0.14330196369088186,0.029051263274444954,0.1481854220700978,0.02963708441401956,0.09999999999999999,0.0,False,0.0034878036350117544,0.09766385546675777,1.7005962617734653,152.15615261332135,1024.3228778816858
FROZEN_VOL,1735516800000000,1735516860000001,11274.221908766543,11268.530466176491,-5.156384578184167,-0.4006534438285581,0.05478336722266629,0.03981060040888474,0.03981060040888474,0.0,99.52650102221185,0.15213157064786795,0.15213157064786795,0.03042631412957359,0.15174900224920362,0.030704754798226368,0.15174900224920362,0.1517490022492036,0.030704754798226368,0.15366642123814728,0.030733284247629458,0.1,0.0,False,0.0036628823056811958,0.10228524978069983,1.8100835202735686,164.2544186588029,1093.214761702607
FROZEN_VOL,1735603200000000,1735603260000001,11268.530466176491,11266.222734426996,0.0,0.0,0.9397411454491447,0.6839953020228143,0.6839953020228143,0.0,1709.988255057036,0.0,0.0,0.0,0.0,0.0,0.0,0.0,0.0,0.0,0.0,0.0,0.0,True,0.0,0.0,0.0,0.0,0.0
Static50,1727740800000000,1727740860000001,10000.0,9996.889818445015,-2.893282569530458,-0.002931281012945344,0.08718503652786233,0.06339133395716214,0.06339133395716214,0.0,158.47833489290534,0.01584817258900138,0.004989274200807423,0.004710434277371459,0.015015627564369312,0.00447861702157841,0.015015627564369312,0.004701301379583139,0.00447861702157841,0.020039563077224914,0.004757912615444983,0.004417687965330831,0.10000000000000003,False,-0.0004280208361715679,-0.0104200246837507,0.308427360303464,16.293819224208573,411.5985223078061
Static50,1727827200000000,1727827260000001,9996.889818445015,9991.62785154746,-5.030831453900146,-0.006346496196323943,0.09159410499851471,0.06659742123012743,0.06659742123012743,0.0,166.4935530753186,0.03167087488246441,0.009851035182829104,0.009395373998040468,0.03077542370406619,0.009202555482515093,0.03077542370406619,0.009352496795421076,0.009202555482515093,0.03995031684197241,0.009490063368394482,0.008544370957528535,0.10000000000000003,False,-0.0008968317660476887,-0.022256899590891225,0.6470134034517183,33.029514981230164,877.2875647792059
Static50,1727913600000000,1727913660000001,9991.62785154746,9987.823907433101,-3.571990048080231,-0.006244090392041296,0.0919700679515865,0.06686995396858084,0.06686995396858084,0.0,167.17488492145208,0.04750799325463957,0.01478493425702871,0.014094738452214203,0.047089439541137965,0.014142836708228175,0.047089439541137965,0.01443259663832403,0.014142836708228175,0.05993393966332483,0.014236787932664967,0.012948170512671046,0.10000000000000006,False,-0.0013477796592494386,-0.03456239975850157,1.0036003161062432,55.027835276092965,1343.6332406864246
Static50,1728000000000000,1728000060000001,9987.823907433101,9999.668801273214,12.072404978709509,-0.00687009228212826,0.08990596275912247,0.0653675417777005,0.0653675417777005,0.0,163.41885444425125,0.06345264900676442,0.020256683861035445,0.01890166483084642,0.06564209742543667,0.019775879674642546,0.06564209742543667,0.02143952276179932,0.019775879674642546,0.08046084481876234,0.019092168963752466,0.01734711627755945,0.10000000000000003,False,-0.0017754986780568742,-0.04590165664251619,1.3801996608010731,77.56017707365999,1795.7036945183104
Static50,1728086400000000,1728086460000001,9999.668801273214,9998.029980941901,-1.3886927180688646,-0.06679950641541486,0.07469813777752564,0.05431498452586249,0.05431498452586249,0.0,135.7874613146562,0.07922274572184385,0.024856922203045476,0.023534224760917787,0.07909164032834977,0.023565653886178393,0.07909164032834977,0.024721644186910714,0.023565653886178393,0.10010754190980145,0.02377150838196029,0.021709255742828344,0.10000000000000003,False,-0.002189581869986321,-0.05630300250562914,1.6424722470932738,93.07486705747249,2153.6573498584244
Static50,1728172800000000,1728172860000001,9998.029980941901,10007.363408257843,9.661076692121206,-0.11071492553560422,0.08839527301572483,0.06426958881372301,0.06426958881372301,0.0,160.67397203430755,0.09516426831095118,0.030311675010951465,0.028337818329380513,0.09674274156325519,0.029081438480971968,0.09674274156325519,0.031248144373329394,0.029081438480971968,0.12061718920881595,0.02862343784176319,0.026287012757695155,0.10000000000000003,False,-0.0026123242495770726,-0.06714024655214665,1.9877096678868171,114.55318838990495,2589.727694721934
Static50,1728259200000000,1728259260000001,10007.363408257843,9995.568221456868,-11.117950161311825,-0.01556770694833472,0.2695861319402672,0.19604140038716017,0.19604140038716017,0.0,490.1035009679005,0.09816550614106366,0.037883585048854106,0.030223914292594033,0.09677583182688337,0.02978577955420331,0.09677583182688337,0.03681349354897361,0.02978577955420331,0.1297614947646693,0.030527187819747725,0.029842110037836725,0.10000000000000003,False,0.0012075113520614883,-0.06185559700283358,2.065661041436709,-282.937713247314,2716.3795196776928
Static50,1728345600000000,1728345660000001,9995.568221456868,9988.008361619568,-7.383307323354643,0.015698534232159948,0.07834084825206834,0.05695509996295707,0.05695509996295707,0.0,142.38774990739267,0.11102305530142736,0.04308660267882647,0.03421875422718081,0.11074451513610965,0.034107381639165366,0.11074451513610965,0.04237916813983305,0.034107381639165366,0.14695913040291536,0.034563733410470907,0.03420582469181185,0.10000000000000009,False,0.0013841153306127403,-0.07000288506551881,2.3730447560877526,-320.91228074610274,3151.76293530855
Static50,1728432000000000,1728432060000001,9988.008361619568,9984.254254919877,-3.51303432182665,-0.06825634741276587,0.07042260900316474,0.051196710724078394,0.051196710724078394,0.0,127.99177681019597,0.12356119745465555,0.04855372006100246,0.03817335737281425,0.12172463432959274,0.03846121335694445,0.12172463432959274,0.048219278524162607,0.03846121335694445,0.1640417813428069,0.038558279680778684,0.03847653123730852,0.09999999999999992,False,0.0015608193469451685,-0.07672384876667285,2.65589188652979,-352.4474731357265,3554.957721796462
Static50,1728518400000000,1728518460000001,9984.254254919877,9970.657561739043,-13.400939364032586,0.09957347963069303,0.12033834360826472,0.08749447641219987,0.08749447641219987,0.0,218.7361910304997,0.14363699807463687,0.05583258364935929,0.044284137066063115,0.1431519955820198,0.04426835387205343,0.1431519955820198,0.05456302949385249,0.04426835387205343,0.1901994900206401,0.04473012845665656,0.0416858555077692,0.09999999999999998,False,0.0018380203674136834,-0.09237895827477763,3.176205671028377,-417.68423255479263,4093.047635741724
Static50,1728604800000000,1728604860000001,9970.657561739043,10010.597247226135,40.05455693485371,0.0597773071583095,0.07117102265222355,0.05173886613456549,0.05173886613456549,0.0,129.34716533641372,0.15612751219272789,0.06142097900780616,0.0482450248993529,0.16128144669415087,0.05033384770981291,0.16128144669415087,0.06517606917127058,0.05033384770981291,0.20733404033700883,0.048731494774090583,0.045875870530733096,0.10000000000000003,False,0.002031854297958472,-0.09904069900948022,3.4614668076759174,-445.24230048482923,4541.839263483066
Static50,1728691200000000,1728691260000001,10010.597247226135,10013.825057220207,3.3295351992702864,-0.03752939049119656,0.02615471460571355,0.019020550051138067,0.019020550051138067,0.0,47.55137512784516,0.16603261513617573,0.0655075669057944,0.051334288819913095,0.16718615215514576,0.05165594270700983,0.16718615215514576,0.06581852539475383,0.05165594270700983,0.22064370490953958,0.051852484468808774,0.05061517235049445,0.10000000000000003,False,0.002098040586087197,-0.10323238795701273,3.530244664979735,-467.35524698354084,4643.806207323695
Static50,1728777600000000,1728777660000001,10013.825057220207,10022.940426859222,9.428157520516523,-0.12676212563205771,0.07580411723429475,0.05511081931710984,0.05511081931710984,0.0,137.77704829277457,0.18094819698121614,0.07188889613398856,0.05602038366540232,0.18080928917600306,0.056515981237497376,0.18080928917600306,0.07276284031603708,0.056515981237497376,0.24086351924774302,0.05658519493003361,0.05530997307277864,0.10000000000000003,False,0.0022769762479576835,-0.11025324796147576,3.832690418610313,-506.5308310333997,5036.070566742795
Static50,1728864000000000,1728864060000001,10022.940426859222,10071.745263419418,49.206364760428684,-0.2150968528682023,0.07597122776971385,0.05523005979738936,0.05523005979738936,0.0,138.0751494934734,0.1945888210366788,0.0795432115859723,0.06057868699706555,0.20402914195579616,0.06424622955868098,0.20402914195579616,0.0840418799682989,0.06424622955868098,0.2608268557883416,0.06118945475287878,0.05956333678492044,0.10000000000000003,False,0.0025372299179362992,-0.1167835279723875,4.108130647261772,-542.1637397913134,5448.360347655249
Static50,1728950400000000,1728950460000001,10071.745263419418,10073.935333506804,2.594910045086831,-0.21150010484730775,0.07875429057069319,0.05729278114080349,0.05729278114080349,0.0,143.23195285200873,0.21648238846202483,0.07878938338535593,0.06593900462330961,0.21525939949061315,0.0663752049346241,0.21525939949061315,0.07902832899755721,0.0663752049346241,0.28233184802885647,0.06660377660702359,0.06378932156810149,0.10000000000000003,False,0.0024021582721836074,-0.13182591400421928,4.216291720220675,-632.6561360134971,5689.266759632987
Static50,1729036800000000,1729036860000001,10073.935333506804,10117.945310401708,44.41076048331531,-0.1764285896936891,0.0914254286187702,0.06646478504996702,0.06646478504996702,0.0,166.16196262491755,0.23175880646206773,0.08723081684831802,0.07102432414276463,0.23622637298194232,0.07568357696979706,0.23622637298194232,0.09123876138008037,0.07568357696979706,0.30458257001481864,0.07174014380952379,0.06873443455422183,0.10000000000000003,False,0.002619837507786217,-0.13964285809809715,4.623148835991762,-672.1759906157585,6087.624554225176
Static50,1729123200000000,1729123260000001,10117.945310401708,10125.294100782581,7.797422316650246,-0.2550874338071925,0.0788545230429136,0.057344989464232665,0.057344989464232665,0.0,143.36247366058166,0.2504002919803929,0.09240015383527449,0.0764600960703894,0.25000380152322593,0.07878409578435572,0.25000380152322593,0.09310141834596654,0.07878409578435572,0.32759011230004775,0.07723094290693021,0.0732547140569316,0.10000000000000006,False,0.002765108554245883,-0.15292749668337965,5.011039461310052,-728.8921104915985,6149.9663887196575
Static50,1729209600000000,1729209660000001,10125.294100782581,10192.531453688738,67.65806760679594,-0.20802428454851737,0.08666457552493392,0.06301292028314648,0.06301292028314648,0.0,157.53230070786617,0.2655676738254371,0.0979989880332299,0.08109176666134375,0.2720756951591008,0.08521914667970924,0.2720756951591008,0.10398847473688139,0.08521914667970924,0.34743397872265425,0.08190915480787975,0.07769614814519629,0.09999999999999995,False,0.00294702685066131,-0.1629623432924886,5.463176120543941,-780.1391325520603,6329.972547656687
Static50,1729296000000000,1729296060000001,10192.531453688738,10260.82807005561,68.61066937828564,-0.2663684129755173,0.01942382381665501,0.014130387311327054,0.014130387311327054,0.0,35.32596827831763,0.2718705839545876,0.10277176831203519,0.08338341123545218,0.27662313028803376,0.08686620215990937,0.27662313028803376,0.10877389643401013,0.08686620215990937,0.3576629717614257,0.08422527387439616,0.08237468183213764,0.10000000000000005,False,0.0030621524541550355,-0.16319456179474265,5.486308602599754,-788.4432451093816,6193.5874189529795
Static50,1729382400000000,1729382460000001,10260.82807005561,10272.648806298033,12.160171662886093,-0.26315921781266055,0.031077390414868067,0.022599406117783504,0.022599406117783504,0.0,56.498515294458755,0.2741118737191199,0.10948504703941535,0.08495072548569227,0.27858853021967767,0.08892555172226585,0.27858853021967767,0.11054199222467777,0.08892555172226585,0.3653507298706806,0.08580817574254997,0.08656607016468819,0.09999999999999946,False,0.0032867766438207774,-0.1594765738275339,5.4553655583704295,-776.141797082383,6056.968305999772
Static50,1729468800000000,1729468860000001,10272.648806298033,10288.44969897765,16.24613447894831,-0.34018038828179537,0.042799094110577106,0.03113115846838169,0.03113115846838169,0.0,77.82789617095422,0.27325523653113026,0.10916062386862867,0.08468790271307687,0.27167994089879527,0.08582774600750707,0.27167994089879527,0.1105709267842008,0.08582774600750707,0.3642222705351031,0.0855424611968711,0.08630175771084468,0.0,False,0.003250914035965055,-0.1535849991868997,5.195342999598778,-768.5888596005078,6138.151310822094
Static50,1729555200000000,1729555260000001,10288.44969897765,10286.49053023288,-1.5999772509386256,-0.31300423988283516,0.018814060887598343,0.013686596530958748,0.013686596530958748,0.0,34.21649132739687,0.27194564799497795,0.10946485019326851,0.08440613952773476,0.26878604826767927,0.08511702148656124,0.26878604826767927,0.10932966579636108,0.08511702148656124,0.3631473880721517,0.08525834404935174,0.08583812250590306,0.0,False,0.0033435864410294603,-0.1566476013436489,5.219717631352931,-766.5388897151395,6036.45504190315
Static50,1729641600000000,1729641660000001,10286.49053023288,10323.851402894174,37.85047437224274,-0.3456133384498822,0.05866453299798299,0.04266191975086708,0.04266191975086708,0.0,106.6547993771677,0.27915838999354065,0.11030188727706641,0.08633488058994512,0.27729901621123365,0.08760586889326709,0.27729901621123365,0.11356749195331155,0.08760586889326709,0.37110581517175933,0.08720572938426016,0.08514104659863182,0.0,False,0.0033668856750609833,-0.16546159075468622,5.29432753307685,-813.7727243198291,6352.890052209106
Static50,1729728000000000,1729728060000001,10323.851402894174,10367.342690909676,43.918640829787364,-0.34748343957010047,0.03252958630701454,0.023669894204167697,0.023669894204167697,0.0,59.17473551041924,0.27239789839403117,0.10993196526134244,0.08458926938770917,0.27696337429915246,0.087389509383306,0.27696337429915246,0.11370619931878118,0.087389509383306,0.3639804877215124,0.08544304542611426,0.08420462779173897,0.0,False,0.0034042966243538384,-0.16616812522211025,5.111984378306157,-797.9358590113833,6242.621283480169
Static50,1729814400000000,1729814460000001,10367.342690909676,10275.160610117604,-91.98591483308873,-0.14629332315249824,0.020308845658976154,0.014781895086233465,0.014781895086233465,0.0,36.95473771558366,0.27579561660197977,0.11014219591544472,0.08547023353781166,0.2613500723026313,0.0802565320261366,0.2613500723026313,0.10217752517038231,0.0802565320261366,0.36758345730258324,0.08633315391803267,0.08390874292760513,0.0,False,0.0033470848240849146,-0.16921642709685789,4.999689320841523,-806.7350237720832,6237.469648970457
Static50,1729900800000000,1729900860000001,10275.160610117604,10327.62312431097,52.821925591774935,-0.28057373469259994,0.03212055040082393,0.02335855665707719,0.02335855665707719,0.0,58.396391642692976,0.2646592982988751,0.1027390207538138,0.08157567768779082,0.271648256283735,0.08487870152668697,0.271648256283735,0.10733096586858683,0.08487870152668697,0.3503513673140615,0.08239904220862955,0.0855999043196859,0.0,False,0.0031641394343052904,-0.17014412241563412,5.081828294442785,-830.377366936481,6378.485342709025
Static50,1729987200000000,1729987260000001,10327.62312431097,10397.47567041866,70.22574133007552,-0.17905980912057906,0.0790877645225871,0.05752382437096362,0.05752382437096362,0.0,143.80956092740905,0.2855783736080528,0.10568380344103147,0.08724716391816793,0.2919134677066246,0.0909598841490546,0.2919134677066246,0.11172593747431926,0.0909598841490546,0.3738570291511523,0.0881267917913177,0.08392859245001003,0.0,False,0.0032541065349864892,-0.1871073143869055,5.274476905974344,-905.0313712432719,6556.347885087662
Static50,1730073600000000,1730073660000001,10397.47567041866,10502.458171894066,105.42763816694028,-0.26931163549033516,0.071614453444667,0.052105301300185425,0.052105301300185425,0.0,130.26325325046355,0.2793898385447013,0.10509676886967442,0.0856119749666265,0.289053059987286,0.09466681271222994,0.289053059987286,0.11408284015737588,0.09466681271222994,0.3671324315942987,0.08647528003769162,0.0843515341981231,0.0,False,0.0032121281083075798,-0.18073120224155895,5.041534742193552,-876.633758891221,6170.768624483146
Static50,1730160000000000,1730160060000001,10502.458171894066,10573.763971444896,72.00898608107532,-0.33631795776029016,0.1494316467002237,0.10871846289189274,0.10871846289189274,0.0,271.7961572297319,0.26318296374651984,0.10191613774345964,0.0810831615981489,0.27198147988700744,0.08790113196458149,0.27198147988700744,0.10803547090986249,0.08790113196458149,0.34818568932785254,0.08189932245110838,0.08620154371407399,0.0,False,0.0030611323638861784,-0.16497940053936713,4.780188426326138,-815.8183674764034,5285.146265303737
Static50,1730246400000000,1730246460000001,10573.763971444896,10514.27390091646,-58.98562644975286,-0.2971452446200663,0.08442985942163778,0.061434487321171086,0.061434487321171086,0.0,153.5862183029277,0.27562305430032985,0.09888941476801867,0.08373917579028527,0.271391011977708,0.08216804340414864,0.271391011977708,0.09383693198588001,0.08216804340414864,0.35831073892602294,0.08458336775982633,0.08748750682192863,0.0,False,0.002874932173139851,-0.17700343582835104,4.938760156940552,-883.6311488328289,5034.805646174811
Static50,1730332800000000,1730332860000001,10514.27390091646,10475.667614788636,-38.1357145856466,-0.32559286414489325,0.05909337959154363,0.04294264921992851,0.04294264921992851,0.0,107.3566230498213,0.27093644908390396,0.10404892655036291,0.08334145125353042,0.26159390500254837,0.08063492575412073,0.26159390500254837,0.1007905321370479,0.08063492575412073,0.3577481885717874,0.08418212331234648,0.08607015910546163,0.0,False,0.003022655964642229,-0.16487667466902275,5.009219476625326,-838.1146959450808,5202.533770979447
Static50,1730419200000000,1730419260000001,10475.667614788636,10445.299473335619,-29.84307078874855,-0.2965773803857645,0.09310694891228058,0.06769316748455212,0.06769316748455212,0.0,169.23291871138028,0.2777548209506198,0.10705057654555541,0.08549629171948826,0.27607497998035657,0.08454300420910525,0.27607497998035657,0.10450238688921208,0.08454300420910525,0.36705793523009034,0.08635800696011883,0.08486587134470172,0.0,False,0.0031883729984560007,-0.17750664284769907,5.311102407767955,-877.429793939019,5541.805575285628
Static50,1730505600000000,1730505660000001,10445.299473335619,10451.152861568933,6.221162028348308,-0.25113020277872183,0.04754398486564957,0.03454980369569768,0.03454980369569768,0.0,86.37450923924418,0.2784777454337721,0.11277286909916043,0.0865353667233171,0.2778275180220697,0.08664879843883251,0.2778275180220697,0.11330371047946079,0.08664879843883251,0.3724160842944238,0.08740848522742123,0.08882998555896801,0.0,False,0.0033883854520585207,-0.1722035348816071,5.436204526757303,-843.6428782876941,5673.703638591029
Static50,1730592000000000,1730592060000001,10451.152861568933,10391.74945278753,-59.15904466425004,-0.23349733290069305,0.0044278891626814,0.003219447546133847,0.003219447546133847,0.0,8.048618865334618,0.27859792550108503,0.1135536458663836,0.08668252825522879,0.2719770676992828,0.0851317652925557,0.2719770676992828,0.10850975934647318,0.0851317652925557,0.37317217985967144,0.08755801830851238,0.08892436808811402,0.0,False,0.0034219267988854747,-0.17297375480736274,5.452163043225392,-845.2083505925194,5675.906342098435
Static50,1730678400000000,1730678460000001,10391.74945278753,10414.766922577208,23.257839946873702,-0.14628715081533147,0.03834391613614229,0.02786954512163354,0.02786954512163354,0.0,69.67386280408384,0.26914576686751995,0.11360477527160434,0.08432715800762064,0.26908546978679704,0.08808461251241036,0.26908546978679704,0.1155858332577003,0.08808461251241036,0.36366295708262975,0.08517817630416603,0.08959290714730944,0.0,False,0.0034363323591355714,-0.16460025138586246,5.400584027661004,-804.1434729048664,5802.534527402163
Static50,1730764800000000,1730764860000001,10414.766922577208,10525.888750551032,111.32569570749942,-0.09830030960948696,0.04300333864388857,0.03128204271036418,0.03128204271036418,0.0,78.20510677591045,0.2681823175077943,0.11352040714698496,0.08407364044899632,0.278470163936647,0.08970956355789639,0.278470163936647,0.12289720361852904,0.08970956355789639,0.3626212164644231,0.08492200833491077,0.08926249999366968,0.0,False,0.003486513115113403,-0.16797137486118902,5.5456234984559005,-800.0950829271212,5538.257395137269
Static50,1730851200000000,1730851260000001,10525.888750551032,10711.19027822042,186.04684580917655,-0.40309865634967473,0.1393878924554185,0.10141579549169563,0.10141579549169563,0.0,253.53948872923905,0.2543912061299898,0.11019912832798752,0.08012767078169558,0.2797078194803402,0.0909538404350842,0.2797078194803402,0.12565857423383553,0.0909538404350842,0.34599936538589654,0.08093440975479715,0.09015186129491172,0.0,False,0.0033416527623426353,-0.15651301277063057,5.0505271407797,-737.6071269033309,4946.554411957783
Static50,1730937600000000,1730937660000001,10711.19027822042,10702.233860223243,-8.115863101087095,-0.2632261814857527,0.2350981650892033,0.1711152747575257,0.1711152747575257,0.0,427.7881868938142,0.24397837722408366,0.0863378083188562,0.07394526555384935,0.2507350592003898,0.07796994732284519,0.2507350592003898,0.08564707113321152,0.07796994732284519,0.31619368756378485,0.07468816155019936,0.09065409270671004,0.0,False,0.0024460834682912286,-0.15530507876278485,4.236875401464212,-779.0822806772762,4021.3207351901756
Static50,1731024000000000,1731024060000001,10702.233860223243,10739.58436419518,37.81708744707638,-0.28672479140578744,0.07327680753775728,0.053290938097988225,0.053290938097988225,0.0,133.2273452449706,0.23829050899086007,0.08602389576930895,0.07247621161311135,0.24233572548257423,0.07527303733950606,0.24233572548257423,0.08924455853137225,0.07527303733950606,0.31020652970677387,0.0732070642410217,0.08890824957903451,0.0,False,0.002425189839496726,-0.14050207251224073,3.9382804290963325,-732.8501157261063,3999.6098102950687
Static50,1731110400000000,1731110460000001,10739.58436419518,10777.00204539458,37.77260894037441,-0.2869269763524133,0.027698217531982275,0.020151273545668744,0.020151273545668744,0.0,50.37818386417185,0.23798122520694798,0.08717469151915866,0.07257151002961079,0.24558797011584796,0.07822282906628342,0.24558797011584796,0.09037639882453313,0.07822282906628342,0.3108273030287583,0.07330409143660634,0.08910452662108768,0.0,False,0.002448706682831626,-0.13672958128628096,3.9017918372058573,-730.8615687058914,3856.0405673949635
Static50,1731196800000000,1731196860000001,10777.00204539458,11011.437151520991,235.6821982408673,-1.1354059148598037,0.04549176964378862,0.03309721497632659,0.03309721497632659,0.0,82.74303744081647,0.2453104784008578,0.086813111839223,0.07434958637609791,0.2667915177741156,0.09219390642645217,0.2667915177741156,0.10636736786995342,0.09219390642645217,0.31793707665028115,0.0750998140028886,0.08890902762940746,0.0,False,0.0024403120844580907,-0.136573966058243,4.010297000133654,-763.3664379942242,3665.068798036338
Static50,1731283200000000,1731283260000001,11011.437151520991,11210.343780027777,200.65476321225898,-0.5451421860547553,0.4900298453654203,0.35648133702670515,0.35648133702670515,0.0,891.2033425667628,0.18587748983418456,0.07913304817643664,0.05833932968501164,0.20662112004970243,0.0733440195876103,0.20662112004970243,0.09561956121810591,0.0733440195876103,0.25167343958517735,0.058922177929569476,0.09146339227107751,0.0,False,0.0021678509557275633,-0.09228083230922357,3.0550757693753607,-500.2048424513477,2318.9634301280535
Static50,1731369600000000,1731369660000001,11210.343780027777,11194.902243579949,-14.078321550489692,-0.7456405212796967,0.2515295302715372,0.18302242289377807,0.18302242289377807,0.0,457.5560572344451,0.16581473058636984,0.07001776317256507,0.051956347122477216,0.16968250420444447,0.05580348417860028,0.16968250420444447,0.0688529132613166,0.05580348417860028,0.22405729357229948,0.052478267538750636,0.0933951017967667,0.0,False,0.0017660074919344532,-0.0795685963278372,2.6197212391542375,-432.0316125042207,1642.645605507587
Static50,1731456000000000,1731456060000001,11194.902243579949,11249.212614067357,54.9108075790108,-0.42290414372492957,0.07233253219771058,0.052600207839509826,0.052600207839509826,0.0,131.50051959877453,0.16047138398142793,0.0703251563739329,0.05066661945144692,0.16248917256168097,0.05302638690604181,0.16248917256168097,0.0748658241523658,0.05302638690604181,0.21891724451638617,0.0511775918800413,0.09243458529196542,0.0,False,0.0017904521573289616,-0.07769312389852764,2.6764762966086466,-356.19165670192274,1491.411892343889
Static50,1731542400000000,1731542460000001,11249.212614067357,11156.595381068817,-92.30691001061003,-0.2530324271298411,0.02333054239354714,0.01698000920317417,0.01698000920317417,0.0,42.45002300793543,0.15880555091854265,0.07143761248928662,0.05041702960302866,0.15570091589391824,0.049513687407927186,0.15570091589391824,0.06375653723436396,0.049513687407927186,0.21813590008093545,0.05092603316830512,0.09262047491404928,0.0,False,0.0017762205493961083,-0.0770842948863251,2.633003699880675,-356.92021705594806,1418.0142938151253
Static50,1731628800000000,1731628860000001,11156.595381068817,11177.10528630248,21.00585137463196,-0.21683427562722085,0.113733183868856,0.0826893407367542,0.0826893407367542,0.0,206.7233518418855,0.1377153281543054,0.07095755088126769,0.04507246467076652,0.14466816783381045,0.04709089245048447,0.14466816783381045,0.07270493655365574,0.04709089245048447,0.19644091251650064,0.04552660309429337,0.09169628293392663,0.0,False,0.0018106843932179694,-0.060789682709772835,2.3967715486156873,-240.09377069215117,1380.5635749377352
Static50,1731715200000000,1731715260000001,11177.10528630248,11098.433589975984,-78.00684463284016,-0.5146783053305096,0.06117175690945774,0.04450081570819968,0.04450081570819968,0.0,111.25203927049918,0.13471641327831133,0.06927663961386951,0.04407059926165825,0.13768711781328355,0.043866182968908984,0.13768711781328355,0.06273813696860772,0.043866182968908984,0.19205572759225287,0.04451515872500438,0.08958568199882642,0.0,False,0.001698855675153063,-0.05918421054372502,2.2555870947283725,-204.80998343602366,1292.0002878604118
Static50,1731801600000000,1731801660000001,11098.433589975984,11148.676815593271,51.334794142191186,-0.6728644535824363,0.17060164731213978,0.12405121200445275,0.12405121200445275,0.0,310.12803001113184,0.10974785272470017,0.06913616166293346,0.03780738743061506,0.11232087751760544,0.04143331711323281,0.11232087751760544,0.07342655626062977,0.04143331711323281,0.16671773237877335,0.038187839488448026,0.08390042669250165,0.0,False,0.0016921668786586306,-0.03593071594864477,1.9439721483605024,-100.20212359832108,1150.2465828777094
Static50,1731888000000000,1731888060000001,11148.676815593271,11172.058779830235,25.6766243094141,-0.45213062510991664,0.7506472655261078,0.5459410909069539,0.5459410909069539,0.0,1364.8527272673846,0.13315149194152553,0.06900725361036285,0.04363896102693581,0.1368593092909939,0.045974394817045364,0.1368593092909939,0.07114973708169597,0.045974394817045364,0.19022844972594993,0.04407247360026903,0.08703555885428971,0.0,False,-0.001989279655321605,-0.058115384216181176,0.6474307049379348,458.55605862258125,1327.6461338651004
Static50,1731974400000000,1731974460000001,11172.058779830235,11189.955938484161,18.44532940595649,-0.48893604124288714,0.024126280398401267,0.01755421519377281,0.01755421519377281,0.0,43.88553798443202,0.1329318627326922,0.06896008293830251,0.043576978123918426,0.13392411862718634,0.045798375883426175,0.13392411862718634,0.07049780615409063,0.045798375883426175,0.1899989209796437,0.044016916239399136,0.08694545268127228,0.0,False,-0.001973791947342004,-0.055533403894713354,0.6416173351806082,434.6415318079607,1311.500174505258
Static50,1732060800000000,1732060860000001,11189.955938484161,11169.867786048966,-19.77114063460936,-0.2438458441727349,0.029803346348067115,0.02168130503260489,0.02168130503260489,0.0,54.20326258151222,0.13561264270977103,0.06878241686430407,0.04422052320708837,0.13436014403910845,0.044283676629904005,0.13436014403910845,0.0671356237380625,0.044283676629904005,0.19256295929653172,0.04466690310050509,0.08721330430353443,0.0,False,-0.002024520910775201,-0.06015302387969189,0.6480316422688374,449.1444774686046,1266.307889310988
Static50,1732147200000000,1732147260000001,11169.867786048966,11247.75095559159,78.28435877522227,-0.35713956555451803,0.017951639470194056,0.01304901378785156,0.01304901378785156,0.0,32.6225344696289,0.13364634319770333,0.06901707548153832,0.04376414712165658,0.14418505641709903,0.050299929035638305,0.14418505641709903,0.07549890907589957,0.050299929035638305,0.19076692807236417,0.04420603488148957,0.087745517189873,0.0,False,-0.0019143072846310783,-0.058815180756151324,0.6550610255592043,443.87343078361044,1294.5573722146928
Static50,1732233600000000,1732233660000001,11247.75095559159,11361.909249381239,115.15480120598255,-0.8494000506084318,0.059908346570892584,0.043599509577119236,0.043599509577119236,0.0,108.99877394279808,0.13474919884484216,0.06721952729435458,0.04377022880536373,0.14332753560937175,0.05023084460830378,0.14332753560937175,0.07667843457958742,0.05023084460830378,0.1904266212092921,0.04421177408303391,0.0863204834925721,0.0,False,-0.001928765274522099,-0.05645678432543652,0.5881207373279189,386.246817785137,1271.3637733360938
Static50,1732320000000000,1732320060000001,11361.909249381239,11368.644684782008,7.890451877494662,-0.8628795732238996,0.11899112526995603,0.08657288911600523,0.08657288911600523,0.0,216.43222279001307,0.12463340798952571,0.06735929696640408,0.04126224654234204,0.12548264226228092,0.04256215358286301,0.12548264226228092,0.06801171242606101,0.04256215358286301,0.1803194499420564,0.04167796526191981,0.08658095316793536,0.0,False,-0.0016446874738464368,-0.04889269140796862,0.5958970186856392,317.2752073732733,1128.7007256885727
Static50,1732406400000000,1732406460000001,11368.644684782008,11355.353585805728,-12.80006339051367,-0.4560191120445682,0.014263561336332163,0.010376456191925749,0.010376456191925749,0.0,25.941140479814372,0.12517325793630815,0.06719909213151383,0.04137317830380412,0.12397642179901094,0.04135094335704351,0.12397642179901094,0.06615031222421021,0.04135094335704351,0.18073937425537956,0.04179096047535423,0.08663931697207507,0.0,False,-0.0016863673814514805,-0.04853541239285248,0.5993960601842749,321.5446505833129,1097.1670512555868
Static50,1732492800000000,1732492860000001,11355.353585805728,11303.46127536183,-51.52824785725923,-0.2870048018672176,0.03140879050580434,0.022824497133787033,0.022824497133787033,0.0,57.06124283446758,0.128407881488373,0.07117584727746666,0.04277834746371324,0.12345633426524923,0.04256148915455378,0.12345633426524923,0.06694349294086825,0.04256148915455378,0.18721949649416444,0.04321015875606941,0.085659967249332,0.0,False,-0.0016578595222432005,-0.04836235397400154,0.6395421783990675,340.71681620412977,1135.0327473005766
Static50,1732579200000000,1732579260000001,11303.46127536183,11294.875381950329,-8.35699548218522,-0.16173142011016695,0.027366056348008753,0.01990022642847037,0.01990022642847037,0.0,49.750566071175925,0.12438641052851382,0.06759635140360636,0.041236055342669414,0.12271147837098556,0.040741312431425716,0.12271147837098556,0.06690744069305342,0.040741312431425716,0.18026508202034205,0.04165233364962798,0.08679031836075636,0.0,False,-0.0017245170209811923,-0.04700385887676661,0.6531893141572609,330.1043803347381,1187.8676445185918
Static50,1732665600000000,1732665660000001,11294.875381950329,11319.977906393562,25.479730392299853,-0.35836532688160627,0.007674731111445783,0.0055829455368388275,0.0055829455368388275,0.0,13.957363842097067,0.1239098614441477,0.06654153660236627,0.04095869585139187,0.12989544976081926,0.04304311624676845,0.12989544976081926,0.06864473118067467,0.04304311624676845,0.17893211640332152,0.04137235103989369,0.0869383525974101,0.0,False,-0.001758700034915863,-0.04871346297469725,0.6522691342705685,331.86699695937114,1194.2037578702684
Static50,1732752000000000,1732752060000001,11319.977906393562,11345.274734084207,25.85213977685026,-0.42864036615797435,0.0515987451111375,0.0375364874687031,0.0375364874687031,0.0,93.84121867175776,0.12160693406864143,0.06584969517623812,0.04027918779359607,0.1230340798194279,0.04221178567484503,0.1230340798194279,0.06798080355898231,0.04221178567484503,0.17604519184201683,0.040685592995284056,0.0854552764607146,0.0,False,-0.001645791437423358,-0.04316770508016836,0.6162185369682252,310.5533399243869,1137.4972898837063
Static50,1732838400000000,1732838460000001,11345.274734084207,11451.709951725137,107.07334093090529,-0.5972677396945567,0.016638324184365002,0.012108613047960187,0.012108613047960187,0.0,30.27153261990047,0.12148150201421584,0.06577372246515592,0.04023643387332735,0.13028166935309526,0.04682614409363167,0.13028166935309526,0.07451215660865883,0.04682614409363167,0.17585843740591153,0.04064271613900658,0.08533926126094628,0.0,False,-0.0016502390372846768,-0.044084463163856655,0.6272059377423618,296.01955303227,1133.6903410596124
Static50,1732924800000000,1732924860000001,11451.709951725137,11472.248263891346,21.129726243325795,-0.4203573408886912,0.06966411475113349,0.050696310738137136,0.050696310738137136,0.0,126.74077684534285,0.119216039445167,0.06591726063254405,0.03969159895617336,0.12138187239985432,0.04252227685742851,0.12138187239985432,0.06764008086108261,0.04252227685742851,0.17368412070516615,0.04009192532721202,0.08540042677991858,0.0,False,-0.001565166715974654,-0.042454616434216885,0.6206915873738433,250.91354637091933,1065.0464869857778
Static50,1733011200000000,1733011260000001,11472.248263891346,11575.31498703983,103.80972615106903,-0.6593618180137815,0.03407903080603489,0.02478107688201291,0.02478107688201291,0.0,61.95269220503228,0.12010612877019919,0.06864103774866079,0.04032268785484892,0.12830362701708414,0.04733855811002886,0.12830362701708414,0.07699756007288243,0.04733855811002886,0.1767855383346693,0.04072969078040118,0.08531319260599114,0.0,False,-0.0015307076855872557,-0.03982688164246878,0.6634605147241273,237.93257540420012,1097.0652020605366
Static50,1733097600000000,1733097660000001,11575.31498703983,11640.13857401661,66.32900076742155,-0.4316058495993223,0.4374537680295169,0.3181770865067626,0.3181770865067626,0.0,795.4427162669062,0.10533972594119675,0.06920409062182947,0.03671554507857361,0.10924778038799296,0.04298332703753046,0.10924778038799296,0.07451061090807996,0.04298332703753046,0.16231120251913783,0.0370829687731281,0.08273677103871296,0.0,False,0.0016465703211638923,-0.028134017733411714,-0.44103526061489495,184.52217705665845,965.301260162834
Static50,1733184000000000,1733184060000001,11640.13857401661,11593.346253977965,-46.07603809377025,-0.5806757367371108,0.05523261456739273,0.040186796785590284,0.040186796785590284,0.0,100.46699196397572,0.10334246245134063,0.06978033895940655,0.03630266645674614,0.10035299684892209,0.034946533879918674,0.10035299684892209,0.06608681373813986,0.034946533879918674,0.16077260539964464,0.0366689328637047,0.0817012531221767,0.0,False,0.0016942349704268805,-0.02679592961562135,-0.43234087765832974,155.84110097580162,991.7925768574522
Static50,1733270400000000,1733270460000001,11593.346253977965,11582.576299848413,-10.001035708251052,-0.7056625756958145,0.02578302184233397,0.018736411880447786,0.018736411880447786,0.0,46.84102970111947,0.09934769228495847,0.07009723670295735,0.03535150857668322,0.09910601349624622,0.037167688399257215,0.09910601349624622,0.06929857796721002,0.037167688399257215,0.15699457940578884,0.03570839968796109,0.08245084179349821,0.0,False,0.0016924062665955582,-0.023407025195992626,-0.3608308250547343,160.90457514050956,1003.2803998540807
Static50,1733356800000000,1733356860000001,11582.576299848413,11558.338988821142,-22.773088497905942,-1.3727903901400873,0.03725474839297316,0.02708869541600121,0.02708869541600121,0.0,67.72173854000302,0.09857020004115928,0.07082811783869851,0.035266767686094595,0.09705012491153821,0.03521195777426707,0.09705012491153821,0.06900580743898833,0.03521195777426707,0.15679946355035673,0.03562271645698679,0.08297068385628144,0.0,False,0.001662163137646917,-0.020939975399594527,-0.3499479931482749,174.00502792639233,951.9606680584633
Static50,1733443200000000,1733443260000001,11558.338988821142,11594.504825372767,36.93578502654033,-0.7404055526103839,0.012037651882101971,0.008752635211255903,0.008752635211255903,0.0,21.881588028139756,0.09659111499309843,0.06955231776889552,0.034580626413608935,0.10028394179012161,0.03706264512460633,0.10028394179012161,0.07252081991797261,0.03706264512460633,0.15377028293260236,0.03492983639000273,0.08381813931244166,0.0,False,0.0016571613743089368,-0.020615829781880486,-0.3305580315644015,177.68897524740595,934.8901385201389
Static50,1733529600000000,1733529660000001,11594.504825372767,11643.92255351309,50.4876880473569,-0.9794291841563492,0.036894947593120925,0.02681788764171862,0.02681788764171862,0.0,67.04471910429655,0.09875906123933094,0.07651078478771778,0.0361663830279904,0.10272698247208331,0.03878681866689712,0.10272698247208331,0.08052144117036181,0.03878681866689712,0.16158226265691772,0.03653141478614669,0.08697614500107512,0.0,False,0.0017763608575605593,-0.01610761574632933,-0.27186431276285355,173.3906832474012,964.2606488502659
Static50,1733616000000000,1733616060000001,11643.92255351309,11658.192391466406,14.860379594092402,-0.525837353288126,0.02634884472954485,0.019177721379570876,0.019177721379570876,0.0,47.944303448927194,0.10144451326762019,0.07651623258850122,0.03683856320518023,0.10256204454440991,0.037909418755566436,0.10256204454440991,0.07769682336653815,0.037909418755566436,0.16429959137831202,0.03721046312769401,0.08758117362484222,0.0,False,0.0017828795518684227,-0.018130954819194637,-0.3043848119266548,164.68038289662198,944.9748707499807
Static50,1733702400000000,1733702460000001,11658.192391466406,11545.70582723609,-110.67715884882134,-0.24593480501283127,0.6369651296922006,0.46325272339522244,0.46325272339522244,0.0,1158.1318084880559,0.11315654431068367,0.07627127351356369,0.03972982710470547,0.1022786037218437,0.03715014319274799,0.1022786037218437,0.06741803277078887,0.03715014319274799,0.1759092978267528,0.040125756535682525,0.07746312030837949,0.0,False,-0.0010611015270710167,0.11557728055809266,-0.45258727824059486,178.1146308413777,380.19454453647165
Static50,1733788800000000,1733788860000001,11545.70582723609,11562.66781668574,17.25341032788094,-0.17141130665343757,0.04888527684757518,0.035562147365241575,0.035562147365241575,0.0,88.90536841310391,0.10780072778142155,0.06492352970110828,0.03668871140052163,0.10870533972008106,0.03931225274610272,0.10870533972008106,0.06631978071454434,0.03931225274610272,0.16135140521304386,0.03705891923930995,0.08048193333306548,0.0,False,-0.0012711555331290164,0.11414054026763909,-0.5719330491904164,191.71426386705085,362.6591435240391
Static50,1733875200000000,1733875260000001,11562.66781668574,11586.682161918663,24.307704524732966,-0.20673096375859867,0.03529921888564211,0.025664554583171642,0.025664554583171642,0.0,64.1613864579291,0.10923731314978759,0.0683755621824998,0.03756566261482187,0.11335569152712413,0.03954107894393606,0.11335569152712413,0.07033123737853049,0.03954107894393606,0.16559245925498062,0.03794482946485958,0.08231568770440051,0.0,False,-0.001223189743077998,0.11962138748373932,-0.5523866074191163,183.19528632574062,401.3697114023371
Static50,1733961600000000,1733961660000001,11586.682161918663,11578.345807926227,-7.969208856424145,-0.265756496192782,0.04132320637325031,0.03003271672308789,0.03003271672308789,0.0,75.08179180771971,0.11075626084466281,0.07586742561364757,0.03906917905321284,0.10991847730123903,0.0395960398461929,0.10991847730123903,0.07523309983370102,0.0395960398461929,0.17318050613111557,0.039463471899454886,0.08512838043306717,0.0,False,-0.0009990280328517182,0.1181927412129881,-0.4447501512671904,188.59234214295896,424.35146267596025
Static50,1734048000000000,1734048060000001,11578.345807926227,11598.355285712743,20.31650086695891,-0.26600912262349585,0.016710136857695086,0.012151910480027044,0.012151910480027044,0.0,30.379776200067614,0.1119891303136683,0.07548068383347509,0.03931938515343834,0.11363294139800964,0.04062214982802563,0.11363294139800964,0.0771018685252444,0.04062214982802563,0.17411420887011836,0.03971640997215805,0.08518362403490683,0.0,False,-0.0010574151125491184,0.11736652125168423,-0.46553515517837035,194.5936420679399,430.7130743358411
Static50,1734134400000000,1734134460000001,11598.355285712743,11585.402625311603,-12.687704671203308,-0.2270721363330116,0.015429150765854363,0.011227221419021794,0.011227221419021794,0.0,28.068053547554477,0.11449207081011217,0.07547988558436472,0.039945000540182754,0.11305072556200203,0.03955679914319467,0.11305072556200203,0.07446888068671596,0.03955679914319467,0.17664182634536937,0.040348353604263656,0.08547668254292495,0.0,False,-0.0011156273806633317,0.11855035693266633,-0.5032876254654763,191.34924619728235,427.78453931593685
Static50,1734220800000000,1734220860000001,11585.402625311603,11604.87294836553,19.69714182589311,-0.18581103422453346,0.016709988318926887,0.012148874711368407,0.012148874711368407,0.0,30.372186778421018,0.11567272595660757,0.07550603088970295,0.04024408612260734,0.11824541836228873,0.041140837362706933,0.11824541836228873,0.07707639867929644,0.041140837362706933,0.1778554822460235,0.040650448156038584,0.08666839097461959,0.0,False,-0.0011480934276510884,0.12065437564027241,-0.530127235512543,194.67319027106134,440.63199706077864
Static50,1734307200000000,1734307260000001,11604.87294836553,11623.081771633988,19.249470066665797,-0.2041905893464095,0.34078153787104226,0.24783733549603945,0.24783733549603945,0.0,619.5933387400985,0.11409846280564793,0.07810071529332772,0.04023972299541114,0.11472711629487084,0.04086615585939237,0.11472711629487084,0.07962888316356277,0.04086615585939237,0.17834980563023944,0.040643255147520305,0.08147763181387262,0.0,False,0.001734399451763115,0.11800315742904462,-0.4656224092299866,190.69803727559696,-256.7356523308619
Static50,1734393600000000,1734393660000001,11623.081771633988,11624.291023986509,1.734680484040968,-0.2773614145621666,0.10106257369927649,0.07350207162979286,0.07350207162979286,0.0,183.75517907448216,0.1305264614122157,0.07908800030908653,0.0444948153994169,0.13099074484863468,0.04586813915714259,0.13099074484863468,0.07922731409860556,0.04586813915714259,0.1957502278098182,0.04494329875215182,0.07989508844378204,0.0,False,0.001733689935850316,0.12967799401163593,-0.6909447571173644,207.62640120379157,-371.64674107871855
Static50,1734480000000000,1734480060000001,11624.291023986509,11553.281130770982,-70.58901326654352,-0.21072451503258272,0.08561844880985348,0.06226849257110233,0.06226849257110233,0.0,155.6712314277558,0.1443715300299648,0.07908631577754671,0.04795582987412322,0.13379477390529976,0.04505871564978729,0.13379477390529976,0.07346109796177931,0.04505871564978729,0.20973417042435755,0.04843935644564071,0.08054960177699204,0.0,False,0.0017329385976425306,0.14323180885774184,-0.8487078486969761,217.07260302778693,-481.60879470393735
Static50,1734566400000000,1734566460000001,11553.281130770982,11539.097491563229,-13.791218062624342,-0.22739265515048954,0.06722752786572976,0.048900481056235845,0.048900481056235845,0.0,122.25120264058963,0.14282872433244254,0.07137030973872514,0.0464127275439194,0.13531404523972987,0.04511494289488893,0.13531404523972987,0.07026184302519387,0.04511494289488893,0.20194153168738221,0.04688087331192462,0.08066770009679669,0.0,False,0.0016437157801544903,0.14753380931034155,-0.9970138644101111,231.4948970074845,-575.1158917478114
Static50,1734652800000000,1734652860000001,11539.097491563229,11551.570158222543,13.055153012575316,-0.3934022858441266,0.07702653155499008,0.05602876793134069,0.05602876793134069,0.0,140.0719198283517,0.14671842396350893,0.06769769134065741,0.04683425969197585,0.14787348810447715,0.047399176105403784,0.14787348810447715,0.06875365010236412,0.047399176105403784,0.20290230848037344,0.047306557826134785,0.07910111678079655,0.0,False,0.0016001685057290633,0.15787703049312662,-1.172659339508591,240.31315942661965,-722.2624410097112
Static50,1734739200000000,1734739260000001,11551.570158222543,11533.110549491017,-18.01741469266862,-0.42108227971513895,0.008598093198002966,0.006256832970977894,0.006256832970977894,0.0,15.642082427444734,0.14655469572280894,0.06775978527981588,0.04680264172267462,0.14297967962052002,0.046043861295441676,0.14297967962052002,0.0663058821003586,0.046043861295441676,0.20279005760724192,0.04727530927850796,0.07900983697862173,0.0,False,0.0016022403943270213,0.155889810693297,-1.1713121848380161,237.38441772273558,-717.1698387862252
Static50,1734825600000000,1734825660000001,11533.110549491017,11517.743990391582,-14.918303661682197,-0.3391986160309745,0.04444691146599426,0.03230495512843609,0.03230495512843609,0.0,80.76238782109024,0.14858691624508447,0.07174508472645001,0.04790849177023862,0.14635319500849175,0.04721495546124312,0.14635319500849175,0.07054487981830257,0.04721495546124312,0.20806165278383726,0.048391958331988685,0.07799423288147268,0.0,False,0.0017013393179351097,0.1656479592925016,-1.2210208839953893,246.99539879199668,-692.0109926316948
Static50,1734912000000000,1734912060000001,11517.743990391582,11515.342053108405,-0.9745948329224582,-0.31382885605008637,0.45366361387172377,0.3299249901667989,0.3299249901667989,0.0,824.8124754169971,0.15316468984311132,0.07385766924872801,0.04936982284808704,0.15662888591814045,0.050631203290544574,0.15662888591814045,0.07378129853753296,0.050631203290544574,0.21437404569271712,0.049863686734812326,0.07347313359079348,0.0,False,0.005975083482083561,0.05185980060756451,-1.2658687914420559,258.2431786557508,-730.4459776081831
Static50,1734998400000000,1734998460000001,11515.342053108405,11539.637087588528,24.750348791825587,-0.37400559598994004,0.033123038452503334,0.02409283863041832,0.02409283863041832,0.0,60.2320965760458,0.1513993594124717,0.07287103913231445,0.04878049572296509,0.15620244826206806,0.050669626275296364,0.15620244826206806,0.0748619179752556,0.050669626275296364,0.21181283845840024,0.04927288008950107,0.07224912348538269,0.0,False,0.005926061683804986,0.049109781604715,-1.1904608792064129,248.80193448672347,-697.8715841245225
Static50,1735084800000000,1735084860000001,11539.637087588528,11539.639835669886,0.42418935264813634,-0.3476890247368207,0.030038520159070593,0.02185686319687792,0.02185686319687792,0.0,54.642157992194804,0.15146824505843362,0.07197376959800311,0.048663126704308876,0.15132941364440103,0.049058449484223866,0.15132941364440103,0.0720100517819911,0.049058449484223866,0.21115749966853098,0.049154359280844315,0.07148029460810332,0.0,False,0.005691355328103747,0.04760925722537153,-1.1645401086495535,242.07924848046883,-681.3824274188329
Static50,1735171200000000,1735171260000001,11539.639835669886,11501.100406945821,-38.3881367223024,-0.1184572487069857,0.013382666034654097,0.00972604351065926,0.00972604351065926,0.0,24.315108776648145,0.1533208809575061,0.07385296310294909,0.04940816470481889,0.14609675080474,0.0477227560345712,0.14609675080474,0.07076244920420292,0.0477227560345712,0.21454812835373355,0.04990709507011966,0.07287193861741903,0.0,False,0.0057319100843894,0.04876499784344234,-1.1611483757378565,248.19380259889425,-685.9467874623972
Static50,1735257600000000,1735257660000001,11501.100406945821,11494.720327325165,-5.942939915149725,-0.33117250315134644,0.04317368315308559,0.031396759600896065,0.031396759600896065,0.0,78.49189900224016,0.15292288926411546,0.07138334436588678,0.048938223970911875,0.15151086980050021,0.04871760367011693,0.15151086980050021,0.0709052924749903,0.04871760367011693,0.21214912082455326,0.049432094010977395,0.07305017454937429,0.0,False,0.005877843994786513,0.04923813601954922,-1.24480441288858,260.8268417351953,-749.652948530521
Static50,1735344000000000,1735344060000001,11494.720327325165,11490.468359857945,-3.913341639512788,-0.2860265169226525,0.021439504627402888,0.015579903079284127,0.015579903079284127,0.0,38.94975769821031,0.15343040247457282,0.07429412355644814,0.04950171915211043,0.15706844755077531,0.05034552489853871,0.15706844755077531,0.07398070262789654,0.05034552489853871,0.2150148760162489,0.05000150771163997,0.07381096756328777,0.0,False,0.006035256714488552,0.05123338649285134,-1.2340531140049276,265.02366726548445,-728.9291231772168
Static50,1735430400000000,1735430460000001,11490.468359857945,11468.148905401033,-22.02571617411251,-0.17729211728018693,0.04743914613588279,0.03450350969228015,0.03450350969228015,0.0,86.25877423070037,0.14956297819178285,0.07335252729044008,0.04839362364151173,0.14556840397229337,0.0476852971882704,0.14556840397229337,0.07157394300707048,0.0476852971882704,0.21034635316911401,0.048881952740526056,0.07232971340023753,0.0,False,0.00583942433265762,0.0495688460542583,-1.1209484131561784,254.74609035172955,-675.1826581834495
Static50,1735516800000000,1735516860000001,11468.148905401033,11451.03104448348,-14.030513879999553,-0.3197545255752225,1.1275511189216287,0.8200206965280745,0.8200206965280745,0.0,2050.051741320186,0.26203731591031276,0.0760832395758473,0.07692181491395529,0.2618956209940584,0.0771410775989883,0.2618956209940584,0.07495332394461218,0.0771410775989883,0.3260868501188228,0.07768005199875203,0.04864850110589525,0.0,False,0.009417383227634527,0.2629785276543389,-2.8125618593487487,83.539872941676,-1698.6697621428432
Static50,1735603200000000,1735603260000001,11451.03104448348,11446.982806035665,0.0,0.0,1.649058538680157,1.1995899545668967,1.1995899545668967,0.0,2998.9748864172416,0.0,0.0,0.0,0.0,0.0,0.0,0.0,0.0,0.0,0.0,0.0,0.0,True,0.0,0.0,0.0,0.0,0.0
Cash50,1727740800000000,1727740860000001,10000.0,9996.889818445015,-2.893282569530458,-0.002931281012945344,0.08718503652786233,0.06339133395716214,0.06339133395716214,0.0,158.47833489290534,0.01584817258900138,0.004989274200807423,0.004710434277371459,0.015015627564369312,0.00447861702157841,0.015015627564369312,0.004701301379583139,0.00447861702157841,0.020039563077224914,0.004757912615444983,0.004417687965330831,0.10000000000000003,False,-0.0004280208361715679,-0.0104200246837507,0.308427360303464,16.293819224208573,411.5985223078061
Cash50,1727827200000000,1727827260000001,9996.889818445015,9991.62785154746,-5.030831453900146,-0.006346496196323943,0.09159410499851471,0.06659742123012743,0.06659742123012743,0.0,166.4935530753186,0.03167087488246441,0.009851035182829104,0.009395373998040468,0.03077542370406619,0.009202555482515093,0.03077542370406619,0.009352496795421076,0.009202555482515093,0.03995031684197241,0.009490063368394482,0.008544370957528535,0.10000000000000003,False,-0.0008968317660476887,-0.022256899590891225,0.6470134034517183,33.029514981230164,877.2875647792059
Cash50,1727913600000000,1727913660000001,9991.62785154746,9987.823907433101,-3.571990048080231,-0.006244090392041296,0.0919700679515865,0.06686995396858084,0.06686995396858084,0.0,167.17488492145208,0.04750799325463957,0.01478493425702871,0.014094738452214203,0.047089439541137965,0.014142836708228175,0.047089439541137965,0.01443259663832403,0.014142836708228175,0.05993393966332483,0.014236787932664967,0.012948170512671046,0.10000000000000006,False,-0.0013477796592494386,-0.03456239975850157,1.0036003161062432,55.027835276092965,1343.6332406864246
Cash50,1728000000000000,1728000060000001,9987.823907433101,9999.668801273214,12.072404978709509,-0.00687009228212826,0.08990596275912247,0.0653675417777005,0.0653675417777005,0.0,163.41885444425125,0.06345264900676442,0.020256683861035445,0.01890166483084642,0.06564209742543667,0.019775879674642546,0.06564209742543667,0.02143952276179932,0.019775879674642546,0.08046084481876234,0.019092168963752466,0.01734711627755945,0.10000000000000003,False,-0.0017754986780568742,-0.04590165664251619,1.3801996608010731,77.56017707365999,1795.7036945183104
Cash50,1728086400000000,1728086460000001,9999.668801273214,9998.029980941901,-1.3886927180688646,-0.06679950641541486,0.07469813777752564,0.05431498452586249,0.05431498452586249,0.0,135.7874613146562,0.07922274572184385,0.024856922203045476,0.023534224760917787,0.07909164032834977,0.023565653886178393,0.07909164032834977,0.024721644186910714,0.023565653886178393,0.10010754190980145,0.02377150838196029,0.021709255742828344,0.09999999999999992,False,-0.002189581869986321,-0.05630300250562914,1.6424722470932738,93.07486705747249,2153.6573498584244
Cash50,1728172800000000,1728172860000001,9998.029980941901,10007.363408257843,9.661076692121206,-0.11071492553560422,0.08839527301572488,0.06426958881372305,0.06426958881372305,0.0,160.6739720343076,0.09516426831095118,0.030311675010951458,0.028337818329380513,0.09674274156325519,0.029081438480971968,0.09674274156325519,0.031248144373329387,0.029081438480971968,0.12061718920881596,0.028623437841763192,0.02628701275769516,0.10000000000000009,False,-0.002612324249577073,-0.06714024655214666,1.9877096678868171,114.55318838990497,2589.727694721934
Cash50,1728259200000000,1728259260000001,10007.363408257843,9995.568221456868,-11.117950161311828,-0.015567706948334708,0.2695861319402673,0.19604140038716028,0.19604140038716028,0.0,490.1035009679007,0.09816550614106369,0.03788358504885411,0.03022391429259404,0.09677583182688339,0.029785779554203317,0.09677583182688339,0.03681349354897361,0.029785779554203317,0.12976149476466933,0.030527187819747732,0.029842110037836732,0.10000000000000009,False,0.0012075113520614888,-0.0618555970028336,2.0656610414367096,-282.9377132473141,2716.379519677693
Cash50,1728345600000000,1728345660000001,9995.568221456868,9988.008361619568,-7.383307323354646,0.015698534232159923,0.07834084825206847,0.05695509996295716,0.05695509996295716,0.0,142.3877499073929,0.11102305530142742,0.04308660267882651,0.034218754227180834,0.11074451513610972,0.03410738163916539,0.11074451513610972,0.042379168139833084,0.03410738163916539,0.14695913040291542,0.03456373341047092,0.03420582469181186,0.09999999999999998,False,0.0013841153306127407,-0.07000288506551883,2.373044756087754,-320.9122807461028,3151.7629353085517
Cash50,1728432000000000,1728432060000001,9988.008361619568,9984.254254919877,-3.513034321826652,-0.06825634741276593,0.07042260900316469,0.051196710724078345,0.051196710724078345,0.0,127.99177681019586,0.12356119745465557,0.048553720061002496,0.03817335737281427,0.12172463432959278,0.038461213356944475,0.12172463432959278,0.048219278524162634,0.038461213356944475,0.16404178134280695,0.0385582796807787,0.03847653123730854,0.10000000000000003,False,0.0015608193469451687,-0.07672384876667285,2.655891886529791,-352.44747313572657,3554.957721796464
Cash50,1728518400000000,1728518460000001,9984.254254919877,9970.657561739043,-13.400939364032586,0.09957347963069303,0.12033834360826454,0.08749447641219973,0.08749447641219973,0.0,218.73619103049933,0.14363699807463687,0.05583258364935929,0.044284137066063115,0.1431519955820198,0.04426835387205343,0.1431519955820198,0.05456302949385249,0.04426835387205343,0.1901994900206401,0.04473012845665656,0.0416858555077692,0.0999999999999997,False,0.0018380203674136834,-0.09237895827477763,3.176205671028377,-417.68423255479263,4093.047635741724
Cash50,1728604800000000,1728604860000001,9970.657561739043,10007.096956602063,36.413233577139735,0.05434300650755413,0.011484751867173798,0.008348484380251377,0.008348484380251377,0.0,20.87121095062844,0.1419320170029444,0.05583643340266764,0.04385846926113625,0.1466707816832254,0.04577404865869437,0.1466707816832254,0.059271696827710246,0.04577404865869437,0.1884854912154626,0.04430135888553689,0.041705336846120995,0.0,False,0.001847140270871338,-0.09003699909952749,3.146788006978107,-404.7657277134812,4128.944784984606
Cash50,1728691200000000,1728691260000001,10007.096956602063,10009.727075922736,2.7736424990984405,-0.03126355668336443,0.04572318384113458,0.0332682189506005,0.0332682189506005,0.0,83.17054737650126,0.138361177472966,0.05458990140606406,0.04277877957915111,0.1393300967952689,0.04304918442491364,0.1393300967952689,0.054852040052114207,0.04304918442491364,0.18386975409128298,0.04321040372400731,0.042179310292078706,0.0,False,0.0017477558235997055,-0.08599690989413228,2.9408419040439346,-389.3265268660605,3868.485384095964
Cash50,1728777600000000,1728777660000001,10009.727075922736,10016.872814645487,7.249460933330318,-0.09746942343674025,0.002548596051268543,0.0018520955451061922,0.0018520955451061922,0.0,4.630238862765482,0.13918842196693393,0.055298158129055024,0.04309182921109174,0.13911136508562336,0.0434823638482905,0.13911136508562336,0.055982400517144204,0.0434823638482905,0.18527963019057153,0.04352707302310277,0.04254613313290664,0.0,False,0.0017508034119890206,-0.08477548366477763,2.9470168905008585,-389.47964786472886,3872.3151105239936
Cash50,1728864000000000,1728864060000001,10016.872814645487,10051.828371380341,35.12612612985756,-0.15354759939632784,0.006936981571616426,0.005042407016760414,0.005042407016760414,0.0,12.606017541901032,0.13898966589701575,0.056815619436976765,0.043269759389800454,0.1459354649892124,0.045953255964195056,0.1459354649892124,0.06011244626220343,0.045953255964195056,0.18630489699167246,0.0437067533949134,0.04254524056065745,0.0,False,0.0018112099634222634,-0.08336630745676923,2.932602641471645,-387.02537770601697,3889.330043063022
Cash50,1728950400000000,1728950460000001,10051.828371380341,10053.311244716288,1.7265190709379343,-0.1407212420390589,0.041912315382173784,0.030506088785336477,0.030506088785336477,0.0,76.26522196334119,0.14432029962345963,0.05252578511400187,0.043958942672965184,0.14351629940536625,0.04425323032133354,0.14351629940536625,0.05268923611586024,0.04425323032133354,0.18822123201923754,0.04440251773801571,0.04252621437873431,0.0,False,0.0015982720002910675,-0.08771015203515183,2.8053026644918297,-420.9367050088458,3785.344150467815
Cash50,1729036800000000,1729036860000001,10053.311244716288,10080.876273675723,27.699899727139105,-0.11004212020534472,0.010120168780931697,0.007354239358281882,0.007354239358281882,0.0,18.385598395704704,0.14484638585117734,0.05451818098395693,0.044389323610387874,0.14788101129357495,0.047378977035152064,0.14788101129357495,0.05711673989546821,0.047378977035152064,0.1903641062592616,0.04483758988095236,0.04295902159638863,0.0,False,0.0016340462418863507,-0.08709810696400055,2.8835524946419877,-419.24991457964245,3796.975955677648
Cash50,1729123200000000,1729123260000001,10080.876273675723,10085.236848468587,4.569914683400931,-0.1495016894002667,0.024371259262552746,0.01773347093715192,0.01773347093715192,0.0,44.333677342879795,0.14729234613202855,0.05435231458285852,0.044975933720435915,0.1471042407304533,0.04635719345618137,0.1471042407304533,0.054781620812431334,0.04635719345618137,0.19270006605885157,0.04542996641584129,0.04309100826878329,0.0,False,0.0016205753222142156,-0.08962777495029345,2.936870914948737,-427.1892201141709,3604.3734148166463
Cash50,1729209600000000,1729209660000001,10085.236848468587,10122.519398098118,37.43911204139184,-0.11511183768659732,0.01688637982352073,0.012282097174373422,0.012282097174373422,0.0,30.705242935933555,0.14753510378990667,0.054442962362550654,0.04505022030185927,0.15159648802970874,0.047482827681384704,0.15159648802970874,0.057940815170788716,0.047482827681384704,0.19301887706814122,0.04550508600437763,0.04316452674733127,0.0,False,0.0016307599722197262,-0.09017646593918394,3.023090521408215,-431.69598873611693,3502.738990536124
Cash50,1729296000000000,1729296060000001,10122.519398098118,10158.12676218518,35.86283456427791,-0.13923091574899493,0.047346695113489115,0.03444643317678898,0.03444643317678898,0.0,86.11608294197245,0.14309075474837094,0.05409077245756833,0.043886304555727985,0.14605291542563828,0.04586406807050893,0.14605291542563828,0.057431006148515304,0.04586406807050893,0.1882436693481187,0.04432909151284007,0.043355095701125064,0.0,False,0.0016005887694883125,-0.08530188707482514,2.867696519601074,-412.11971722329656,3237.391545338889
Cash50,1729382400000000,1729382460000001,10158.12676218518,10163.88748413368,6.019229849587552,-0.13026261988444074,0.05224095563367816,0.03800216278499059,0.03800216278499059,0.0,95.00540696247648,0.1370566483487948,0.054742807700875355,0.04247558324233,0.1393756950452959,0.04448876832367804,0.1393756950452959,0.05530330694468027,0.04448876832367804,0.1826753649353403,0.04290408787127498,0.043283035082344094,0.0,False,0.0016269395393319402,-0.07894018111787215,2.700381221556012,-384.1866712103639,2998.1718544939167
Cash50,1729468800000000,1729468860000001,10163.88748413368,10171.703837904222,8.037064539522655,-0.16828936995710844,0.021354948752362345,0.015533225136223083,0.015533225136223083,0.0,38.83306284055771,0.13662692560340953,0.05458003522805978,0.04234373668506135,0.1359443673808447,0.0429468535516974,0.1359443673808447,0.05532795186373853,0.0429468535516974,0.18211113526755154,0.04277123059843555,0.04315087885542234,0.0,False,0.0016082475467224257,-0.07597946159852018,2.570168740560348,-380.2257255085383,3036.581920601356
Cash50,1729555200000000,1729555260000001,10171.703837904222,10170.735467306811,-0.7909109350823315,-0.1547262474546042,0.0092601815214798,0.006736616676937595,0.006736616676937595,0.0,16.841541692343988,0.13597251747770925,0.05473230171484081,0.04220297462665344,0.134380225783301,0.042554457863732686,0.134380225783301,0.0546596271243089,0.042554457863732686,0.18157369403607584,0.04262917202467587,0.04291906125295153,0.0,False,0.0016528229242333472,-0.0774350390197279,2.5802440317555697,-378.9203813278644,2983.978865307759
Cash50,1729641600000000,1729641660000001,10170.735467306811,10189.205514784511,18.712269311905025,-0.17086205586906564,0.029073803172284318,0.0211429875817571,0.0211429875817571,0.0,52.85746895439274,0.13957822050012428,0.0551505585925412,0.04316713891391225,0.13890084386769586,0.04388233785787433,0.13890084386769586,0.05688668024785329,0.04388233785787433,0.18555290758587967,0.04360286469213008,0.04257052329931591,0.0,False,0.0016644988613494947,-0.08179981620648964,2.6173749277239957,-402.3076230537877,3140.700124303763
Cash50,1729728000000000,1729728060000001,10189.205514784511,10210.665641323838,21.67292224001109,-0.17147574294663898,0.016828952930674212,0.012245502404026278,0.012245502404026278,0.0,30.613756010065696,0.13619844782956833,0.0549657802931748,0.042294479001368304,0.13877279084015728,0.04378660585704237,0.13877279084015728,0.05697261110868383,0.04378660585704237,0.1819902438607562,0.04272152271305713,0.042102313895869485,0.0,False,0.0016799485281773963,-0.08200046241560013,2.522656389858893,-393.7645040495186,3080.601837726748
Cash50,1729814400000000,1729814460000001,10210.665641323838,10165.269507511908,-45.29788626045442,-0.0720412285386329,0.010671586912021176,0.0077673680122433775,0.0077673680122433775,0.0,19.41842003060844,0.13789749885918606,0.055070974378529196,0.0427350208715759,0.13009150897414168,0.03994907391577761,0.13009150897414168,0.05086062657471302,0.03994907391577761,0.18379172865129162,0.04316657695901634,0.04195437146380256,0.0,False,0.0016482509082026656,-0.08332956716191375,2.462065617372338,-397.27159767299077,3071.6027690194246
Cash50,1729900800000000,1729900860000001,10165.269507511908,10191.213548895603,26.12850202153614,-0.13878652305789985,0.018609320442015978,0.013532397171530642,0.013532397171530642,0.0,33.830992928826596,0.13232922840648112,0.05136934704722377,0.04078770915870384,0.13617007718336843,0.04254744534800495,0.13617007718336843,0.05380217088978989,0.04254744534800495,0.17517568365703076,0.041199521104314775,0.04279995215984295,0.0,False,0.0015651497494544471,-0.0841622299203274,2.5137395007258787,-410.74831081160227,3155.1342610891597
Cash50,1729987200000000,1729987260000001,10191.213548895603,10225.683268085711,34.6490919502861,-0.08834737338917242,0.037081862511514546,0.026971762139071577,0.026971762139071577,0.0,67.42940534767894,0.1427877780427242,0.0528413803811346,0.04362315156785123,0.14644860299529489,0.04563320790540083,0.14644860299529489,0.056051225008562376,0.04563320790540083,0.18692851457557616,0.04406339589565885,0.04196429622500501,0.0,False,0.001605562780986772,-0.09231797939007967,2.60240521272357,-446.5387563900555,3234.8750817839446
Cash50,1730073600000000,1730073660000001,10225.683268085711,10277.300442329546,51.84285444709613,-0.13243096556452102,0.03798108834686441,0.027634074674782107,0.027634074674782107,0.0,69.08518668695525,0.13969383086585782,0.052547975014057245,0.04280565396857304,0.14525259746394376,0.04757119831455481,0.14525259746394376,0.05732798282658424,0.04757119831455481,0.18356621579714935,0.04323764001884581,0.04217576709906155,0.0,False,0.0015795278437398864,-0.0888725345152988,2.479117965401577,-431.074784143837,3034.40601713208
Cash50,1730160000000000,1730160060000001,10277.300442329546,10312.178922342659,35.232608042335656,-0.16455389012179458,0.07721683422515668,0.056178652438656565,0.056178652438656565,0.0,140.44663109664143,0.1315893124452769,0.05095722877281917,0.0405409124272421,0.136450961769869,0.04409930412250941,0.136450961769869,0.054200543055489284,0.04409930412250941,0.17409284466392627,0.04094966122555419,0.04310077185703699,0.0,False,0.0014977530251721546,-0.0807212387037157,2.3388540008553207,-399.16419240609656,2585.920132276358
Cash50,1730246400000000,1730246460000001,10312.178922342659,10283.171025834912,-28.763188559863384,-0.14489707433987098,0.040650899098610936,0.029579987221416353,0.029579987221416353,0.0,73.94996805354087,0.13781015920777331,0.049444216586812105,0.041869172289965145,0.1353126875924143,0.04096811720551292,0.1353126875924143,0.04678610161002299,0.04096811720551292,0.17915536946301147,0.04229168387991317,0.043743753410964314,0.0,False,0.0014019045175909263,-0.08631226803722233,2.4082899207153674,-430.88546957957857,2455.1246274641826
Cash50,1730332800000000,1730332860000001,10283.171025834912,10264.290326148577,-18.64874735869537,-0.15921817989264742,0.029646473953827135,0.021543836896902212,0.021543836896902212,0.0,53.85959224225553,0.13546731478184745,0.05202411389597237,0.04167044577985772,0.13055640424503534,0.040243315160270424,0.13055640424503534,0.05030258429617638,0.040243315160270424,0.1788740942858937,0.04209106165617324,0.043035079552730816,0.0,False,0.0014781091176427688,-0.08062634946407105,2.449558622378652,-409.84650194996715,2544.0912534150543
Cash50,1730419200000000,1730419260000001,10264.290326148577,10249.409304893754,-14.62044969654659,-0.14529653137097512,0.04697252170799661,0.03415125259797634,0.03415125259797634,0.0,85.37813149494085,0.13887594097961398,0.05352472190866948,0.04274769353120392,0.13783716444699295,0.04221015600487379,0.13783716444699295,0.05217536441649479,0.04221015600487379,0.18352896761504517,0.043179003480059416,0.04243293567235086,0.0,False,0.0015620191155170389,-0.08696246311006642,2.601967677376378,-429.86253845476404,2714.991704943868
Cash50,1730505600000000,1730505660000001,10249.409304893754,10252.280062497264,3.052245469044584,-0.12321026523321509,0.023753978191931476,0.01726181105437939,0.01726181105437939,0.0,43.15452763594847,0.13923810952449794,0.05638612548576202,0.0432674462039888,0.13895268492075522,0.04333653942543119,0.13895268492075522,0.05666773001713367,0.04333653942543119,0.1862080421472119,0.043704242613710614,0.044414992779484005,0.0,False,0.001662419994254355,-0.08448702295500136,2.6671272279979354,-413.91063936474876,2783.649765860377
Cash50,1730592000000000,1730592060000001,10252.280062497264,10223.14408444784,-29.016659796354055,-0.11452708052653492,0.0019522506519080434,0.001419460945249222,0.001419460945249222,0.0,3.548652363123055,0.1392988830100066,0.056776790431770405,0.04334123931726721,0.1356009519615709,0.04244456532123284,0.1356009519615709,0.05410024745458175,0.04244456532123284,0.18658608992983572,0.04377900915425619,0.04446218404405701,0.0,False,0.0016784058352329958,-0.08484113672606808,2.6742074872471435,-414.5625289483634,2783.9503544952404
Cash50,1730678400000000,1730678460000001,10223.14408444784,10234.467304815445,11.44024160465765,-0.07195682629200233,0.018366776181697114,0.013348817289357712,0.013348817289357712,0.0,33.37204322339428,0.1345722582662249,0.056802123756424995,0.04216338313001997,0.13469155850697478,0.044091023380711934,0.13469155850697478,0.0578568439059241,0.044091023380711934,0.18183147854131487,0.04258908815208302,0.04479645357365472,0.0,False,0.001690289060042246,-0.08096481222430857,2.6564799750890864,-395.5481521867101,2854.194416355153
Cash50,1730764800000000,1730764860000001,10234.467304815445,10289.066469071799,54.699217052775566,-0.04829927122855745,0.021081841556906476,0.01533584181875805,0.01533584181875805,0.0,38.339604546895124,0.13409047762986123,0.05675991525665417,0.04203660669596343,0.13997393293402813,0.04509280367950187,0.13997393293402813,0.06177467881619518,0.04509280367950187,0.18131060823221154,0.042461004167455386,0.04463124999683484,0.0,False,0.0017130774384919438,-0.08253173388043211,2.724809052458294,-393.1219501998664,2721.1897614967747
Cash50,1730851200000000,1730851260000001,10289.066469071799,10379.62241929724,90.93048616875978,-0.19701466389516095,0.0723055715467409,0.05260785393748983,0.05260785393748983,0.0,131.5196348437246,0.12719366218183206,0.05509872339738086,0.04006322405506514,0.14107432733869293,0.04587376885669149,0.14107432733869293,0.0633775590089413,0.04587376885669149,0.17299968269294827,0.04046720487739858,0.04507593064745586,0.0,False,0.001633234409137225,-0.07649581093983146,2.468447590832322,-360.5058411990222,2417.63086916768
Cash50,1730937600000000,1730937660000001,10379.62241929724,10375.270298124467,-3.932317156538584,-0.12753897110067275,0.11901624550567104,0.08662439981326195,0.08662439981326195,0.0,216.56099953315487,0.1219860482772304,0.04316779287396055,0.03697168100040169,0.1253152445650907,0.038968714820533525,0.1253152445650907,0.04280567583795411,0.038968714820533525,0.15809684378189243,0.03734408077509968,0.04532704635335502,0.0,False,0.0011851821388409805,-0.07524878353784356,2.0528608755194937,-377.4827865507121,1948.4198195524702
Cash50,1731024000000000,1731024060000001,10375.270298124467,10393.375735412892,18.33086948368379,-0.13898253630323618,0.035220787489189796,0.0256144357328325,0.0256144357328325,0.0,64.03608933208126,0.11914424491756193,0.043011583422714036,0.03623779874279758,0.12137892214533212,0.03770207682206383,0.12137892214533212,0.04470000574741053,0.03770207682206383,0.15510326485338694,0.03660353212051085,0.044454124789517255,0.0,False,0.001175548975927478,-0.06810479937180018,1.908981082610903,-355.23041908708313,1938.7089373496487
Cash50,1731110400000000,1731110460000001,10393.375735412892,10411.478925948248,18.277472568350536,-0.13883870049006508,0.01443686017502896,0.010503236164506241,0.010503236164506241,0.0,26.258090411265606,0.11899026495901537,0.04358721841424604,0.03628564900189074,0.12300755572105487,0.03917943945092485,0.12300755572105487,0.04526679343875423,0.03917943945092485,0.15541365151437914,0.03665204571830317,0.04455226331054384,0.0,False,0.0011848842449310585,-0.06616093622727888,1.8880054958479977,-353.6505062271497,1865.8672956443577
Cash50,1731196800000000,1731196860000001,10411.478925948248,10524.720510547631,113.84428757970537,-0.5484482003977862,0.022098748025725208,0.01607801594829064,0.01607801594829064,0.0,40.1950398707266,0.12265460723700398,0.043406332273594236,0.03717460165029013,0.1348310491316219,0.046592939800828834,0.1348310491316219,0.05375592118868493,0.046592939800828834,0.15896853832514057,0.0375499070014443,0.04445451381470373,0.0,False,0.0011787720617038267,-0.06597089633365225,1.937139963777204,-368.7376855119661,1770.3804078432229
Cash50,1731283200000000,1731283260000001,10524.720510547631,10619.75749739859,95.89281003285919,-0.2605231754849889,0.24249068150579547,0.1764046624555144,0.1764046624555144,0.0,441.01165613878595,0.09293384794926371,0.03956443931726817,0.029168127884906154,0.10423549050868544,0.03700033111694578,0.10423549050868544,0.04823781742832975,0.03700033111694578,0.12583671979258867,0.029461088964784738,0.045731696135538756,0.0,False,0.0010360148772408256,-0.044100963169968116,1.4600191677423595,-239.04764166481968,1108.231452463378
Cash50,1731369600000000,1731369660000001,10619.75749739859,10612.430218293617,-6.668321853918674,-0.353179245507698,0.12453958817322278,0.09061920868725254,0.09061920868725254,0.0,226.5480217181313,0.08290518506701404,0.03500796095300011,0.025977490409703523,0.08478288603543134,0.027882547241251405,0.08478288603543134,0.034402773141585574,0.027882547241251405,0.11202864678614974,0.026239133769375318,0.04669755089838335,0.0,False,0.0008364851101331042,-0.037688371293103075,1.2408541975388736,-204.63560467159604,778.0536586102278
Cash50,1731456000000000,1731456060000001,10612.430218293617,10638.17272677099,26.02689603638962,-0.2004501967349394,0.03419880405977826,0.024869279110722547,0.024869279110722547,0.0,62.17319777680636,0.08023505418974566,0.03516229867636639,0.025333108348891378,0.08144118068548997,0.026577349672171756,0.08144118068548997,0.037523491663091935,0.026577349672171756,0.10945862225819308,0.02558879594002065,0.04621729264598271,0.0,False,0.0008486473649085945,-0.036825370953426875,1.2686094666420724,-168.82948233225255,706.9067817590596
Cash50,1731542400000000,1731542460000001,10638.17272677099,10594.37734025937,-43.64647048004919,-0.1196440478827466,0.011920616633537887,0.008675683526772065,0.008675683526772065,0.0,21.68920881693016,0.07940258955686043,0.03571872261769002,0.025208455781868613,0.07752866923370437,0.02465451324772948,0.07752866923370437,0.031746502314071716,0.02465451324772948,0.10906795004046772,0.02546301658415256,0.04631023745702464,0.0,False,0.0008398694936962243,-0.036448597411013695,1.244991498984126,-168.76643054864007,670.4949717001218
Cash50,1731628800000000,1731628860000001,10594.37734025937,10604.1192903776,9.97364824191271,-0.10295363674274015,0.05246176516902436,0.03814136088599695,0.03814136088599695,0.0,95.35340221499239,0.06885677817785525,0.03547831898277023,0.022535942391879345,0.07240048531736469,0.02356706052543293,0.07240048531736469,0.03638583919511464,0.02356706052543293,0.09822045625825032,0.022763301547146685,0.04584814146696332,0.0,False,0.0008597189846295195,-0.028863143953163396,1.137995119349743,-113.99732251985064,655.4961865842355
Cash50,1731715200000000,1731715260000001,10604.1192903776,10566.79901481931,-37.00394085784953,-0.2441468522526366,0.029405031028384373,0.02139140858007845,0.02139140858007845,0.0,53.478521450196126,0.06735776016743603,0.03463809021308153,0.022035153573821232,0.06860042664634741,0.021855631193433075,0.06860042664634741,0.03125828350100193,0.021855631193433075,0.09602786379612643,0.02225757936250219,0.04479284099941321,0.0,False,0.0008058825507591506,-0.028075087987298547,1.0699780493097795,-97.15527592271263,612.8834266446416
Cash50,1731801600000000,1731801660000001,10566.79901481931,10590.720725805299,24.437883408050904,-0.3203165287957184,0.07980225724484864,0.05802681801051843,0.05802681801051843,0.0,145.06704502629606,0.054872873236155785,0.034567417409805054,0.018903330920509706,0.056287253950340524,0.020763438586846653,0.056287253950340524,0.03679617992917854,0.020763438586846653,0.08335886618938668,0.019093919744224013,0.04195021334625083,0.0,False,0.0008055545479169993,-0.017104785590230015,0.9254262241423379,-47.70113243178099,547.5738697814634
Cash50,1731888000000000,1731888060000001,10590.720725805299,10601.826338877612,12.19579514862622,-0.2147514571157693,0.35665057245465276,0.2593900233707654,0.2593900233707654,0.0,648.4750584269133,0.06657024577794479,0.03450077626858464,0.021817677884773894,0.06850133951449473,0.02301127811217949,0.06850133951449473,0.03561213571403738,0.02301127811217949,0.09511422486297497,0.022036236800134515,0.043517779427144854,0.0,False,-0.0009448612433347422,-0.027603446323136396,0.3075144207121785,217.80338753766844,630.6008174348608
Cash50,1731974400000000,1731974460000001,10601.826338877612,10610.317148443355,8.751931178449942,-0.23199014175586713,0.011865247068961917,0.008633111941129309,0.008633111941129309,0.0,21.582779852823265,0.06646576159446395,0.0344799533978429,0.021788433408292424,0.06701565803896184,0.022917517235916923,0.06701565803896184,0.03527711750615546,0.022917517235916923,0.09499946048982184,0.022008458119699568,0.04347272634063614,0.0,False,-0.0009365238702724123,-0.026349463232391224,0.3044342899394234,206.2285085811986,622.2799829255694
Cash50,1732060800000000,1732060860000001,10610.317148443355,10600.793597322267,-9.373498594316105,-0.1156073248288902,0.014030778894558005,0.010207211524298035,0.010207211524298035,0.0,25.518028810745086,0.06780609812552635,0.03439109521074043,0.02211018881299265,0.06711971564487189,0.022121945494814745,0.06711971564487189,0.033537653648452924,0.022121945494814745,0.09628147964826586,0.022333451550252546,0.04360665215176721,0.0,False,-0.0009598254477081593,-0.02851855111450405,0.3072318284584051,212.93941538340536,600.3566228065761
Cash50,1732147200000000,1732147260000001,10600.793597322267,10637.751352581232,37.1479924906256,-0.1694721411389226,0.008462534898339587,0.006151277811404263,0.006151277811404263,0.0,15.378194528510658,0.06682303896851917,0.03450846924837761,0.021882030129386436,0.07234299074333506,0.025237340061712927,0.07234299074333506,0.03788060299820347,0.025237340061712927,0.09538346403618209,0.022103017440744784,0.0438727585949365,0.0,False,-0.0009083892842299552,-0.027909354144902657,0.3108437296937638,210.62964724387197,614.3016088283579
Cash50,1732233600000000,1732233660000001,10637.751352581232,10691.732164164176,54.45480377017887,-0.40166725654387364,0.029453865278628328,0.02143553270693087,0.02143553270693087,0.0,53.58883176732718,0.06737417631162956,0.03360955257870606,0.0218849769647133,0.07202562348091263,0.025242238942461477,0.07202562348091263,0.03853280553980331,0.025242238942461477,0.09521331060464605,0.022105887041516954,0.04316024174628605,0.0,False,-0.0009120812457915953,-0.02669748095381399,0.2781125841820385,182.6497414703796,601.2069325159358
Cash50,1732320000000000,1732320060000001,10691.732164164176,10694.896985513657,3.712518568698902,-0.40599150566796904,0.05771842547180536,0.04199364403928435,0.04199364403928435,0.0,104.98411009821086,0.062315927631158355,0.03367922889019377,0.020630866241318657,0.06275993736989527,0.021287391188377032,0.06275993736989527,0.03401594623228592,0.021287391188377032,0.0901597249710282,0.020838982630959905,0.04329047658396768,0.0,False,-0.0007738381630305451,-0.023004389044367694,0.28037415109426955,149.2804362853639,531.0624115932435
Cash50,1732406400000000,1732406460000001,10694.896985513657,10688.64529967911,-6.020742276906392,-0.21449687108571924,0.006699340469359194,0.0048736730424626,0.0048736730424626,0.0,12.184182606156497,0.06258653244156935,0.03359949424559209,0.020686557247231153,0.06195195431337265,0.02066337870134317,0.06195195431337265,0.03305581062319627,0.02066337870134317,0.09036968712768978,0.020895480237677115,0.043319658486037534,0.0,False,-0.0007932135238818848,-0.022829512667671754,0.2819368225033274,151.2443659548436,516.0724481426294
Cash50,1732492800000000,1732492860000001,10688.64529967911,10664.222245052813,-24.251431718896754,-0.13507692663564466,0.014896159512865947,0.010824910626310549,0.010824910626310549,0.0,27.062276565776372,0.06420372457579483,0.03558780381767365,0.021389101716599756,0.061586801368739605,0.02123200882416851,0.061586801368739605,0.033395091691454666,0.02123200882416851,0.09360974824708222,0.021605079378034703,0.042829983624666,0.0,False,-0.000780260705052087,-0.02276142453775251,0.3009963295038465,160.35613371802796,534.1957142832265
Cash50,1732579200000000,1732579260000001,10664.222245052813,10660.171924560666,-3.9421932340840735,-0.07629255172582587,0.012970815430348177,0.009431945453542267,0.009431945453542267,0.0,23.57986363385567,0.062193021362695416,0.033798075762633606,0.020617966705068897,0.061332428874862226,0.020362916983320906,0.061332428874862226,0.033441010588264854,0.020362916983320906,0.09013254101017103,0.02082616682481399,0.04339515918037818,0.0,False,-0.0008134956332891558,-0.022172836497858135,0.30812491167859885,155.71807564946081,560.345377856313
Cash50,1732665600000000,1732665660000001,10660.171924560666,10672.017619350794,12.02396207962715,-0.16911368506394486,0.003728772901783963,0.002712415766834306,0.002712415766834306,0.0,6.781039417085765,0.06195488057602395,0.03327074137196881,0.02047933134980131,0.06501981856238467,0.02154544761866388,0.06501981856238467,0.03436046431841529,0.02154544761866388,0.08946605820166076,0.020686175519946844,0.04346917629870505,0.0,False,-0.0008299358825106686,-0.022988030978227783,0.30780778349800403,156.60904277563037,563.5483766468642
Cash50,1732752000000000,1732752060000001,10672.017619350794,10683.940994187393,12.18617622215673,-0.2020524058363757,0.024745588515551725,0.018001695602540495,0.018001695602540495,0.0,45.00423900635123,0.060803132750652446,0.032924666574776135,0.020139483173879532,0.06158570544201654,0.02112945130786469,0.06158570544201654,0.03402834198329148,0.02112945130786469,0.08802259592100842,0.020342796497642028,0.0427276382303573,0.0,False,-0.0007757928223534159,-0.020348383760638713,0.2904729646239483,146.3885681945282,536.1932337671049
Cash50,1732838400000000,1732838460000001,10683.940994187393,10734.056126704885,50.415934535261954,-0.28122603630997073,0.007972219656725394,0.005801880901212329,0.005801880901212329,0.0,14.504702253030821,0.06074064356707703,0.032886803061328365,0.020118181350968514,0.06544496814534721,0.023522384413662376,0.06544496814534721,0.03743002173604665,0.023522384413662376,0.08792921870295577,0.02032135806950329,0.04266963063047314,0.0,False,-0.0007770220163856295,-0.020757355561786272,0.29532256323029765,139.38205604757388,533.8028824093867
Cash50,1732924800000000,1732924860000001,10734.056126704885,10743.677330679877,9.90278606399741,-0.19700722902486284,0.034443908503304116,0.025065475739434788,0.025065475739434788,0.0,62.663689348586956,0.05960759899946008,0.03295839768888473,0.019845659403197727,0.06074533607735896,0.02128019569487296,0.06074533607735896,0.03385035477679063,0.02128019569487296,0.08684206035258307,0.02004596266360601,0.04270021338995929,0.0,False,-0.0007335405562900842,-0.019897038851126397,0.29089709590665586,117.59466931356759,499.1511668147426
Cash50,1733011200000000,1733011260000001,10743.677330679877,10791.937837210977,48.608527984166074,-0.30874378125197915,0.01600333081908387,0.011637170497266156,0.011637170497266156,0.0,29.09292624316539,0.06005284610022134,0.03432039412382247,0.020161270643628704,0.06443869558278859,0.023775126286758208,0.06443869558278859,0.03867094367872616,0.023775126286758208,0.08839276916733466,0.02036484539020059,0.04265659630299557,0.0,False,-0.0007167483253174921,-0.018648792965918808,0.31066298112977786,111.41106598286375,513.6968042590801
Cash50,1733097600000000,1733097660000001,10791.937837210977,10822.15193419029,30.9200420847204,-0.20119813172547105,0.20562619744820237,0.14956038811755176,0.14956038811755176,0.0,373.9009702938793,0.05266744023767714,0.03460045366989673,0.018356928109903796,0.05477643545952705,0.021551682157249605,0.05477643545952705,0.03735934638636328,0.021551682157249605,0.08115560125956892,0.01854148438656405,0.04136838551935648,0.0,False,0.0007675680778662554,-0.013115002521741994,-0.20559376232539459,86.01717821985365,449.9865103248823
Cash50,1733184000000000,1733184060000001,10822.15193419029,10800.399657669826,-21.41906995374614,-0.2699349757525459,0.025770346226197643,0.018750622368761478,0.018750622368761478,0.0,46.87655592190369,0.05167093135559464,0.03488996699724808,0.01815122788848587,0.05007544386167976,0.01743807609551178,0.05007544386167976,0.0329768580436475,0.01743807609551178,0.08038630269982232,0.01833446643185235,0.04085062656108835,0.0,False,0.0007875880577189395,-0.012456450568614582,-0.200979508775947,72.44484512050144,461.0482034085332
Cash50,1733270400000000,1733270460000001,10800.399657669826,10795.382245490264,-4.658498947302452,-0.32869879299776705,0.01231542012038462,0.008949509570804896,0.008949509570804896,0.0,22.37377392701224,0.049673714074747896,0.035048525167804136,0.017675707293857597,0.049529982685794956,0.018575209494789736,0.049529982685794956,0.03463318971049249,0.018575209494789736,0.07849728970289442,0.017854199843980546,0.041225420896749104,0.0,False,0.0007883256335980248,-0.010903030987585832,-0.16807559413921047,74.94961679716822,467.32966693774097
Cash50,1733356800000000,1733356860000001,10795.382245490264,10784.087332569705,-10.612673246473234,-0.6397452786342493,0.017314728680790852,0.012589833385289979,0.012589833385289979,0.0,31.474583463224942,0.04928490496965726,0.0354139187645184,0.017633314057092078,0.0484742378042081,0.017587538565842976,0.0484742378042081,0.03446676573284069,0.017587538565842976,0.07839973177517837,0.017811358228493394,0.04148534192814072,0.0,False,0.0007745982396635175,-0.009758409217332079,-0.1630821267340703,81.08950636168905,443.63097761323974
Cash50,1733443200000000,1733443260000001,10784.087332569705,10800.959164426811,17.23079465866474,-0.34540422064936677,0.005524736013922452,0.004016922447763624,0.004016922447763624,0.0,10.042306119409057,0.04829549477470375,0.034776113720358624,0.01729029075172973,0.05022029398528919,0.018560268980307684,0.05022029398528919,0.03631704968236056,0.018560268980307684,0.07688514146630118,0.017464918195001365,0.04190906965622083,0.0,False,0.0007730770399619291,-0.009617424658344692,-0.15420756755449758,82.89311418172383,436.1326013153921
Cash50,1733529600000000,1733529660000001,10800.959164426811,10823.976898008956,23.516116691438324,-0.4561977756639764,0.01719207542186912,0.012496629104591423,0.012496629104591423,0.0,31.241572761478558,0.04937933792176441,0.03825524310661931,0.018083120946434002,0.05147271846533421,0.01943465046244998,0.05147271846533421,0.04034633717496122,0.01943465046244998,0.08079113132845886,0.018265707393073344,0.04348807250053756,0.0,False,0.0008273920004678141,-0.0075025929322854006,-0.1266287514922887,80.76177971606621,449.13258690030256
Cash50,1733616000000000,1733616060000001,10823.976898008956,10830.608610999026,6.906968192328377,-0.24440438082369503,0.012562959091563875,0.009143931170966752,0.009143931170966752,0.0,22.85982792741688,0.05072211934423887,0.038258012741279386,0.018419231747251623,0.05131242962061002,0.0189663182953704,0.05131242962061002,0.03887220460990465,0.0189663182953704,0.08214979568915601,0.018605231563847004,0.04379058681242111,0.0,False,0.0008286660699033081,-0.008427101571651923,-0.14147526992116935,76.54193214684807,439.2156562013023
Cash50,1733702400000000,1733702460000001,10830.608610999026,10778.357813814933,-51.41024223216541,-0.11423827671887038,0.2959046991073212,0.2152059880508483,0.2152059880508483,0.0,538.0149701271208,0.05657447845830285,0.03813307967883067,0.019863581566400314,0.05089139195683203,0.018485024527869966,0.05089139195683203,0.033545603927363776,0.018485024527869966,0.0879546489133764,0.020062878267841262,0.03873156015418974,0.0,False,-0.0004928883891404893,0.05368637984412593,-0.21022966118354797,82.73537568086448,176.60277724210812
Cash50,1733788800000000,1733788860000001,10778.357813814933,10786.275119291724,8.053359093204453,-0.0800095041433506,0.022829739557821135,0.01660718635664291,0.01660718635664291,0.0,41.517965891607275,0.05390008389765654,0.03246159622333105,0.01834426040791379,0.0543925659000689,0.01967055439667193,0.0543925659000689,0.03318423043691198,0.01967055439667193,0.08067570260652193,0.018529459619654975,0.04024096666653274,0.0,False,-0.00059333614497413,0.05327727912331857,-0.26696068399640827,89.48629754175322,169.27808796811763
Cash50,1733875200000000,1733875260000001,10786.275119291724,10797.475986624759,11.337763597422738,-0.09642485134610253,0.016491175148371364,0.01199011894666854,0.01199011894666854,0.0,29.97529736667135,0.054618452303102055,0.03418765323019038,0.018782761060304073,0.05673664177042366,0.019791048874871247,0.05673664177042366,0.035202098515375285,0.019791048874871247,0.08279622962749031,0.01897241473242979,0.041157843852200254,0.0,False,-0.0005705284152890594,0.055794614876381,-0.25764788949643125,85.44718183529241,187.2095696413966
Cash50,1733961600000000,1733961660000001,10797.475986624759,10793.591651575636,-3.7132002093940373,-0.12382748339132534,0.01928105688958318,0.014013149722984324,0.014013149722984324,0.0,35.032874307460816,0.05537788846804106,0.03793354706947418,0.01953450417743139,0.05493946091116224,0.01979089536880089,0.05493946091116224,0.037603013151389364,0.01979089536880089,0.08659025306555779,0.019731735949727443,0.042564190216533584,0.0,False,-0.00046549051074061564,0.05507112679913486,-0.20722839425673928,87.87335568082594,197.72376009380596
Cash50,1734048000000000,1734048060000001,10793.591651575636,10802.918211215027,9.469747137657528,-0.1239898122245745,0.007821665610765556,0.005688010215709967,0.005688010215709967,0.0,14.220025539274916,0.05599446640018185,0.03774027535474508,0.019659657903257226,0.056865523311793675,0.0203286105208681,0.056865523311793675,0.03858421728826191,0.0203286105208681,0.08705710443505918,0.019858204986079025,0.04259181201745341,0.0,False,-0.0004928729509549987,0.05470584161899152,-0.2169911163392781,90.70226202072666,200.76015695580924
Cash50,1734134400000000,1734134460000001,10802.918211215027,10796.886052637843,-5.908778980925885,-0.10574955053640814,0.00718023275363333,0.005224906484388007,0.005224906484388007,0.0,13.062266210970016,0.05724594184659297,0.03773988111295828,0.019972467628591985,0.05649378225078765,0.019767349446228603,0.05649378225078765,0.03721363758667693,0.019767349446228603,0.08832091317268469,0.020174176802131828,0.04273834127146248,0.0,False,-0.0005195577756763554,0.0552099749622061,-0.23438560557450833,89.11307704952151,199.22313450533238
Cash50,1734220800000000,1734220860000001,10796.886052637843,10805.95816683813,9.17826521592705,-0.08658225478767596,0.007973976198778338,0.005797392326580276,0.005797392326580276,0.0,14.493480816450688,0.05783626308551966,0.037752950239267516,0.020122008307270043,0.05917235053664808,0.020587690275987138,0.05917235053664808,0.03857055726912048,0.020587690275987138,0.08892774112301174,0.020325224078019292,0.043334195487309796,0.0,False,-0.0005349763973264509,0.05622124615220902,-0.24702306602291638,90.71174825931453,205.32102410569112
Cash50,1734307200000000,1734307260000001,10805.95816683813,10814.43507904324,8.962138973847622,-0.09506674378757815,0.15895542817166655,0.11560229838918727,0.11560229838918727,0.0,289.00574597296827,0.057047179153430445,0.03904895287624318,0.020119137719794088,0.05740853034496105,0.02044909716641001,0.05740853034496105,0.03984565552647057,0.02044909716641001,0.08917490281511972,0.020321627573760152,0.04073881590693631,0.0,False,0.0008074990568069457,0.05493973042215274,-0.21678377256126155,88.78490193158348,-119.53059423256893
Cash50,1734393600000000,1734393660000001,10814.43507904324,10814.99811547784,0.8069972252680409,-0.12903234573013217,0.04682184681288898,0.034053299062599296,0.034053299062599296,0.0,85.13324765649821,0.06526253138516316,0.0395435764251746,0.022247169310066983,0.06549877639913056,0.02293526152530464,0.06549877639913056,0.039615715880115775,0.02293526152530464,0.0978751139049091,0.02247164937607591,0.03994754422189102,0.0,False,0.0008065364086227251,0.0603279868013113,-0.3214370063749705,96.59065816750821,-172.89517671391107
Cash50,1734480000000000,1734480060000001,10814.99811547784,10781.965090787577,-32.83727342492567,-0.0980268486163896,0.03981344463328267,0.028955486043348532,0.028955486043348532,0.0,72.38871510837133,0.07218511223460335,0.03954280029752817,0.02397769810328006,0.06669243098585244,0.022460333808789774,0.06669243098585244,0.03661801625696266,0.022460333808789774,0.10486708521217877,0.024219678222820354,0.04027480088849602,0.0,False,0.0008061449781784357,0.06662994498660264,-0.3948100475680117,100.97991300385863,-224.03939287018844
Cash50,1734566400000000,1734566460000001,10781.965090787577,10775.344420006715,-6.435246837135168,-0.10610577384826718,0.0323121859665182,0.023502991955955337,0.023502991955955337,0.0,58.757479889888344,0.0714138674350596,0.03568490765637086,0.02320620300722053,0.06761548130916711,0.022543621193713666,0.06761548130916711,0.035109351179331526,0.022543621193713666,0.10097076584369111,0.02344043665596231,0.040333850048398345,0.0,False,0.0007669893063365505,0.06884210483973836,-0.4652257899476767,108.01995857187285,-268.3601047094172
Cash50,1734652800000000,1734652860000001,10775.344420006715,10781.167500957283,6.095527413181162,-0.18368183164618201,0.036159825133262366,0.02630240291682282,0.02630240291682282,0.0,65.75600729205705,0.07335861419981218,0.033848569846363835,0.023416939026907623,0.07397668505589651,0.023712390690216415,0.07397668505589651,0.03439539558620789,0.023712390690216415,0.10145115424018672,0.023653278913067392,0.039550558390398276,0.0,False,0.0007471280484407399,0.07371371031465647,-0.5475215145630445,112.20362178996594,-337.22856441782653
Cash50,1734739200000000,1734739260000001,10781.167500957283,10772.552780148604,-8.40789447128106,-0.196499632825344,0.004205726637141747,0.0030604889667328996,0.0030604889667328996,0.0,7.651222416832248,0.07327728412742582,0.033879863172406495,0.02340130050771743,0.07143267628243086,0.023003522230849928,0.07143267628243086,0.0331264318416908,0.023003522230849928,0.10139502880362096,0.02363765463925398,0.03950491848931086,0.0,False,0.0007476915186176492,0.0727465676854602,-0.5465972455554906,110.77633319676022,-334.6700081756915
Cash50,1734825600000000,1734825660000001,10772.552780148604,10765.375579053236,-6.967253669169419,-0.15841498173744176,0.021002412037030026,0.01526501621223586,0.01526501621223586,0.0,38.16254053058965,0.07429311099981559,0.035872374755268235,0.02395413396324413,0.07312781933124941,0.023591741420489244,0.07312781933124941,0.03524892794993788,0.023591741420489244,0.10403082639191863,0.024195979165994343,0.03899711644073634,0.0,False,0.0007945717471773842,0.0773621035168666,-0.5702499712484128,115.3535708568259,-323.18796002943685
Cash50,1734912000000000,1734912060000001,10765.375579053236,10764.252808770028,-0.45546590645561924,-0.14666437740508206,0.21211729775540394,0.15426135079496853,0.15426135079496853,0.0,385.65337698742127,0.07657864461733524,0.036927050297666304,0.024683718698983757,0.0783062780019552,0.025312962275138698,0.0783062780019552,0.03688680309993933,0.025312962275138698,0.10718702284635856,0.024931843367406163,0.03673656679539674,0.0,False,0.0027923878953416406,0.024236093086501414,-0.5915895068098589,120.6870378121325,-341.36569174140226
Cash50,1734998400000000,1734998460000001,10764.252808770028,10775.608121713876,11.568002507946796,-0.17480552329940072,0.015432971513851737,0.011225534642590185,0.011225534642590185,0.0,28.063836606475462,0.07569941161695029,0.03643539053030863,0.024390161483783868,0.0781835253153895,0.025361510352062577,0.0781835253153895,0.037470402828496084,0.025361510352062577,0.10590641922920012,0.024636440044750536,0.036124561742691345,0.0,False,0.002769766882765899,0.022953295791762425,-0.5564064794440645,116.2869027152865,-326.176422937667
Cash50,1735084800000000,1735084860000001,10775.608121713876,10775.608207726405,0.19805207905784325,-0.16233442396617828,0.01451242632007008,0.010559608121082505,0.010559608121082505,0.0,26.399020302706262,0.07573388892534157,0.035986773796517255,0.02433148830081298,0.07566472423723757,0.024529230387773902,0.07566472423723757,0.036005034177935206,0.024529230387773902,0.10557874983426549,0.024577179640422157,0.03574014730405166,0.0,False,0.002657267911962131,0.022228545617706486,-0.5437184790812174,113.02569986495338,-318.13435566290565
Cash50,1735171200000000,1735171260000001,10775.608207726405,10757.614328104255,-17.923242277697653,-0.05530713781404531,0.006248228381927925,0.004540989128367957,0.004540989128367957,0.0,11.352472820919893,0.07666033141292004,0.036926429015675825,0.02470404720558139,0.07292618997530731,0.023821465936458515,0.07292618997530731,0.035322043682413706,0.023821465936458515,0.10727406417686677,0.02495354753505983,0.036435969308709515,0.0,False,0.002676202127226558,0.02276815041433456,-0.5421347696361051,115.88053069579264,-320.265360890888
Cash50,1735257600000000,1735257660000001,10757.614328104255,10754.628732956126,-2.7793799427951784,-0.15488196515628672,0.020914578161584842,0.015209331008709552,0.015209331008709552,0.0,38.02332752177388,0.07646110499997917,0.035691513645044075,0.024469003296751408,0.07573442941784295,0.024352047621528056,0.07573442941784295,0.03544281592053097,0.024352047621528056,0.10607456041227663,0.024716047005488698,0.036525087274687146,0.0,False,0.0027489360382633343,0.02302757383168127,-0.5821671541833655,121.98287426958618,-350.5959001691343
Cash50,1735344000000000,1735344060000001,10754.628732956126,10752.639488659423,-1.8306898836907806,-0.1338052997240488,0.010087750598849117,0.0073306813449960885,0.0073306813449960885,0.0,18.326703362490218,0.07671502673268482,0.03714697727954439,0.024750803275102862,0.0785196969857396,0.025168106142663373,0.0785196969857396,0.036983509060638645,0.025168106142663373,0.10750743800812446,0.025000753855819985,0.036905483781643884,0.0,False,0.0028233372985208105,0.023967353479355274,-0.5772990860126362,123.98001281123969,-340.99838313484395
Cash50,1735430400000000,1735430460000001,10752.639488659423,10742.196563508101,-10.305697647937071,-0.08295389541974002,0.02211060746004543,0.016081500251766658,0.016081500251766658,0.0,40.20375062941664,0.07478110870411467,0.036676077083689085,0.02419668873858203,0.07271344265302475,0.023819469252075464,0.07271344265302475,0.03575218013165861,0.023819469252075464,0.10517317658455701,0.024440976370263028,0.036164856700118764,0.0,False,0.0027322308675305066,0.023192959364142358,-0.5244848945479473,119.19413486516368,-315.9138289699424
Cash50,1735516800000000,1735516860000001,10742.196563508101,10734.17905488811,-6.5711798490426645,-0.14975677391940018,0.5282394226687754,0.3841662871799363,0.3841662871799363,0.0,960.4157179498404,0.13100285131210745,0.038037030286593256,0.038456267371015845,0.13085001282698772,0.03854173259943233,0.13085001282698772,0.037448672728286565,0.03854173259943233,0.1630434250594114,0.03884002599937601,0.024324250552947624,0.0,False,0.004410623832129115,0.1231657811276942,-1.3172610762806254,39.1258320515587,-795.5706117851403
Cash50,1735603200000000,1735603260000001,10734.17905488811,10732.283065679168,0.0,0.0,0.7723352353269,0.5618269868077169,0.5618269868077169,0.0,1404.567467019292,0.0,0.0,0.0,0.0,0.0,0.0,0.0,0.0,0.0,0.0,0.0,0.0,True,0.0,0.0,0.0,0.0,0.0
