policy,decision_date,terminal_paid_close,price_PnL,funding,account_execution_cost,net_PnL,actual_opening_gross,actual_opening_net,actual_opening_long_gross,actual_opening_short_gross,SHORT_prior_budget,SHORT_budget_change,request_minus_prior_mapped_SHORT,actual_short_position_price_PnL,actual_long_position_price_PnL,requested_CASH,mapped_CASH,leg_price_CASH,leg_funding_CASH,carried_quantity_price_CASH,quantity_change_price_CASH,requested_VOL,mapped_VOL,leg_price_VOL,leg_funding_VOL,carried_quantity_price_VOL,quantity_change_price_VOL,requested_CS,mapped_CS,leg_price_CS,leg_funding_CS,carried_quantity_price_CS,quantity_change_price_CS,requested_SHORT,mapped_SHORT,leg_price_SHORT,leg_funding_SHORT,carried_quantity_price_SHORT,quantity_change_price_SHORT,return_BTCUSDT,signed_target_BTCUSDT,return_ETHUSDT,signed_target_ETHUSDT,return_SOLUSDT,signed_target_SOLUSDT,return_XRPUSDT,signed_target_XRPUSDT,return_DOGEUSDT,signed_target_DOGEUSDT
APRIL_PREFIX_GRU512,2024-07-01,False,0.02112003988895733,-0.03469175444993022,0.16166337883111692,-0.17523509339116572,0.011971356919091106,0.011971356919091106,0.011971356919091106,0.0,0.0,1.1276887294886285e-07,2.2414222718018664e-06,0.0,0.02112003988895733,0.006187517357612804,0.95,0.0,-0.0,0.0,0.0,0.9812168193725139,0.049366295780649515,0.013335850012905937,-0.03470677919710826,0.0,0.013335850012905937,0.012593421847601389,0.0006335914504775343,0.007784220339523521,1.494546546747564e-05,0.0,0.007784220339523521,2.2414222718018664e-06,1.1276887294886285e-07,-3.0463472131931064e-08,7.928171056490482e-08,0.0,-3.0463472131931064e-08,0.0024183873912482223,0.002323378128103164,0.0016756802359916279,0.0025134555632464243,0.0012755015040002426,0.002418416845674794,0.0021017234131988083,0.0025134555632464243,-0.006914294902717444,0.002323378128103164
APRIL_PREFIX_GRU512,2024-07-02,False,2.991459229997152,-0.06691841964297915,0.15927056915349092,2.765270241201506,0.023768046419446315,0.023768046419446315,0.023768046419446315,0.0,1.1276887294886285e-07,3.643579699798365e-07,6.881842729491071e-06,0.0,2.991459229997152,0.005620667516630595,0.8999999999999999,0.0,-0.0,0.0,0.0,0.9618265045677414,0.09767634331142605,2.957943382332014,-0.06690293187157613,1.4889508248112635,1.4689925575207505,0.03254583330402548,0.0023231795617310136,0.033530296549480976,-1.5814577091936583e-05,0.009289632697298784,0.024240663852182202,6.994611602439934e-06,4.771268429286993e-07,-1.4448884343204306e-05,3.2680568891469624e-07,-3.401253906841879e-06,-1.1047630436362427e-05,-0.012380623926231182,0.004453072127919035,-0.0061919684476805514,0.005150025996438339,0.049095343197362196,0.004801549062178687,0.017617449664429463,0.005150025996438339,0.014086787564766778,0.004453072127919035
APRIL_PREFIX_GRU512,2024-07-03,False,-16.946780786919952,-0.08596668289620712,0.14699150886202084,-17.17973897867887,0.034942572970540674,0.034942572970540674,0.034942572970540674,0.0,4.771268429286993e-07,6.623068656987835e-07,1.1851837028889887e-05,0.0,-16.946780786919952,0.005260896217246014,0.8499999999999999,0.0,-0.0,0.0,0.0,0.9402560313436384,0.14476155979911373,-17.04053027949774,-0.08527662612358705,-11.826296730064293,-5.214233549433447,0.05447074347524365,0.005237300767177639,0.09361536474274584,-0.0006907279940582749,0.04135641262319978,0.052258952119546065,1.2328963871818585e-05,1.1394337086274828e-06,0.00013412783504330477,6.712214381917219e-07,5.77687844472522e-05,7.635905059605257e-05,-0.03051886086521327,0.006273406799546539,-0.035740900390139774,0.007844597029699831,-0.08523859924806643,0.007059001914623185,-0.03751030502885411,0.007844597029699831,-0.05476608653999682,0.006273406799546539
APRIL_PREFIX_GRU512,2024-07-04,False,-34.72040566417175,-0.06553978901934472,0.14343286437254024,-34.929378317561714,0.043942367302736256,0.043942367302736256,0.043942367302736256,0.0,1.1394337086274828e-06,4.085187689497123e-08,6.895888949391947e-07,0.0,-34.72040566417175,0.005988723954953312,0.7999999999999998,0.0,-0.0,0.0,0.0,0.9826271898015425,0.1943974861061996,-34.88405968167964,-0.06388200937765623,-26.34234850485238,-8.541711176827258,0.01138225722090074,0.005601333608214892,0.16344221871546882,-0.0016581675017187675,0.134006538343312,0.029435680372156797,1.8290226035666775e-06,1.180285585522454e-06,0.00021179879242007551,3.878600302550584e-07,0.0002073434404305537,4.455351989521777e-06,-0.050911770857194116,0.00803691836359097,-0.07109757391159399,0.009717318446055438,-0.0900295295153184,0.008877118404823204,-0.07280513918629561,0.009717318446055438,-0.11266891891891895,0.00803691836359097
APRIL_PREFIX_GRU512,2024-07-05,False,-1.2940537691765213,0.002020885234358352,0.10449633605477837,-1.3965292199955002,0.048383630072064775,0.048383630072064775,0.048383630072064775,0.0,1.180285585522454e-06,-1.9484643336421867e-08,-3.0911971727301797e-07,0.0,-1.2940537691765213,0.006760956631308712,0.7500000194846431,0.0,-0.0,0.0,0.0,0.9872221932409386,0.24437134989949424,-1.0043399090974574,0.0050620115153757125,-0.9399658089708474,-0.06437410012660932,0.006015978961884334,0.005627469814920264,-0.2897186308458237,-0.0030411022356956084,-0.26708620574219216,-0.022632425103631525,8.71165868249436e-07,1.1608009421860321e-06,4.770766758193423e-06,-2.4045321756504476e-08,5.707008446632701e-06,-9.362416884392753e-07,-0.010252159039633946,0.008930247601450298,-0.02691715389434124,0.010618488545926376,0.04643779301521911,0.009774368073688337,-0.01893764434180134,0.010618488545926376,-0.0007614696363982265,0.008930247601450298
APRIL_PREFIX_GRU512,2024-07-06,False,29.68434308652227,-0.06483751415731627,0.13914299860379345,29.48036257376225,0.05861692568067613,0.05861692568067613,0.05861692568067613,0.0,1.1608009421860321e-06,-2.0966096251937385e-08,-3.116378846784968e-07,0.0,29.68434308652227,0.006805506168646613,0.7000000404507394,0.0,-0.0,0.0,0.0,0.9872913954506556,0.294352863535388,29.864963923051803,-0.06458966963506058,24.743690152607744,5.121273770444057,0.0059022492176402696,0.005645956179026543,-0.1805051891866014,-0.00024809463552197654,-0.19211376268695207,0.011608573500350647,8.491630575075354e-07,1.1398348459340948e-06,-0.00011564734293120448,2.5011326627900243e-07,-0.00011753627769425257,1.8889347630480836e-06,0.028196564885496045,0.010994744127327283,0.027738846455610533,0.012688530981035244,0.06641271450509167,0.011841637554181264,0.05626177024482093,0.012688530981035244,0.07744332253762609,0.010994744127327283
APRIL_PREFIX_GRU512,2024-07-07,False,-37.564054007354116,-0.13230442740517276,0.024552909454552022,-37.72091134421498,0.06323994583907278,0.06323994583907278,0.06323994583907278,0.0,1.1398348459340948e-06,3.623156026633225e-08,5.028250491974686e-07,0.0,-37.564054007354116,0.006095271374713773,0.6500000404507393,0.0,-0.0,0.0,0.0,0.9835293937085415,0.3440121655669068,-37.64474482842678,-0.1333965637961879,-36.75534152505599,-0.8894033033707925,0.010373692256849545,0.005986617915947465,0.08056212585722244,0.0010916803512784979,0.09420095958803676,-0.013638833730814204,1.6426598951315633e-06,1.176066406200427e-06,0.0001286952154431568,4.5603973663180393e-07,0.00014232923893207,-1.3634023488913195e-05,-0.0394636667199425,0.011877722511206064,-0.042186618121552,0.013673707885990302,-0.07689350249903881,0.012775715198598183,-0.06396255850234012,0.013673707885990302,-0.07576695252409171,0.011877722511206064
APRIL_PREFIX_GRU512,2024-07-08,False,20.75974663534034,-0.11237341611364812,0.13695805708313347,20.510415162143545,0.06990404747429843,0.06990404747429843,0.06990404747429843,0.0,1.176066406200427e-06,-1.3395327546823126e-08,-1.7239976872867326e-07,0.0,20.75974663534034,0.006493108876933218,0.6000000538460669,0.0,-0.0,0.0,0.0,0.9866771914889721,0.3939467367591819,20.510011645563562,-0.11219283967775329,17.4225537596679,3.087457885895666,0.006828695967457219,0.006052046723672355,0.24979552181102396,-0.00018090755520046103,0.11025847621446336,0.13953704559656058,1.0036666374717537e-06,1.1626710786536039e-06,-6.053203425244407e-05,3.3111930561588526e-07,-5.95620801758572e-05,-9.699540765868654e-07,0.013900170688156077,0.014121835229248123,0.027221821055356532,0.01321402822069727,0.055817651736018936,0.015029642237798976,0.025000000000000133,0.015029642237798976,0.025636120145398955,0.01321402822069727
APRIL_PREFIX_GRU512,2024-07-09,False,9.818574612765289,-0.10879728127340144,0.05882488017089611,9.650952451322155,0.07621651077420873,0.07621651077420873,0.07621651077420873,0.0,1.1626710786536039e-06,1.1347311539512143e-07,1.348811937918778e-06,0.0,9.818574612765289,0.005668994360249702,0.5500000538460669,0.0,-0.0,0.0,0.0,0.9790736632275153,0.4431724096505291,9.752542979330963,-0.10737480513029858,9.17440879341871,0.5781341859122511,0.015254830929218284,0.006826260359209734,0.06605971652530863,-0.0014227853359387867,0.06314390565576439,0.002915810869544235,2.511483016572382e-06,1.2761441940487253e-06,-2.808309098054657e-05,3.091928359488753e-07,-2.7076807021183234e-05,-1.0062839593633385e-06,0.02305698247521093,0.015397183978206391,0.01610186351880105,0.014373244924324931,0.012938763214895399,0.016421123032087852,0.010917537746806039,0.016421123032087852,0.0012124603618728358,0.014373244924324931
APRIL_PREFIX_GRU512,2024-07-10,False,3.680928228153788,-0.17043449647230105,0.09225029928394321,3.418243432397503,0.08397877398892256,0.08397877398892256,0.08397877398892256,0.0,1.2761441940487253e-06,9.984232304245147e-07,1.0882428655844598e-05,0.0,3.680928228153788,0.005019312000870024,0.5000000538460668,0.0,-0.0,0.0,0.0,0.9379149929260434,0.4885632414073004,3.761765935012947,-0.16858048736129747,3.439189446086174,0.32257648892677254,0.05705353650023657,0.011434430179208074,-0.08082019348621312,-0.0018547939585984285,-0.04868547641654592,-0.03213471706966722,1.2158572849893324e-05,2.27456742447324e-06,-1.751337294559245e-05,7.848475948565301e-07,-9.903372927293611e-06,-7.610000018298842e-06,-0.005724891289161316,0.01696525192513965,0.010984349097364454,0.015250087398258439,0.003894356723075809,0.01868041645202086,0.0078125,0.01868041645202086,0.005496040987424289,0.015250087398258439
APRIL_PREFIX_GRU512,2024-07-11,False,-5.458962527037975,-0.201556083628463,0.19416381191387683,-5.854682422579572,0.08857465736724156,0.08857465736724156,0.08857465736724156,0.0,2.27456742447324e-06,8.24344939264476e-06,8.165479059326986e-05,0.0,-5.458962527037975,0.004729283662613493,0.45000005384606684,0.0,-0.0,0.0,0.0,0.7609221004557579,0.5160591966953111,-5.2394931303352505,-0.20584459623081236,-4.963203102449095,-0.2762900278861564,0.2342646865236109,0.03393023144180471,-0.21957618498827447,0.004284317198142375,-0.07248306459147438,-0.14709312039680061,8.39293580177431e-05,1.0518016817118e-05,0.00010678828555123616,4.1954042069844995e-06,2.3106814309969378e-05,8.368147124126677e-05,-0.0048991204482764505,0.017893521850100604,0.0011103866340436142,0.012803987133829896,-0.038729016786570813,0.02298305656637131,0.02416780665754681,0.02298305656637131,-0.011302575504910095,0.012803987133829896
APRIL_PREFIX_GRU512,2024-07-12,False,24.18860640005224,-0.12710396324974127,0.13913073232564016,23.922371704475154,0.09841381617120733,0.09841381617120733,0.09841381617120733,0.0,1.0518016817118e-05,2.279600245834263e-06,2.0300234541857234e-05,0.0,24.18860640005224,0.004741404243930769,0.40000005384606685,0.0,-0.0,0.0,0.0,0.8747312192200796,0.556336013647128,20.370193663793668,-0.14342002403663118,18.4119428446405,1.958250819153168,0.12049655828463063,0.043651134889741976,3.8188813198692215,0.01631276163942908,2.999312110283909,0.8195692095853122,3.0818251358975235e-05,1.2797617062952264e-05,-0.0004685836106464212,3.2991474608084448e-06,-0.0003752614539492109,-9.332215669721029e-05,0.008851023176187134,0.01988130153844859,0.010156506935443232,0.013333631304987291,0.021601156366251262,0.026428971771909886,0.0554318788958148,0.026428971771909886,0.00777736131934037,0.013333631304987291
APRIL_PREFIX_GRU512,2024-07-13,False,49.53967454907853,-0.24062420151358657,0.38501552929828753,48.91403481826637,0.09606948630480283,0.09606948630480283,0.09606948630480283,0.0,1.2797617062952264e-05,6.89352894907783e-05,0.00087050377168956,0.0,49.53967454907853,0.0046936015255468755,0.3686956923779976,0.0,-0.0,0.0,0.0,0.3202504908849801,0.5376403751151972,39.763707638473406,-0.25517581911514053,42.01735584538408,-2.2536482069106665,0.6741726062007205,0.09358219960025121,9.782011849845311,0.014512825385894886,4.933595676072565,4.848416173772745,0.0008833013887525122,8.173290655373057e-05,-0.006044939240191643,3.879221565910239e-05,-0.0009665418324834346,-0.0050783974077082085,0.02294347682582676,0.01940722923250676,0.013520759920331082,0.005369899292469077,0.019930619896145307,0.03344455917254444,0.10736131617802158,0.03344455917254444,0.043328684332868406,0.005369899292469077
APRIL_PREFIX_GRU512,2024-07-14,False,15.304833469309388,-0.14655001173998605,0.37287928090603606,14.785404176664088,0.10278562068306422,0.08907915680474973,0.09593238874390697,0.006853231939157245,8.173290655373057e-05,0.0005785880040804954,0.009450423312727463,-1.6318883174914887,16.936721786800877,0.005246983447724007,0.3464440898701614,0.0,-0.0,0.0,0.0,0.08440923188138381,0.5098919776230334,18.79474217921649,-0.1710999768047068,20.541233375656887,-1.7464911964403984,0.900811628451611,0.14300361159617073,-3.4583538836585266,0.024360634511128458,-2.446144253506353,-1.0122096301521732,0.009532156219281194,0.000660320910634226,-0.03155482624857059,0.00018933055359223703,-0.0031227095019253502,-0.028432116746645236,0.026290627745118034,0.017989442017176064,0.02131753650025825,-0.0034610997222495428,0.03806827784350153,0.03943998375660167,-0.006857142857142895,0.03946837864435267,0.026111754745566262,-0.0034610997222495428
APRIL_PREFIX_GRU512,2024-07-15,False,41.68427811458541,-0.054662903271588764,0.4045639418063747,41.225051269506366,0.13121233844964098,0.08372462171354582,0.1074684800815934,0.02374385836804759,0.000660320910634226,0.0005048251576768571,0.007687999640983865,-19.255775830151542,60.940053944736945,0.0051782810574773075,0.32403519629722466,0.0,-0.0,0.0,0.0,0.08970607151296195,0.48230087119597015,56.704201788389696,-0.08953724662412733,61.667558729521986,-4.9633569411323,0.8967673268779427,0.19249878643849389,-14.851386704633963,0.03464166386596526,-11.227718015072938,-3.623668689561027,0.00834832055161809,0.001165146068311083,-0.1685369691703165,0.00023267948657329656,-0.08901140111659026,-0.07952556805372624,0.06493581312970864,0.016883452741223628,0.07461894967946447,-0.011991365224550455,0.08048082271697399,0.04583310018916601,0.029152282316839306,0.04583310018916601,0.08667708876150781,-0.011991365224550455
APRIL_PREFIX_GRU512,2024-07-16,False,47.97730368305952,-0.19100594463627754,0.3541841940629994,47.43211354436062,0.15828070040167477,0.07306665735991004,0.11567367888079241,0.042607021520882374,0.001165146068311083,0.0009692565324324206,0.014274327655632295,3.426550541960036,44.55075314109948,0.00546284899379712,0.30240347141844615,0.0,-0.0,0.0,0.0,0.06451874587026715,0.4539325960747486,11.01430085186031,-0.15496737837715233,12.86749149315158,-1.8531906412912682,0.9145789314119923,0.24152952990606147,36.94855488855005,-0.03666368914794864,30.51574578914905,6.432809099400999,0.015439473723943378,0.0021344026007435036,0.014447942649158782,0.0006251228888234556,0.009518927781183932,0.004929014867974849,0.00411609139794078,0.014711486553368179,-0.012413199426111965,-0.021517942932541036,0.0076344504576904,0.05106325744445386,0.07845695117405893,0.05106325744445386,-0.0035166240409207905,-0.021517942932541036
APRIL_PREFIX_GRU512,2024-07-17,False,39.111776442272316,-0.13200305046652322,0.20932025878051053,38.77045313302551,0.17379199697820139,0.06818616391579549,0.12098908044699842,0.052802916531202934,0.0021344026007435036,0.0009911923395035695,0.013623653418909552,9.688650864962227,29.423125577310092,0.005466201437020479,0.28079972547243026,0.0,-0.0,0.0,0.0,0.06363425718671686,0.42553634202076446,1.1393656949520579,-0.13263834249259374,2.2128095096930975,-1.0734438147410414,0.9151414853566096,0.2905383375665579,37.88393937468448,-0.00026280489946026164,36.1148418302259,1.769097544458584,0.015758056019653056,0.003125594940247073,0.08847137263577586,0.0008980969255307971,0.05978204573162859,0.028689326904147272,-0.012914924665505034,0.013702919483139595,-0.014919778949019968,-0.026667589414251913,-0.0289668149588147,0.05425287564228753,0.086227751857612,0.05425287564228753,-0.021254411292909836,-0.026667589414251913
APRIL_PREFIX_GRU512,2024-07-18,False,-40.54879824142625,-0.2093424399769484,0.2869388724791733,-41.045079553883625,0.19473097776051687,0.06413002074595409,0.12943049925323546,0.06530047850728138,0.003125594940247073,0.0008946936550687126,0.011305825629459138,3.0992669218008397,-43.64806516322709,0.005445635087183764,0.25900940554011387,0.0,-0.0,0.0,0.0,0.06906379736684526,0.39732666195308086,-11.165010869396124,-0.12921344834124351,-12.975460099570583,1.8104492301744577,0.9110591469762648,0.3396436439114892,-29.41112292044435,-0.08117671629579247,-29.47439528204006,0.06327236159572003,0.014431420569706211,0.004020288595315786,0.027335548414217245,0.0010477246600876255,0.020388732362298913,0.006946816051918336,-0.0022861741047897066,0.01286176010380065,0.010591701839611556,-0.03297911038755504,0.02169463248740744,0.05893621709598429,-0.09465478841870822,0.05893621709598429,-0.019913136114070307,-0.03297911038755504
APRIL_PREFIX_GRU512,2024-07-19,False,21.14899072220677,-0.08125038352932465,0.284386863000588,20.78335347567736,0.21029945307308678,0.06078912441825693,0.13554428874567187,0.07475516432741494,0.004020288595315786,-6.19191365752881e-05,-0.0006302501447291459,-27.353314479601796,48.50230520180856,0.0048193019914689605,0.2340364136743535,0.0,-0.0,0.0,0.0,0.1432169985403424,0.37236157295541655,22.911656232664868,-0.1312816035612341,24.244577127661593,-1.3329208949967268,0.8485736610176021,0.38964364391148926,-1.4947929702825142,0.04861256597635774,-0.678398881420982,-0.8163940888615309,0.0033900384505866398,0.003958369458740498,-0.26787254017558787,0.0014186540555517378,-0.2677570666085287,-0.00011547356705915424,0.04238957141517408,0.012187126183853862,0.02257245425094112,-0.037754074885278134,0.0628477761169659,0.06236122894307866,0.006325777543489508,0.06236122894307866,0.04958193979933112,-0.037754074885278134
APRIL_PREFIX_GRU512,2024-07-20,False,11.558513911227102,-0.04698352444053108,0.3329094791649052,11.178620907621735,0.23883055704561337,0.055313943529612775,0.1470722502876131,0.09175830675800031,0.003958369458740498,0.00039042303803190487,0.003986890178649292,-33.9394155833047,45.4979294945318,0.005156477529777215,0.2116229545596136,0.0,-0.0,0.0,0.0,0.0906555817496342,0.3447750320701565,16.43082769567279,-0.10597751708588679,18.775045445548677,-2.344217749875887,0.8962426810831988,0.43925322087345736,-4.8496091015002705,0.05788943602291355,-4.992585859145873,0.14297675764560003,0.00794525963738979,0.0043487924967724025,-0.02270468294542262,0.00110455662244216,-0.1960717772314976,0.17336709428607497,0.0068870895186685654,0.01127853903483895,0.004324074391204524,-0.04660198872948976,0.027382366323353002,0.06863721169955497,0.03736685873930501,0.06863721169955497,0.06882816856528318,-0.04608013362987707
APRIL_PREFIX_GRU512,2024-07-21,False,25.34059206579896,-0.14112279361776625,0.2908935288086839,24.90857574337315,0.26537134937250034,0.050693101229506154,0.15803222530100322,0.10733912407149707,0.0043487924967724025,0.0013463748015146455,0.013137050424151392,-27.912327437792047,53.252919503591,0.005559443011508347,0.19050415616100635,0.0,-0.0,0.0,0.0,0.06297103416352197,0.31589383046876374,13.975187653487549,-0.11025133310093388,15.973251524094206,-1.9980638706066567,0.9139836799040459,0.48790684607194273,11.365404412311406,-0.030871460516832427,9.373663114869213,1.991741297442196,0.017485842920923794,0.005695167298287048,0.0,-0.0,-0.024697899336010753,0.024697899336010753,0.01573955350241918,0.010240737756758064,0.004683428110231036,-0.054210128893066444,0.06138600194401467,0.07469160440658257,0.007237838747685688,0.07469160440658257,0.046433628978161945,-0.054210128893066444
APRIL_PREFIX_GRU512,2024-07-22,False,5.004267403294451,-0.2511585558210475,2.0821001764651443,2.671008671008167,0.23384110734496014,0.04561554283507013,0.13972832509001512,0.09411278225494499,0.005695167298287048,0.0026421506464447504,0.023796627100535716,17.967040220534216,-12.962772817239765,0.00588735458369305,0.17000606626064904,0.0,-0.0,0.0,0.0,0.05018379068000654,0.2863919203691211,-6.713762773356846,-0.1055260644736696,-7.741803237030491,1.0280404636736444,0.9144370603374776,0.535264695425498,11.718030176651304,-0.14563249134737796,17.7587994768214,-6.040769300170106,0.029491794398822765,0.008337317944731798,0.0,-0.0,0.0,0.0,-0.010010820130721299,-0.04752200515308047,-0.027432133896420963,-0.04752200515308047,-0.030524547523572032,0.06594876512960739,0.013536096256684393,0.06594876512960739,-0.017735042735042672,0.009213379988263456
APRIL_PREFIX_GRU512,2024-07-23,False,-32.5727886131397,-0.13252594893964612,0.3624990504305558,-33.06781361250978,0.2554665803850094,0.039751421863098865,0.14760900112405412,0.10785757926095525,0.008337317944731798,0.0011203647481956187,0.00857579945417465,6.73214621830085,-39.304934831440555,0.005612760702542352,0.14852929720012772,0.0,-0.0,0.0,0.0,0.0680616768336744,0.2578686894296424,-9.84009497622026,-0.10425215392936012,-10.816553009751257,0.9764580335309974,0.9094124450648768,0.5841443306773024,-22.60160580344526,-0.03137463193672674,-20.131062553720113,-2.470543249725154,0.016913117398906448,0.009457682692927417,-0.13108783347418645,0.0031008369264406573,0.0,-0.13108783347418645,-0.02404203579796038,-0.05390412837769453,0.011435917272830443,-0.05503905030084582,-0.032776805826490896,0.07041870701575198,-0.015828524319868142,0.07041870701575198,-0.05677615836415051,0.008257289319028728
APRIL_PREFIX_GRU512,2024-07-24,False,73.90450244130359,-0.07369351784786808,0.2667800830800378,73.56402884037561,0.27042312852757294,0.036734389065509174,0.1535787587965411,0.11684436973103192,0.009457682692927417,-0.00019994283579567208,-0.0011806046470260352,28.42889727960919,45.4756051616944,0.00539894890173831,0.12428927087184645,0.0,-0.0,0.0,0.0,0.10694409609308733,0.23230865859371935,-0.04913942706862917,-0.09836148400405875,-0.12974822411903197,0.08060879705040258,0.8793798769592729,0.6341443306773025,73.95364186837222,0.024667966156190657,68.6737722903855,5.279869577986721,0.008277078045901382,0.009257739857131745,0.0,-0.0,0.4712760971493117,-0.4712760971493117,-0.0072048558421852205,-0.05901075978527781,-0.04064860637046708,-0.05901075978527781,0.029218171206000676,0.07385254780805481,0.03350644999162333,0.07385254780805481,-0.015528905289052819,0.007420894011388499
APRIL_PREFIX_GRU512,2024-07-25,False,-24.26003576009984,-0.06309244347957542,0.17707336233877347,-24.50020156591745,0.28096171725551006,0.030937160196080754,0.1559494387257954,0.12501227852971464,0.009257739857131745,0.0024481033024230468,0.013873622442921844,28.147780353280126,-52.40781611337996,0.00596942427207392,0.1034108587343681,0.0,-0.0,0.0,0.0,0.06727399092135672,0.20318707073119768,-8.812472890520477,-0.0641297147438839,-9.923765640033668,1.1112927495131915,0.9036252225065157,0.6816962273748794,-16.146726870586345,-1.7472667263110364e-05,-18.136849752937824,1.9901228823514814,0.02313136230005359,0.011705843159554792,0.6991640010069876,0.0010547439315716745,0.0,0.6991640010069876,0.0057286794690731835,-0.06243407230353987,-0.04908505058074186,-0.06383877348268645,-0.035160219877708454,0.07549559938415115,-0.03128545955584372,0.07549559938415115,-0.023270342027174817,0.006530763540305642
APRIL_PREFIX_GRU512,2024-07-26,False,21.1863494360665,0.05965587161639674,0.3108866421834642,20.93511866550034,0.29558112636041817,0.031634521186511444,0.1636078237734648,0.13197330258695336,0.011705843159554792,-0.0038032470646206847,-0.008061009994974132,-42.43087002882084,63.61721946488734,0.005496502706439754,0.05721410579898879,0.0,-0.0,0.0,0.0,0.2125333262198729,0.20759670659254276,14.003784045054744,-0.05328278182571124,13.462099675848565,0.5416843692061766,0.7783253379091067,0.7272865915135344,7.803876501794295,0.11040929914953077,6.551481390387165,1.2523951114071243,0.00364483316458066,0.007902596094934107,-0.6213111107825419,0.0025293542925772646,-0.422717560696763,-0.1985935500857789,0.031724924012157985,-0.06635485279893347,0.03120892422040744,-0.06694745759617475,0.06513731035807191,0.07961017247683605,0.008366800535475338,0.07961017247683605,0.07243364246882011,0.006035055041710001
APRIL_PREFIX_GRU512,2024-07-27,False,-2.3515971022642503,-0.11851728741741034,0.1869977341138367,-2.6571121237957414,0.3117041149382592,0.024087281619091405,0.16789569827867531,0.1438084166595839,0.007902596094934107,0.012007713981303868,0.04748705229802788,8.173323362620792,-10.524920464885042,0.007100933397979681,0.04454234346026645,0.0,-0.0,0.0,0.0,0.059974271816508364,0.1702684689312651,-2.449929621842923,-0.06564240794543841,-3.165652126892078,0.7157225050491549,0.8775351463925499,0.7652788775322305,-0.12590397673822018,-0.057506545642754925,0.15488720265567224,-0.280791179393893,0.05538964839296199,0.019910310076237975,0.22423649631689446,0.004631666170782998,0.20581076436403317,0.01842573195286132,-0.0017190204382249163,-0.07143456839432033,-0.009258749808956135,-0.07382380560346889,0.0021362618150029267,0.08212232053384516,-0.013275804845668815,0.08212232053384516,-0.02311018339048765,0.005343876069762414
APRIL_PREFIX_GRU512,2024-07-28,False,2.493542506300477,-0.038705632882954505,0.3512275786243325,2.103609294792477,0.33393032325447414,0.018961669728233627,0.1764459964913539,0.15748432676312027,0.019910310076237975,0.007512965251084303,0.013250984926805896,-12.681302156104802,15.17484466240528,0.007578306650493749,0.023584691962992854,0.0,-0.0,0.0,0.0,0.11904505588631195,0.1412261204285387,1.1097836617096977,-0.05166002010475014,1.3217358189142647,-0.211952157204567,0.8402153424601504,0.8077659122811461,1.6736014400429022,0.003524134090803599,1.544676697605837,0.1289247424370643,0.03316129500304387,0.027423275327322277,-0.2898425954521198,0.009430253130992024,-0.2085421624710116,-0.08130043298110826,0.0070074427334485545,-0.07788941318392621,0.00869119865729151,-0.08118020622320489,0.007948926240724852,0.08686674822658803,0.009754456777665732,0.08686674822658803,-0.009004884004883862,0.0044886675213309125
APRIL_PREFIX_GRU512,2024-07-29,False,-3.1877034939129953,-0.0980947060922107,0.1356328320941116,-3.4214310321003722,0.3463885142063889,0.018918123363742434,0.1826533187850657,0.16373519542132325,0.027423275327322277,-0.0004926869965358009,-0.0004926869965358009,4.397664379130001,-7.585367873042997,0.007514237864543194,0.007514237864543194,0.0,-0.0,0.0,0.0,0.13802856433902674,0.13802856433902674,-1.0472050992984605,-0.05895512471463764,-1.0513330177918778,0.004127918493417315,0.8275266094656436,0.8275266094656436,-1.6454499020297328,-0.04915215826832331,-1.618442737294246,-0.02700716473548631,0.026930588330786476,0.026930588330786476,-0.4950484925848016,0.010012576890750238,-0.5083820603936515,0.013333567808849848,-0.021066528733678425,-0.08107761235915532,0.01511295719677741,-0.08430928295884971,-0.01068266271453222,0.0900138655480633,0.0028314457028646434,0.0900138655480633,-0.009317726782689162,0.0044681265944539915
APRIL_PREFIX_GRU512,2024-07-30,False,34.032997451100506,-0.11740798588219334,0.270200257607097,33.645389207609696,0.3290435434420447,0.02749228675738577,0.17826791509971524,0.15077562834232947,0.026930588330786476,-0.00527779725192189,-0.016104519060893156,16.58118485844487,17.451812592655628,0.0077876559099493425,0.007603842838352973,0.0,-0.0,0.0,0.0,0.2903237112856611,0.18793895936521693,-1.4895048942315061,-0.06427374957936086,-1.070188978162978,-0.4193159160685279,0.6910625635344961,0.7828044067175655,35.20367217299153,-0.061019219718994655,37.50539090566261,-2.3017187326710697,0.01082606926989332,0.021652791078864586,0.31883017234046673,0.007884983416162205,0.4026715020640207,-0.08384132972355399,-0.009332714644952667,-0.07484812947892219,-0.01210983521102571,-0.07744646440838594,-0.02019638717578609,0.08699516485518999,0.04168742733765152,0.08699516485518999,-0.02425184609405351,0.006073517688133893
APRIL_PREFIX_GRU512,2024-07-31,False,-14.217805417149467,-0.14556226446399162,0.29853295286771336,-14.661900634480844,0.310127934163085,0.036212269395734964,0.17317010177940997,0.136957832383675,0.021652791078864586,-0.004366775461102021,-0.016228802429821262,26.893718230407977,-41.11152364755744,0.007362250281766958,0.007538836165664289,0.0,-0.0,0.0,0.0,0.3737603116923833,0.23793895936521692,-8.874877978699573,-0.09554476900270939,-6.841360455050386,-2.0335175236491883,0.6134534493768063,0.7372361888513561,-5.651529842371818,-0.056352121277122746,-5.789141068473699,0.1376112261018823,0.005423988649043324,0.017286015617762565,0.30860240392192506,0.006334625815840483,0.38062880489911866,-0.07202640097719358,-0.023748762927875866,-0.06813145054498142,-0.014634295125968366,-0.07020577241911292,-0.04156576083923891,0.0835919738924923,-0.004145408163265252,0.0835919738924923,-0.028837728033139443,0.007730261673755445
APRIL_PREFIX_GRU512,2024-08-01,False,-62.78414442794145,0.14267566767123294,0.2232793339641293,-62.86474809423453,0.2888962476335844,0.04344423654043779,0.16617024208701112,0.12272600554657333,0.017286015617762565,-0.001211209426080724,-0.017260668586060155,-1.8628540673252632,-60.92129036061618,0.006434868806222904,0.007461368965296354,0.0,-0.0,0.0,0.0,0.9504775267834408,0.2879389593652169,-8.751397946902198,-0.06890256740504491,-7.184696977719955,-1.5667009691822438,0.04306225737863393,0.6885248654778048,-54.42019593540016,0.20919681130077442,-57.444362408611404,3.0241664732112477,2.5347031702410692e-05,0.01607480619168184,0.38744945436093264,0.0023814237755034992,0.17957855601292552,0.20787089834800715,0.011797990178401552,-0.061390048863837754,-0.008642303954039754,-0.06257291398476346,-0.025343355010741697,0.07988918562870986,-0.04739032981107916,0.07988918562870986,-0.023623984906898543,0.008066703261510343
APRIL_PREFIX_GRU512,2024-08-02,False,-43.058914805516494,-0.1601211778583534,0.29134052238260194,-43.51037650575745,0.26723540134684953,0.05128571117003167,0.1592605562584406,0.10797484508840893,0.01607480619168184,-0.0011543736862936471,-0.016072256847188195,69.43702067895714,-112.49593548447363,0.0069372752948608785,0.007423726464429426,0.0,-0.0,0.0,0.0,0.9840851483342091,0.3379389593652169,-35.68492275006037,-0.12843962075532542,-30.181417109790814,-5.503505640269553,0.00897502702643633,0.6397168816649653,-8.80007090006233,-0.035590551882622945,-6.157859985081373,-2.6422109149809674,2.5493444936466557e-06,0.014920432505388194,1.4260788446062316,0.003908994779595052,1.525934724734467,-0.0998558801282352,-0.05883594646271517,-0.05398384815437951,-0.06728697661348237,-0.055078534026123824,-0.08395656121571238,0.0755805039387733,-0.05563025210084038,0.0755805039387733,-0.06183315130639333,0.009703642020452576
APRIL_PREFIX_GRU512,2024-08-03,False,-44.69695519107998,0.12670862670430572,0.13906352052365079,-44.70931008490152,0.2544968130780183,0.057409479846591435,0.15595314646230488,0.09854366661571344,0.014920432505388194,-0.0011476479964216187,-0.014919693573898067,21.87509560905177,-66.57205080013175,0.007170357373239344,0.007404236886549074,0.0,-0.0,0.0,0.0,0.9879507060165367,0.3879389593652169,-19.687750884527645,-0.06488143691060178,-16.527235649532138,-3.160515234995512,0.00487819767873402,0.5908840192392673,-25.64021738468613,0.18910778469959508,-24.63408576274692,-1.006131621939206,7.389314901270989e-07,0.013772784508966575,0.6310130781338066,0.0024822789153124162,0.6598052347892489,-0.02879215665544233,-0.014321795067659515,-0.04927696452929606,-0.029281601499732135,-0.05026072857775854,-0.07191251556865541,0.0732594073271124,-0.013347570742124892,0.0732594073271124,-0.034566132354258094,0.011007457350445692
APRIL_PREFIX_GRU512,2024-08-04,False,-15.515997665085484,-0.053755017426316075,0.2925932555460288,-15.862345938057842,0.23997267061870844,0.07231217515870769,0.15614242288870805,0.08383024773000036,0.013772784508966575,-0.0011460342437700517,-0.013772264563348314,47.799845095130046,-63.31584276021553,0.0094761212848965,0.007576645023113493,0.0,-0.0,0.0,0.0,0.9867332636613008,0.4377665512286525,-34.297549230545705,-0.08969606992861184,-26.916695111951164,-7.380854118594545,0.0037900951081843944,0.5420300534830373,17.69436363525284,0.03492698222250727,19.21443807489215,-1.520074439639299,5.199456182621484e-07,0.012626750265196524,1.0871879302073921,0.0010140702797885512,1.0378156359859663,0.04937229422142575,-0.040585416687277664,-0.041579677768284196,-0.0717377135112579,-0.04309488780010778,-0.025631477252766488,0.07140195609116262,-0.0553751803751803,0.07140195609116262,-0.03663853074853918,0.01491113916143921
APRIL_PREFIX_GRU512,2024-08-05,False,-31.78695387355976,-0.10269338655993551,2.990999637277924,-34.88064689739622,0.2342451042973991,0.0767507410230174,0.15549792266020826,0.07874718163719086,0.012626750265196524,-0.00114409459088061,-0.012626384635085364,77.18591712992809,-108.97287100348785,0.013533070263279212,0.008116365148486678,0.0,-0.0,0.0,0.0,0.9836169755150992,0.4872268311032793,-63.23198336811571,-0.00696374934271813,-56.74226572268353,-6.489717645432185,0.002849588591510451,0.49317414807391796,29.75239804644908,-0.09484937125787815,20.161949210921833,9.590448835527255,3.6563011115941494e-07,0.011482655674315913,1.6926314481068694,-0.0008802659593392152,1.4290443022623165,0.2635871458445531,-0.07199154435774935,0.0705863368112597,-0.101582265548666,-0.039759510986472055,-0.06513697296595677,0.015849361600700322,-0.06797784991407307,0.0705863368112597,-0.09281725399576346,-0.039759510986472055
APRIL_PREFIX_GRU512,2024-08-06,False,53.43049525284051,-0.11047061513769424,0.11290454972598615,53.207120087976364,0.2106993511622676,0.08034113005279289,0.14552024060753024,0.06517911055473735,0.011482655674315913,-0.0011424880921474152,-0.011482395030690531,-12.907974109195118,66.33846936203562,0.02175060292002251,0.00947295967931858,0.0,-0.0,0.0,0.0,0.9761096484158049,0.5358702365724474,37.03343543662375,0.036860931114000246,33.045159745880696,3.98827569074305,0.0021394880205472455,0.44431663616606537,17.11276774685812,-0.14630761666688208,18.388499752577502,-1.2757320057193815,2.6064362538200694e-07,0.010340167582168498,-0.7157079306413612,-0.0010239295848123782,-0.30988540980173274,-0.40582252083962833,0.037976113532022904,0.06522652678673926,0.017644772317514823,-0.032918372967851314,0.11120452932646319,0.01615407690944398,0.03646793689817662,0.06560788736851954,0.021757588622373092,-0.032918372967851314
APRIL_PREFIX_GRU512,2024-08-07,False,118.88069778898033,0.04165955590119078,0.362015932226595,118.56034141265445,0.19226930092715952,0.09047316176280118,0.14137123134498034,0.050898069582179156,0.010340167582168498,-0.0011438132399669166,-0.010339829975804961,15.432313397219232,103.4483843917611,0.015174601584259872,0.010103687023547886,0.0,-0.0,0.0,0.0,0.9821580285415202,0.5852395092282181,20.019219968739762,0.0076497922124500115,18.602205083855857,1.4170148848839097,0.0026670322678563553,0.3954604494060323,98.45655674165565,0.03390074198364905,113.76583805556243,-15.309281313906773,3.3760636353731684e-07,0.009196354342201582,0.4049210785849215,0.000109021705091728,0.29253308264891703,0.11238799593600442,-0.017608215858991416,0.0621237850003826,-0.050037587110668635,-0.02570517485629453,0.002075509679927201,0.018546537956709932,0.18343546155366663,0.0621237850003826,-0.009971953879713169,-0.02570517485629453
APRIL_PREFIX_GRU512,2024-08-08,False,74.03781825278892,-0.15179680192503192,0.8833989926803649,73.0026224581834,0.13847556264548208,0.09921371636725884,0.11884463950637046,0.019630923139111613,0.009196354342201582,-0.0011446676929026817,-0.009195966840171736,-26.97008764269674,101.00790589548565,0.013653006863142858,0.01054548850269361,0.0,-0.0,0.0,0.0,0.983377373240748,0.6347977077490724,111.83984199099433,-0.0933389914610596,100.09561240454555,11.744229586448785,0.00296923239407918,0.346605117098935,-36.10002366851609,-0.059398117592626594,-46.99241949797418,10.892395829458101,3.8750202984566536e-07,0.0080516866492989,-1.7020000696893232,0.0009403071286542277,-1.7561410108781668,0.05414094118884377,0.11878505216052071,0.04964953709625524,0.1455978030721059,-0.009913750979426874,0.12646855084510933,0.02030176842095269,0.03023216970101883,0.05008341245879375,0.12317700136397014,-0.009913750979426874
APRIL_PREFIX_GRU512,2024-08-09,False,-37.27655499916135,-0.03769166273705548,0.5217692767668789,-37.836015938666606,0.11237707886798164,0.09214832894889124,0.10226270390843645,0.010114374959545203,0.0080516866492989,-0.0011515206556852202,-0.008050165724928622,3.2642497855839823,-40.540804784745326,0.0068645526797288525,0.010018956034017857,0.0,-0.0,0.0,0.0,0.9843427065810002,0.6847977077490724,-34.46511494570211,-0.033802497922274785,-40.52668257037692,6.0615676246748045,0.008791219814900626,0.298283170223296,-3.076066084590491,-0.004274168909090277,-2.3874198971399068,-0.6886461874505838,1.520924370277045e-06,0.00690016599361368,0.2646260311312575,0.00038500409430958763,0.379162567190765,-0.11453653605950753,-0.01361012447809451,0.042254953594820774,-0.03130099059439395,-0.005108011335399345,-0.04179144861853312,0.018780519127788223,-0.061932555123216604,0.042254953594820774,-0.031387202241943024,-0.005108011335399345
APRIL_PREFIX_GRU512,2024-08-10,False,1.6929860259550522,-0.04498676240949585,0.19066503786318342,1.4573342256826436,0.09818728582880046,0.09731308044077501,0.09775018313478774,0.00043710269401272807,0.00690016599361368,-0.0011423376640006108,-0.006899513437188123,-0.04017565308745151,1.733161679042504,0.008650616201268835,0.009792402938305859,0.0,-0.0,0.0,0.0,0.9867886888143889,0.7347977077490725,3.130983236350506,-0.019410210382146315,2.8704941235933235,0.26048911275718317,0.004560042427916775,0.2496520609830086,-1.3755880413896184,-0.025426937325719656,-1.6507557203080163,0.2751676789183975,6.52556425556885e-07,0.005757828329613069,-0.06240916900583465,-0.00014961470162987302,-0.07326781965406219,0.010858650648227545,0.002220108355770245,0.0394698559943416,0.004899088792611694,-0.00022075483359685103,-0.013380738154677552,0.019796011709937732,0.008814379536812966,0.0394698559943416,0.01301957758703809,-0.00022075483359685103
APRIL_PREFIX_GRU512,2024-08-11,False,-53.77523279974642,-0.0625166128521535,0.2413000209322523,-54.0790494335306,0.10425450357270744,0.10425450357270744,0.10425450357270744,0.0,0.005757828329613069,-0.0011477811577211327,-0.005756584327141166,0.0,-53.77523279974642,0.007244047598243708,0.009284297076169734,0.0,-0.0,0.0,0.0,0.9855678257465923,0.7847977077490725,-49.492903264746516,-0.04021023633560125,-46.302246846132,-3.1906564186145125,0.007186882652692147,0.20130794800286586,-4.454914702663855,-0.022231417291947747,-5.51801239906966,1.0630976964058056,1.2440024719030996e-06,0.004610047171891936,0.17258516766394147,-7.495922460449807e-05,0.2179678576368232,-0.0453826899728817,-0.036021064834960925,0.03699807966989909,-0.019665755043017596,0.005069097647402202,-0.07856325128792219,0.02117074820255093,-0.05362343669693337,0.03699807966989909,-0.0422696115765423,0.005069097647402202
APRIL_PREFIX_GRU512,2024-08-12,False,32.67589881127883,-0.14141690179320035,0.21013177842002467,32.32435013106624,0.10867192201046477,0.10867192201046477,0.10867192201046477,0.0,0.004610047171891936,-0.0011433826743673563,-0.004609389939637902,0.0,32.67589881127883,0.010221097432691617,0.009516675180651045,0.0,-0.0,0.0,0.0,0.9854290281526592,0.8345653296445912,44.80997408361702,-0.16387267095880065,41.478112246911664,3.331861836705359,0.00434921718239523,0.1524513306772332,-11.854846082854937,0.02149956375331082,-15.391548895796507,3.536702812941571,6.572322540342567e-07,0.00346666449752458,-0.2792291894832616,0.0009562054122894968,-0.36373689950600896,0.08450771002274743,0.010152612849869014,0.03398320110908884,0.06420298927928614,0.009882735651186582,0.02988888732016548,0.02203548473980456,0.02643012309920345,0.03398320110908884,0.07057654075546727,0.009882735651186582
APRIL_PREFIX_GRU512,2024-08-13,False,10.361798804828515,-0.04333402368020856,0.17889141096212488,10.139573370186554,0.11448017607702783,0.11448017607702783,0.11448017607702783,0.0,0.00346666449752458,-0.0033796619586297497,-0.0033796619586297497,0.0,10.361798804828515,0.006566867291376233,0.006566867291376233,0.0,-0.0,0.0,0.0,0.8768537781605075,0.8768537781605075,5.259635974809633,-0.024656036152231112,4.875054835581201,0.3845811392284314,0.11649235200922138,0.11649235200922138,5.101195775691355,-0.01867190555883749,7.105580439840313,-2.0043846641489593,8.700253889483042e-05,8.700253889483032e-05,0.0009670543275281094,-6.081969139953484e-06,0.04252239573777439,-0.04155534141024628,0.020922393048241172,0.03197512095455293,-0.006676740603480225,0.014277694303054715,0.003968689167329398,0.02312889059783101,0.01675485008818356,0.03197512095455293,-0.012534818941504211,0.014277694303054715
APRIL_PREFIX_GRU512,2024-08-14,False,-24.725348777959127,-0.004416438221612554,0.20435115021386413,-24.934116366395756,0.10845370849896196,0.10845370849896196,0.10845370849896196,0.0,8.700253889483032e-05,0.00010856982232290287,0.0005919207644422765,0.0,-24.725348777959127,0.006410918379299302,0.00653826321682312,0.0,-0.0,0.0,0.0,0.6044106052457955,0.8268823822350606,-25.862628128591616,-0.013840215877518564,-27.35456841903409,1.4919402904424732,0.38849955307156797,0.16638378218689848,1.1311489713145448,0.00942884566438456,0.6633509993471023,0.4677979719674423,0.0006789233033371068,0.0001955723612177332,0.006130379317953424,-5.068008478545758e-06,0.002637343561116122,0.003493035756837302,-0.029735318991490067,0.03452392008941177,-0.015075525681692903,0.009292515112170377,-0.019211994183148784,0.021908217600791074,-0.014397224631396366,0.03452984832776342,-0.0378937470615891,0.009292515112170377
APRIL_PREFIX_GRU512,2024-08-15,False,-19.022740766800478,0.013073175395594981,0.23763133309934648,-19.24729892450341,0.10688429056881082,0.10688429056881082,0.10688429056881082,0.0,0.0001955723612177332,7.780425538655243e-05,0.00016441785463484852,0.0,-19.022740766800478,0.006609406076968916,0.006571928765324566,0.0,-0.0,0.0,0.0,0.7212211598392055,0.7768823822350607,-22.779299895388164,-0.0027276994602843775,-22.62527947146838,-0.15402042391978374,0.271809443867973,0.2162723123830105,3.7486265035085142,0.015808145207320976,2.764822413959233,0.9838040895492814,0.0003599902158525817,0.0002733766166042856,0.007932625079171403,-7.270351441612296e-06,0.005254608269986951,0.0026780168091844513,-0.021661338154530307,0.03831266162038812,-0.035546786922209805,0.0048684073321516,-0.009508760450239184,0.02159053447626986,-0.014607532558958303,0.03832140977170481,-0.022869429241594963,0.0048684073321516
APRIL_PREFIX_GRU512,2024-08-16,False,7.057160552736135,-0.0828976426651036,0.2667191466769673,6.707543763393915,0.10346872840471613,0.10014851568313478,0.10180862204392545,0.0016601063607906757,0.0002733766166042856,0.00015823977695356172,0.00018276876785992753,-0.09062087711656576,7.1477814298527,0.007289640290618515,0.007193317818877494,0.0,-0.0,0.0,0.0,0.7191318054273202,0.7268823822350606,3.0437243776040086,-0.07484176289844773,3.096564381232116,-0.052840003628108444,0.27312240889759704,0.265492683552504,4.015243512014894,-0.008100320150106116,3.1520827373196054,0.8631607746952878,0.00045614538446421316,0.00043161639355784734,-0.0018073368827650458,4.444038345022555e-05,-0.0007554895605801205,-0.001051847322184925,0.023846231481062574,0.04130140479090855,0.009098312428645672,-0.0008384156420641871,-0.02537757131512175,0.02023149457442218,0.0057153063046975205,0.04130140479090855,0.0016003200640128945,-0.0008384156420641871
APRIL_PREFIX_GRU512,2024-08-17,False,8.875897467315635,-0.0571932216173483,0.2427714900771367,8.575932755622489,0.11969687487978148,0.0924771730914224,0.10608702398560192,0.013609850894179536,0.00043161639355784734,0.005312182491840231,0.0661742044857069,-2.354360258116899,11.230257725432534,0.008891314925781213,0.007329625774108562,0.0,-0.0,0.0,0.0,0.10402911441760836,0.6768823822350606,13.686460507157548,-0.053123976547415255,14.662134300482538,-0.9756737933249894,0.8204737497773457,0.3100441931054327,-4.694424285651742,-0.004520037475363108,-3.834147750094117,-0.8602765355576252,0.06660582087926475,0.005743798885398078,-0.11613875419017289,0.0004507924054300379,-0.008706246957280893,-0.107432507232892,0.010561094247653724,0.04423712471850628,0.009116674904238176,-0.006873498651581012,0.022259878857802118,0.018681813033462634,0.005150062155922397,0.04423712471850628,0.024765328540043985,-0.006873498651581012
APRIL_PREFIX_GRU512,2024-08-18,False,-6.596443810725505,0.007385831878954306,0.19626893345718938,-6.785326912304299,0.12191464477633614,0.07903739823031687,0.1004760215033265,0.021438623273009633,0.005743798885398078,0.04635473902952517,0.6203546766823684,3.1632287116245053,-9.759672522350012,0.010536148572299009,0.007569226655812636,0.0,-0.0,0.0,0.0,0.0077440269449575655,0.6268823822350605,-8.720983165362824,0.02197684637016145,-9.588766245549463,0.8677830801866386,0.3556213489149768,0.31344985319420343,1.3997614936354834,-0.01276457687497665,1.4571198267224919,-0.057358333087009244,0.6260984755677665,0.05209853791492325,0.7247778610018358,-0.0018264376162304983,0.08136708284779012,0.6434107781540457,-0.01770433905146307,0.04276106861906715,-0.0012971756773820786,-0.010827379576477898,0.0030895765587197754,0.015966844521294626,-0.0060070671378090745,0.04276106861906715,-0.027577470278698057,-0.010827379576477898
APRIL_PREFIX_GRU512,2024-08-19,False,30.195155454636,-0.001272788319840883,0.8222958050624803,29.37158686125258,0.1238919414011795,0.06704680208310917,0.09546937174214433,0.028422569659035155,0.05209853791492325,0.04973212347569231,0.6567932515863735,-4.192897050246834,34.388052504882836,0.011106970092601531,0.007837103180120328,0.0,-0.0,0.0,0.0,0.005323314671292345,0.5798181771433424,19.5015191742629,-0.016102470036207718,20.496392152557792,-0.9948729782948913,0.27467792573480937,0.31051405828592155,14.118593747938005,0.012001682804900791,14.587486387767095,-0.4688926398290895,0.7088917895012967,0.10183066139061556,-3.424957467564906,0.0028279989114660484,-1.7034009790990823,-1.7215564884658234,0.01708690523273626,0.041441113384818276,0.009563291672733065,0.013543717980703831,0.01355789177595712,-0.014353677423410614,0.061855670103092786,0.041441113384818276,0.015332197614991383,-0.014353677423410614
APRIL_PREFIX_GRU512,2024-08-20,False,-7.882873102535129,-0.02818456844996577,0.1748756158211632,-8.085933286805812,0.1211902106934105,0.057147159939384864,0.08916868531639767,0.032021525377012805,0.10183066139061556,0.049616107367396856,0.8483714424279426,-0.6674880514146921,-7.215385051120436,0.01440117206298086,0.00822099581272348,0.0,-0.0,0.0,0.0,0.0002871006005113745,0.5459249145009775,-4.913439156320832,-0.027713180308748482,-5.276935142414674,0.363495986093843,0.03510962351794953,0.2944073209282864,-4.276660276638085,-0.002835327420328146,-4.600444123099841,0.32378384646175645,0.9502021038185582,0.1514467687580124,1.3072263304237883,0.0023639392791108614,0.9267625901535406,0.38046374027024776,-0.00635801856063356,0.037265154857499386,-0.02354133300948036,0.01054647170480788,-0.012412147114123862,-0.016172211447883625,-0.005356545028456838,0.042256214771808714,0.016482431898934058,-0.016172211447883625
APRIL_PREFIX_GRU512,2024-08-21,False,12.52908729215614,-0.017459272667006698,0.1635244436297326,12.348103575859568,0.1133178922187089,0.044582709210777414,0.07895030071474315,0.03436759150396574,0.1514467687580124,0.04945387565634771,0.8196524813802808,-6.095909493783424,18.62499678593956,0.017272504263291855,0.008767120156375785,0.0,-0.0,0.0,0.0,7.197207883972443e-05,0.512990781860108,15.53733930555489,-0.03860270001138559,16.26414867122846,-0.7268093656735741,0.0115562735195752,0.27734145356915585,3.076577557323949,0.006025597584746963,2.9178041289624286,0.15877342836152028,0.9710992501382932,0.20090064441436012,-6.084829570722699,0.015117829759631926,-4.707687061039703,-1.3771425096829968,0.0359137081636387,0.03537002015209041,0.02274078766843779,0.009006464017382362,0.0036882481874895845,-0.017357092117325685,0.010265903736115689,0.03537002015209041,0.030973880959316524,-0.017357092117325685
APRIL_PREFIX_GRU512,2024-08-22,False,-4.8443312539593295,0.012514297412336773,0.18206705748997706,-5.013884014037103,0.10542573630355472,0.03258585210379622,0.06900579420367547,0.036419942099879254,0.20090064441436012,0.04936747677326564,0.7730490041792681,1.24571107094457,-6.0900423249039,0.018671848583008188,0.009399643383110176,0.0,-0.0,0.0,0.0,4.071692188898581e-05,0.4802334142420388,-3.955804901510626,-0.06154156865289142,-4.385138523089411,0.42933362157878585,0.00733778590147467,0.2600988211872251,-2.9500485854412166,0.04198418528473209,-3.1793896323711763,0.22934104692996013,0.9739496485936282,0.25026812118762576,2.0615222329925107,0.032071680780496103,1.717335254915242,0.3441869780772684,-0.013155075841203678,0.031559350247487135,-0.0033708035965371863,0.00658288345878196,0.0021768193239961597,-0.01839358332992322,-0.00516408462435447,0.031559350247487135,-0.008852891316632139,-0.01839358332992322
APRIL_PREFIX_GRU512,2024-08-23,False,-3.8792150678030097,0.020368957280843626,0.24479228495448602,-4.103638395477901,0.1054973518707953,0.024081646826607725,0.06478949934870151,0.04070785252209379,0.25026812118762576,0.04935502946454007,0.7242444052669598,-29.98633181536017,26.10711674755716,0.01886405474982844,0.01004461391857013,0.0,-0.0,0.0,0.0,3.5598300521970584e-05,0.44750940949689294,36.674656698065135,-0.05238437079311663,38.97821597523549,-2.3035592771703537,0.006587820495064023,0.24282282593237098,-14.284967035275566,0.043668140869697905,-15.34819719712424,1.0632301618486768,0.9745125264545855,0.2996231506521658,-26.268904730592585,0.029085187204262355,-20.31304900922854,-5.955855721364046,0.06159776345597101,0.026287611549477848,0.053554746334674164,0.002864290733077996,0.07049168878334955,-0.020559030083321852,0.02210314802411273,0.03629047227996282,0.07335613835043708,-0.020559030083321852
APRIL_PREFIX_GRU512,2024-08-24,False,-7.20532309805962,-0.019153418515300148,0.350767835017226,-7.575244351593938,0.0856350892287304,0.008982388573439325,0.047308738901084856,0.03832635032764553,0.2996231506521658,0.04927875195684528,0.6744389633848514,-7.990955994440504,0.7856328963808847,0.019915760472659638,0.010765861961724884,0.0,-0.0,0.0,0.0,3.147293447896089e-05,0.4148138574318839,5.195959653457355,-0.056266785758764155,6.247744665449355,-1.0517850119919998,0.005990652555844197,0.22551837799738,-8.030936446804578,-0.01021289308560443,-9.54537189935602,1.5144354525514439,0.9740621140370173,0.3489019026090111,-4.370346304712398,0.047326260329068455,-4.5682502636165205,0.1979039589041228,0.0005198243524440205,0.022985202954212997,0.0008541440463265548,0.001814561781745225,0.04568971704083569,-0.019356079390722543,0.0027850589777194124,0.022985202954212997,-0.004957507082153034,-0.019356079390722543
APRIL_PREFIX_GRU512,2024-08-25,False,1.3204484606960278,0.07614550387564434,0.2737454495949574,1.1228485149767948,0.09142493094565485,0.002113775189919967,0.0467693530677874,0.04465557787786743,0.3489019026090111,0.04931993241613336,0.6255692269278651,6.860264737267439,-5.539816276571411,0.019391773066157025,0.011445929545591543,0.0,-0.0,0.0,0.0,3.228874049499031e-05,0.38211244237702224,-5.931011866091403,0.009516297343883933,-6.442424050428891,0.5114121843374876,0.006104808656471781,0.2082197930522417,2.6342734655077313,0.046741897433502225,2.9128970619563344,-0.27862359644860313,0.9744711295368762,0.39822183502514447,4.6171868612797,0.019887309098258185,5.418753419966922,-0.801566558687222,0.002054813756174445,0.017279093790390748,-0.007199785922990198,-0.0021094499517019024,-0.007225036811500218,-0.02149799369379455,-0.01944126776670485,0.029961412870789766,-0.023576512455516063,-0.02149799369379455
APRIL_PREFIX_GRU512,2024-08-26,False,8.121918986547248,0.059378337201575815,1.2265140797584533,6.954783243991187,0.06412727810612945,-0.013747430965395897,0.025189923570366774,0.03893735453576267,0.39822183502514447,0.04937087523302691,0.5767098779850743,12.518507143609135,-4.396588157061886,0.01879484661230235,0.012075054312564637,0.0,-0.0,0.0,0.0,3.328508070505123e-05,0.349403478781804,-12.057379251083715,-0.061432245418861574,-12.72817895655725,0.6707997054735355,0.006240155296773841,0.19092875664745992,4.7335588980595915,0.04211467117690962,1.4160094746055458,3.317549423454045,0.9749317130102187,0.4475927102581714,15.445739339571368,0.07869591144352778,12.45572610164778,2.9900132379235904,-0.02206458222719776,-0.002776925849676669,-0.02382123149210502,-0.018274510215480076,-0.011796276976834719,0.012720658516126738,-0.022325891369543438,0.012720658516126738,-0.040455580865603635,-0.018274510215480076
APRIL_PREFIX_GRU512,2024-08-27,False,22.065846092031745,-0.0012393360930120314,0.1682432673612973,21.896363488578572,0.06075195523990616,-0.025119892307618342,0.017816031466143908,0.04293592377376225,0.4475927102581714,0.04940448621159954,0.5272506176774149,31.623883055448207,-9.558036963416463,0.018430449072156962,0.01267056810096508,0.0,-0.0,0.0,0.0,3.6421259163274516e-05,0.31666705439941534,-27.838909894311946,-0.022862245927372526,-30.104698866728302,2.2657889724163534,0.00668980173309353,0.1736651810298486,6.212619472526579,-0.014258537171411642,6.36989250353195,-0.1572730310053702,0.9748433279355863,0.4969971964697709,43.69213651381711,0.03588144700577213,38.56470978550184,5.1274267283152755,-0.05505349636988921,-0.005074642327403666,-0.08425962202197723,-0.019147132483660283,-0.06799117278572386,0.008997847828852953,-0.036809815950920144,0.008997847828852953,-0.06409647706770494,-0.019147132483660283
APRIL_PREFIX_GRU512,2024-08-28,False,-8.20325348829925,0.02161978974833578,0.1720018581245603,-8.353635556677546,0.057170470755270555,-0.03533762078582724,0.010916424984721656,0.04625404577054889,0.4969971964697709,0.0495467520269256,0.47386634759515367,-7.486949076418279,-0.7163044118809714,0.017005442795454462,0.013123816074039455,0.0,-0.0,0.0,0.0,7.834634688955342e-05,0.2835650156241181,1.6079767441275756,-0.011325978454486171,1.7009872996180706,-0.09301055549049528,0.012052666792731358,0.15676721980514582,-6.712011674410885,0.01111604787755877,-6.851500901740985,0.1394892273300999,0.9708635440649246,0.5465439484966965,-3.099218558015941,0.02182972032526318,-2.6696364759011955,-0.4295820821147451,-0.006080855666872109,-0.007138793613824871,0.02989939818191445,-0.01979084075418487,-0.018983282156260772,0.005513253526535129,0.00619249823071466,0.005513253526535129,0.009537337662337775,-0.01979084075418487
APRIL_PREFIX_GRU512,2024-08-29,False,-2.651232158364478,-0.021279001927014818,0.14220591827040127,-2.8147170785614435,0.05353186928826901,-0.04644495173647736,0.0035434587758958226,0.04998841051237319,0.5465439484966965,0.04959858242982773,0.42148888415419716,-1.9331280412807246,-0.718104117083753,0.016535063642882597,0.013525233644211765,0.0,-0.0,0.0,0.0,0.00010771818336349973,0.25020926020327505,-1.862395034107936,0.020236636757630218,-2.079851993955825,0.2174569598478892,0.015324385522860239,0.14012297522598888,-5.226134482140514,0.00669968254021067,-5.87666607453937,0.6505315923988565,0.9680328326508937,0.5961425309265243,4.437297357883972,-0.048215321224855695,4.008712141599817,0.4285852162841548,0.005943450761409341,-0.009382688381648734,-0.000280897765082444,-0.020554977583430143,-0.026348005119359086,0.0017896008201326759,-0.013187972569016937,0.0017896008201326759,0.006834170854271404,-0.020554977583430143
APRIL_PREFIX_GRU512,2024-08-30,False,-2.4566367764619317,0.0706360390146739,0.15300907602610808,-2.5390098134739674,0.05777878447232142,-0.05777878447232142,0.0,0.05777878447232142,0.5961425309265243,0.049761462290946135,0.3590073706649377,-2.4566367764619317,0.0,0.01524617976977305,0.013763771353265635,0.0,-0.0,0.0,0.0,0.0002583496065112091,0.21556394696301612,0.28519929229141194,-0.0217740905013692,0.3537328396595275,-0.06853354736811562,0.029345569032253813,0.12476828846624782,-1.8872805442832696,0.027167438418324953,-2.103805129448658,0.21652458516538803,0.955149901591462,0.6459039932174704,-0.8545555244700738,0.06524269109771814,-0.8427953071566487,-0.011760217313424692,-0.004213016873975128,-0.011672307452233858,-0.0006094423997783371,-0.021614341096894422,-0.014466352336047872,-0.0017302738075732904,0.00962223806129714,-0.0017302738075732904,0.014473946895587897,-0.021614341096894422
APRIL_PREFIX_GRU512,2024-08-31,False,3.599641804591702,0.13301161947032916,0.15910026307545305,3.5735531609861937,0.06953847867628814,-0.06953847867628814,0.0,0.06953847867628814,0.6459039932174704,0.049879834879762774,0.29835263487964336,3.599641804591702,0.0,0.014482530353366885,0.013883936473502822,0.0,-0.0,0.0,0.0,0.0003884589992565822,0.1795900135867132,-1.627428407180323,-0.04429944471272047,-1.9329338299459347,0.30550542276561166,0.04087238255026278,0.11074222184255073,-1.078059703235024,0.005682160051830266,-1.184018120999421,0.10595841776439674,0.9442566280971137,0.6957838280972332,6.30512991500705,0.17162890413121937,5.791736962403175,0.5133929526038734,-0.002643429757031357,-0.014047959380978145,-0.005516045237114797,-0.02285637870356501,-0.020064513790728822,-0.005239540058391284,-0.0010589481115426125,-0.005239540058391284,-0.003542261143363201,-0.02285637870356501
APRIL_PREFIX_GRU512,2024-09-01,True,0.0,0.0,0.95735018883138,-0.9573501888316969,0.0,0.0,0.0,0.0,0.6957838280972332,0.048337090578973285,0.17343901302026365,0.0,0.0,0.012461546286061775,0.013487519299928686,0.0,-0.0,0.0,0.0,0.001606681436668492,0.12998643076028735,0.0,-0.0,0.0,0.0,0.11670893115977296,0.11240513126357746,0.0,-0.0,0.0,0.0,0.8692228411174968,0.7441209186762064,0.0,-0.0,0.0,0.0,0.0,0.0,0.0,0.0,0.0,0.0,0.0,0.0,0.0,0.0
PREFIX_STATIC_VOL,2024-07-01,False,0.013507039369696133,-0.03515230244468995,0.1637389898997774,-0.18538425297629146,0.012125060794212156,0.012125060794212156,0.012125060794212156,0.0,0.0,0.0,0.0,0.0,0.013507039369696133,0.0,0.95,0.0,-0.0,0.0,0.0,1.0,0.05,0.013507039369696133,-0.03515230244468995,0.0,0.013507039369696133,0.0,0.0,0.0,-0.0,0.0,0.0,0.0,0.0,0.0,-0.0,0.0,0.0,0.0024183873912482223,0.0024494671231699927,0.0016756802359916279,0.0024494671231699927,0.0012755015040002426,0.0024494671231699927,0.0021017234131988083,0.0024494671231699927,-0.006914294902717444,0.0024494671231699927
PREFIX_STATIC_VOL,2024-07-02,False,3.02830785831583,-0.06849443959651877,0.16484199903689883,2.7949714196838613,0.02433360520968303,0.02433360520968303,0.02433360520968303,0.0,0.0,0.0,0.0,0.0,3.02830785831583,0.0,0.8999999999999999,0.0,-0.0,0.0,0.0,1.0,0.1,3.02830785831583,-0.06849443959651877,1.508064157200649,1.5202437011151804,0.0,0.0,0.0,-0.0,0.0,0.0,0.0,0.0,0.0,-0.0,0.0,0.0,-0.012380623926231182,0.004915798804491739,-0.0061919684476805514,0.004915798804491739,0.049095343197362196,0.004915798804491739,0.017617449664429463,0.004915798804491739,0.014086787564766778,0.004915798804491739
PREFIX_STATIC_VOL,2024-07-03,False,-17.657205005453303,-0.08836267680291648,0.1563896797118851,-17.901957361968016,0.03620734767788128,0.03620734767788128,0.03620734767788128,0.0,0.0,0.0,0.0,0.0,-17.657205005453303,0.0,0.8499999999999999,0.0,-0.0,0.0,0.0,1.0,0.15000000000000002,-17.657205005453303,-0.08836267680291648,-12.10762435019745,-5.549580655255851,0.0,0.0,0.0,-0.0,0.0,0.0,0.0,0.0,0.0,-0.0,0.0,0.0,-0.03051886086521327,0.007314501329304805,-0.035740900390139774,0.007314501329304805,-0.08523859924806643,0.007314501329304805,-0.03751030502885411,0.007314501329304805,-0.05476608653999682,0.007314501329304805
PREFIX_STATIC_VOL,2024-07-04,False,-35.88688888255716,-0.06571845688403087,0.14434532569337266,-36.09695266513336,0.045209060097547826,0.045209060097547826,0.045209060097547826,0.0,0.0,0.0,0.0,0.0,-35.88688888255716,0.0,0.7999999999999998,0.0,-0.0,0.0,0.0,1.0,0.20000000000000004,-35.88688888255716,-0.06571845688403087,-27.295643987963047,-8.591244894594107,0.0,0.0,0.0,-0.0,0.0,0.0,0.0,0.0,0.0,-0.0,0.0,0.0,-0.050911770857194116,0.009133011419481267,-0.07109757391159399,0.009133011419481267,-0.0900295295153184,0.009133011419481267,-0.07280513918629561,0.009133011419481267,-0.11266891891891895,0.009133011419481267
PREFIX_STATIC_VOL,2024-07-05,False,-1.0272799358410152,0.005177632410738993,0.10388699165883783,-1.1259892950893118,0.049498291283581,0.049498291283581,0.049498291283581,0.0,0.0,0.0,0.0,0.0,-1.0272799358410152,0.0,0.7499999999999998,0.0,-0.0,0.0,0.0,1.0,0.25000000000000006,-1.0272799358410152,0.005177632410738993,-0.9669874678506905,-0.06029246799032462,0.0,0.0,0.0,-0.0,0.0,0.0,0.0,0.0,0.0,-0.0,0.0,0.0,-0.010252159039633946,0.009999550384750934,-0.02691715389434124,0.009999550384750934,0.04643779301521911,0.009999550384750934,-0.01893764434180134,0.009999550384750934,-0.0007614696363982265,0.009999550384750934
PREFIX_STATIC_VOL,2024-07-06,False,30.433026824701177,-0.06581823281846179,0.1389126161056015,30.228295975777655,0.05974171686648514,0.05974171686648514,0.05974171686648514,0.0,0.0,0.0,0.0,0.0,30.433026824701177,0.0,0.6999999999999997,0.0,-0.0,0.0,0.0,1.0,0.30000000000000004,30.433026824701177,-0.06581823281846179,25.308858288110027,5.124168536591146,0.0,0.0,0.0,-0.0,0.0,0.0,0.0,0.0,0.0,-0.0,0.0,0.0,0.028196564885496045,0.012068865171207548,0.027738846455610533,0.012068865171207548,0.06641271450509167,0.012068865171207548,0.05626177024482093,0.012068865171207548,0.07744332253762609,0.012068865171207548
PREFIX_STATIC_VOL,2024-07-07,False,-38.29671545968197,-0.13570686347551522,0.02332080065655963,-38.45574312381359,0.06434090476940214,0.06434090476940214,0.06434090476940214,0.0,0.0,0.0,0.0,0.0,-38.29671545968197,0.0,0.6499999999999997,0.0,-0.0,0.0,0.0,1.0,0.3500000000000001,-38.29671545968197,-0.13570686347551522,-37.454466627354236,-0.8422488323277341,0.0,0.0,0.0,-0.0,0.0,0.0,0.0,0.0,0.0,-0.0,0.0,0.0,-0.0394636667199425,0.01299813219921237,-0.042186618121552,0.01299813219921237,-0.07689350249903881,0.01299813219921237,-0.06396255850234012,0.01299813219921237,-0.07576695252409171,0.01299813219921237
PREFIX_STATIC_VOL,2024-07-08,False,20.821838335679324,-0.11389857843870466,0.13745561746290247,20.570484139778273,0.07097838455406305,0.07097838455406305,0.07097838455406305,0.0,0.0,0.0,0.0,0.0,20.821838335679324,0.0,0.5999999999999996,0.0,-0.0,0.0,0.0,1.0,0.40000000000000013,20.821838335679324,-0.11389857843870466,17.72429556784163,3.0975427678376937,0.0,0.0,0.0,-0.0,0.0,0.0,0.0,0.0,0.0,-0.0,0.0,0.0,0.013900170688156077,0.01433886928359284,0.027221821055356532,0.01433886928359284,0.055817651736018936,0.01433886928359284,0.025000000000000133,0.01433886928359284,0.025636120145398955,0.01433886928359284
PREFIX_STATIC_VOL,2024-07-09,False,9.901274777633185,-0.10901233165986388,0.06010991630017726,9.73215252967384,0.07739094835267174,0.07739094835267174,0.07739094835267174,0.0,0.0,0.0,0.0,0.0,9.901274777633185,0.0,0.5499999999999996,0.0,-0.0,0.0,0.0,1.0,0.4500000000000001,9.901274777633185,-0.10901233165986388,9.3138931378091,0.5873816398240872,0.0,0.0,0.0,-0.0,0.0,0.0,0.0,0.0,0.0,-0.0,0.0,0.0,0.02305698247521093,0.015634440662624594,0.01610186351880105,0.015634440662624594,0.012938763214895399,0.015634440662624594,0.010917537746806039,0.015634440662624594,0.0012124603618728358,0.015634440662624594
PREFIX_STATIC_VOL,2024-07-10,False,3.8492669278524456,-0.17250177334035968,0.10280772838312144,3.5739574261297093,0.08594512121626892,0.08594512121626892,0.08594512121626892,0.0,0.0,0.0,0.0,0.0,3.8492669278524456,0.0,0.4999999999999996,0.0,-0.0,0.0,0.0,1.0,0.5000000000000001,3.8492669278524456,-0.17250177334035968,3.491639030989569,0.357627896862876,0.0,0.0,0.0,-0.0,0.0,0.0,0.0,0.0,0.0,-0.0,0.0,0.0,-0.005724891289161316,0.017362471704273453,0.010984349097364454,0.017362471704273453,0.003894356723075809,0.017362471704273453,0.0078125,0.017362471704273453,0.005496040987424289,0.017362471704273453
PREFIX_STATIC_VOL,2024-07-11,False,-5.5833684503267484,-0.21935446725012256,0.10910292625342319,-5.911825843830229,0.09440126132169256,0.09440126132169256,0.09440126132169256,0.0,0.0,0.0,0.0,0.0,-5.5833684503267484,0.0,0.4499999999999996,0.0,-0.0,0.0,0.0,1.0,0.5500000000000002,-5.5833684503267484,-0.21935446725012256,-5.078650263870339,-0.5047181864564101,0.0,0.0,0.0,-0.0,0.0,0.0,0.0,0.0,0.0,-0.0,0.0,0.0,-0.0048991204482764505,0.019070753252885854,0.0011103866340436142,0.019070753252885854,-0.038729016786570813,0.019070753252885854,0.02416780665754681,0.019070753252885854,-0.011302575504910095,0.019070753252885854
PREFIX_STATIC_VOL,2024-07-12,False,21.965978623308512,-0.15465543598353412,0.16478879840622235,21.646534388919463,0.1061405314750286,0.1061405314750286,0.1061405314750286,0.0,0.0,0.0,0.0,0.0,21.965978623308512,0.0,0.39999999999999963,0.0,-0.0,0.0,0.0,1.0,0.6000000000000002,21.965978623308512,-0.15465543598353412,19.620344607915786,2.3456340153927218,0.0,0.0,0.0,-0.0,0.0,0.0,0.0,0.0,0.0,-0.0,0.0,0.0,0.008851023176187134,0.02144217710019942,0.010156506935443232,0.02144217710019942,0.021601156366251262,0.02144217710019942,0.0554318788958148,0.02144217710019942,0.00777736131934037,0.02144217710019942
PREFIX_STATIC_VOL,2024-07-13,False,48.05636074340963,-0.30839229902513754,0.10861761479855467,47.639350829585965,0.11616116671587787,0.11616116671587787,0.11616116671587787,0.0,0.0,0.0,0.0,0.0,48.05636074340963,0.0,0.34999999999999964,0.0,-0.0,0.0,0.0,1.0,0.6500000000000002,48.05636074340963,-0.30839229902513754,45.30896247432958,2.747398269080042,0.0,0.0,0.0,-0.0,0.0,0.0,0.0,0.0,0.0,-0.0,0.0,0.0,0.02294347682582676,0.02346664719089984,0.013520759920331082,0.02346664719089984,0.019930619896145307,0.02346664719089984,0.10736131617802158,0.02346664719089984,0.043328684332868406,0.02346664719089984
PREFIX_STATIC_VOL,2024-07-14,False,25.789586129652317,-0.23477829844699952,0.05794872955035117,25.49685910165499,0.12244194473715284,0.12244194473715284,0.12244194473715284,0.0,0.0,0.0,0.0,0.0,25.789586129652317,0.0,0.29999999999999966,0.0,-0.0,0.0,0.0,1.0,0.7000000000000003,25.789586129652317,-0.23477829844699952,24.825072404969298,0.9645137246830148,0.0,0.0,0.0,-0.0,0.0,0.0,0.0,0.0,0.0,-0.0,0.0,0.0,0.026290627745118034,0.024735603592440605,0.02131753650025825,0.024735603592440605,0.03806827784350153,0.024735603592440605,-0.006857142857142895,0.024735603592440605,0.026111754745566262,0.024735603592440605
PREFIX_STATIC_VOL,2024-07-15,False,88.22861895194976,-0.1393150307253663,0.07938121047359814,88.0099227107512,0.1305370220204796,0.1305370220204796,0.1305370220204796,0.0,0.0,0.0,0.0,0.0,88.22861895194976,0.0,0.24999999999999967,0.0,-0.0,0.0,0.0,1.0,0.7500000000000003,88.22861895194976,-0.1393150307253663,84.61838965894765,3.6102292930021083,0.0,0.0,0.0,-0.0,0.0,0.0,0.0,0.0,0.0,-0.0,0.0,0.0,0.06493581312970864,0.026370907512576397,0.07461894967946447,0.026370907512576397,0.08048082271697399,0.026370907512576397,0.029152282316839306,0.026370907512576397,0.08667708876150781,0.026370907512576397
PREFIX_STATIC_VOL,2024-07-16,False,19.51245835916882,-0.2745334958871244,0.11903336055488636,19.11889150272691,0.1294083044988982,0.1294083044988982,0.1294083044988982,0.0,0.0,0.0,0.0,0.0,19.51245835916882,0.0,0.19999999999999968,0.0,-0.0,0.0,0.0,1.0,0.8000000000000004,19.51245835916882,-0.2745334958871244,20.021108983306014,-0.5086506241371918,0.0,0.0,0.0,-0.0,0.0,0.0,0.0,0.0,0.0,-0.0,0.0,0.0,0.00411609139794078,0.026142785227262207,-0.012413199426111965,0.026142785227262207,0.0076344504576904,0.026142785227262207,0.07845695117405893,0.026142785227262207,-0.0035166240409207905,0.026142785227262207
PREFIX_STATIC_VOL,2024-07-17,False,2.281307494029887,-0.2655765800784348,0.09604287549557697,1.919688038455206,0.1372635048362996,0.1372635048362996,0.1372635048362996,0.0,0.0,0.0,0.0,0.0,2.281307494029887,0.0,0.14999999999999966,0.0,-0.0,0.0,0.0,1.0,0.8500000000000004,2.281307494029887,-0.2655765800784348,3.920117490468466,-1.6388099964385807,0.0,0.0,0.0,-0.0,0.0,0.0,0.0,0.0,0.0,-0.0,0.0,0.0,-0.012914924665505034,0.027729739079690233,-0.014919778949019968,0.027729739079690233,-0.0289668149588147,0.027729739079690233,0.086227751857612,0.027729739079690233,-0.021254411292909836,0.027729739079690233
PREFIX_STATIC_VOL,2024-07-18,False,-25.25909410029391,-0.2923252551075631,0.14100086020089686,-25.692420215604216,0.1468327788769275,0.1468327788769275,0.1468327788769275,0.0,0.0,0.0,0.0,0.0,-25.25909410029391,0.0,0.09999999999999964,0.0,-0.0,0.0,0.0,1.0,0.9000000000000004,-25.25909410029391,-0.2923252551075631,-25.98025769494639,0.7211635946524777,0.0,0.0,0.0,-0.0,0.0,0.0,0.0,0.0,0.0,-0.0,0.0,0.0,-0.0022861741047897066,0.02966277643244967,0.010591701839611556,0.02966277643244967,0.02169463248740744,0.02966277643244967,-0.09465478841870822,0.02966277643244967,-0.019913136114070307,0.02966277643244967
PREFIX_STATIC_VOL,2024-07-19,False,58.470200673826184,-0.33502866955830923,0.1662971556275349,57.96887484864055,0.1568532917477347,0.1568532917477347,0.1568532917477347,0.0,0.0,0.0,0.0,0.0,58.470200673826184,0.0,0.04999999999999964,0.0,-0.0,0.0,0.0,1.0,0.9500000000000004,58.470200673826184,-0.33502866955830923,54.84957088291307,3.620629790913114,0.0,0.0,0.0,-0.0,0.0,0.0,0.0,0.0,0.0,-0.0,0.0,0.0,0.04238957141517408,0.031687014281847094,0.02257245425094112,0.031687014281847094,0.0628477761169659,0.031687014281847094,0.006325777543489508,0.031687014281847094,0.04958193979933112,0.031687014281847094
PREFIX_STATIC_VOL,2024-07-20,False,47.84410073883693,-0.3085906016070216,0.03766076914361441,47.49784936808646,0.1619287045048092,0.1619287045048092,0.1619287045048092,0.0,0.0,0.0,0.0,0.0,47.84410073883693,0.0,0.0,0.0,-0.0,0.0,0.0,1.0,1.0,47.84410073883693,-0.3085906016070216,47.913632419831146,-0.06953168099422138,0.0,0.0,0.0,-0.0,0.0,0.0,0.0,0.0,0.0,-0.0,0.0,0.0,0.0068870895186685654,0.032712748852834386,0.004324074391204524,0.032712748852834386,0.027382366323353002,0.032712748852834386,0.03736685873930501,0.032712748852834386,0.06882816856528318,0.032712748852834386
PREFIX_STATIC_VOL,2024-07-21,False,44.57187028255789,-0.3516309218379315,0.0743529069456638,44.14588645377444,0.1604716986970591,0.1604716986970591,0.1604716986970591,0.0,0.0,0.0,0.0,0.0,44.57187028255789,0.0,0.0,0.0,-0.0,0.0,0.0,1.0,1.0,44.57187028255789,-0.3516309218379315,46.51170769971676,-1.9398374171588717,0.0,0.0,0.0,-0.0,0.0,0.0,0.0,0.0,0.0,-0.0,0.0,0.0,0.01573955350241918,0.03241828984618517,0.004683428110231036,0.03241828984618517,0.06138600194401467,0.03241828984618517,0.007237838747685688,0.03241828984618517,0.046433628978161945,0.03241828984618517
PREFIX_STATIC_VOL,2024-07-22,False,-23.66213768979411,-0.371918453441212,0.0676313176484393,-24.101687460884932,0.15924517175112596,0.15924517175112596,0.15924517175112596,0.0,0.0,0.0,0.0,0.0,-23.66213768979411,0.0,0.0,0.0,-0.0,0.0,0.0,1.0,1.0,-23.66213768979411,-0.371918453441212,-24.69137861972805,1.0292409299339351,0.0,0.0,0.0,-0.0,0.0,0.0,0.0,0.0,0.0,-0.0,0.0,0.0,-0.010010820130721299,0.03217053042693605,-0.027432133896420963,0.03217053042693605,-0.030524547523572032,0.03217053042693605,0.013536096256684393,0.03217053042693605,-0.017735042735042672,0.03217053042693605
PREFIX_STATIC_VOL,2024-07-23,False,-38.41649892034627,-0.4070085470261815,0.034678049519871156,-38.85818551689226,0.15850594433759696,0.15850594433759696,0.15850594433759696,0.0,0.0,0.0,0.0,0.0,-38.41649892034627,0.0,0.0,0.0,-0.0,0.0,0.0,1.0,1.0,-38.41649892034627,-0.4070085470261815,-38.12210459109223,-0.29439432925403874,0.0,0.0,0.0,-0.0,0.0,0.0,0.0,0.0,0.0,-0.0,0.0,0.0,-0.02404203579796038,0.03202129478104657,0.011435917272830443,0.03202129478104657,-0.032776805826490896,0.03202129478104657,-0.015828524319868142,0.03202129478104657,-0.05677615836415051,0.03202129478104657
PREFIX_STATIC_VOL,2024-07-24,False,-0.21283622644690503,-0.42603034532543305,0.053772834572157716,-0.6926394063430052,0.1581241897174245,0.1581241897174245,0.1581241897174245,0.0,0.0,0.0,0.0,0.0,-0.21283622644690503,0.0,0.0,0.0,-0.0,0.0,0.0,1.0,1.0,-0.21283622644690503,-0.42603034532543305,-0.5065471953097171,0.29371096886281217,0.0,0.0,0.0,-0.0,0.0,0.0,0.0,0.0,0.0,-0.0,0.0,0.0,-0.0072048558421852205,0.031944112872550195,-0.04064860637046708,0.031944112872550195,0.029218171206000676,0.031944112872550195,0.03350644999162333,0.031944112872550195,-0.015528905289052819,0.031944112872550195
PREFIX_STATIC_VOL,2024-07-25,False,-43.32342247983474,-0.31527117982390496,0.05776413661875622,-43.69645779627717,0.15910196413098987,0.15910196413098987,0.15910196413098987,0.0,0.0,0.0,0.0,0.0,-43.32342247983474,0.0,0.0,0.0,-0.0,0.0,0.0,1.0,1.0,-43.32342247983474,-0.31527117982390496,-42.98252863262774,-0.34089384720700133,0.0,0.0,0.0,-0.0,0.0,0.0,0.0,0.0,0.0,-0.0,0.0,0.0,0.0057286794690731835,0.03214162946886215,-0.04908505058074186,0.03214162946886215,-0.035160219877708454,0.03214162946886215,-0.03128545955584372,0.03214162946886215,-0.023270342027174817,0.03214162946886215
PREFIX_STATIC_VOL,2024-07-26,False,67.25541712739616,-0.2558990988340569,0.0490800435645919,66.95043798499682,0.15803272986899902,0.15803272986899902,0.15803272986899902,0.0,0.0,0.0,0.0,0.0,67.25541712739616,0.0,0.0,0.0,-0.0,0.0,0.0,1.0,1.0,67.25541712739616,-0.2558990988340569,66.18167669483607,1.0737404325600857,0.0,0.0,0.0,-0.0,0.0,0.0,0.0,0.0,0.0,-0.0,0.0,0.0,0.031724924012157985,0.03192565020773486,0.03120892422040744,0.03192565020773486,0.06513731035807191,0.03192565020773486,0.008366800535475338,0.03192565020773486,0.07243364246882011,0.03192565020773486
PREFIX_STATIC_VOL,2024-07-27,False,-14.410450369727677,-0.3861076879161905,0.11352301633049719,-14.910081073974652,0.15535747489170787,0.15535747489170787,0.15535747489170787,0.0,0.0,0.0,0.0,0.0,-14.410450369727677,0.0,0.0,0.0,-0.0,0.0,0.0,1.0,1.0,-14.410450369727677,-0.3861076879161905,-15.20355166784659,0.7931012981189145,0.0,0.0,0.0,-0.0,0.0,0.0,0.0,0.0,0.0,-0.0,0.0,0.0,-0.0017190204382249163,0.031385001012252355,-0.009258749808956135,0.031385001012252355,0.0021362618150029267,0.031385001012252355,-0.013275804845668815,0.031385001012252355,-0.02311018339048765,0.031385001012252355
PREFIX_STATIC_VOL,2024-07-28,False,7.860718983326898,-0.3659135692183979,0.04361258858506226,7.4511928255251405,0.15732924474530616,0.15732924474530616,0.15732924474530616,0.0,0.0,0.0,0.0,0.0,7.860718983326898,0.0,0.0,0.0,-0.0,0.0,0.0,1.0,1.0,7.860718983326898,-0.3659135692183979,7.774430845090032,0.08628813823686354,0.0,0.0,0.0,-0.0,0.0,0.0,0.0,0.0,0.0,-0.0,0.0,0.0,0.0070074427334485545,0.03178355043465353,0.00869119865729151,0.03178355043465353,0.007948926240724852,0.03178355043465353,0.009754456777665732,0.03178355043465353,-0.009004884004883862,0.03178355043465353
PREFIX_STATIC_VOL,2024-07-29,False,-7.59326265951525,-0.4274823980351302,0.031209140896685295,-8.051954198446765,0.160237079259804,0.160237079259804,0.160237079259804,0.0,0.0,0.0,0.0,0.0,-7.59326265951525,0.0,0.0,0.0,-0.0,0.0,0.0,1.0,1.0,-7.59326265951525,-0.4274823980351302,-7.446706683375885,-0.14655597613936508,0.0,0.0,0.0,-0.0,0.0,0.0,0.0,0.0,0.0,-0.0,0.0,0.0,-0.021066528733678425,0.03237102853203158,0.01511295719677741,0.03237102853203158,-0.01068266271453222,0.03237102853203158,0.0028314457028646434,0.03237102853203158,-0.009317726782689162,0.03237102853203158
PREFIX_STATIC_VOL,2024-07-30,False,-7.92856375926954,-0.3421261142281831,0.025067638268103633,-8.29575751176526,0.15996675868334928,0.15996675868334928,0.15996675868334928,0.0,0.0,0.0,0.0,0.0,-7.92856375926954,0.0,0.0,0.0,-0.0,0.0,0.0,1.0,1.0,-7.92856375926954,-0.3421261142281831,-7.75991829294339,-0.1686454663261495,0.0,0.0,0.0,-0.0,0.0,0.0,0.0,0.0,0.0,-0.0,0.0,0.0,-0.009332714644952667,0.03231643778728913,-0.01210983521102571,0.03231643778728913,-0.02019638717578609,0.03231643778728913,0.04168742733765152,0.03231643778728913,-0.02425184609405351,0.03231643778728913
PREFIX_STATIC_VOL,2024-07-31,False,-37.16113144787285,-0.4000676661231785,0.05356153706833238,-37.61476065106399,0.1608185381552728,0.1608185381552728,0.1608185381552728,0.0,0.0,0.0,0.0,0.0,-37.16113144787285,0.0,0.0,0.0,-0.0,0.0,0.0,1.0,1.0,-37.16113144787285,-0.4000676661231785,-36.41623654818395,-0.7448948996888944,0.0,0.0,0.0,-0.0,0.0,0.0,0.0,0.0,0.0,-0.0,0.0,0.0,-0.023748762927875866,0.03248842347793126,-0.014634295125968366,0.03248842347793126,-0.04156576083923891,0.03248842347793126,-0.004145408163265252,0.03248842347793126,-0.028837728033139443,0.03248842347793126
PREFIX_STATIC_VOL,2024-08-01,False,-30.21272884590244,-0.2378745199824932,0.02688167108323493,-30.477485036968574,0.15901107769772482,0.15901107769772482,0.15901107769772482,0.0,0.0,0.0,0.0,0.0,-30.21272884590244,0.0,0.0,0.0,-0.0,0.0,0.0,1.0,1.0,-30.21272884590244,-0.2378745199824932,-30.083959401243284,-0.12876944465915807,0.0,0.0,0.0,-0.0,0.0,0.0,0.0,0.0,0.0,-0.0,0.0,0.0,0.011797990178401552,0.03212336532307897,-0.008642303954039754,0.03212336532307897,-0.025343355010741697,0.03212336532307897,-0.04739032981107916,0.03212336532307897,-0.023623984906898543,0.03212336532307897
PREFIX_STATIC_VOL,2024-08-02,False,-105.30032201663057,-0.37900413908579345,0.04027312802870006,-105.71959928374417,0.15817038375393597,0.15817038375393597,0.15817038375393597,0.0,0.0,0.0,0.0,0.0,-105.30032201663057,0.0,0.0,0.0,-0.0,0.0,0.0,1.0,1.0,-105.30032201663057,-0.37900413908579345,-104.19626405470109,-1.1040579619294786,0.0,0.0,0.0,-0.0,0.0,0.0,0.0,0.0,0.0,-0.0,0.0,0.0,-0.05883594646271517,0.03195348625231144,-0.06728697661348237,0.03195348625231144,-0.08395656121571238,0.03195348625231144,-0.05563025210084038,0.03195348625231144,-0.06183315130639333,0.03195348625231144
PREFIX_STATIC_VOL,2024-08-03,False,-50.295895877926334,-0.1657512843597811,0.04947408330696297,-50.51112124559222,0.1530056120713162,0.1530056120713162,0.1530056120713162,0.0,0.0,0.0,0.0,0.0,-50.295895877926334,0.0,0.0,0.0,-0.0,0.0,0.0,1.0,1.0,-50.295895877926334,-0.1657512843597811,-48.769146794286556,-1.5267490836397684,0.0,0.0,0.0,-0.0,0.0,0.0,0.0,0.0,0.0,-0.0,0.0,0.0,-0.014321795067659515,0.03091007260144577,-0.029281601499732135,0.03091007260144577,-0.07191251556865541,0.03091007260144577,-0.013347570742124892,0.03091007260144577,-0.034566132354258094,0.03091007260144577
PREFIX_STATIC_VOL,2024-08-04,False,-77.59813446733486,-0.20293717340342893,0.2683068359222435,-78.06937847666086,0.16861068484083594,0.16861068484083594,0.16861068484083594,0.0,0.0,0.0,0.0,0.0,-77.59813446733486,0.0,0.0,0.0,-0.0,0.0,0.0,1.0,1.0,-77.59813446733486,-0.20293717340342893,-68.76353234398745,-8.834602123347421,0.0,0.0,0.0,-0.0,0.0,0.0,0.0,0.0,0.0,-0.0,0.0,0.0,-0.040585416687277664,0.03406185127572911,-0.0717377135112579,0.03406185127572911,-0.025631477252766488,0.03406185127572911,-0.0553751803751803,0.03406185127572911,-0.03663853074853918,0.03406185127572911
PREFIX_STATIC_VOL,2024-08-05,False,-127.73713460268212,-0.014067712884341756,0.034929251249121204,-127.78613156681604,0.16102277405131638,0.16102277405131638,0.16102277405131638,0.0,0.0,0.0,0.0,0.0,-127.73713460268212,0.0,0.0,0.0,-0.0,0.0,0.0,1.0,1.0,-127.73713460268212,-0.014067712884341756,-128.37925928563453,0.6421246829524366,0.0,0.0,0.0,-0.0,0.0,0.0,0.0,0.0,0.0,-0.0,0.0,0.0,-0.07199154435774935,0.03252973889966391,-0.101582265548666,0.03252973889966391,-0.06513697296595677,0.03252973889966391,-0.06797784991407307,0.03252973889966391,-0.09281725399576346,0.03252973889966391
PREFIX_STATIC_VOL,2024-08-06,False,67.3789587161684,0.0670651028317393,0.03513762961778265,67.41088618938193,0.1527435252998807,0.1527435252998807,0.1527435252998807,0.0,0.0,0.0,0.0,0.0,67.3789587161684,0.0,0.0,0.0,-0.0,0.0,0.0,1.0,1.0,67.3789587161684,0.0670651028317393,66.7556795404136,0.6232791757548057,0.0,0.0,0.0,-0.0,0.0,0.0,0.0,0.0,0.0,-0.0,0.0,0.0,0.037976113532022904,0.030857167207100016,0.017644772317514823,0.030857167207100016,0.11120452932646319,0.030857167207100016,0.03646793689817662,0.030857167207100016,0.021757588622373092,0.030857167207100016
PREFIX_STATIC_VOL,2024-08-07,False,33.403172352439384,0.01276410010638901,0.0453322557241576,33.37060419682166,0.1568687403727995,0.1568687403727995,0.1568687403727995,0.0,0.0,0.0,0.0,0.0,33.403172352439384,0.0,0.0,0.0,-0.0,0.0,0.0,1.0,1.0,33.403172352439384,0.01276410010638901,33.845015824140646,-0.4418434717012647,0.0,0.0,0.0,-0.0,0.0,0.0,0.0,0.0,0.0,-0.0,0.0,0.0,-0.017608215858991416,0.031690509038202315,-0.050037587110668635,0.031690509038202315,0.002075509679927201,0.031690509038202315,0.18343546155366663,0.031690509038202315,-0.009971953879713169,0.031690509038202315
PREFIX_STATIC_VOL,2024-08-08,False,170.62235822041401,-0.14239754414427247,0.12402584422420632,170.35593483204502,0.15831029518592088,0.15831029518592088,0.15831029518592088,0.0,0.0,0.0,0.0,0.0,170.62235822041401,0.0,0.0,0.0,-0.0,0.0,0.0,1.0,1.0,170.62235822041401,-0.14239754414427247,167.0150484430929,3.607309777321118,0.0,0.0,0.0,-0.0,0.0,0.0,0.0,0.0,0.0,-0.0,0.0,0.0,0.11878505216052071,0.03198147720624367,0.1455978030721059,0.03198147720624367,0.12646855084510933,0.03198147720624367,0.03023216970101883,0.03198147720624367,0.12317700136397014,0.03198147720624367
PREFIX_STATIC_VOL,2024-08-09,False,-49.22784257003884,-0.048281401318793986,0.5004454849917478,-49.776569456349534,0.13576007636674298,0.13576007636674298,0.13576007636674298,0.0,0.0,0.0,0.0,0.0,-49.22784257003884,0.0,0.0,0.0,-0.0,0.0,0.0,1.0,1.0,-49.22784257003884,-0.048281401318793986,-61.827324036854904,12.599481466816064,0.0,0.0,0.0,-0.0,0.0,0.0,0.0,0.0,0.0,-0.0,0.0,0.0,-0.01361012447809451,0.02742491529289682,-0.03130099059439395,0.02742491529289682,-0.04179144861853312,0.02742491529289682,-0.061932555123216604,0.02742491529289682,-0.031387202241943024,0.02742491529289682
PREFIX_STATIC_VOL,2024-08-10,False,4.162491558121497,-0.02580494073523729,0.03148890260326094,4.105197714783571,0.13335720133106715,0.13335720133106715,0.13335720133106715,0.0,0.0,0.0,0.0,0.0,4.162491558121497,0.0,0.0,0.0,-0.0,0.0,0.0,1.0,1.0,4.162491558121497,-0.02580494073523729,4.100036603304444,0.062454954817053196,0.0,0.0,0.0,-0.0,0.0,0.0,0.0,0.0,0.0,-0.0,0.0,0.0,0.002220108355770245,0.026940764105782854,0.004899088792611694,0.026940764105782854,-0.013380738154677552,0.026940764105782854,0.008814379536812966,0.026940764105782854,0.01301957758703809,0.026940764105782854
PREFIX_STATIC_VOL,2024-08-11,False,-61.62285171122221,-0.05006514606199969,0.013413299924562888,-61.68633015721025,0.13353166397877456,0.13353166397877456,0.13353166397877456,0.0,0.0,0.0,0.0,0.0,-61.62285171122221,0.0,0.0,0.0,-0.0,0.0,0.0,1.0,1.0,-61.62285171122221,-0.05006514606199969,-61.55660924065905,-0.06624247056315946,0.0,0.0,0.0,-0.0,0.0,0.0,0.0,0.0,0.0,-0.0,0.0,0.0,-0.036021064834960925,0.026976057643277374,-0.019665755043017596,0.026976057643277374,-0.07856325128792219,0.026976057643277374,-0.05362343669693337,0.026976057643277374,-0.0422696115765423,0.026976057643277374
PREFIX_STATIC_VOL,2024-08-12,False,52.41863029535466,-0.19169796747644757,0.039439522354441425,52.187492805524016,0.1306980739753566,0.1306980739753566,0.1306980739753566,0.0,0.0,0.0,0.0,0.0,52.41863029535466,0.0,0.0,0.0,-0.0,0.0,0.0,1.0,1.0,52.41863029535466,-0.19169796747644757,51.643758835087176,0.7748714602674884,0.0,0.0,0.0,-0.0,0.0,0.0,0.0,0.0,0.0,-0.0,0.0,0.0,0.010152612849869014,0.026403546801049848,0.06420298927928614,0.026403546801049848,0.02988888732016548,0.026403546801049848,0.02643012309920345,0.026403546801049848,0.07057654075546727,0.026403546801049848
PREFIX_STATIC_VOL,2024-08-13,False,5.868069104101394,-0.027508239100093083,0.06330434363329676,5.777256521367235,0.13056764408865754,0.13056764408865754,0.13056764408865754,0.0,0.0,0.0,0.0,0.0,5.868069104101394,0.0,0.0,0.0,-0.0,0.0,0.0,1.0,1.0,5.868069104101394,-0.027508239100093083,5.702830727352314,0.16523837674908154,0.0,0.0,0.0,-0.0,0.0,0.0,0.0,0.0,0.0,-0.0,0.0,0.0,0.020922393048241172,0.0263771351323268,-0.006676740603480225,0.0263771351323268,0.003968689167329398,0.0263771351323268,0.01675485008818356,0.0263771351323268,-0.012534818941504211,0.0263771351323268
PREFIX_STATIC_VOL,2024-08-14,False,-30.585541396499767,-0.01636765194757449,0.020565293417965508,-30.62247434186611,0.13118582136910725,0.13118582136910725,0.13118582136910725,0.0,0.0,0.0,0.0,0.0,-30.585541396499767,0.0,0.0,0.0,-0.0,0.0,0.0,1.0,1.0,-30.585541396499767,-0.01636765194757449,-30.518936778998576,-0.06660461750119108,0.0,0.0,0.0,-0.0,0.0,0.0,0.0,0.0,0.0,-0.0,0.0,0.0,-0.029735318991490067,0.026502131754106137,-0.015075525681692903,0.026502131754106137,-0.019211994183148784,0.026502131754106137,-0.014397224631396366,0.026502131754106137,-0.0378937470615891,0.026502131754106137
PREFIX_STATIC_VOL,2024-08-15,False,-28.6550535172324,-0.003431289564311828,0.12273317693881329,-28.781217983734678,0.13762413046763136,0.13762413046763136,0.13762413046763136,0.0,0.0,0.0,0.0,0.0,-28.6550535172324,0.0,0.0,0.0,-0.0,0.0,0.0,1.0,1.0,-28.6550535172324,-0.003431289564311828,-26.757003133681778,-1.8980503835506206,0.0,0.0,0.0,-0.0,0.0,0.0,0.0,0.0,0.0,-0.0,0.0,0.0,-0.021661338154530307,0.027802513123603403,-0.035546786922209805,0.027802513123603403,-0.009508760450239184,0.027802513123603403,-0.014607532558958303,0.027802513123603403,-0.022869429241594963,0.027802513123603403
PREFIX_STATIC_VOL,2024-08-16,False,4.088112706858585,-0.10052209857112349,0.03649589440020692,3.95109471388605,0.13785691984237103,0.13785691984237103,0.13785691984237103,0.0,0.0,0.0,0.0,0.0,4.088112706858585,0.0,0.0,0.0,-0.0,0.0,0.0,1.0,1.0,4.088112706858585,-0.10052209857112349,3.8953004908516267,0.19281221600695814,0.0,0.0,0.0,-0.0,0.0,0.0,0.0,0.0,0.0,-0.0,0.0,0.0,0.023846231481062574,0.027849780777622984,0.009098312428645672,0.027849780777622984,-0.02537757131512175,0.027849780777622984,0.0057153063046975205,0.027849780777622984,0.0016003200640128945,0.027849780777622984
PREFIX_STATIC_VOL,2024-08-17,False,19.73542360397272,-0.07660301800764795,0.02444830356467137,19.634372282400363,0.1377885337652935,0.1377885337652935,0.1377885337652935,0.0,0.0,0.0,0.0,0.0,19.73542360397272,0.0,0.0,0.0,-0.0,0.0,0.0,1.0,1.0,19.73542360397272,-0.07660301800764795,19.693129241437546,0.04229436253517645,0.0,0.0,0.0,-0.0,0.0,0.0,0.0,0.0,0.0,-0.0,0.0,0.0,0.010561094247653724,0.027835999146735735,0.009116674904238176,0.027835999146735735,0.022259878857802118,0.027835999146735735,0.005150062155922397,0.027835999146735735,0.024765328540043985,0.027835999146735735
PREFIX_STATIC_VOL,2024-08-18,False,-13.59371060291667,0.03425610207657195,0.026794459787663403,-13.586248960626108,0.13750576537649883,0.13750576537649883,0.13750576537649883,0.0,0.0,0.0,0.0,0.0,-13.59371060291667,0.0,0.0,0.0,-0.0,0.0,0.0,1.0,1.0,-13.59371060291667,0.03425610207657195,-13.826683940411666,0.2329733374949961,0.0,0.0,0.0,-0.0,0.0,0.0,0.0,0.0,0.0,-0.0,0.0,0.0,-0.01770433905146307,0.0277788679676278,-0.0012971756773820786,0.0277788679676278,0.0030895765587197754,0.0277788679676278,-0.0060070671378090745,0.0277788679676278,-0.027577470278698057,0.0277788679676278
PREFIX_STATIC_VOL,2024-08-19,False,32.84221536598797,-0.02711792779464272,0.05290149450385606,32.76219594368922,0.14025839047807453,0.14025839047807453,0.14025839047807453,0.0,0.0,0.0,0.0,0.0,32.84221536598797,0.0,0.0,0.0,-0.0,0.0,0.0,1.0,1.0,32.84221536598797,-0.02711792779464272,31.948464759382574,0.893750606605396,0.0,0.0,0.0,-0.0,0.0,0.0,0.0,0.0,0.0,-0.0,0.0,0.0,0.01708690523273626,0.02833487807600039,0.009563291672733065,0.02833487807600039,0.01355789177595712,0.02833487807600039,0.061855670103092786,0.02833487807600039,0.015332197614991383,0.02833487807600039
PREFIX_STATIC_VOL,2024-08-20,False,-8.79196003797883,-0.04958913014855876,0.029695540957199985,-8.871244709085659,0.1408820292556357,0.1408820292556357,0.1408820292556357,0.0,0.0,0.0,0.0,0.0,-8.79196003797883,0.0,0.0,0.0,-0.0,0.0,0.0,1.0,1.0,-8.79196003797883,-0.04958913014855876,-8.886807169784689,0.09484713180585914,0.0,0.0,0.0,-0.0,0.0,0.0,0.0,0.0,0.0,-0.0,0.0,0.0,-0.00635801856063356,0.028460931542792577,-0.02354133300948036,0.028460931542792577,-0.012412147114123862,0.028460931542792577,-0.005356545028456838,0.028460931542792577,0.016482431898934058,0.028460931542792577
PREFIX_STATIC_VOL,2024-08-21,False,29.584067453227725,-0.07350195928367548,0.039351935986966805,29.471213557957526,0.14285030839548934,0.14285030839548934,0.14285030839548934,0.0,0.0,0.0,0.0,0.0,29.584067453227725,0.0,0.0,0.0,-0.0,0.0,0.0,1.0,1.0,29.584067453227725,-0.07350195928367548,29.102577770854175,0.4814896823735475,0.0,0.0,0.0,-0.0,0.0,0.0,0.0,0.0,0.0,-0.0,0.0,0.0,0.0359137081636387,0.028858534560221392,0.02274078766843779,0.028858534560221392,0.0036882481874895845,0.028858534560221392,0.010265903736115689,0.028858534560221392,0.030973880959316524,0.028858534560221392
PREFIX_STATIC_VOL,2024-08-22,False,-8.059870505169394,-0.1253896707185635,0.049848791516330565,-8.235108967402994,0.14169718698275038,0.14169718698275038,0.14169718698275038,0.0,0.0,0.0,0.0,0.0,-8.059870505169394,0.0,0.0,0.0,-0.0,0.0,0.0,1.0,1.0,-8.059870505169394,-0.1253896707185635,-8.349578477213507,0.28970797204411264,0.0,0.0,0.0,-0.0,0.0,0.0,0.0,0.0,0.0,-0.0,0.0,0.0,-0.013155075841203678,0.02862555201851419,-0.0033708035965371863,0.02862555201851419,0.0021768193239961597,0.02862555201851419,-0.00516408462435447,0.02862555201851419,-0.008852891316632139,0.02862555201851419
PREFIX_STATIC_VOL,2024-08-23,False,80.16137534599284,-0.11449877347133358,0.017830475351659415,80.02904609717007,0.1423266455521551,0.1423266455521551,0.1423266455521551,0.0,0.0,0.0,0.0,0.0,80.16137534599284,0.0,0.0,0.0,-0.0,0.0,0.0,1.0,1.0,80.16137534599284,-0.11449877347133358,79.4173072496455,0.7440680963473417,0.0,0.0,0.0,-0.0,0.0,0.0,0.0,0.0,0.0,-0.0,0.0,0.0,0.06159776345597101,0.02875280651199873,0.053554746334674164,0.02875280651199873,0.07049168878334955,0.02875280651199873,0.02210314802411273,0.02875280651199873,0.07335613835043708,0.02875280651199873
PREFIX_STATIC_VOL,2024-08-24,False,12.355018508059862,-0.13379187403351067,0.17529361880545977,12.045933015220726,0.13627629111085107,0.13627629111085107,0.13627629111085107,0.0,0.0,0.0,0.0,0.0,12.355018508059862,0.0,0.0,0.0,-0.0,0.0,0.0,1.0,1.0,12.355018508059862,-0.13379187403351067,13.655964371152045,-1.3009458630921824,0.0,0.0,0.0,-0.0,0.0,0.0,0.0,0.0,0.0,-0.0,0.0,0.0,0.0005198243524440205,0.02753008595514354,0.0008541440463265548,0.02753008595514354,0.04568971704083569,0.02753008595514354,0.0027850589777194124,0.02753008595514354,-0.004957507082153034,0.02753008595514354
PREFIX_STATIC_VOL,2024-08-25,False,-15.33937704615043,0.02461200151624614,0.024252944492936326,-15.33901798912666,0.13696446891025515,0.13696446891025515,0.13696446891025515,0.0,0.0,0.0,0.0,0.0,-15.33937704615043,0.0,0.0,0.0,-0.0,0.0,0.0,1.0,1.0,-15.33937704615043,0.02461200151624614,-15.318877298605685,-0.020499747544744984,0.0,0.0,0.0,-0.0,0.0,0.0,0.0,0.0,0.0,-0.0,0.0,0.0,0.002054813756174445,0.02766952330294728,-0.007199785922990198,0.02766952330294728,-0.007225036811500218,0.02766952330294728,-0.01944126776670485,0.02766952330294728,-0.023576512455516063,0.02766952330294728
PREFIX_STATIC_VOL,2024-08-26,False,-34.0477747127891,-0.17347312451287236,0.05916536600716607,-34.280413203308854,0.13999359515734047,0.13999359515734047,0.13999359515734047,0.0,0.0,0.0,0.0,0.0,-34.0477747127891,0.0,0.0,0.0,-0.0,0.0,0.0,1.0,1.0,-34.0477747127891,-0.17347312451287236,-32.918891503445245,-1.1288832093438563,0.0,0.0,0.0,-0.0,0.0,0.0,0.0,0.0,0.0,-0.0,0.0,0.0,-0.02206458222719776,0.0282813686177494,-0.02382123149210502,0.0282813686177494,-0.011796276976834719,0.0282813686177494,-0.022325891369543438,0.0282813686177494,-0.040455580865603635,0.0282813686177494
PREFIX_STATIC_VOL,2024-08-27,False,-86.38532239210399,-0.07094252226618857,0.030048214550598116,-86.4863131289203,0.13929759195012964,0.13929759195012964,0.13929759195012964,0.0,0.0,0.0,0.0,0.0,-86.38532239210399,0.0,0.0,0.0,-0.0,0.0,0.0,1.0,1.0,-86.38532239210399,-0.07094252226618857,-85.01001614580514,-1.375306246298864,0.0,0.0,0.0,-0.0,0.0,0.0,0.0,0.0,0.0,-0.0,0.0,0.0,-0.05505349636988921,0.028140843616835835,-0.08425962202197723,0.028140843616835835,-0.06799117278572386,0.028140843616835835,-0.036809815950920144,0.028140843616835835,-0.06409647706770494,0.028140843616835835
PREFIX_STATIC_VOL,2024-08-28,False,5.512394748659517,-0.038827218356204674,0.03922730766344609,5.434340222640458,0.1343726167781336,0.1343726167781336,0.1343726167781336,0.0,0.0,0.0,0.0,0.0,5.512394748659517,0.0,0.0,0.0,-0.0,0.0,0.0,1.0,1.0,5.512394748659517,-0.038827218356204674,5.278235994880114,0.23415875377940468,0.0,0.0,0.0,-0.0,0.0,0.0,0.0,0.0,0.0,-0.0,0.0,0.0,-0.006080855666872109,0.02714587642381165,0.02989939818191445,0.02714587642381165,-0.018983282156260772,0.02714587642381165,0.00619249823071466,0.02714587642381165,0.009537337662337775,0.02714587642381165
PREFIX_STATIC_VOL,2024-08-29,False,-7.2455593671429375,0.07872967352973459,0.02568891817391574,-7.192518611787818,0.13425834106193543,0.13425834106193543,0.13425834106193543,0.0,0.0,0.0,0.0,0.0,-7.2455593671429375,0.0,0.0,0.0,-0.0,0.0,0.0,1.0,1.0,-7.2455593671429375,0.07872967352973459,-7.1300566076853045,-0.11550275945763386,0.0,0.0,0.0,-0.0,0.0,0.0,0.0,0.0,0.0,-0.0,0.0,0.0,0.005943450761409341,0.027122827365035365,-0.000280897765082444,0.027122827365035365,-0.026348005119359086,0.027122827365035365,-0.013187972569016937,0.027122827365035365,0.006834170854271404,0.027122827365035365
PREFIX_STATIC_VOL,2024-08-30,False,1.2873064385230255,-0.09828189498715559,0.01907811793679791,1.1699464255980274,0.1342613426930417,0.1342613426930417,0.1342613426930417,0.0,0.0,0.0,0.0,0.0,1.2873064385230255,0.0,0.0,0.0,-0.0,0.0,0.0,1.0,1.0,1.2873064385230255,-0.09828189498715559,1.3761808010236671,-0.0888743625006419,0.0,0.0,0.0,-0.0,0.0,0.0,0.0,0.0,0.0,-0.0,0.0,0.0,-0.004213016873975128,0.027123451683909006,-0.0006094423997783371,0.027123451683909006,-0.014466352336047872,0.027123451683909006,0.00962223806129714,0.027123451683909006,0.014473946895587897,0.027123451683909006
PREFIX_STATIC_VOL,2024-08-31,False,-8.820391942443825,-0.24009564013682638,0.016941253198786935,-9.077428835778846,0.13471203083050884,0.13471203083050884,0.13471203083050884,0.0,0.0,0.0,0.0,0.0,-8.820391942443825,0.0,0.0,0.0,-0.0,0.0,0.0,1.0,1.0,-8.820391942443825,-0.24009564013682638,-8.724699646119362,-0.09569229632446327,0.0,0.0,0.0,-0.0,0.0,0.0,0.0,0.0,0.0,-0.0,0.0,0.0,-0.002643429757031357,0.027214505455279626,-0.005516045237114797,0.027214505455279626,-0.020064513790728822,0.027214505455279626,-0.0010589481115426125,0.027214505455279626,-0.003542261143363201,0.027214505455279626
PREFIX_STATIC_VOL,2024-09-01,True,0.0,0.0,1.801283912122981,-1.8012839121238358,0.0,0.0,0.0,0.0,0.0,0.0,0.0,0.0,0.0,0.0,0.0,0.0,-0.0,0.0,0.0,1.0,1.0,0.0,-0.0,0.0,0.0,0.0,0.0,0.0,-0.0,0.0,0.0,0.0,0.0,0.0,-0.0,0.0,0.0,0.0,0.0,0.0,0.0,0.0,0.0,0.0,0.0,0.0,0.0
Static50,2024-07-01,False,0.31390019652433976,-0.01698643897732449,0.2168702387475548,0.08004351879935712,0.016062834581046202,0.00606256260878577,0.011062698594915986,0.005000135986130216,0.0,0.0,0.0,0.11239830705441747,0.2015018894699223,0.0,0.95,0.0,-0.0,0.0,0.0,0.5,0.025,0.006753519684848067,-0.017576151222344974,0.0,0.006753519684848067,0.5,0.025,0.30714667683949176,0.0005897122450204857,0.0,0.30714667683949176,0.0,0.0,0.0,-0.0,0.0,0.0,0.0024183873912482223,-0.0025252664384150035,0.0016756802359916279,0.004974733561584996,0.0012755015040002426,0.0012247335615849964,0.0021017234131988083,0.004974733561584996,-0.006914294902717444,-0.0025252664384150035
Static50,2024-07-02,False,2.2358592263508967,-0.034588502452826096,0.21686616457504096,1.9844045593235933,0.032134017280753414,0.012166865897159259,0.02215044158895633,0.009983575691797072,0.0,0.0,0.0,-0.08516690384750947,2.321026130198406,0.0,0.8999999999999999,0.0,-0.0,0.0,0.0,0.5,0.05,1.5141941197533395,-0.03424812883143549,0.7540320786003245,0.7601620411530149,0.5,0.05,0.7216651065975572,-0.0003403736213906036,0.3665466402007651,0.3551184663967921,0.0,0.0,0.0,-0.0,0.0,0.0,-0.012380623926231182,-0.00504210059775413,-0.0061919684476805514,0.00995789940224587,0.049095343197362196,0.0024578994022458694,0.017617449664429463,0.00995789940224587,0.014086787564766778,-0.00504210059775413
Static50,2024-07-03,False,-7.487586643633437,-0.05406988004613695,0.21341190276426136,-7.755068426446087,0.04817170598735928,0.018103777066435733,0.0331377415268975,0.01503396446046177,0.0,0.0,0.0,6.412041013841513,-13.899627657474948,0.0,0.8499999999999999,0.0,-0.0,0.0,0.0,0.5,0.07500000000000001,-8.82812134665634,-0.044178930532357816,-6.053972863065266,-2.7741484835910746,0.5,0.07500000000000001,1.3405347030229047,-0.009890949513779125,0.8901048602469328,0.45042984277597253,0.0,0.0,0.0,-0.0,0.0,0.0,-0.03051886086521327,-0.007592749335347599,-0.035740900390139774,0.014907250664652403,-0.08523859924806643,0.0036572506646524025,-0.03751030502885411,0.014907250664652403,-0.05476608653999682,-0.007592749335347599
Static50,2024-07-04,False,-15.040183039829808,-0.0625202940492761,0.23944565806888796,-15.342148991949216,0.06392237211758749,0.022604744832202664,0.043263558474895075,0.02065881364269241,0.0,0.0,0.0,16.886894946056174,-31.927077985885987,0.0,0.7999999999999998,0.0,-0.0,0.0,0.0,0.5,0.1,-17.96069967511269,-0.032890827373437494,-13.647078191958851,-4.31362148315384,0.5,0.1,2.9205166352828797,-0.029629466675838618,1.9189202069001148,1.0015964283827667,0.0,0.0,0.0,-0.0,0.0,0.0,-0.050911770857194116,-0.010433494290259367,-0.07109757391159399,0.019566505709740632,-0.0900295295153184,0.004566505709740633,-0.07280513918629561,0.019566505709740632,-0.11266891891891895,-0.010433494290259367
Static50,2024-07-05,False,-6.968996638994678,-0.06514705799671731,0.270422636035721,-7.304566333026742,0.07920192375404365,0.02474955789698402,0.05197574082551384,0.027226182928529817,0.0,0.0,0.0,1.4961013675459613,-8.46509800654064,0.0,0.7499999999999998,0.0,-0.0,0.0,0.0,0.5,0.125,-0.515207256025577,0.002596715553353092,-0.48395868353206706,-0.031248572493510124,0.5,0.125,-6.453789382969103,-0.0677437735500704,-4.772510512002934,-1.6812788709661692,0.0,0.0,0.0,-0.0,0.0,0.0,-0.010252159039633946,-0.013750224807624533,-0.02691715389434124,0.023749775192375464,0.04643779301521911,0.004999775192375466,-0.01893764434180134,0.023749775192375464,-0.0007614696363982265,-0.013750224807624533
Static50,2024-07-06,False,10.447009549318722,-0.03959536300539093,0.22638799281328756,10.181026193498838,0.09507624678851061,0.0298711194667641,0.06247368312763736,0.03260256366087326,0.0,0.0,0.0,-17.171467168910805,27.61847671822953,0.0,0.6999999999999997,0.0,-0.0,0.0,0.0,0.5,0.15,15.253498088876324,-0.03298910405108815,12.693042058766894,2.560456030109431,0.5,0.15,-4.806488539557606,-0.006606258954302769,-4.279537557980181,-0.526950981577424,0.0,0.0,0.0,-0.0,0.0,0.0,0.028196564885496045,-0.016465567414396226,0.027738846455610533,0.028534432585603772,0.06641271450509167,0.006034432585603773,0.05626177024482093,0.028534432585603772,0.07744332253762609,-0.016465567414396226
Static50,2024-07-07,False,-16.80053008294049,-0.035959185001321885,0.14715551267491583,-16.983644780617396,0.11038570277972949,0.03217085146596926,0.07127827712284937,0.039107425656880114,0.0,0.0,0.0,22.4906232583269,-39.29115334126739,0.0,0.6499999999999997,0.0,-0.0,0.0,0.0,0.5,0.175,-19.156285022367342,-0.06788152260643113,-18.772751011953922,-0.38353401041342094,0.5,0.175,2.355754939426852,0.03192233760510926,2.508381253278875,-0.1526263138520214,0.0,0.0,0.0,-0.0,0.0,0.0,-0.0394636667199425,-0.019750933900393817,-0.042186618121552,0.032749066099606185,-0.07689350249903881,0.006499066099606183,-0.06396255850234012,0.032749066099606185,-0.07576695252409171,-0.019750933900393817
Static50,2024-07-08,False,18.712590631141296,-0.0630888222744113,1.6327127295900068,17.01678907927635,0.12591837164668024,0.035494517148132246,0.08070644439740624,0.04521192724927399,0.0,0.0,0.0,-11.905107128101864,30.617697759243157,0.0,0.5999999999999996,0.0,-0.0,0.0,0.0,0.5,0.2,10.43773693976353,-0.05709598645375492,8.865816654060287,1.571920285703242,0.5,0.2,8.274853691377764,-0.005992835820656406,3.224119860196236,5.050733831181529,0.0,0.0,0.0,-0.0,0.0,0.0,0.013900170688156077,0.007169434641796419,0.027221821055356532,-0.022830565358203582,0.055817651736018936,0.037169434641796416,0.025000000000000133,0.037169434641796416,0.025636120145398955,-0.022830565358203582
Static50,2024-07-09,False,7.143473793141087,-0.10161979942897993,0.15424617660093798,6.887607817112439,0.1413912329933762,0.03869583859218982,0.09004353579278301,0.05134769720059319,0.0,0.0,0.0,-4.437128526975141,11.580602320116228,0.0,0.5499999999999997,0.0,-0.0,0.0,0.0,0.5,0.225,4.961597131423161,-0.054626831817167536,4.66894252516289,0.29265460626027173,0.5,0.225,2.1818766617179257,-0.04699296761181239,2.0917371817373875,0.09013947998053762,0.0,0.0,0.0,-0.0,0.0,0.0,0.02305698247521093,0.007817220331312295,0.01610186351880105,-0.025932779668687705,0.012938763214895399,0.0415672203313123,0.010917537746806039,0.0415672203313123,0.0012124603618728358,-0.025932779668687705
Static50,2024-07-10,False,0.15815780039964933,-0.12704209046235937,0.19149085649707046,-0.16037514656090934,0.15709743514961977,0.0429729412862157,0.10003518821791774,0.05706224693170204,0.0,0.0,0.0,-4.696667398457535,4.854825198857184,0.0,0.4999999999999997,0.0,-0.0,0.0,0.0,0.5,0.25,1.928340924379194,-0.08641703350143731,1.7496844183395315,0.1786565060396626,0.5,0.25,-1.7701831239795442,-0.04062505696092208,-1.608025440393512,-0.1621576835860327,0.0,0.0,0.0,-0.0,0.0,0.0,-0.005724891289161316,0.008681235852136725,0.010984349097364454,-0.028818764147863274,0.003894356723075809,0.04618123585213672,0.0078125,0.04618123585213672,0.005496040987424289,-0.028818764147863274
Static50,2024-07-11,False,-4.578180454935829,-0.07507417773165792,0.19873910476287796,-4.851993737429439,0.17279346085987177,0.04720105344064025,0.109997257150256,0.06279620370961575,0.0,0.0,0.0,3.1964433696163197,-7.774623824552149,0.0,0.44999999999999973,0.0,-0.0,0.0,0.0,0.5,0.275,-2.796014659838794,-0.10984736393253408,-2.5442166854077355,-0.25179797443105817,0.5,0.275,-1.7821657950970362,0.0347731862008762,-1.5875772152913097,-0.1945885798057279,0.0,0.0,0.0,-0.0,0.0,0.0,-0.0048991204482764505,0.009535376626442923,0.0011103866340436142,-0.03171462337355708,-0.038729016786570813,0.050785376626442925,0.02416780665754681,0.050785376626442925,-0.011302575504910095,-0.03171462337355708
Static50,2024-07-12,False,37.28710422658902,0.03482708403625273,0.2296773908486575,37.09225391977634,0.18881822144999397,0.053070609218601364,0.12094441533429766,0.0678738061156963,0.0,0.0,0.0,-6.076170885871475,43.3632751124605,0.0,0.39999999999999974,0.0,-0.0,0.0,0.0,0.5,0.30000000000000004,11.00120396814505,-0.07745596156739747,9.825389752240183,1.175814215904869,0.5,0.30000000000000004,26.285900258443966,0.11228304560365021,24.343584674511625,1.9423155839323445,0.0,0.0,0.0,-0.0,0.0,0.0,0.008851023176187134,0.010721088550099709,0.010156506935443232,-0.03427891144990029,0.021601156366251262,0.05572108855009972,0.0554318788958148,0.05572108855009972,0.00777736131934037,-0.03427891144990029
Static50,2024-07-13,False,58.17327070064608,-0.10414540210095458,0.15716766606404955,57.91195763248106,0.20466920040642278,0.05808086274203844,0.1313750315742306,0.07329416883219217,0.0,0.0,0.0,-20.87676275925786,79.05003345990394,0.0,0.34999999999999976,0.0,-0.0,0.0,0.0,0.5,0.32500000000000007,24.105097983562978,-0.15468975324763135,22.692052392157564,1.4130455914054112,0.5,0.32500000000000007,34.06817271708309,0.05054435114667685,33.95863683482444,0.10953588225864719,0.0,0.0,0.0,-0.0,0.0,0.0,0.02294347682582676,0.011733323595449919,0.013520759920331082,-0.037016676404550086,0.019930619896145307,0.06048332359544993,0.10736131617802158,0.06048332359544993,0.043328684332868406,-0.037016676404550086
Static50,2024-07-14,False,4.453299890759482,-0.058039092565779785,0.1381421753228718,4.257118622870621,0.22014714117486067,0.06122145800924776,0.14068429959205422,0.07946284158280646,0.0,0.0,0.0,-18.99248191665835,23.44578180741783,0.0,0.29999999999999977,0.0,-0.0,0.0,0.0,0.5,0.3500000000000001,12.949073325130295,-0.11788329546878643,12.452270490600883,0.49680283452941043,0.5,0.3500000000000001,-8.495773434370815,0.059844202903006696,-8.51927662719736,0.023503192826543007,0.0,0.0,0.0,-0.0,0.0,0.0,0.026290627745118034,0.0123678017962203,0.02131753650025825,-0.04013219820377971,0.03806827784350153,0.06486780179622031,-0.006857142857142895,0.06486780179622031,0.026111754745566262,-0.04013219820377971
Static50,2024-07-15,False,15.197792668755362,-0.002138768179778733,0.15714749404719605,15.03850640653036,0.23580727436233168,0.06526901333534524,0.15053814384883846,0.08526913051349322,0.0,0.0,0.0,-69.33764954940115,84.5354422181565,0.0,0.24999999999999978,0.0,-0.0,0.0,0.0,0.5,0.3750000000000001,44.20641657983309,-0.06980295461081441,42.48729416748233,1.719122412350761,0.5,0.3750000000000001,-29.00862391107773,0.06766418643103571,-27.581951312673063,-1.4266725984046735,0.0,0.0,0.0,-0.0,0.0,0.0,0.06493581312970864,0.013185453756288197,0.07461894967946447,-0.04306454624371182,0.08048082271697399,0.0694354537562882,0.029152282316839306,0.0694354537562882,0.08667708876150781,-0.04306454624371182
Static50,2024-07-16,False,70.90109063368847,-0.19728702288745015,0.07325674105619531,70.63054686974465,0.25054249625854075,0.0647038628343603,0.15762317954645053,0.09291931671209022,0.0,0.0,0.0,7.473454988436288,63.42763564525218,0.0,0.1999999999999998,0.0,-0.0,0.0,0.0,0.5,0.40000000000000013,9.706282389690369,-0.1365640139986358,10.031455718334183,-0.3251733286438153,0.5,0.40000000000000013,61.194808243998104,-0.060723008888814406,59.605194489163125,1.5896137548349798,0.0,0.0,0.0,-0.0,0.0,0.0,0.00411609139794078,0.013071392613631102,-0.012413199426111965,-0.04692860738636892,0.0076344504576904,0.07307139261363112,0.07845695117405893,0.07307139261363112,-0.0035166240409207905,-0.04692860738636892
Static50,2024-07-17,False,56.68749565277241,-0.1331677341284508,0.11485981291208783,56.439468105731066,0.2475830658710987,0.06863187944998449,0.1581074726605416,0.0894755932105571,0.0,0.0,0.0,16.456337626289546,40.231158026482866,0.0,0.14999999999999977,0.0,-0.0,0.0,0.0,0.5,0.42500000000000016,1.140603146771955,-0.13278239945256104,1.9500242697697745,-0.8094211229978174,0.5,0.42500000000000016,55.546892506000454,-0.00038533467588972026,59.81399887571415,-4.267106369713692,0.0,0.0,0.0,-0.0,0.0,0.0,-0.012914924665505034,0.013864869539845115,-0.014919778949019968,-0.045189183102900814,-0.0289668149588147,0.07291892218259105,0.086227751857612,0.07291892218259105,-0.021254411292909836,-0.045189183102900814
Static50,2024-07-18,False,-51.822825876726654,-0.25493045110057444,0.17941475847002505,-52.2571710862976,0.25519972628512627,0.0734166598732698,0.164308193079198,0.0908915332059282,0.0,0.0,0.0,4.3314873492039,-56.15431322593055,0.0,0.09999999999999976,0.0,-0.0,0.0,0.0,0.5,0.4500000000000001,-12.696684915998333,-0.14693961875087092,-12.9895525957598,0.2928676797614668,0.5,0.4500000000000001,-39.12614096072832,-0.10799083234970355,-43.216494731931036,4.090353771202708,0.0,0.0,0.0,-0.0,0.0,0.0,-0.0022861741047897066,0.014831388216224834,0.010591701839611556,-0.04590400928317841,0.02169463248740744,0.07556678571562807,-0.09465478841870822,0.07556678571562807,-0.019913136114070307,-0.04590400928317841
Static50,2024-07-19,False,27.486667730338908,-0.10852971155346586,0.15749893807587434,27.22063908070959,0.2567795945090396,0.07842657456819765,0.1676030845386186,0.08917650997042095,0.0,0.0,0.0,-32.72802563659196,60.21469336693087,0.0,0.04999999999999975,0.0,-0.0,0.0,0.0,0.5,0.47500000000000014,29.31435624927362,-0.16796846359292253,27.570573850071703,1.7437823992019168,0.5,0.47500000000000014,-1.8276885189347105,0.05943875203945659,-0.9024861217939808,-0.9252023971407246,0.0,0.0,0.0,-0.0,0.0,0.0,0.04238957141517408,0.015843507140923547,0.02257245425094112,-0.04503794409924186,0.0628477761169659,0.07672495838108895,0.006325777543489508,0.07672495838108895,0.04958193979933112,-0.04503794409924186
Static50,2024-07-20,False,18.374205815768917,-0.08811281470582152,0.13453921550319803,18.151553785559372,0.2747492840530586,0.08096512134142338,0.177857202697241,0.09689208135581763,0.0,0.0,0.0,-36.14797851709971,54.52218433286863,0.0,0.0,0.0,-0.0,0.0,0.0,0.5,0.5,23.91444395922681,-0.15424624006956733,24.02176277428816,-0.10731881506135227,0.5,0.5,-5.540238143457884,0.0661334253637458,-6.104451944828256,0.5642138013703719,0.0,0.0,0.0,-0.0,0.0,0.0,0.0068870895186685654,0.016356374426417193,0.004324074391204524,-0.04893474916586745,0.027382366323353002,0.08164749801870183,0.03736685873930501,0.08164749801870183,0.06882816856528318,-0.04893474916586745
Static50,2024-07-21,False,33.91221286886369,-0.20702900829240498,0.09761667535143094,33.60756718521952,0.27760109992804455,0.08023603387872777,0.17891856690338617,0.0986825330246584,0.0,0.0,0.0,-25.771990101166445,59.68420297003013,0.0,0.0,0.0,-0.0,0.0,0.0,0.5,0.5,22.215081127721035,-0.17525648814206984,23.248459267830185,-1.0333781401091546,0.5,0.5,11.697131741142663,-0.03177252015033519,10.708559153119559,0.9885725880230971,0.0,0.0,0.0,-0.0,0.0,0.0,0.01573955350241918,0.016209144923092587,0.004683428110231036,-0.04983918701640341,0.06138600194401467,0.08225747686258858,0.007237838747685688,0.08225747686258858,0.046433628978161945,-0.04983918701640341
Static50,2024-07-22,False,-0.7792538312982469,-0.32191692085470514,2.2720205674655505,-3.3731913196188543,0.2258445782568639,0.07963971261249347,0.1527421454346787,0.07310243282218523,0.0,0.0,0.0,14.027416457175145,-14.806670288473391,0.0,0.0,0.0,-0.0,0.0,0.0,0.5,0.5,-11.78150471898278,-0.18518018412953222,-12.306438471512498,0.5249337525297173,0.5,0.5,11.002250887684534,-0.13673673672517286,18.277133792080285,-7.274882904395751,0.0,0.0,0.0,-0.0,0.0,0.0,-0.010010820130721299,-0.03691223828920859,-0.027432133896420963,-0.03691223828920859,-0.030524547523572032,0.06908276871614465,0.013536096256684393,0.06908276871614465,-0.017735042735042672,0.016085265213468026
Static50,2024-07-23,False,-38.600170084991085,-0.23003766813261053,0.07091191553396863,-38.901119668658794,0.22655278737923326,0.07925325295755534,0.1529030201683943,0.07364976721083896,0.0,0.0,0.0,4.757500626547587,-43.357670711538674,0.0,0.0,0.0,-0.0,0.0,0.0,0.5,0.5,-19.166356896001098,-0.20306043734493248,-18.98119945989615,-0.185157436104947,0.5,0.5,-19.433813188989994,-0.026977230787678025,-18.90138508885417,-0.5324281001358249,0.0,0.0,0.0,-0.0,0.0,0.0,-0.02404203579796038,-0.03719659475171275,0.011435917272830443,-0.03719659475171275,-0.032776805826490896,0.06921788953275933,-0.015828524319868142,0.06921788953275933,-0.05677615836415051,0.016010647390523287
Static50,2024-07-24,False,58.435965160574725,-0.19302062428127528,0.04617083757079219,58.19677369872261,0.22323406676856944,0.07906203690257199,0.15114805183557073,0.07208601493299874,0.0,0.0,0.0,17.60921038381202,40.826754776762705,0.0,0.0,0.0,-0.0,0.0,0.0,0.5,0.5,-0.10618469083380999,-0.21254793537456163,-0.25272121621766397,0.1465365253838529,0.5,0.5,58.54214985140855,0.019527311093286343,59.04860359396018,-0.5064537425516252,0.0,0.0,0.0,-0.0,0.0,0.0,-0.0072048558421852205,-0.036406913604908976,-0.04064860637046708,-0.036406913604908976,0.029218171206000676,0.06835102647745916,0.03350644999162333,0.06835102647745916,-0.015528905289052819,0.015972056436275098
Static50,2024-07-25,False,-33.611012822740626,-0.15820996695977618,0.12296151403400761,-33.89218430373512,0.2162224079468093,0.07955148560324714,0.14788694677502823,0.06833546117178109,0.0,0.0,0.0,15.210372922119813,-48.821385744860436,0.0,0.0,0.0,-0.0,0.0,0.0,0.5,0.5,-21.738874655370275,-0.1581971199028114,-21.444124387581784,-0.2947502677884905,0.5,0.5,-11.872138167370348,-1.2847056964734871e-05,-14.357239876824185,2.485101709453837,0.0,0.0,0.0,-0.0,0.0,0.0,0.0057286794690731835,-0.03451244586935708,-0.04908505058074186,-0.03451244586935708,-0.035160219877708454,0.06665407533821924,-0.03128545955584372,0.06665407533821924,-0.023270342027174817,0.016070814734431074
Static50,2024-07-26,False,39.15371324383122,-0.052508372199926476,0.06950174084813539,39.03170313078226,0.21449575650916622,0.07901652089233878,0.14675613870075252,0.06773961780841374,0.0,0.0,0.0,-21.813943533592518,60.967656777423734,0.0,0.0,0.0,-0.0,0.0,0.0,0.5,0.5,33.78037341514826,-0.12853042155459526,33.20871463515939,0.5716587799888709,0.5,0.5,5.373339828682964,0.07602204935466877,4.81708106485161,0.5562587638313541,0.0,0.0,0.0,-0.0,0.0,0.0,0.031724924012157985,-0.03421169584117229,0.03120892422040744,-0.03421169584117229,0.06513731035807191,0.06613734604890714,0.008366800535475338,0.06613734604890714,0.07243364246882011,0.01596282510386743
Static50,2024-07-27,False,-7.300637828506314,-0.23109548935282492,0.10473653961628195,-7.636469857476186,0.21418602261687011,0.07767866947155591,0.14593234604421298,0.06825367657265707,0.0,0.0,0.0,3.8485674205317295,-11.149205249038044,0.0,0.0,0.0,-0.0,0.0,0.0,0.5,0.5,-7.218105599473487,-0.1933989564963391,-7.636286778260917,0.4181811787874291,0.5,0.5,-0.08253222903282609,-0.03769653285648583,0.10664719960543412,-0.18917942863826132,0.0,0.0,0.0,-0.0,0.0,0.0,-0.0017190204382249163,-0.03447120237279534,-0.009258749808956135,-0.03447120237279534,0.0021362618150029267,0.06585620338504769,-0.013275804845668815,0.06585620338504769,-0.02311018339048765,0.015692500506126177
Static50,2024-07-28,False,4.979055139699649,-0.18122672159874853,0.06619770384266277,4.731630714257335,0.2176598404144394,0.07866479461186553,0.14816231751315245,0.06949752290128693,0.0,0.0,0.0,-5.5997543492401,10.578809488939749,0.0,0.0,0.0,-0.0,0.0,0.0,0.5,0.5,3.94018770537593,-0.18341428433234175,3.8941643998545086,0.04602330552142064,0.5,0.5,1.0388674343237145,0.0021875627335932457,1.0125622263190586,0.026305208004657743,0.0,0.0,0.0,-0.0,0.0,0.0,0.0070074427334485545,-0.03509953269304288,0.00869119865729151,-0.03509953269304288,0.007948926240724852,0.06688308312769642,0.009754456777665732,0.06688308312769642,-0.009004884004883862,0.015891775217326765
Static50,2024-07-29,False,-4.802367882418022,-0.2440081945625247,0.0218148009362574,-5.068190877917004,0.22070704832619756,0.08011846579867696,0.15041275706243729,0.07029429126376033,0.0,0.0,0.0,2.1490040226385796,-6.951371905056601,0.0,0.0,0.0,-0.0,0.0,0.0,0.5,0.5,-3.80511062324472,-0.21421856281703344,-3.7326639180987797,-0.07244670514593993,0.5,0.5,-0.9972572591733024,-0.029789631745491263,-1.004628350492831,0.007371091319529622,0.0,0.0,0.0,-0.0,0.0,0.0,-0.021066528733678425,-0.03550209189377194,0.01511295719677741,-0.03550209189377194,-0.01068266271453222,0.06787312042580351,0.0028314457028646434,0.06787312042580351,-0.009317726782689162,0.01618551426601579
Static50,2024-07-30,False,18.57691977702116,-0.2105837250546474,0.031807360533504185,18.334528691431842,0.22067790229161222,0.07998343136361152,0.15033066682761187,0.07034723546400035,0.0,0.0,0.0,7.741912541674099,10.83500723534706,0.0,0.0,0.0,-0.0,0.0,0.0,0.5,0.5,-3.9742977923169702,-0.17149525459530673,-3.888624542045665,-0.08567325027130576,0.5,0.5,22.551217569338128,-0.03908847045934076,22.730879434655982,-0.17966186531784825,0.0,0.0,0.0,-0.0,0.0,0.0,-0.009332714644952667,-0.03552879670861461,-0.01210983521102571,-0.03552879670861461,-0.02019638717578609,0.06784523449590374,0.04168742733765152,0.06784523449590374,-0.02425184609405351,0.016158218893644567
Static50,2024-07-31,False,-22.514261122170353,-0.23933297462566944,0.06786432908630505,-22.821458425883975,0.21982551145074225,0.08040937876880841,0.15011744510977534,0.06970806634096693,0.0,0.0,0.0,13.756910160069705,-36.271171282240054,0.0,0.0,0.0,-0.0,0.0,0.0,0.5,0.5,-18.67591279241498,-0.20106031631631496,-18.254121794597758,-0.42179099781722096,0.5,0.5,-3.8383483297553758,-0.0382726583093545,-3.708481863289853,-0.12986646646552358,0.0,0.0,0.0,-0.0,0.0,0.0,-0.023748762927875866,-0.03520586176931703,-0.014634295125968366,-0.03520586176931703,-0.04156576083923891,0.06769428524724828,-0.004145408163265252,0.06769428524724828,-0.028837728033139443,0.01624421173896563
Static50,2024-08-01,False,-54.750141165968735,0.032288915174058706,0.055513053184503634,-54.77336530397952,0.21904152616087416,0.07950575933206347,0.14927364274646884,0.06976788341440537,0.0,0.0,0.0,-1.12949230918273,-53.620648856786,0.0,0.0,0.0,-0.0,0.0,0.0,0.5,0.5,-15.206093355443258,-0.11972245791447646,-15.119168344384011,-0.08692501105924458,0.5,0.5,-39.54404781052548,0.15201137308853513,-39.014475488007164,-0.5295723225183091,0.0,0.0,0.0,-0.0,0.0,0.0,0.011797990178401552,-0.03523611411247619,-0.008642303954039754,-0.03523611411247619,-0.025343355010741697,0.06735947943555515,-0.04739032981107916,0.06735947943555515,-0.023623984906898543,0.016061682661539484
Static50,2024-08-02,False,-59.76079084139258,-0.2181607887959501,0.06226120473049071,-60.04121283491804,0.21632685202375065,0.07908536094630453,0.14770610648502758,0.06862074553872305,0.0,0.0,0.0,44.1629901825427,-103.92378102393528,0.0,0.0,0.0,-0.0,0.0,0.0,0.5,0.5,-52.8729177271765,-0.1903038307990896,-52.44207256436175,-0.43084516281474616,0.5,0.5,-6.887873114216074,-0.027856957996860526,-4.474565103544219,-2.413308010671864,0.0,0.0,0.0,-0.0,0.0,0.0,-0.05883594646271517,-0.03465673076151976,-0.06728697661348237,-0.03465673076151976,-0.08395656121571238,0.0666102170138312,-0.05563025210084038,0.0666102170138312,-0.06183315130639333,0.01597674312615572
Static50,2024-08-03,False,-47.06179753559002,0.0763824009093214,0.24100614779143292,-47.226421282472074,0.22060998953909094,0.07650424702178542,0.1485571182804382,0.07205287125865277,0.0,0.0,0.0,15.937140602046437,-62.99893813763645,0.0,0.0,0.0,-0.0,0.0,0.0,0.5,0.5,-25.369685657471706,-0.08360638394305553,-24.487741696285237,-0.8819439611864719,0.5,0.5,-21.692111878118304,0.15998878485237694,-19.281260224541526,-2.4108516535767768,0.0,0.0,0.0,-0.0,0.0,0.0,-0.014321795067659515,-0.036389474578995835,-0.029281601499732135,-0.036389474578995835,-0.07191251556865541,0.06729954718044161,-0.013347570742124892,0.06729954718044161,-0.034566132354258094,0.015455036300722884
Static50,2024-08-04,False,-22.840699952719596,-0.07019697189100513,0.1650548431344552,-23.07595176774521,0.22322148952054452,0.0843044598338104,0.15376297467717745,0.06945851484336706,0.0,0.0,0.0,39.392215218400914,-62.23291517112051,0.0,0.0,0.0,-0.0,0.0,0.0,0.5,0.5,-39.15563436945765,-0.10240109271055779,-34.68492149933,-4.470712870127646,0.5,0.5,16.31493441673806,0.032204120819552685,16.25578029009517,0.0591541266428931,0.0,0.0,0.0,-0.0,0.0,0.0,-0.040585416687277664,-0.035079484630642144,-0.0717377135112579,-0.035079484630642144,-0.025631477252766488,0.06914133590637125,-0.0553751803751803,0.06914133590637125,-0.03663853074853918,0.017030925637864555
Static50,2024-08-05,False,-34.68493985137006,-0.10318783391930375,3.0340044445060625,-37.822132129795136,0.23593176715914305,0.08053535555172182,0.15823356135543243,0.0776982058037106,0.0,0.0,0.0,76.06846346446682,-110.75340331583686,0.0,0.0,0.0,-0.0,0.0,0.0,0.5,0.5,-64.81390991590851,-0.0071379671889825426,-64.77953847364898,-0.03437144225951763,0.5,0.5,30.12897006453845,-0.09604986673032122,18.590150280083407,11.53881978445505,0.0,0.0,0.0,-0.0,0.0,0.0,-0.07199154435774935,0.07175944010437008,-0.101582265548666,-0.03922970120470616,-0.06513697296595677,0.016264869449831954,-0.06797784991407307,0.07175944010437008,-0.09281725399576346,-0.03922970120470616
Static50,2024-08-06,False,53.733085407622895,-0.13005916655339694,0.21433770651655498,53.388688534552784,0.23395994357036956,0.07637311968461195,0.15516653162749075,0.0787934119428788,0.0,0.0,0.0,-15.58112325401942,69.31420866164231,0.0,0.0,0.0,-0.0,0.0,0.0,0.5,0.5,34.50388249487115,0.0343431610061007,33.87187769293187,0.6320048019392902,0.5,0.5,19.229202912751745,-0.1644023275594976,18.621240469835087,0.6079624429166575,0.0,0.0,0.0,-0.0,0.0,0.0,0.037976113532022904,0.07065096994129028,0.017644772317514823,-0.03979380273419027,0.11120452932646319,0.015428583603550008,0.03646793689817662,0.07065096994129028,0.021757588622373092,-0.03979380273419027
Static50,2024-08-07,False,141.3831948999092,0.04932691025348271,0.0988867271539668,141.33363508300863,0.23387260441023594,0.07843477849886094,0.15615369145454844,0.0777189129556875,0.0,0.0,0.0,23.531115045169766,117.85207985473943,0.0,0.0,0.0,-0.0,0.0,0.0,0.5,0.5,17.078836556336825,0.006526205870677416,17.3315894351003,-0.2527528787634777,0.5,0.5,124.30435834357236,0.042800704382805296,127.83591858840656,-3.5315602448341865,0.0,0.0,0.0,-0.0,0.0,0.0,-0.017608215858991416,0.07094210062485479,-0.050037587110668635,-0.03925159158665248,0.002075509679927201,0.015845254519101157,0.18343546155366663,0.07094210062485479,-0.009971953879713169,-0.03925159158665248
Static50,2024-08-08,False,36.04335239872198,-0.15933250314520314,0.7535438027882864,35.13047609278874,0.18597373836598133,0.0791599857548407,0.13256686206041102,0.05340687630557031,0.0,0.0,0.0,-73.43346752038607,109.47681991910805,0.0,0.0,0.0,-0.0,0.0,0.0,0.5,0.5,88.16188770575498,-0.0735779087064606,85.39376693662908,2.768120769125892,0.5,0.5,-52.11853530703298,-0.0857545944387426,-59.32934022906224,7.210804922029268,0.0,0.0,0.0,-0.0,0.0,0.0,0.11878505216052071,0.05895266064153794,0.1455978030721059,-0.02697118343529427,0.12646855084510933,0.015990738603121835,0.03023216970101883,0.05895266064153794,0.12317700136397014,-0.02697118343529427
Static50,2024-08-09,False,-30.233465728913487,-0.031753604158274794,0.4676046531422534,-30.7328239862145,0.16940605437277262,0.06787975678621355,0.1186429055794931,0.05076314879327955,0.0,0.0,0.0,16.33590987496379,-46.569375603877276,0.0,0.0,0.0,-0.0,0.0,0.0,0.5,0.5,-25.09202150386306,-0.02460960905211705,-31.946654915196035,6.854633411332975,0.5,0.5,-5.141444225050428,-0.0071439951061577495,-3.4467796848099415,-1.6946645402404856,0.0,0.0,0.0,-0.0,0.0,0.0,-0.01361012447809451,0.053061701603892425,-0.03130099059439395,-0.02563678631099561,-0.04179144861853312,0.01371245764644841,-0.061932555123216604,0.053061701603892425,-0.031387202241943024,-0.02563678631099561
Static50,2024-08-10,False,-0.6231317611204847,-0.06399174631963385,0.07750493526528313,-0.7646284427046339,0.16937096860663617,0.06667889601006996,0.11802493230835306,0.051346036298283104,0.0,0.0,0.0,-4.70908164532048,4.085949884199995,0.0,0.0,0.0,-0.0,0.0,0.0,0.5,0.5,2.125827424145947,-0.013178849717159501,2.0898378081544187,0.03598961599152821,0.5,0.5,-2.74895918526643,-0.05081289660247435,-2.7591307311840474,0.010171545917616931,0.0,0.0,0.0,-0.0,0.0,0.0,0.002220108355770245,0.052872909328127646,0.004899088792611694,-0.025932145222344796,-0.013380738154677552,0.013470382052891427,0.008814379536812966,0.052872909328127646,0.01301957758703809,-0.025932145222344796
Static50,2024-08-11,False,-42.49441981984947,-0.0806406226339405,0.022189707853405766,-42.59725015033837,0.16902603864915888,0.06676588740484053,0.11789596302699971,0.05113007562215918,0.0,0.0,0.0,16.207225197792393,-58.701645017641866,0.0,0.0,0.0,-0.0,0.0,0.0,0.5,0.5,-31.456190864936914,-0.02555640880735819,-31.43759602488766,-0.018594840049254185,0.5,0.5,-11.038228954912547,-0.055084213826582316,-11.027131970057756,-0.011096984854794267,0.0,0.0,0.0,-0.0,0.0,0.0,-0.036021064834960925,0.05279927217881314,-0.019665755043017596,-0.025823214535535766,-0.07856325128792219,0.013488028821638687,-0.05362343669693337,0.05279927217881314,-0.0422696115765423,-0.025823214535535766
Static50,2024-08-12,False,-12.018810355743256,-0.027629599870356333,0.0806577497011996,-12.127097705313645,0.16824505826408492,0.06534929543156814,0.11679717684782653,0.0514478814162584,0.0,0.0,0.0,-35.340390128404124,23.321579772660865,0.0,0.0,0.0,-0.0,0.0,0.0,0.5,0.5,26.81138104605535,-0.09805077360483494,26.36223235029923,0.44914869575612026,0.5,0.5,-38.83019140179861,0.07042117373447862,-38.13663156803942,-0.6935598337591893,0.0,0.0,0.0,-0.0,0.0,0.0,0.010152612849869014,0.052387119688448565,0.06420298927928614,-0.025983572887398713,0.02988888732016548,0.013201773400524924,0.02643012309920345,0.052387119688448565,0.07057654075546727,-0.025983572887398713
Static50,2024-08-13,False,24.75378430528754,-0.09367047775168626,0.14832818301755613,24.51178564451766,0.16341688279683445,0.06528436057508014,0.11435062168595729,0.049066261110877155,0.0,0.0,0.0,4.798501195570932,19.955283109716607,0.0,0.0,0.0,-0.0,0.0,0.0,0.5,0.5,2.9822434832403744,-0.013980112595186157,2.9169165010735862,0.06532698216678828,0.5,0.5,21.771540822047164,-0.0796903651565001,23.27411478575938,-1.5025739637122142,0.0,0.0,0.0,-0.0,0.0,0.0,0.020922393048241172,0.051157714055804465,-0.006676740603480225,-0.024780578923477667,0.003968689167329398,0.0131885675661634,0.01675485008818356,0.051157714055804465,-0.012534818941504211,-0.024780578923477667
Static50,2024-08-14,False,-12.187648971782634,0.019881260706186683,0.028130808512728235,-12.195898519588809,0.16324836635754256,0.0655929568915447,0.11442066162454363,0.04882770473299894,0.0,0.0,0.0,13.197747266940391,-25.385396238723025,0.0,0.0,0.0,-0.0,0.0,0.0,0.5,0.5,-15.57248681620883,-0.008333514220384792,-15.510195723663186,-0.0622910925456457,0.5,0.5,3.3848378444261957,0.028214774926571463,2.8311348939894216,0.5537029504367771,0.0,0.0,0.0,-0.0,0.0,0.0,-0.029735318991490067,0.051162520715991366,-0.015075525681692903,-0.02466038896188523,-0.019211994183148784,0.013251065877053068,-0.014397224631396366,0.051162520715991366,-0.0378937470615891,-0.02466038896188523
Static50,2024-08-15,False,-5.976313964558005,0.0346871333627299,0.09906212794205572,-6.040688959137697,0.1668570256501007,0.06881188870929023,0.11783445717969544,0.049022568470405224,0.0,0.0,0.0,14.595421789582645,-20.57173575414065,0.0,0.0,0.0,-0.0,0.0,0.0,0.5,0.5,-14.616813635942952,-0.001750285340152662,-13.623204282668091,-0.9936093532748574,0.5,0.5,8.640499671384944,0.03643741870288255,8.273424435873567,0.36707523551137655,0.0,0.0,0.0,-0.0,0.0,0.0,-0.021661338154530307,0.052561145476532435,-0.035546786922209805,-0.02475863235292903,-0.009508760450239184,0.013901256561801701,-0.014607532558958303,0.052561145476532435,-0.022869429241594963,-0.02475863235292903
Static50,2024-08-16,False,9.639085321012027,-0.06662275960806313,0.10203906691053577,9.470423494492934,0.1709232175330275,0.06892889782952819,0.11992605768127784,0.05099715985174966,0.0,0.0,0.0,-2.7790979526264383,12.418183273638467,0.0,0.0,0.0,-0.0,0.0,0.0,0.5,0.5,2.090112678250872,-0.05139352256981617,1.986975222242561,0.10313745600831015,0.5,0.5,7.548972642761155,-0.015229237038246957,7.265479724506343,0.28349291825481476,0.0,0.0,0.0,-0.0,0.0,0.0,0.023846231481062574,0.053605664138494824,0.009098312428645672,-0.02575588336087184,-0.02537757131512175,0.013924890388811492,0.0057153063046975205,0.053605664138494824,0.0016003200640128945,-0.02575588336087184
Static50,2024-08-17,False,2.5357104629400684,-0.04646426955212847,0.06506207524351665,2.4241841181446944,0.1769809319745965,0.0688945374755536,0.12293773472507506,0.05404319724952147,0.0,0.0,0.0,-9.33565581553176,11.871366278471829,0.0,0.0,0.0,-0.0,0.0,0.0,0.5,0.5,10.095425652699582,-0.03918537998408833,10.068425714610662,0.026999938088920986,0.5,0.5,-7.559715189759515,-0.0072788895680401255,-7.208498410409079,-0.3512167793504366,0.0,0.0,0.0,-0.0,0.0,0.0,0.010561094247653724,0.05513036905701981,0.009116674904238176,-0.027294369910284076,0.022259878857802118,0.013917999573367867,0.005150062155922397,0.05513036905701981,0.024765328540043985,-0.027294369910284076
Static50,2024-08-18,False,-4.713394331396799,-0.0028269854070757036,0.06403255905082078,-4.780253875853305,0.18300544056471135,0.06875312986080348,0.12587928521275743,0.05712615535195394,0.0,0.0,0.0,8.411813979985368,-13.125208311382167,0.0,0.0,0.0,-0.0,0.0,0.0,0.5,0.5,-6.941682345975895,0.017493014672231307,-7.072878826664896,0.13119648068900058,0.5,0.5,2.228288014579096,-0.02032000007930702,2.346488135092901,-0.11820012051380482,0.0,0.0,0.0,-0.0,0.0,0.0,-0.01770433905146307,0.05663028044573852,-0.0012971756773820786,-0.028851412478110725,0.0030895765587197754,0.0138894339838139,-0.0060070671378090745,0.05663028044573852,-0.027577470278698057,-0.028851412478110725
Static50,2024-08-19,False,39.47838074321828,0.005429704858371511,1.3159076019685212,38.16790284610761,0.1919389204207827,0.07013787662095448,0.1310383985208686,0.060900521899914115,0.0,0.0,0.0,-8.967078368599786,48.44545911181807,0.0,0.0,0.0,-0.0,0.0,0.0,0.5,0.5,16.785984147723774,-0.01386024362264568,16.314610504776724,0.47137364294705136,0.5,0.5,22.6923965954945,0.019289948481017196,23.221899751131367,-0.5295031556368682,0.0,0.0,0.0,-0.0,0.0,0.0,0.01708690523273626,0.059088747203742735,0.009563291672733065,0.014167439038000195,0.01355789177595712,-0.03075386912774234,0.061855670103092786,0.059088747203742735,0.015332197614991383,-0.03075386912774234
Static50,2024-08-20,False,-11.751794766128299,-0.030167706008854434,0.04535775383988145,-11.827320225977019,0.1937822168221526,0.07044111780781662,0.1321116673149846,0.061670549507167986,0.0,0.0,0.0,-1.284283083123022,-10.467511683005277,0.0,0.0,0.0,-0.0,0.0,0.0,0.5,0.5,-4.495713700156223,-0.02535709111787052,-4.542135864268495,0.04642216411227287,0.5,0.5,-7.256081065972077,-0.004810614890983916,-7.394157266692387,0.13807620072030966,0.0,0.0,0.0,-0.0,0.0,0.0,-0.00635801856063356,0.05960753565614928,-0.02354133300948036,0.014230465771396288,-0.012412147114123862,-0.031146604113356697,-0.005356545028456838,0.05960753565614928,0.016482431898934058,-0.031146604113356697
Static50,2024-08-21,False,20.662658678438603,-0.026726080636859953,0.12961445122618118,20.506318146575722,0.2025026127923631,0.07142577881212323,0.13696419580224317,0.06553841699011995,0.0,0.0,0.0,-11.609231849069923,32.271890527508525,0.0,0.0,0.0,-0.0,0.0,0.0,0.5,0.5,15.123551383842115,-0.03757463911266388,14.881420869648188,0.24213051419392503,0.5,0.5,5.539107294596485,0.010848558475803932,4.950550645800362,0.5885566487961216,0.0,0.0,0.0,-0.0,0.0,0.0,0.0359137081636387,0.061958325405808846,0.02274078766843779,0.014429267280110696,0.0036882481874895845,-0.03309979084558746,0.010265903736115689,0.061958325405808846,0.030973880959316524,-0.03309979084558746
Static50,2024-08-22,False,-9.784312387316646,0.01662444384319873,0.043625600388670166,-9.811313543863434,0.20430365337403772,0.07084854304223719,0.13757609820813746,0.06672755516590027,0.0,0.0,0.0,2.281143694141975,-12.065456081458622,0.0,0.0,0.0,-0.0,0.0,0.0,0.5,0.5,-4.116384976719253,-0.06403975801479962,-4.268354219148577,0.15196924242932447,0.5,0.5,-5.667927410597396,0.08066420185799836,-5.72421139298367,0.05628398238627427,0.0,0.0,0.0,-0.0,0.0,0.0,-0.013155075841203678,0.062326193899233884,-0.0033708035965371863,0.014312776009257094,0.0021768193239961597,-0.033700641880719695,-0.00516408462435447,0.062326193899233884,-0.008852891316632139,-0.033700641880719695
Static50,2024-08-23,False,11.550312179789742,0.03135710869981864,0.029455017626284247,11.55221427086326,0.20522917549785097,0.07116340098512458,0.13819628824148777,0.0670328872563632,0.0,0.0,0.0,-49.32896391864801,60.87927609843776,0.0,0.0,0.0,-0.0,0.0,0.0,0.5,0.5,40.934894774542606,-0.058469496358229935,40.5604792588497,0.3744155156929049,0.5,0.5,-29.38458259475287,0.0898266050580486,-29.488486401936235,0.10390380718336556,0.0,0.0,0.0,-0.0,0.0,0.0,0.06159776345597101,0.06260770261276478,0.053554746334674164,0.014376403255999365,0.07049168878334955,-0.03385489610076605,0.02210314802411273,0.06260770261276478,0.07335613835043708,-0.03385489610076605
Static50,2024-08-24,False,-11.548454198568413,-0.09051153150699502,0.22476710281889908,-11.86373283289322,0.1995051784986848,0.06813845791721192,0.13382181820794836,0.06568336029073644,0.0,0.0,0.0,-13.702060904656975,2.1536067060885604,0.0,0.0,0.0,-0.0,0.0,0.0,0.5,0.5,6.266231350025935,-0.06785670413205694,6.97350141717542,-0.7072700671494854,0.5,0.5,-17.81468554859435,-0.022654827374938104,-19.635100891841105,1.8204153432467542,0.0,0.0,0.0,-0.0,0.0,0.0,0.0005198243524440205,0.060702772311350774,0.0008541440463265548,0.01376504297757177,0.04568971704083569,-0.03317268635620723,0.0027850589777194124,0.060702772311350774,-0.004957507082153034,-0.03317268635620723
Static50,2024-08-25,False,-1.4352553799183472,0.1247060267687419,0.04557796682733185,-1.3561273199775314,0.19806649608992186,0.06848237524864133,0.1332744356692816,0.06479206042064027,0.0,0.0,0.0,10.209188125809478,-11.644443505727825,0.0,0.0,0.0,-0.0,0.0,0.0,0.5,0.5,-7.761572015207461,0.012453427647811816,-7.769444385138145,0.007872369930683316,0.5,0.5,6.326316635289115,0.1122525991209301,6.461555951525911,-0.13523931623679702,0.0,0.0,0.0,-0.0,0.0,0.0,0.002054813756174445,0.06039264036675054,-0.007199785922990198,0.01383476165147364,-0.007225036811500218,-0.03272311706380326,-0.01944126776670485,0.06039264036675054,-0.023576512455516063,-0.03272311706380326
Static50,2024-08-26,False,-4.857389009965292,0.022375533996783895,2.512889897816755,-7.347903373783993,0.17475773907878847,0.07001358559105095,0.12238566233491971,0.052372076743868755,0.0,0.0,0.0,17.214271692054382,-22.071660702019674,0.0,0.0,0.0,-0.0,0.0,0.0,0.5,0.5,-17.251725595618186,-0.08789739616041492,-16.656631250153158,-0.5950943454650286,0.5,0.5,12.39433658565289,0.1102729301571988,3.4006052948635226,8.993731290789368,0.0,0.0,0.0,-0.0,0.0,0.0,-0.02206458222719776,0.0141406843088747,-0.02382123149210502,-0.026444046451245668,-0.011796276976834719,0.05472541506899507,-0.022325891369543438,0.05472541506899507,-0.040455580865603635,-0.026444046451245668
Static50,2024-08-27,False,-26.029139728725603,-0.07703105257882722,0.046595538653433986,-26.152766319957664,0.17437447903586392,0.06964890541931484,0.1220116922275894,0.05236278680827456,0.0,0.0,0.0,39.7059272503322,-65.7350669790578,0.0,0.0,0.0,-0.0,0.0,0.0,0.5,0.5,-43.88832644341168,-0.03604256475197316,-43.07387145849581,-0.8144549849158698,0.5,0.5,17.85918671468606,-0.04098848782685407,16.67890764717558,1.1802790675104833,0.0,0.0,0.0,-0.0,0.0,0.0,-0.05505349636988921,0.014070421808417917,-0.08425962202197723,-0.026445731380164886,-0.06799117278572386,0.05458657499700072,-0.036809815950920144,0.05458657499700072,-0.06409647706770494,-0.026445731380164886
Static50,2024-08-28,False,-18.456728640016017,0.015386964612262827,0.12051414128909618,-18.561855816691605,0.17323703404819904,0.06718683824958399,0.12021193614889153,0.05302509789930753,0.0,0.0,0.0,-10.660902581205928,-7.795826058810091,0.0,0.0,0.0,-0.0,0.0,0.0,0.5,0.5,2.817646307521434,-0.019846432162590015,2.681623891350301,0.13602241617113375,0.5,0.5,-21.274374947537456,0.03523339677485284,-19.695755457282065,-1.5786194902553905,0.0,0.0,0.0,-0.0,0.0,0.0,-0.006080855666872109,0.013572938211905824,0.02989939818191445,-0.026780035949675568,-0.018983282156260772,0.05392591237348722,0.00619249823071466,0.05392591237348722,0.009537337662337775,-0.026780035949675568
Static50,2024-08-29,False,-22.208484488278234,0.06388110143846584,0.04779492172319942,-22.192398308563497,0.17129602246377817,0.06712931296650253,0.11921266771514036,0.05208335474863783,0.0,0.0,0.0,-1.7369228142727233,-20.471561674005507,0.0,0.0,0.0,-0.0,0.0,0.0,0.5,0.5,-3.6947937475383013,0.040147335873406624,-3.6445099796143423,-0.0502837679239599,0.5,0.5,-18.51369074073993,0.023733765565059226,-18.626665681745393,0.11297494100546557,0.0,0.0,0.0,-0.0,0.0,0.0,0.005943450761409341,0.013561413682517683,-0.000280897765082444,-0.026304601094012926,-0.026348005119359086,0.05342742845904829,-0.013187972569016937,0.05342742845904829,0.006834170854271404,-0.026304601094012926
Static50,2024-08-30,False,-6.838711044412969,0.05783458117356227,0.030989382225893692,-6.811865845464126,0.17120090888448664,0.06713074776347401,0.11916582832398033,0.05203508056050632,0.0,0.0,0.0,-3.663334740006143,-3.175376304406826,0.0,0.0,0.0,-0.0,0.0,0.0,0.5,0.5,0.6554889089623586,-0.05004456607068497,0.7017683468529072,-0.0462794378905489,0.5,0.5,-7.494199953375329,0.10787914724424727,-7.452773685502638,-0.041426267872689916,0.0,0.0,0.0,-0.0,0.0,0.0,-0.004213016873975128,0.013561725841954503,-0.0006094423997783371,-0.026280263524398287,-0.014466352336047872,0.05340371520830729,0.00962223806129714,0.05340371520830729,0.014473946895587897,-0.026280263524398287
Static50,2024-08-31,False,-9.308771632664602,-0.0967486808354418,0.027348033041241275,-9.432868346541,0.17096053688880655,0.06735608250614057,0.11915830969747357,0.051802227191333,0.0,0.0,0.0,2.3811141386909096,-11.689885771355513,0.0,0.0,0.0,-0.0,0.0,0.0,0.5,0.5,-4.487752962260311,-0.12215896156098624,-4.442566028505702,-0.04518693375460915,0.5,0.5,-4.8210186704042925,0.02541028072554445,-4.701616076140495,-0.11940259426379754,0.0,0.0,0.0,-0.0,0.0,0.0,-0.002643429757031357,0.013607252727639813,-0.005516045237114797,-0.026162670505029077,-0.020064513790728822,0.053377175960308706,-0.0010589481115426125,0.053377175960308706,-0.003542261143363201,-0.026162670505029077
Static50,2024-09-01,True,0.0,0.0,2.323017687089346,-2.3230176870893047,0.0,0.0,0.0,0.0,0.0,0.0,0.0,0.0,0.0,0.0,0.0,0.0,-0.0,0.0,0.0,0.5,0.5,0.0,-0.0,0.0,0.0,0.5,0.5,0.0,-0.0,0.0,0.0,0.0,0.0,0.0,-0.0,0.0,0.0,0.0,0.0,0.0,0.0,0.0,0.0,0.0,0.0,0.0,0.0
Cash50,2024-07-01,False,0.31390019652433976,-0.01698643897732449,0.2168702387475548,0.08004351879935712,0.016062834581046202,0.00606256260878577,0.011062698594915986,0.005000135986130216,0.0,0.0,0.0,0.11239830705441747,0.2015018894699223,0.5,0.95,0.0,-0.0,0.0,0.0,0.25,0.025,0.006753519684848067,-0.017576151222344974,0.0,0.006753519684848067,0.25,0.025,0.30714667683949176,0.0005897122450204857,0.0,0.30714667683949176,0.0,0.0,0.0,-0.0,0.0,0.0,0.0024183873912482223,-0.0025252664384150035,0.0016756802359916279,0.004974733561584996,0.0012755015040002426,0.0012247335615849964,0.0021017234131988083,0.004974733561584996,-0.006914294902717444,-0.0025252664384150035
Cash50,2024-07-02,False,2.2358592263508967,-0.034588502452826096,0.21686616457504096,1.9844045593235933,0.032134017280753414,0.012166865897159259,0.02215044158895633,0.009983575691797072,0.0,0.0,0.0,-0.08516690384750947,2.321026130198406,0.5,0.8999999999999999,0.0,-0.0,0.0,0.0,0.25,0.05,1.5141941197533395,-0.03424812883143549,0.7540320786003245,0.7601620411530149,0.25,0.05,0.7216651065975572,-0.0003403736213906036,0.3665466402007651,0.3551184663967921,0.0,0.0,0.0,-0.0,0.0,0.0,-0.012380623926231182,-0.00504210059775413,-0.0061919684476805514,0.00995789940224587,0.049095343197362196,0.0024578994022458694,0.017617449664429463,0.00995789940224587,0.014086787564766778,-0.00504210059775413
Cash50,2024-07-03,False,-7.487586643633437,-0.05406988004613695,0.21341190276426136,-7.755068426446087,0.04817170598735928,0.018103777066435733,0.0331377415268975,0.01503396446046177,0.0,0.0,0.0,6.412041013841513,-13.899627657474948,0.5,0.8499999999999999,0.0,-0.0,0.0,0.0,0.25,0.07500000000000001,-8.82812134665634,-0.044178930532357816,-6.053972863065266,-2.7741484835910746,0.25,0.07500000000000001,1.3405347030229047,-0.009890949513779125,0.8901048602469328,0.45042984277597253,0.0,0.0,0.0,-0.0,0.0,0.0,-0.03051886086521327,-0.007592749335347599,-0.035740900390139774,0.014907250664652403,-0.08523859924806643,0.0036572506646524025,-0.03751030502885411,0.014907250664652403,-0.05476608653999682,-0.007592749335347599
Cash50,2024-07-04,False,-15.040183039829808,-0.0625202940492761,0.23944565806888796,-15.342148991949216,0.06392237211758749,0.022604744832202664,0.043263558474895075,0.02065881364269241,0.0,0.0,0.0,16.886894946056174,-31.927077985885987,0.5,0.7999999999999998,0.0,-0.0,0.0,0.0,0.25,0.1,-17.96069967511269,-0.032890827373437494,-13.647078191958851,-4.31362148315384,0.25,0.1,2.9205166352828797,-0.029629466675838618,1.9189202069001148,1.0015964283827667,0.0,0.0,0.0,-0.0,0.0,0.0,-0.050911770857194116,-0.010433494290259367,-0.07109757391159399,0.019566505709740632,-0.0900295295153184,0.004566505709740633,-0.07280513918629561,0.019566505709740632,-0.11266891891891895,-0.010433494290259367
Cash50,2024-07-05,False,-6.968996638994678,-0.06514705799671731,0.270422636035721,-7.304566333026742,0.07920192375404365,0.02474955789698402,0.05197574082551384,0.027226182928529817,0.0,0.0,0.0,1.4961013675459613,-8.46509800654064,0.5,0.7499999999999999,0.0,-0.0,0.0,0.0,0.25,0.125,-0.515207256025577,0.002596715553353092,-0.48395868353206706,-0.031248572493510124,0.25,0.125,-6.453789382969103,-0.0677437735500704,-4.772510512002934,-1.6812788709661692,0.0,0.0,0.0,-0.0,0.0,0.0,-0.010252159039633946,-0.013750224807624533,-0.02691715389434124,0.023749775192375464,0.04643779301521911,0.004999775192375466,-0.01893764434180134,0.023749775192375464,-0.0007614696363982265,-0.013750224807624533
Cash50,2024-07-06,False,10.44700954931872,-0.03959536300539092,0.22638799281328764,10.181026193498838,0.09507624678851063,0.029871119466764094,0.06247368312763736,0.03260256366087327,0.0,0.0,0.0,-17.17146716891081,27.61847671822953,0.5,0.6999999999999998,0.0,-0.0,0.0,0.0,0.25,0.15000000000000002,15.253498088876327,-0.03298910405108815,12.693042058766894,2.5604560301094335,0.25,0.15000000000000002,-4.806488539557602,-0.006606258954302783,-4.279537557980181,-0.5269509815774214,0.0,0.0,0.0,-0.0,0.0,0.0,0.028196564885496045,-0.01646556741439623,0.027738846455610533,0.028534432585603776,0.06641271450509167,0.006034432585603774,0.05626177024482093,0.028534432585603776,0.07744332253762609,-0.01646556741439623
Cash50,2024-07-07,False,-16.8005300829405,-0.035959185001321906,0.14715551267491617,-16.983644780617396,0.11038570277972952,0.03217085146596928,0.0712782771228494,0.03910742565688012,0.0,0.0,0.0,22.490623258326902,-39.2911533412674,0.5,0.6499999999999998,0.0,-0.0,0.0,0.0,0.25,0.17500000000000004,-19.15628502236735,-0.06788152260643117,-18.772751011953925,-0.3835340104134226,0.25,0.17500000000000004,2.355754939426852,0.03192233760510926,2.5083812532788716,-0.15262631385201741,0.0,0.0,0.0,-0.0,0.0,0.0,-0.0394636667199425,-0.01975093390039382,-0.042186618121552,0.03274906609960619,-0.07689350249903881,0.006499066099606185,-0.06396255850234012,0.03274906609960619,-0.07576695252409171,-0.01975093390039382
Cash50,2024-07-08,False,18.712590631141293,-0.06308882227441132,1.6327127295900072,17.01678907927635,0.12591837164668024,0.03549451714813226,0.08070644439740626,0.045211927249274,0.0,0.0,0.0,-11.905107128101868,30.617697759243164,0.5,0.5999999999999999,0.0,-0.0,0.0,0.0,0.25,0.20000000000000007,10.437736939763532,-0.057095986453754924,8.865816654060291,1.5719202857032417,0.25,0.20000000000000007,8.27485369137777,-0.005992835820656399,3.224119860196235,5.0507338311815335,0.0,0.0,0.0,-0.0,0.0,0.0,0.013900170688156077,0.00716943464179642,0.027221821055356532,-0.02283056535820359,0.055817651736018936,0.03716943464179643,0.025000000000000133,0.03716943464179643,0.025636120145398955,-0.02283056535820359
Cash50,2024-07-09,False,7.143473793141089,-0.10161979942897995,0.15424617660093803,6.887607817112439,0.14139123299337625,0.03869583859218983,0.09004353579278303,0.0513476972005932,0.0,0.0,0.0,-4.437128526975143,11.580602320116231,0.5,0.5499999999999998,0.0,-0.0,0.0,0.0,0.25,0.22500000000000006,4.961597131423162,-0.05462683181716754,4.66894252516289,0.29265460626027157,0.25,0.22500000000000006,2.181876661717925,-0.0469929676118124,2.0917371817373884,0.09013947998053651,0.0,0.0,0.0,-0.0,0.0,0.0,0.02305698247521093,0.007817220331312297,0.01610186351880105,-0.025932779668687712,0.012938763214895399,0.041567220331312306,0.010917537746806039,0.041567220331312306,0.0012124603618728358,-0.025932779668687712
Cash50,2024-07-10,False,0.15815780039964933,-0.12704209046235937,0.19149085649706987,-0.16037514656090934,0.15709743514961977,0.0429729412862157,0.10003518821791774,0.05706224693170204,0.0,0.0,0.0,-4.696667398457535,4.854825198857184,0.5,0.5,0.0,-0.0,0.0,0.0,0.25,0.25,1.928340924379194,-0.08641703350143731,1.7496844183395317,0.17865650603966232,0.25,0.25,-1.7701831239795442,-0.04062505696092208,-1.6080254403935126,-0.1621576835860321,0.0,0.0,0.0,-0.0,0.0,0.0,-0.005724891289161316,0.008681235852136725,0.010984349097364454,-0.028818764147863274,0.003894356723075809,0.04618123585213672,0.0078125,0.04618123585213672,0.005496040987424289,-0.028818764147863274
Cash50,2024-07-11,False,-4.161982231759847,-0.06824925248332533,0.014081723943025575,-4.244313208186213,0.15708206041478376,0.04290925531155887,0.09999565786317133,0.05708640255161246,0.0,0.0,0.0,2.905857608742109,-7.067839840501957,0.5,0.5,0.0,-0.0,0.0,0.0,0.25,0.25,-2.541831508944359,-0.09986123993866736,-2.5442166854077355,0.002385176463377362,0.25,0.25,-1.6201507228154854,0.031611987455342,-1.5875772152913097,-0.03257350752417648,0.0,0.0,0.0,-0.0,0.0,0.0,-0.0048991204482764505,0.008668524205857203,0.0011103866340436142,-0.028831475794142795,-0.038729016786570813,0.0461685242058572,0.02416780665754681,0.0461685242058572,-0.011302575504910095,-0.028831475794142795
Cash50,2024-07-12,False,31.0744781490532,0.02902433654550323,0.04761448400074189,31.05588800159785,0.15734564842061025,0.04422470117265217,0.10078517479663121,0.05656047362397904,0.0,0.0,0.0,-5.063783936546226,36.13826208559942,0.5,0.5,0.0,-0.0,0.0,0.0,0.25,0.25,9.168227981555793,-0.06455056339622268,8.93217250203653,0.23605547951926428,0.25,0.25,21.906250167497408,0.09357489994172591,22.13053152228329,-0.22428135478588784,0.0,0.0,0.0,-0.0,0.0,0.0,0.008851023176187134,0.008934240458416422,0.010156506935443232,-0.028565759541583576,0.021601156366251262,0.04643424045841642,0.0554318788958148,0.04643424045841642,0.00777736131934037,-0.028565759541583576
Cash50,2024-07-13,False,44.72442765580901,-0.08006844803205386,0.048869509085312096,44.59548969868956,0.15743614539809836,0.04467710399681419,0.10105662469745627,0.05637952070064208,0.0,0.0,0.0,-16.05034845846387,60.77477611427288,0.5,0.5,0.0,-0.0,0.0,0.0,0.25,0.25,18.53233792629227,-0.11892765517380131,18.91119465679613,-0.37885673050386054,0.25,0.25,26.19208972951674,0.03885920714174748,28.300586494536635,-2.10849676501989,0.0,0.0,0.0,-0.0,0.0,0.0,0.02294347682582676,0.009025633534961474,0.013520759920331082,-0.028474366465038523,0.019930619896145307,0.046525633534961475,0.10736131617802158,0.046525633534961475,0.043328684332868406,-0.028474366465038523
Cash50,2024-07-14,False,3.175012387222484,-0.0413793910942019,0.09678730910130892,3.0368456870273803,0.15724731557427235,0.04372943421441336,0.10048837489434286,0.056758940679929495,0.0,0.0,0.0,-13.540827437786888,16.715839825009372,0.5,0.5,0.0,-0.0,0.0,0.0,0.25,0.25,9.232135544172685,-0.08404574866755136,9.57348046619733,-0.34134492202464384,0.25,0.25,-6.0571231569502,0.04266635757334944,-6.549739538517665,0.492616381567464,0.0,0.0,0.0,-0.0,0.0,0.0,0.026290627745118034,0.008834144140157355,0.02131753650025825,-0.028665855859842646,0.03806827784350153,0.04633414414015735,-0.006857142857142895,0.04633414414015735,0.026111754745566262,-0.028665855859842646
Cash50,2024-07-15,False,10.111799627994763,-0.0014230221293329987,0.04852963016592847,10.061846975699154,0.15720315760045858,0.04351220723588393,0.10035768241817127,0.05684547518228734,0.0,0.0,0.0,-46.13356914396468,56.24536877195944,0.5,0.5,0.0,-0.0,0.0,0.0,0.25,0.25,29.412588819291045,-0.04644315828295694,30.29162387227332,-0.879035052982279,0.25,0.25,-19.30078919129629,0.045020136153623935,-19.664751808701894,0.3639626174056044,0.0,0.0,0.0,-0.0,0.0,0.0,0.06493581312970864,0.008790302504192129,0.07461894967946447,-0.02870969749580787,0.08048082271697399,0.046290302504192124,0.029152282316839306,0.046290302504192124,0.08667708876150781,-0.02870969749580787
Cash50,2024-07-16,False,44.20372853731706,-0.12299982871502725,0.1444143987709177,43.936314309832596,0.15659016915422788,0.04044020067441573,0.0985151849143218,0.05807498423990608,0.0,0.0,0.0,4.659372269059689,39.544356268257374,0.5,0.5,0.0,-0.0,0.0,0.0,0.25,0.25,6.051442481711986,-0.08514168891915141,6.67439492114118,-0.6229524394291939,0.25,0.25,38.15228605560507,-0.03785813979587585,39.65811329306905,-1.5058272374639792,0.0,0.0,0.0,-0.0,0.0,0.0,0.00411609139794078,0.008169620383519436,-0.012413199426111965,-0.029330379616480565,0.0076344504576904,0.04566962038351943,0.07845695117405893,0.04566962038351943,-0.0035166240409207905,-0.029330379616480565
Cash50,2024-07-17,False,33.176257617998154,-0.0779361833324259,0.18737688848679518,32.91094454617996,0.1456381498860161,0.040371985503644375,0.09300506769483023,0.052633082191185857,0.0,0.0,0.0,9.63104279438806,23.545214823610095,0.5,0.5,0.0,-0.0,0.0,0.0,0.25,0.25,0.667535995398221,-0.07771066688776289,1.2157548310142086,-0.5482188356159869,0.25,0.25,32.508721622599936,-0.00022551644466305143,37.29141181612748,-4.782690193527541,0.0,0.0,0.0,-0.0,0.0,0.0,-0.012914924665505034,0.008155805611673594,-0.014919778949019968,-0.026581872413471055,-0.0289668149588147,0.04289348363681825,0.086227751857612,0.04289348363681825,-0.021254411292909836,-0.026581872413471055
Cash50,2024-07-18,False,-28.57882024057572,-0.1405869211606256,0.0836703626165322,-28.803077524355103,0.14177630673930067,0.04078665381614973,0.0912814802777252,0.05049482646157547,0.0,0.0,0.0,2.388692554545137,-30.96751279512086,0.5,0.5,0.0,-0.0,0.0,0.0,0.25,0.25,-7.001862012092673,-0.08103303668713634,-7.602112922735682,0.6002509106430083,0.25,0.25,-21.57695822848305,-0.05955388447348921,-25.292377905625173,3.7154196771421306,0.0,0.0,0.0,-0.0,0.0,0.0,-0.0022861741047897066,0.008239660120124906,0.010591701839611556,-0.02550222737954355,0.02169463248740744,0.04198154761979336,-0.09465478841870822,0.04198154761979336,-0.019913136114070307,-0.02550222737954355
Cash50,2024-07-19,False,14.393130203738526,-0.05683054361802624,0.11493556491803289,14.221364095203171,0.13514659734264023,0.04127697418634889,0.08821178576449457,0.04693481157814568,0.0,0.0,0.0,-17.13771705323235,31.530847256970876,0.5,0.5,0.0,-0.0,0.0,0.0,0.25,0.25,15.350181785362931,-0.08795507663325763,15.20439035619194,0.1457914291709919,0.25,0.25,-0.9570515816244001,0.031124533015231354,-0.49769552717400956,-0.4593560544503902,0.0,0.0,0.0,-0.0,0.0,0.0,0.04238957141517408,0.008338687968907127,0.02257245425094112,-0.02370418110486413,0.0628477761169659,0.04038155704267838,0.006325777543489508,0.04038155704267838,0.04958193979933112,-0.02370418110486413
Cash50,2024-07-20,False,9.128819313219829,-0.043776910561127425,0.04632234937059555,9.03872005328958,0.13737345790043415,0.040482211723804305,0.08892783481211923,0.048445623088314925,0.0,0.0,0.0,-17.959326663117935,27.088145976337763,0.5,0.5,0.0,-0.0,0.0,0.0,0.25,0.25,11.88136456447803,-0.0766338458084635,12.578765921196867,-0.6974013567188352,0.25,0.25,-2.7525452512582014,0.03285693524733607,-3.1965377733801645,0.4439925221219637,0.0,0.0,0.0,-0.0,0.0,0.0,0.0068870895186685654,0.008178187213208597,0.004324074391204524,-0.024467374582933726,0.027382366323353002,0.040823749009350915,0.03736685873930501,0.040823749009350915,0.06882816856528318,-0.024467374582933726
Cash50,2024-07-21,False,16.83360504534986,-0.10276665141261192,0.04958517510886397,16.681253218826896,0.13879990242119145,0.04011782977775494,0.08945886609947319,0.049341036321718254,0.0,0.0,0.0,-12.792898660825106,29.62650370617496,0.5,0.5,0.0,-0.0,0.0,0.0,0.25,0.25,11.027292828118878,-0.08699516349543068,11.550484744469015,-0.5231919163501386,0.25,0.25,5.806312217230982,-0.015771487917181262,5.320311669191128,0.4860005480398588,0.0,0.0,0.0,-0.0,0.0,0.0,0.01573955350241918,0.008104572461546293,0.004683428110231036,-0.024919593508201707,0.06138600194401467,0.04112873843129429,0.007237838747685688,0.04112873843129429,0.046433628978161945,-0.024919593508201707
Cash50,2024-07-22,False,-0.38617794414761897,-0.15953365859605392,1.129163794612937,-1.6748753973552084,0.1129098104528254,0.03981545594318837,0.07636263319800687,0.03654717725481851,0.0,0.0,0.0,6.951622990559365,-7.3378009347069835,0.5,0.5,0.0,-0.0,0.0,0.0,0.25,0.25,-5.8386075096509655,-0.09177048598513705,-6.108764578278075,0.2701570686271102,0.25,0.25,5.452429565503349,-0.06776317261091684,9.072544242590041,-3.620114677086693,0.0,0.0,0.0,-0.0,0.0,0.0,-0.010010820130721299,-0.018456119144604294,-0.027432133896420963,-0.018456119144604294,-0.030524547523572032,0.03454138435807232,0.013536096256684393,0.03454138435807232,-0.017735042735042672,0.008042632606734013
Cash50,2024-07-23,False,-19.13238304864523,-0.114019414231585,0.035242926661793655,-19.281645389539335,0.11327600285324249,0.03962648975543658,0.07645124630433954,0.03682475654890296,0.0,0.0,0.0,2.358080913655619,-21.490463962300847,0.5,0.5,0.0,-0.0,0.0,0.0,0.25,0.25,-9.499908445323644,-0.10064800390139446,-9.406589086211483,-0.09331935911216085,0.25,0.25,-9.632474603321583,-0.013371410330190528,-9.367035158486704,-0.2654394448348776,0.0,0.0,0.0,-0.0,0.0,0.0,-0.02404203579796038,-0.018598297375856374,0.011435917272830443,-0.018598297375856374,-0.032776805826490896,0.034608944766379664,-0.015828524319868142,0.034608944766379664,-0.05677615836415051,0.008005323695261643
Cash50,2024-07-24,False,29.0192822596771,-0.09585398243300482,0.0239794724199371,28.899448804822896,0.1116167925696857,0.0395309331628128,0.07557386286624924,0.03604292970343644,0.0,0.0,0.0,8.744728440673404,20.274553819003696,0.5,0.5,0.0,-0.0,0.0,0.0,0.25,0.25,-0.05273128468907107,-0.10555123909388936,-0.12526263751039446,0.0725313528213231,0.25,0.25,29.072013544366172,0.009697256660884529,29.267759700533865,-0.19574615616769458,0.0,0.0,0.0,-0.0,0.0,0.0,-0.0072048558421852205,-0.018203456802454488,-0.04064860637046708,-0.018203456802454488,0.029218171206000676,0.03417551323872958,0.03350644999162333,0.03417551323872958,-0.015528905289052819,0.007986028218137549
Cash50,2024-07-25,False,-16.64391471387047,-0.07834435727510061,0.06465951244469884,-16.786918583589795,0.10811059670689868,0.03977551937911538,0.07394305804300702,0.03416753866389164,0.0,0.0,0.0,7.532059537064682,-24.17597425093515,0.5,0.5,0.0,-0.0,0.0,0.0,0.25,0.25,-10.764923319856102,-0.0783379955114259,-10.649145551115268,-0.11577776874083373,0.25,0.25,-5.878991394014363,-6.361763674696264e-06,-7.129800890779968,1.2508094967656032,0.0,0.0,0.0,-0.0,0.0,0.0,0.0057286794690731835,-0.01725622293467854,-0.04908505058074186,-0.01725622293467854,-0.035160219877708454,0.03332703766910962,-0.03128545955584372,0.03332703766910962,-0.023270342027174817,0.008035407367215537
Cash50,2024-07-26,False,19.42071533502783,-0.026044787702508027,0.03607917909996857,19.358591368223642,0.10724753103501228,0.03950813253649452,0.0733778317857534,0.03386969924925888,0.0,0.0,0.0,-10.819979833381893,30.240695168409722,0.5,0.5,0.0,-0.0,0.0,0.0,0.25,0.25,16.755473789191555,-0.06375264367285,16.44469974944915,0.3107740397424069,0.25,0.25,2.6652415458362757,0.03770785597034196,2.3853814473256656,0.2798600985106118,0.0,0.0,0.0,-0.0,0.0,0.0,0.031724924012157985,-0.017105847920586146,0.03120892422040744,-0.017105847920586146,0.06513731035807191,0.03306867302445357,0.008366800535475338,0.03306867302445357,0.07243364246882011,0.007981412551933714
Cash50,2024-07-27,False,-3.614324746619504,-0.11440837987315272,0.054749474542147264,-3.783482601034848,0.10709249588441076,0.038839147807369044,0.0729658218458899,0.034126674038520856,0.0,0.0,0.0,1.9053092063748291,-5.519633952994333,0.5,0.5,0.0,-0.0,0.0,0.0,0.25,0.25,-3.5734655388634,-0.09574596779828506,-3.7876906032816047,0.21422506441820507,0.25,0.25,-0.04085920775610408,-0.018662412074867664,0.052898300907420204,-0.09375750866352484,0.0,0.0,0.0,-0.0,0.0,0.0,-0.0017190204382249163,-0.01723560118639767,-0.009258749808956135,-0.01723560118639767,0.0021362618150029267,0.032928101692523845,-0.013275804845668815,0.032928101692523845,-0.02311018339048765,0.007846250253063089
Cash50,2024-07-28,False,2.465895610876632,-0.08975320915824864,0.03332756001415425,2.3428148417042394,0.10882957511089343,0.03933227258411189,0.07408092384750266,0.034748651263390766,0.0,0.0,0.0,-2.7732992072490807,5.239194818125713,0.5,0.5,0.0,-0.0,0.0,0.0,0.25,0.25,1.9513926430030817,-0.0908366077533504,1.9278828902924077,0.02350975271067376,0.25,0.25,0.5145029678735491,0.0010833985951017866,0.5012889007844232,0.013214067089126362,0.0,0.0,0.0,-0.0,0.0,0.0,0.0070074427334485545,-0.01754976634652144,0.00869119865729151,-0.01754976634652144,0.007948926240724852,0.03344154156384821,0.009754456777665732,0.03344154156384821,-0.009004884004883862,0.007945887608663382
Cash50,2024-07-29,False,-2.377842571230704,-0.1208181228439698,0.010454632988105568,-2.509115327062318,0.11035340319808962,0.04005918898804964,0.07520629609306963,0.03514710710501999,0.0,0.0,0.0,1.0640570185146103,-3.441899589745314,0.5,0.5,0.0,-0.0,0.0,0.0,0.25,0.25,-1.8840609986000882,-0.10606809613213677,-1.848615714079557,-0.035445284520531035,0.25,0.25,-0.49378157263061506,-0.014750026711833036,-0.4975459340247331,0.0037643613941179058,0.0,0.0,0.0,-0.0,0.0,0.0,-0.021066528733678425,-0.01775104594688597,0.01511295719677741,-0.01775104594688597,-0.01068266271453222,0.033936560212901756,0.0028314457028646434,0.033936560212901756,-0.009317726782689162,0.008092757133007895
Cash50,2024-07-30,False,9.200439913297837,-0.10429408816634249,0.015776228562193018,9.080369596569653,0.11033878044742369,0.03999165381316276,0.07516521713029323,0.035173563317130466,0.0,0.0,0.0,3.834274035127538,5.366165878170298,0.5,0.5,0.0,-0.0,0.0,0.0,0.25,0.25,-1.968318132104667,-0.08493505943173332,-1.9254120479735068,-0.04290608413116013,0.25,0.25,11.168758045402505,-0.01935902873460918,11.254958829606103,-0.08620078420359917,0.0,0.0,0.0,-0.0,0.0,0.0,-0.009332714644952667,-0.017764398354307306,-0.01210983521102571,-0.017764398354307306,-0.02019638717578609,0.03392261724795187,0.04168742733765152,0.03392261724795187,-0.02425184609405351,0.008079109446822283
Cash50,2024-07-31,False,-11.140514562233875,-0.1184268262045898,0.03308462629893678,-11.29202601473662,0.10991238768282263,0.040204554759116676,0.07505847122096965,0.03485391646185297,0.0,0.0,0.0,6.807199096517612,-17.94771365875149,0.5,0.5,0.0,-0.0,0.0,0.0,0.25,0.25,-9.241221699344504,-0.0994887360351149,-9.040570382876876,-0.20065131646762888,0.25,0.25,-1.8992928628893735,-0.01893809016947487,-1.83666963965456,-0.06262322323481334,0.0,0.0,0.0,-0.0,0.0,0.0,-0.023748762927875866,-0.017602930884658516,-0.014634295125968366,-0.017602930884658516,-0.04156576083923891,0.03384714262362414,-0.004145408163265252,0.03384714262362414,-0.028837728033139443,0.008122105869482815
Cash50,2024-08-01,False,-27.12161399061372,0.015994981471770517,0.028122219210910564,-27.133741228353756,0.10952047351307995,0.039752774561428915,0.07463662403725443,0.03488384947582552,0.0,0.0,0.0,-0.5595173594559062,-26.562096631157814,0.5,0.5,0.0,-0.0,0.0,0.0,0.25,0.25,-7.532652619860528,-0.05930699392574752,-7.481272167693438,-0.0513804521670891,0.25,0.25,-19.58896137075319,0.07530197539751801,-19.305156405246553,-0.2838049655066371,0.0,0.0,0.0,-0.0,0.0,0.0,0.011797990178401552,-0.017618057056238094,-0.008642303954039754,-0.017618057056238094,-0.025343355010741697,0.033679739717777574,-0.04739032981107916,0.033679739717777574,-0.023623984906898543,0.008030841330769742
Cash50,2024-08-02,False,-29.683181987291743,-0.10836045348710457,0.032291241477117684,-29.82383368225601,0.10816311065211562,0.03954256518307066,0.07385283791759314,0.03431027273452249,0.0,0.0,0.0,21.93575513701898,-51.61893712431072,0.5,0.5,0.0,-0.0,0.0,0.0,0.25,0.25,-26.261975736904624,-0.09452390376627287,-25.97826450614609,-0.2837112307585364,0.25,0.25,-3.421206250387117,-0.013836549720831676,-2.216568303382367,-1.2046379470047495,0.0,0.0,0.0,-0.0,0.0,0.0,-0.05883594646271517,-0.01732836538075988,-0.06728697661348237,-0.01732836538075988,-0.08395656121571238,0.0333051085069156,-0.05563025210084038,0.0333051085069156,-0.06183315130639333,0.00798837156307786
Cash50,2024-08-03,False,-23.444757088497138,0.038051390489302776,0.12414885083504583,-23.5308545488424,0.11030372922144069,0.03825168463772549,0.07427770692958309,0.0360260222918576,0.0,0.0,0.0,7.939399038416251,-31.384156126913386,0.5,0.5,0.0,-0.0,0.0,0.0,0.25,0.25,-12.638406282742448,-0.04165015926368376,-12.16306014352753,-0.4753461392149189,0.25,0.25,-10.806350805754683,0.07970154975298653,-9.577001042512626,-1.2293497632420578,0.0,0.0,0.0,-0.0,0.0,0.0,-0.014321795067659515,-0.018194737289497918,-0.029281601499732135,-0.018194737289497918,-0.07191251556865541,0.033649773590220804,-0.013347570742124892,0.033649773590220804,-0.034566132354258094,0.007727518150361442
Cash50,2024-08-04,False,-11.4051444199152,-0.03505175427701,0.08356429054754541,-11.523760464740917,0.11160984532501046,0.04215189022557859,0.07688086777529451,0.03472897754971593,0.0,0.0,0.0,19.66988334491691,-31.07502776483211,0.5,0.5,0.0,-0.0,0.0,0.0,0.25,0.25,-19.551750417521106,-0.051132375695079245,-17.278973642484114,-2.2727767750369923,0.25,0.25,8.146605997605914,0.016080621418069263,8.098135645946115,0.04847035165979674,0.0,0.0,0.0,-0.0,0.0,0.0,-0.040585416687277664,-0.017539742315321072,-0.0717377135112579,-0.017539742315321072,-0.025631477252766488,0.03457066795318563,-0.0553751803751803,0.03457066795318563,-0.03663853074853918,0.008515462818932278
Cash50,2024-08-05,False,-17.339211076397547,-0.051584221870068746,1.5165664557073746,-18.907361753976147,0.11794811748707047,0.04026161331665916,0.07910486540186482,0.03884325208520566,0.0,0.0,0.0,38.027084663245454,-55.366295739643,0.5,0.5,0.0,-0.0,0.0,0.0,0.25,0.25,-32.40086531890475,-0.003568312941481998,-32.346644072939185,-0.05422124596556431,0.25,0.25,15.06165424250721,-0.04801590892858676,9.282699268024537,5.77895497448268,0.0,0.0,0.0,-0.0,0.0,0.0,-0.07199154435774935,0.03587972005218504,-0.101582265548666,-0.01961485060235308,-0.06513697296595677,0.008132434724915977,-0.06797784991407307,0.03587972005218504,-0.09281725399576346,-0.01961485060235308
Cash50,2024-08-06,False,26.912102706117928,-0.06513985976432615,0.11013492308961573,26.736827923263263,0.11697875518999525,0.03818616270094666,0.07758245894547094,0.03939629624452429,0.0,0.0,0.0,-7.803772779989396,34.71587548610732,0.5,0.5,0.0,-0.0,0.0,0.0,0.25,0.25,17.281196909084702,0.017200699889789083,16.932756389037483,0.3484405200472187,0.25,0.25,9.630905797033229,-0.08234055965411524,9.308870662437464,0.3220351345957674,0.0,0.0,0.0,-0.0,0.0,0.0,0.037976113532022904,0.03532548497064514,0.017644772317514823,-0.019896901367095134,0.11120452932646319,0.007714291801775004,0.03646793689817662,0.03532548497064514,0.021757588622373092,-0.019896901367095134
Cash50,2024-08-07,False,70.62413212773329,0.024639917280558227,0.05374836820142278,70.59502367681307,0.11693577972061318,0.03921721402173972,0.07807649687117646,0.03885928284943674,0.0,0.0,0.0,11.754328930248482,58.8698031974848,0.5,0.5,0.0,-0.0,0.0,0.0,0.25,0.25,8.531268588155722,0.0032599887563002448,8.68049008165679,-0.14922149350107047,0.25,0.25,62.09286353957757,0.021379928524257984,64.02635070150022,-1.9334871619226504,0.0,0.0,0.0,-0.0,0.0,0.0,-0.017608215858991416,0.035471050312427393,-0.050037587110668635,-0.01962579579332624,0.002075509679927201,0.007922627259550579,0.18343546155366663,0.035471050312427393,-0.009971953879713169,-0.01962579579332624
Cash50,2024-08-08,False,17.88012507924705,-0.07904051359902838,0.38376457298340394,17.41731999266449,0.09298353624424997,0.03957857420731374,0.06628105522578186,0.026702481018468113,0.0,0.0,0.0,-36.428342451127946,54.308467530375,0.5,0.5,0.0,-0.0,0.0,0.0,0.25,0.25,43.73471041104726,-0.03649999578806059,42.65613521668428,1.0785751943629762,0.25,0.25,-25.8545853318002,-0.04254051781096777,-29.63635930249603,3.7817739706958267,0.0,0.0,0.0,-0.0,0.0,0.0,0.11878505216052071,0.02947633032076897,0.1455978030721059,-0.013485591717647134,0.12646855084510933,0.007995369301560917,0.03023216970101883,0.02947633032076897,0.12317700136397014,-0.013485591717647134
Cash50,2024-08-09,False,-14.972325607901652,-0.015725134026809293,0.23395950740278687,-15.222010249330197,0.08470111824709328,0.033939113495208575,0.05932011587115093,0.02538100237594235,0.0,0.0,0.0,8.089928026854885,-23.062253634756537,0.5,0.5,0.0,-0.0,0.0,0.0,0.25,0.25,-12.426161111824644,-0.012187259082873991,-15.847865077264606,3.421703965439964,0.25,0.25,-2.5461644960770142,-0.0035378749439353083,-1.7098534898544768,-0.8363110062225361,0.0,0.0,0.0,-0.0,0.0,0.0,-0.01361012447809451,0.026530850801946212,-0.03130099059439395,-0.012818393155497805,-0.04179144861853312,0.006856228823224205,-0.061932555123216604,0.026530850801946212,-0.031387202241943024,-0.012818393155497805
Cash50,2024-08-10,False,-0.3090527086798063,-0.03173778607861706,0.04012219862226835,-0.38091269338292477,0.08468517774166746,0.03333932731615546,0.05901225252891146,0.025672925212756,0.0,0.0,0.0,-2.335548480571277,2.026495771891471,0.5,0.5,0.0,-0.0,0.0,0.0,0.25,0.25,1.0543399720738806,-0.006536272834253299,1.0349369937257253,0.019402978348155214,0.25,0.25,-1.363392680753686,-0.02520151324436376,-1.366386641626346,0.002993960872659754,0.0,0.0,0.0,-0.0,0.0,0.0,0.002220108355770245,0.026436454664063823,0.004899088792611694,-0.012966072611172398,-0.013380738154677552,0.006735191026445713,0.008814379536812966,0.026436454664063823,0.01301957758703809,-0.012966072611172398
Cash50,2024-08-11,False,-21.076608057454187,-0.03999656434821408,0.010969096106409396,-21.1275737179094,0.08451292741390447,0.033382907397376226,0.05894791740564035,0.025565010008264125,0.0,0.0,0.0,8.038545640602083,-29.115153698056268,0.5,0.5,0.0,-0.0,0.0,0.0,0.25,0.25,-15.601808629260509,-0.01267560338680409,-15.592006076535775,-0.009802552724734799,0.25,0.25,-5.474799428193677,-0.027320960961409988,-5.469092119759713,-0.0057073084339650665,0.0,0.0,0.0,-0.0,0.0,0.0,-0.036021064834960925,0.02639963608940657,-0.019665755043017596,-0.012911607267767883,-0.07856325128792219,0.006744014410819343,-0.05362343669693337,0.02639963608940657,-0.0422696115765423,-0.012911607267767883
Cash50,2024-08-12,False,-5.973609132638587,-0.013732509726958213,0.042404713875269714,-6.029746356241958,0.0841222155348377,0.03267452590919674,0.05839837072201722,0.02572384481282048,0.0,0.0,0.0,-17.564939538393283,11.591330405754697,0.5,0.5,0.0,-0.0,0.0,0.0,0.25,0.25,13.325837244685001,-0.04873335873780818,13.075280027879302,0.2505572168056982,0.25,0.25,-19.29944637732359,0.03500084901084999,-18.915209093304163,-0.3842372840194238,0.0,0.0,0.0,-0.0,0.0,0.0,0.010152612849869014,0.026193559844224282,0.06420298927928614,-0.012991786443699357,0.02988888732016548,0.006600886700262462,0.02643012309920345,0.026193559844224282,0.07057654075546727,-0.012991786443699357
Cash50,2024-08-13,False,12.310491630235848,-0.046583973510507325,0.07305780805121068,12.190849848675498,0.08170784047631675,0.032641940221676546,0.05717489034899665,0.024532950127320107,0.0,0.0,0.0,2.3863789098757957,9.924112720360053,0.5,0.5,0.0,-0.0,0.0,0.0,0.25,0.25,1.4831220546716148,-0.006952555494960501,1.4497706956188856,0.033351359052729665,0.25,0.25,10.827369575564232,-0.03963141801554682,11.5677392789424,-0.7403697033781679,0.0,0.0,0.0,-0.0,0.0,0.0,0.020922393048241172,0.025578857027902233,-0.006676740603480225,-0.012390289461738833,0.003968689167329398,0.0065942837830817,0.01675485008818356,0.025578857027902233,-0.012534818941504211,-0.012390289461738833
Cash50,2024-08-14,False,-6.053853510849138,0.009875427180821638,0.01431358236788335,-6.058291666036894,0.08162407342512049,0.032796434346914594,0.05721025388601754,0.024413819539102946,0.0,0.0,0.0,6.555589910100641,-12.609443420949777,0.5,0.5,0.0,-0.0,0.0,0.0,0.25,0.25,-7.735171418476517,-0.004139426269790949,-7.713492704171704,-0.021678714304812337,0.25,0.25,1.6813179076273794,0.014014853450612593,1.4079730996557442,0.27334480797163485,0.0,0.0,0.0,-0.0,0.0,0.0,-0.029735318991490067,0.025581260357995683,-0.015075525681692903,-0.012330194480942615,-0.019211994183148784,0.006625532938526534,-0.014397224631396366,0.025581260357995683,-0.0378937470615891,-0.012330194480942615
Cash50,2024-08-15,False,-2.970332642169,0.017240112400655302,0.049888521521334696,-3.002981051291499,0.0834281128110062,0.034405779388730254,0.05891694609986823,0.024511166711137976,0.0,0.0,0.0,7.254180089085782,-10.224512731254784,0.5,0.5,0.0,-0.0,0.0,0.0,0.25,0.25,-7.264812211142472,-0.0008699224488199765,-6.7669230765170525,-0.49788913462541895,0.25,0.25,4.294479568973474,0.01811003484947528,4.109578449774827,0.18490111919864605,0.0,0.0,0.0,-0.0,0.0,0.0,-0.021661338154530307,0.026280572738266218,-0.035546786922209805,-0.012379316176464514,-0.009508760450239184,0.006950628280900851,-0.014607532558958303,0.026280572738266218,-0.022869429241594963,-0.012379316176464514
Cash50,2024-08-16,False,4.792214171196601,-0.03312249265207914,0.05106155705784894,4.708030121486445,0.08546118355982313,0.03446427743994074,0.05996273049988193,0.025498453059941195,0.0,0.0,0.0,-1.3816697485484637,6.173883919745065,0.5,0.5,0.0,-0.0,0.0,0.0,0.25,0.25,1.0391305048703394,-0.025551051678099172,0.9875614629367244,0.051569041933615195,0.25,0.25,3.753083666326261,-0.0075714409739799544,3.611070588777924,0.14201307754833659,0.0,0.0,0.0,-0.0,0.0,0.0,0.023846231481062574,0.026802832069247412,0.009098312428645672,-0.01287794168043592,-0.02537757131512175,0.006962445194405746,0.0057153063046975205,0.026802832069247412,0.0016003200640128945,-0.01287794168043592
Cash50,2024-08-17,False,1.2600805825601538,-0.023089672382229642,0.031783997040276804,1.2052069131386816,0.08849017889485981,0.0344471569794052,0.0614686679371325,0.027021510957727302,0.0,0.0,0.0,-4.639204195646517,5.899284778206671,0.5,0.5,0.0,-0.0,0.0,0.0,0.25,0.25,5.016759611780277,-0.019472545134723452,5.005667113042175,0.011092498738101524,0.25,0.25,-3.7566790292201224,-0.003617127247506187,-3.5838118540259627,-0.17286717519416012,0.0,0.0,0.0,-0.0,0.0,0.0,0.010561094247653724,0.027565184528509905,0.009116674904238176,-0.013647184955142038,0.022259878857802118,0.006958999786683934,0.005150062155922397,0.027565184528509905,0.024765328540043985,-0.013647184955142038
Cash50,2024-08-18,False,-2.3419673727120736,-0.0014046581128174833,0.03169354423434871,-2.375065575059125,0.09150243194150691,0.03437645660391833,0.06293944427271261,0.02856298766879428,0.0,0.0,0.0,4.179619293726891,-6.521586666438964,0.5,0.5,0.0,-0.0,0.0,0.0,0.25,0.25,-3.4491477739756995,0.008691840048230924,-3.5147535188018493,0.06560574482615009,0.25,0.25,1.1071804012636264,-0.010096498161048408,1.1660495862804794,-0.058869185016853426,0.0,0.0,0.0,-0.0,0.0,0.0,-0.01770433905146307,0.02831514022286926,-0.0012971756773820786,-0.014425706239055362,0.0030895765587197754,0.00694471699190695,-0.0060070671378090745,0.02831514022286926,-0.027577470278698057,-0.014425706239055362
Cash50,2024-08-19,False,19.620415986322968,0.0026985166564236183,0.6541492073635129,18.968965295616727,0.09596326741405184,0.0350666753531539,0.06551497138360288,0.030448296030448973,0.0,0.0,0.0,-4.4565608938788435,24.076976880201812,0.5,0.5,0.0,-0.0,0.0,0.0,0.25,0.25,8.342489877190314,-0.006888421977509896,8.10632058645724,0.23616929073307263,0.25,0.25,11.277926109132652,0.009586938633933523,11.538379292237888,-0.26045318310523563,0.0,0.0,0.0,-0.0,0.0,0.0,0.01708690523273626,0.029544373601871367,0.009563291672733065,0.007083719519000098,0.01355789177595712,-0.01537693456387117,0.061855670103092786,0.029544373601871367,0.015332197614991383,-0.01537693456387117
Cash50,2024-08-20,False,-5.829648331426519,-0.014965128348256935,0.023721478152437272,-5.868334937926193,0.0968909053234998,0.03522048508023071,0.06605569520186526,0.030835210121634548,0.0,0.0,0.0,-0.6370872604231195,-5.192561071003399,0.5,0.5,0.0,-0.0,0.0,0.0,0.25,0.25,-2.230164021092889,-0.012578753021724634,-2.2574024933546326,0.027238472261743793,0.25,0.25,-3.599484310333629,-0.002386375326532294,-3.6748326225542867,0.07534831222065724,0.0,0.0,0.0,-0.0,0.0,0.0,-0.00635801856063356,0.02980376782807464,-0.02354133300948036,0.007115232885698144,-0.012412147114123862,-0.015573302056678348,-0.005356545028456838,0.02980376782807464,0.016482431898934058,-0.015573302056678348
Cash50,2024-08-21,False,10.255940973905314,-0.013265529365855164,0.06509901601041003,10.177576428530301,0.10125067202127318,0.035712665652297325,0.06848166883678525,0.03276900318448792,0.0,0.0,0.0,-5.762259274053885,16.0182002479592,0.5,0.5,0.0,-0.0,0.0,0.0,0.25,0.25,7.506596935193123,-0.018650227294196162,7.3821447760512395,0.12445215914188369,0.25,0.25,2.7493440387121932,0.005384697928340995,2.4557924884047857,0.29355155030740615,0.0,0.0,0.0,-0.0,0.0,0.0,0.0359137081636387,0.030979162702904423,0.02274078766843779,0.007214633640055348,0.0036882481874895845,-0.01654989542279373,0.010265903736115689,0.030979162702904423,0.030973880959316524,-0.01654989542279373
Cash50,2024-08-22,False,-4.851595408541389,0.008243305428776961,0.022598739245025395,-4.865950842357051,0.10215161884019539,0.03542419944387293,0.06878790914203416,0.03336370969816123,0.0,0.0,0.0,1.131115384977761,-5.98271079351915,0.5,0.5,0.0,-0.0,0.0,0.0,0.25,0.25,-2.0411280488885684,-0.03175440272649673,-2.1186038838742274,0.07747583498565906,0.25,0.25,-2.8104673596528205,0.0399977081552737,-2.8412207297339482,0.030753370081129223,0.0,0.0,0.0,-0.0,0.0,0.0,-0.013155075841203678,0.031163096949616942,-0.0033708035965371863,0.007156388004628547,0.0021768193239961597,-0.016850320940359848,-0.00516408462435447,0.031163096949616942,-0.008852891316632139,-0.016850320940359848
Cash50,2024-08-23,False,5.7300198382033685,0.015556017198656479,0.015279288315599748,5.730296567086043,0.10261444678431525,0.035581651612957045,0.06909804919863614,0.0335163975856791,0.0,0.0,0.0,-24.47171448287356,30.20173432107693,0.5,0.5,0.0,-0.0,0.0,0.0,0.25,0.25,20.30748221189347,-0.02900626137609002,20.112096502107015,0.19538570978645708,0.25,0.25,-14.577462373690102,0.04456227857474648,-14.62199892737737,0.04453655368726561,0.0,0.0,0.0,-0.0,0.0,0.0,0.06159776345597101,0.03130385130638239,0.053554746334674164,0.007188201627999683,0.07049168878334955,-0.016927448050383025,0.02210314802411273,0.03130385130638239,0.07335613835043708,-0.016927448050383025
Cash50,2024-08-24,False,-5.725867085940342,-0.04487674196414963,0.11227696050832711,-5.883020788412978,0.09975150298682699,0.034068857959450694,0.06691018047313885,0.032841322513688154,0.0,0.0,0.0,-6.79365205026756,1.067784964327218,0.5,0.5,0.0,-0.0,0.0,0.0,0.25,0.25,3.1068753638429607,-0.033644197056113476,3.4594996949149013,-0.3526243310719406,0.25,0.25,-8.832742449783305,-0.011232544908036145,-9.740820497669208,0.9080780478859051,0.0,0.0,0.0,-0.0,0.0,0.0,0.0005198243524440205,0.030351386155675387,0.0008541440463265548,0.006882521488785885,0.04568971704083569,-0.016586343178103615,0.0027850589777194124,0.030351386155675387,-0.004957507082153034,-0.016586343178103615
Cash50,2024-08-25,False,-0.712029973405397,0.06186664071497276,0.021920654900589098,-0.6720839875906677,0.0990330207219667,0.034241109026380556,0.06663706487417362,0.03239595584779306,0.0,0.0,0.0,5.064776660251487,-5.776806633656885,0.5,0.5,0.0,-0.0,0.0,0.0,0.25,0.25,-3.8505146839349615,0.006178143542218914,-3.8521870646914143,0.0016723807564527349,0.25,0.25,3.138484710529564,0.05568849717275384,3.2037197282551064,-0.06523501772554186,0.0,0.0,0.0,-0.0,0.0,0.0,0.002054813756174445,0.03019632018337527,-0.007199785922990198,0.00691738082573682,-0.007225036811500218,-0.01636155853190163,-0.01944126776670485,0.03019632018337527,-0.023576512455516063,-0.01636155853190163
Cash50,2024-08-26,False,-2.4099098296895125,0.011101235501783824,1.246637938576264,-3.645446532766073,0.08736813550367711,0.0350024923946827,0.061185313949179906,0.026182821554497204,0.0,0.0,0.0,8.540564174810488,-10.950474004499998,0.5,0.5,0.0,-0.0,0.0,0.0,0.25,0.25,-8.559146283464639,-0.04360877800326941,-8.263352203386129,-0.2957940800785097,0.25,0.25,6.149236453775128,0.05471001350505326,1.687039764171919,4.462196689603209,0.0,0.0,0.0,-0.0,0.0,0.0,-0.02206458222719776,0.00707034215443735,-0.02382123149210502,-0.013222023225622834,-0.011796276976834719,0.027362707534497537,-0.022325891369543438,0.027362707534497537,-0.040455580865603635,-0.013222023225622834
Cash50,2024-08-27,False,-12.918550339658491,-0.03823136457169347,0.023546727367276775,-12.980328431596718,0.08718704442882717,0.03482437478688636,0.06100570960785676,0.026181334820970403,0.0,0.0,0.0,19.706491467336246,-32.62504180699474,0.5,0.5,0.0,-0.0,0.0,0.0,0.25,0.25,-21.78226251007711,-0.017888324084906766,-21.370358852801303,-0.4119036572758032,0.25,0.25,8.86371217041862,-0.020343040486786697,8.274952532101027,0.5887596383175906,0.0,0.0,0.0,-0.0,0.0,0.0,-0.05505349636988921,0.007035210904208959,-0.08425962202197723,-0.013222865690082443,-0.06799117278572386,0.02729328749850036,-0.036809815950920144,0.02729328749850036,-0.06409647706770494,-0.013222865690082443
Cash50,2024-08-28,False,-9.172026079310104,0.007646514366533691,0.06133043327241796,-9.225709998216189,0.08661801745487621,0.03359322537593923,0.06010562141540771,0.026512396039468488,0.0,0.0,0.0,-5.297909418888238,-3.8741166604218646,0.5,0.5,0.0,-0.0,0.0,0.0,0.25,0.25,1.4002224293869223,-0.009862635840127757,1.3309196382778747,0.06930279110904783,0.25,0.25,-10.572248508697024,0.01750915020666145,-9.775221578748624,-0.7970269299483987,0.0,0.0,0.0,-0.0,0.0,0.0,-0.006080855666872109,0.006786469105952912,0.02989939818191445,-0.013390017974837784,-0.018983282156260772,0.02696295618674361,0.00619249823071466,0.02696295618674361,0.009537337662337775,-0.013390017974837784
Cash50,2024-08-29,False,-11.046514266063628,0.03177450036018101,0.023511047906913652,-11.03825081360992,0.08564780791287649,0.03356457680442724,0.05960619235865186,0.02604161555422462,0.0,0.0,0.0,-0.8639465091389738,-10.182567756924655,0.5,0.5,0.0,-0.0,0.0,0.0,0.25,0.25,-1.8377927527601776,0.01996931031940113,-1.8111303054461363,-0.026662447314040865,0.25,0.25,-9.208721513303452,0.011805190040779873,-9.256475875857648,0.047754362554195726,0.0,0.0,0.0,-0.0,0.0,0.0,0.005943450761409341,0.006780706841258841,-0.000280897765082444,-0.013152300547006463,-0.026348005119359086,0.026713714229524146,-0.013187972569016937,0.026713714229524146,0.006834170854271404,-0.013152300547006463
Cash50,2024-08-30,False,-3.4052959122138136,0.028798389283581024,0.015714422179856278,-3.39221194511083,0.08560032623844924,0.03356532361087909,0.05958282492466416,0.02601750131378507,0.0,0.0,0.0,-1.8241359715593306,-1.5811599406544836,0.5,0.5,0.0,-0.0,0.0,0.0,0.25,0.25,0.32639684403899494,-0.02491939711478863,0.3490600206904768,-0.022663176651481754,0.25,0.25,-3.7316927562528086,0.053717786398369646,-3.7070143567023353,-0.024678399550473202,0.0,0.0,0.0,-0.0,0.0,0.0,-0.004213016873975128,0.006780862920977251,-0.0006094423997783371,-0.013140131762199143,-0.014466352336047872,0.026701857604153646,0.00962223806129714,0.026701857604153646,0.014473946895587897,-0.013140131762199143
Cash50,2024-08-31,False,-4.636803496260327,-0.04819160242176222,0.013530089079842704,-4.698525187761334,0.08548015249234948,0.03367799556956783,0.05957907403095865,0.025901078461390815,0.0,0.0,0.0,1.1860596434157586,-5.822863139676085,0.5,0.5,0.0,-0.0,0.0,0.0,0.25,0.25,-2.235400055657482,-0.06084874808593559,-2.212149605146686,-0.02325045051079691,0.25,0.25,-2.4014034406028433,0.012657145664173378,-2.3411420516092734,-0.060261388993570024,0.0,0.0,0.0,-0.0,0.0,0.0,-0.002643429757031357,0.006803626363819907,-0.005516045237114797,-0.013081335252514538,-0.020064513790728822,0.026688587980154353,-0.0010589481115426125,0.026688587980154353,-0.003542261143363201,-0.013081335252514538
Cash50,2024-09-01,True,0.0,0.0,1.1571211496448741,-1.1571211496448086,0.0,0.0,0.0,0.0,0.0,0.0,0.0,0.0,0.0,0.5,0.5,0.0,-0.0,0.0,0.0,0.25,0.25,0.0,-0.0,0.0,0.0,0.25,0.25,0.0,-0.0,0.0,0.0,0.0,0.0,0.0,-0.0,0.0,0.0,0.0,0.0,0.0,0.0,0.0,0.0,0.0,0.0,0.0,0.0
