scenario,family,seed,mapping,profile,funding_scale,window,days,full_calendar_and_paid_cash,native_completion,net_USDT,net_return_percent,gross_price_USDT,fees_USDT,spread_USDT,slippage_USDT,execution_cost_USDT,funding_USDT,turnover_USDT,Sharpe,realized_vol,MDD,mean_gross,mean_signed_exposure,long_net_USDT,short_net_USDT,liquidation_count,liquidation_loss_USDT,summary_sha256
ZERO_EVENT,CROSS_ASSET_MULTITASK,ENSEMBLE,NEUTRAL,FULL,1.0,LOCKED_20260301_20260831,184,True,COMPLETE_CONDITIONAL_ACCOUNT,-516.5677197989088,-5.165677197989088,-435.10972435194435,36.632276105315086,26.642674283675532,26.642674283675532,53.285348567351065,8.459629225706625,70223.41795850269,-0.2593197074409072,0.2647801697054148,0.20965337073733226,0.4900485083752459,0.0991298142424847,528.1453126374508,-1044.7130324363548,2,1809.6397926012714,36efc91635ba92409da02f62611280ab76020d8558fc89ddd206eade2973d0a5
ZERO_EVENT,TRANSFORMER_SHARED,ENSEMBLE,NEUTRAL,FULL,1.0,LOCKED_20260301_20260831,184,True,COMPLETE_CONDITIONAL_ACCOUNT,-1710.2064451385834,-17.102064451385832,-1667.5503428939803,27.91604275707171,20.303070276871395,20.303070276871395,40.60614055374279,25.866081066214665,53966.886324969135,-1.233537134851169,0.2710734150666511,0.2670720023791102,0.5053811396953007,0.0815736820551328,491.4140913258193,-2201.6205364643993,2,1605.2224742375558,e1d81ae3dc6717def3643edf7f3b3cc0483cc5a967ff2e9a5ee174e113fbdf68
ZERO_EVENT,PATCH_CROSS_ASSET_MULTITASK,ENSEMBLE,NEUTRAL,FULL,1.0,LOCKED_20260301_20260831,184,True,COMPLETE_CONDITIONAL_ACCOUNT,-1327.1167900351895,-13.271167900351895,-1193.4030814846965,58.898335487596675,42.83584578558159,42.83584578558159,85.67169157116318,10.856318508268155,110445.98482713393,-0.9415536483130774,0.26202327881196374,0.2419906534056434,0.46721534931450187,0.12111223198905388,282.6859732285077,-1609.8027632636959,2,1679.0510612063483,43ff2af6784ce138acd7c5d871f80b8046546254082e0abf1fa0e136b4cb1dcd
ZERO_EVENT,CROSS_ASSET_MULTITASK,ENSEMBLE,DIRECTIONAL,FULL,1.0,LOCKED_20260301_20260831,184,True,COMPLETE_CONDITIONAL_ACCOUNT,475.998068419698,4.75998068419698,511.949192750856,21.012078070963213,15.281675148078563,15.281675148078563,30.563350296157125,15.62430403595746,38203.77831084221,0.5861114338793935,0.18690115495215118,0.09606611118035102,0.38511137426999614,0.30692373355607927,598.6737436597493,-122.6756752400561,0,0.0,8e852b1b851fc7edcc6d08024956ade6024b667fcee53985f3c3153cbedc7a3c
ZERO_EVENT,TRANSFORMER_SHARED,ENSEMBLE,DIRECTIONAL,FULL,1.0,LOCKED_20260301_20260831,184,True,COMPLETE_CONDITIONAL_ACCOUNT,-281.7005740414134,-2.817005740414134,-244.69802709007052,12.444750749499121,9.050932045488983,9.050932045488983,18.101864090977966,-6.455932110868591,23509.72904488506,-0.24091671046787366,0.1735507501969114,0.14547863654417803,0.3385034757091856,0.30328127078595624,143.2770154403884,-424.97758948180467,2,441.4547501706018,329704649373ed692467d5f3b24f505f566f5b5d0d95b7282a4a6604bb14e5e5
ZERO_EVENT,ORACLE_POLICY_CROSS_ASSET,ENSEMBLE,DIRECTIONAL,FULL,1.0,LOCKED_20260301_20260831,184,True,COMPLETE_CONDITIONAL_ACCOUNT,-232.2279629949372,-2.3222796299493718,-207.37378073744435,28.60873532004814,20.806286600425175,20.806286600425175,41.61257320085035,45.36712626339999,52015.88240008753,-0.15146098745587028,0.19005986032412403,0.11612635425569007,0.28940248621662673,0.1463507297337917,-59.77397080301471,-172.45399219192842,0,0.0,13653ff4612e10a97de121e19e2dd324d070191da9fc8e900131fc6702cf51ba
ZERO_EVENT,PATCH_CROSS_ASSET_MULTITASK,ENSEMBLE,DIRECTIONAL,FULL,1.0,LOCKED_20260301_20260831,184,True,COMPLETE_CONDITIONAL_ACCOUNT,-460.8566047960167,-4.608566047960167,-404.6777686387139,39.79114781032207,28.93888709243918,28.93888709243918,57.87777418487836,41.49008583790454,72347.54147331286,-0.4998719749875004,0.16140142380957007,0.11465608124784543,0.3313236170848421,0.11746677568107523,2.8333948830344653,-463.6899996790444,0,0.0,27009675165e0a849de1cf909446574e070dfb3dafb8143e88e6ba547f60013b
ZERO_EVENT,CROSS_ASSET_MULTITASK,ENSEMBLE,COMBINED,FULL,1.0,LOCKED_20260301_20260831,184,True,COMPLETE_CONDITIONAL_ACCOUNT,-145.1788837332163,-1.4517888373321632,-102.59399393633316,26.33292884097346,19.151843776507082,19.151843776507082,38.303687553014164,22.051726597102252,49926.90034974906,-0.1196780431852037,0.1490524964047636,0.12461175838445215,0.4473051887830746,0.17820236065652117,489.39254494966906,-634.5714286828876,2,1024.4239558077497,a9f25ede030c4e268255c8b7b730f19cc6ef6aae6b84e4a27e3b35f1cbaba238
ZERO_EVENT,PATCH_CROSS_ASSET_MULTITASK,ENSEMBLE,COMBINED,FULL,1.0,LOCKED_20260301_20260831,184,True,COMPLETE_CONDITIONAL_ACCOUNT,-820.4855899025711,-8.204855899025711,-744.7308685710112,45.997122270657556,33.45282841734755,33.45282841734755,66.9056568346951,37.14805777379522,85550.41498641425,-1.0855331909581307,0.14649035408931982,0.1296326615866482,0.41485011599340244,0.08419320908344871,122.68266682433342,-943.1682567269021,2,959.6417926093513,6bb2e0e116c69ec4f0dfba5b713bf7a5d1be2888a9ea41d2434cfc4d1251d508
ZERO_EVENT,TRANSFORMER_SHARED,ENSEMBLE,COMBINED,FULL,1.0,LOCKED_20260301_20260831,184,True,COMPLETE_CONDITIONAL_ACCOUNT,-801.3534470147442,-8.013534470147441,-775.6452071932576,16.504390389363614,12.003613727076337,12.003613727076337,24.007227454152673,14.803378022025665,32098.36720228375,-0.9083497171371637,0.1669034477700181,0.18685256690069396,0.4160655872923719,0.17686666690854366,455.4200781315394,-1256.7735251462875,2,1045.1923380840426,5983e0b7ec3a8a4f170b7d3dc0caaed5adb1212cbaedc623321f3856c0a734ea
ZERO_EVENT,ORACLE_POLICY_PATCH_CROSS_ASSET,ENSEMBLE,NEUTRAL,FULL,1.0,LOCKED_20260301_20260831,184,False,NOT_EVALUABLE_UNEXECUTABLE_RISK_REDUCTION,N/E,N/E,-591.2639349269868,48.54131575514738,35.30330046724091,35.30330046724091,70.60660093448182,-1.6088814089467707,89983.49375180666,,,,,,-34.25657865666898,-677.7641543688939,1,863.278007587529,48fa370b5f7f2c0c494a363162821361b0ccdbcc58cea7fd9f2483bcd13b1f72
ZERO_EVENT,ORACLE_POLICY_CROSS_ASSET,ENSEMBLE,NEUTRAL,FULL,1.0,LOCKED_20260301_20260831,184,True,COMPLETE_CONDITIONAL_ACCOUNT,-657.8600042140826,-6.578600042140826,-578.2674395623053,41.248735791184934,29.999390982002144,29.999390982002144,59.99878196400429,21.654953103414474,76545.98948719558,-0.6256127490836509,0.1874974228420048,0.1839003241608389,0.4697491184848337,0.12032993793933075,526.5114215592102,-1184.3714257732904,1,774.144024338753,dd376229c6eebcacea9a753d0d6f8f5071663b55ff3f2a17858e1ba9bc8a96bb
ZERO_EVENT,BASE_CASH,ENSEMBLE,DIRECTIONAL,FULL,1.0,LOCKED_20260301_20260831,184,True,COMPLETE_CONDITIONAL_ACCOUNT,0.0,0.0,0.0,0.0,0.0,0.0,0.0,0.0,0.0,0.0,0.0,0.0,0.0,0.0,0.0,0.0,0,0.0,88548643f092c8e19e01e714cae4afc460661517aa2e474e9bf603bba3dd6974
ZERO_EVENT,ORACLE_POLICY_PATCH_CROSS_ASSET,ENSEMBLE,DIRECTIONAL,FULL,1.0,LOCKED_20260301_20260831,184,True,COMPLETE_CONDITIONAL_ACCOUNT,-556.7779945832854,-5.567779945832854,-517.7366748048173,27.101643678527015,19.710120635920074,19.710120635920074,39.42024127184015,27.480565171889715,49275.715779140024,-0.6783789409439615,0.15085853253504317,0.11201163499174327,0.23689377993464952,0.17753704128300515,-311.79951644480667,-244.97847813848807,0,0.0,ff05a0b0dd135fb916cc3aa0b896ac8ffe846e4938d277171245fcdf6b624690
ZERO_EVENT,ORACLE_POLICY_CROSS_ASSET,ENSEMBLE,COMBINED,FULL,1.0,LOCKED_20260301_20260831,184,True,COMPLETE_CONDITIONAL_ACCOUNT,-654.6240192709428,-6.546240192709427,-618.6774382525762,33.1304675444106,24.094986107724036,24.094986107724036,48.18997221544807,45.37385874149351,61170.33140524876,-0.9909844611617179,0.12734691863444508,0.11925279642390207,0.3797767786716468,0.09646108473952056,328.344029410789,-982.9680486817302,1,466.5588440692903,f1ede77220b35da6a84cd7d3da02c0a5c7c2fcce06bb11e5a986760543d2fcae
ZERO_EVENT,ORACLE_POLICY_PATCH_CROSS_ASSET,ENSEMBLE,COMBINED,FULL,1.0,LOCKED_20260301_20260831,184,True,COMPLETE_CONDITIONAL_ACCOUNT,-801.6832819645464,-8.016832819645463,-702.4674315819091,41.22525889379173,29.982452050382925,29.982452050382925,59.96490410076585,1.9743126119211998,77049.92788572151,-0.7187918079441458,0.20139369515690045,0.17278686189395598,0.3708625483910244,0.09350141071386764,420.6420580384153,-1222.325340002961,2,1047.4558575955396,4322faf5e48a9dcf5bb405bd4e97f459a66509ec3242344a3391875e6ca82049
ZERO_EVENT,OLD_FROZEN_TRANSFORMER_SHARED,FROZEN_LEGACY,DIRECTIONAL,FULL,1.0,LOCKED_20260301_20260831,184,True,COMPLETE_CONDITIONAL_ACCOUNT,-1052.3299020576703,-10.523299020576703,-940.6448375622125,33.07265744143983,24.052716822588366,24.052716822588366,48.10543364517673,-30.50697340884844,60682.27113829832,-0.7637725188571869,0.24844625680699753,0.23865783633211846,0.5164031022112215,0.42540891976394485,-436.4442031002481,-615.8856989574293,1,275.08334965840106,92a7c8ba3513c9d382844fb9f69f8f9144a325a0849633aba208a797651a075e
ZERO_EVENT,BASE_HOLD,ENSEMBLE,DIRECTIONAL,FULL,1.0,LOCKED_20260301_20260831,184,True,COMPLETE_CONDITIONAL_ACCOUNT,1321.4932936923474,13.214932936923473,1369.1173673207377,18.492550390575534,13.44956567433975,13.44956567433975,26.8991313486795,-2.2323918891236807,33622.81889195552,0.8261494688857698,0.3858035776375228,0.22134609876814748,0.5737899043068463,0.5737899043068463,1321.4932936923587,0.0,0,0.0,7510f8d3f4044ae3a43910da33b8547f908fae56fc5eb0fa3391fe02d969b693
ZERO_EVENT,BASE_STATIC_DIRECTION3,ENSEMBLE,DIRECTIONAL,FULL,1.0,LOCKED_20260301_20260831,184,True,COMPLETE_CONDITIONAL_ACCOUNT,-1385.423193019439,-13.854231930194391,-1333.8905492927547,15.625848676994826,11.363892717517386,11.363892717517386,22.72778543503477,-13.17900961465702,28616.819033781045,-3.3993242989891304,0.08590666679832086,0.15265380715991794,0.16863402787096807,-0.07925724654174839,-857.1921166207624,-528.2310763986791,1,103.09253780431708,752b08d638c2547cfe34cee4310c3c2b234519b8190e7f36057721be58f03931
ZERO_EVENT,BASE_SMA200_SIGNED,ENSEMBLE,DIRECTIONAL,FULL,1.0,LOCKED_20260301_20260831,184,True,COMPLETE_CONDITIONAL_ACCOUNT,-2992.6024157271468,-29.92602415727147,-2868.112587129632,35.526954413781496,25.837270013215743,25.837270013215743,51.67454002643149,-37.288334157305044,65853.15331707784,-2.5108844655443154,0.26645194517385845,0.333107577916147,0.5379318782014891,-0.42366785023977194,-931.3218664117214,-2061.2805493154287,2,629.3453732830149,d8726c8ac99bc1944450204437dc7584c6a46dd4e65ec370ba074b9cb60cbde1
ZERO_EVENT,TRANSFORMER_SHARED,ENSEMBLE,NEUTRAL,HALF,1.0,LOCKED_20260301_20260831,184,True,COMPLETE_CONDITIONAL_ACCOUNT,-829.2161526719212,-8.292161526719212,-808.0802648445191,16.067128373679964,11.685443315443393,11.685443315443393,23.370886630886787,18.30212717716239,30830.55243221876,-1.1030007119686454,0.14589543771908908,0.1366996024608621,0.2666700259815398,0.026179531635693965,268.26500814171357,-1097.481160813637,2,808.7958764003213,3351ba38968bcfb4b917151fc4f5a1f0f28ac66341681ace1ecc7f8d9a44f5c8
ZERO_EVENT,TRANSFORMER_SHARED,ENSEMBLE,DIRECTIONAL,HALF,1.0,LOCKED_20260301_20260831,184,True,COMPLETE_CONDITIONAL_ACCOUNT,-51.358282213097176,-0.5135828221309717,-32.86949882702167,6.5000567468552255,4.727358494846439,4.727358494846439,9.454716989692878,-2.534009649527668,11990.20803544611,-0.0793311012718947,0.08434891129338258,0.06824732643575782,0.16942415650901524,0.14781766910382102,92.03239716452852,-143.39067937762593,2,85.96152058194127,d471403ac2dd7ca2c516f01d36b7aee267b923c9badfdf8af5f83e8f9d80fbc6
ZERO_EVENT,CROSS_ASSET_MULTITASK,ENSEMBLE,NEUTRAL,HALF,1.0,LOCKED_20260301_20260831,184,True,COMPLETE_CONDITIONAL_ACCOUNT,-85.62717850539781,-0.856271785053978,-49.868964286046946,19.680955372387313,14.31396907699792,14.31396907699792,28.62793815399584,12.550679307029693,37542.76165232369,-0.058936087672671854,0.1344026227696558,0.10293617364219199,0.2619279364486928,0.032203198790906044,270.86840226040454,-356.49558076580485,2,879.6032149006483,e2816233a42a9f45c98956484085791789c4a67d098b526829b40f8a6f786ed9
ZERO_EVENT,TRANSFORMER_SHARED,ENSEMBLE,COMBINED,HALF,1.0,LOCKED_20260301_20260831,184,True,COMPLETE_CONDITIONAL_ACCOUNT,-534.2352314583073,-5.342352314583073,-523.4580202333859,8.781204442045121,6.386700914239658,6.386700914239658,12.773401828479315,10.777395045601226,17646.818447606864,-1.0474112011653163,0.09922471590942383,0.10860581433799388,0.21462510426540543,0.07970204551642023,248.54091548415707,-782.7761469424662,3,840.4960946715036,af33cfc1cfc8068b3940581f6803051a78c0a4050a80e26c2d31aee8e3dc16e3
ZERO_EVENT,CROSS_ASSET_MULTITASK,ENSEMBLE,DIRECTIONAL,HALF,1.0,LOCKED_20260301_20260831,184,True,COMPLETE_CONDITIONAL_ACCOUNT,217.5875397340451,2.1758753973404508,233.59789459137886,10.338256968626775,7.5188070921457415,7.5188070921457415,15.037614184291483,9.365516295585449,18796.830852048683,0.5159272700739458,0.0906780902033994,0.04750565877662949,0.19434167103861477,0.1491884087394405,296.32133260034664,-78.73379286630046,0,0.0,e3d67b6536f9c494432d84f1157515fe402de12dffd367fdf52bf695c4c80234
ZERO_EVENT,PATCH_CROSS_ASSET_MULTITASK,ENSEMBLE,NEUTRAL,HALF,1.0,LOCKED_20260301_20260831,184,True,COMPLETE_CONDITIONAL_ACCOUNT,-699.8977226398991,-6.998977226398991,-626.9316878748075,34.17363586010264,24.85389776793573,24.85389776793573,49.70779553587146,10.915396630884041,63837.11236302919,-0.9574562993874847,0.13990021992221513,0.13105976200706282,0.2476304761334646,0.04607193603240739,151.63596038552524,-851.5336830254228,2,851.6144905121901,5993e1f1c812afb7960d168a5e8c9dc4cf6c3be23bf9526b68610392ce428954
ZERO_EVENT,PATCH_CROSS_ASSET_MULTITASK,ENSEMBLE,DIRECTIONAL,HALF,1.0,LOCKED_20260301_20260831,184,True,COMPLETE_CONDITIONAL_ACCOUNT,-217.88350152534315,-2.1788350152534317,-190.1182697032297,20.06592880152484,14.593341926899035,14.593341926899035,29.18668385379807,21.487380833208476,36483.50691186335,-0.5000190775830866,0.08089498649546863,0.059256303002954924,0.1688744849284807,0.05637936904269725,14.647570720678681,-232.53107224602286,0,0.0,84f1ffc3b6527258d01d4d30fc00f17bae0bc624e7b205e0f0434afae6593085
ZERO_EVENT,CROSS_ASSET_MULTITASK,ENSEMBLE,COMBINED,HALF,1.0,LOCKED_20260301_20260831,184,True,COMPLETE_CONDITIONAL_ACCOUNT,9.738806846324586,0.09738806846324587,30.47871435754996,13.862492182893298,10.082106518732221,10.082106518732221,20.164213037464442,13.286797709134685,26092.871535234728,0.06357483558924525,0.07685043629320297,0.060558619406996694,0.22895349666198422,0.08181879428380112,252.2124584138721,-242.47365156754535,2,444.1701468052749,21636fc264bb08905168e380ebfb6ee9bc857126000ce00a299c378e9e82348f
ZERO_EVENT,ORACLE_POLICY_CROSS_ASSET,ENSEMBLE,DIRECTIONAL,HALF,1.0,LOCKED_20260301_20260831,184,True,COMPLETE_CONDITIONAL_ACCOUNT,-190.89085202594873,-1.9089085202594873,-177.54134510026023,14.772966125363455,10.743918550670264,10.743918550670264,21.487837101340528,22.911296301013916,26859.93840975174,-0.3562851780916297,0.09480373470158351,0.06501499265610866,0.14651359313944343,0.07212970049144059,-95.13876205460829,-95.75208997134199,0,0.0,8d7d1d2eefcfac889f1116c8a7e6ee68c7a0e2e64ae272359f5dbcc8dee9129b
ZERO_EVENT,PATCH_CROSS_ASSET_MULTITASK,ENSEMBLE,COMBINED,HALF,1.0,LOCKED_20260301_20260831,184,True,COMPLETE_CONDITIONAL_ACCOUNT,-390.37148889853074,-3.9037148889853075,-352.92229970270205,24.45425800562101,17.78507207832051,17.78507207832051,35.57014415664102,22.575212966431366,45306.35065012941,-0.9998587159165817,0.0760999468877967,0.06420964821633779,0.2147674975851007,0.03389326408917754,57.26405740180092,-447.63554630033366,2,422.0316835910573,844e04ace6596e2ef66be1cde859a4ea36802a4713bee9a40fa80e2758127924
ZERO_EVENT,ORACLE_POLICY_CROSS_ASSET,ENSEMBLE,NEUTRAL,HALF,1.0,LOCKED_20260301_20260831,184,True,COMPLETE_CONDITIONAL_ACCOUNT,-359.4552453279013,-3.5945524532790127,-319.1672091198865,23.85933408891468,17.35240289640289,17.35240289640289,34.70480579280578,18.276103673704622,44199.53291462986,-0.626327535838213,0.1067992554495879,0.09809787416160476,0.2557416789152567,0.03842198633224708,266.2581131488708,-625.7133584767731,1,409.4627401197694,1f86b07941ea66d1c6d3c5277ea2113635bf3079d4b4fc8e0af15339b763b9ea
ZERO_EVENT,ORACLE_POLICY_PATCH_CROSS_ASSET,ENSEMBLE,NEUTRAL,HALF,1.0,LOCKED_20260301_20260831,184,True,COMPLETE_CONDITIONAL_ACCOUNT,177.12140643297056,1.7712140643297054,279.31146095376516,37.866442868687805,27.539451072871824,27.539451072871824,55.07890214574365,-9.244709506366924,69255.94037063296,0.33246894158636703,0.13034387638295505,0.08866854292666126,0.27011553558139817,0.02286360839310991,298.5792854971842,-121.45787906421744,1,203.93121378211112,a7e9457897af02c5a30fe2b4b7a461a1c271f83e919f6ec1775974fd6c8fa0b0
ZERO_EVENT,ORACLE_POLICY_CROSS_ASSET,ENSEMBLE,COMBINED,HALF,1.0,LOCKED_20260301_20260831,184,True,COMPLETE_CONDITIONAL_ACCOUNT,-292.22836972014386,-2.9222836972014385,-273.49016320802207,17.264880834973635,12.556297440646674,12.556297440646674,25.112594881293347,23.639269204142973,31728.150580300873,-0.8916186942806252,0.06371204906308568,0.05571103548242207,0.19369141904819195,0.04355513633499306,168.15217516215444,-460.38054488230057,1,168.72907653804114,1a0d8826e0ca3bafda4383a5434d59612982b3f0b17cf570265f2d981d315da3
ZERO_EVENT,BASE_CASH,ENSEMBLE,DIRECTIONAL,HALF,1.0,LOCKED_20260301_20260831,184,True,COMPLETE_CONDITIONAL_ACCOUNT,0.0,0.0,0.0,0.0,0.0,0.0,0.0,0.0,0.0,0.0,0.0,0.0,0.0,0.0,0.0,0.0,0,0.0,88548643f092c8e19e01e714cae4afc460661517aa2e474e9bf603bba3dd6974
ZERO_EVENT,ORACLE_POLICY_PATCH_CROSS_ASSET,ENSEMBLE,DIRECTIONAL,HALF,1.0,LOCKED_20260301_20260831,184,True,COMPLETE_CONDITIONAL_ACCOUNT,-320.25149866763934,-3.2025149866763933,-300.2977101516695,13.980947942442683,10.167866044691065,10.167866044691065,20.33573208938213,14.362891515857665,25419.905349895784,-0.8175129576186253,0.07551024498360003,0.06342714179747255,0.11939619906717909,0.08682786232181958,-188.51767992562748,-131.73381874200928,0,0.0,2ca74061136f88e497e93eb50e3a34b4ec7c71ba0492adb73f6ed139e1193fad
ZERO_EVENT,OLD_FROZEN_TRANSFORMER_SHARED,FROZEN_LEGACY,DIRECTIONAL,HALF,1.0,LOCKED_20260301_20260831,184,True,COMPLETE_CONDITIONAL_ACCOUNT,-548.5941657933064,-5.485941657933064,-485.3671418858421,18.840129118267292,13.70184408270725,13.70184408270725,27.4036881654145,-16.983206623784792,34527.6370277714,-0.829633628313221,0.1254462040687864,0.1276229055460254,0.2600213680795693,0.21407458158585496,-221.4523429042904,-327.1418228890184,1,136.42840636998056,21888577bda4d90dcb3c08b65479c4f772aadd4d85ae99946f2025e1fe549792
ZERO_EVENT,ORACLE_POLICY_PATCH_CROSS_ASSET,ENSEMBLE,COMBINED,HALF,1.0,LOCKED_20260301_20260831,184,True,COMPLETE_CONDITIONAL_ACCOUNT,-443.3889775510522,-4.433889775510522,-391.2078389019448,22.108723116303523,16.079276619008084,16.079276619008084,32.15855323801617,2.0861377052109376,41230.32903353135,-0.8807025039743265,0.0967615416267078,0.09067675137579656,0.18492058352208418,0.04579066504361749,204.20236832256617,-647.5913458736197,2,516.32532012611,b5c726d4372d309fceb73da128d67804e0bd903c0638fb287db833fafc030bd9
ZERO_EVENT,BASE_SMA200_SIGNED,ENSEMBLE,DIRECTIONAL,HALF,1.0,LOCKED_20260301_20260831,184,True,COMPLETE_CONDITIONAL_ACCOUNT,-1666.0943949569646,-16.660943949569646,-1600.9802746168857,19.815001636700234,14.41056992949768,14.41056992949768,28.82113985899536,-16.477978844385234,36564.6567937869,-2.5796836811146457,0.13646678053831376,0.1886685528652723,0.2748002177150995,-0.21656518746364678,-562.1849118025368,-1103.9094831544296,2,268.69054534778024,0b7bfd1e44fc5f9ad25d27a5ff3535e6102de086f180f5287e6b2c7a2d90c057
ZERO_EVENT,BASE_STATIC_DIRECTION3,ENSEMBLE,DIRECTIONAL,HALF,1.0,LOCKED_20260301_20260831,184,True,COMPLETE_CONDITIONAL_ACCOUNT,-735.6510807667055,-7.356510807667056,-708.5561167823537,8.271335565509654,6.015323637902684,6.015323637902684,12.030647275805368,-6.7929811430369345,15143.794887109774,-3.4750078289987956,0.043340895514340005,0.08048219942033064,0.08347381142140922,-0.03794367082148714,-458.9906801794374,-276.66040058726827,1,52.50147490974725,5af6e890469e4d67eb54491a8ef72a3d38242b256fbc51ff0e51f2575610b442
ZERO_EVENT,BASE_HOLD,ENSEMBLE,DIRECTIONAL,HALF,1.0,LOCKED_20260301_20260831,184,True,COMPLETE_CONDITIONAL_ACCOUNT,701.57384699763,7.0157384699763,728.2388844275945,10.197806507054176,7.416819587027872,7.416819587027872,14.833639174055744,-1.6335917488530454,18541.466376462136,0.7958266292062253,0.19178837140206298,0.11462772417917222,0.28740910626841404,0.28740910626841404,701.5738469976314,0.0,0,0.0,344aef38bf9ce7166b75fe827e5719e58fd22acbeb495c37d852c1a9d3dedea6
ZERO_EVENT,TRANSFORMER_SHARED,ENSEMBLE,NEUTRAL,FULL,0.01,LOCKED_20260301_20260831,184,True,COMPLETE_CONDITIONAL_ACCOUNT,-1439.9665500627136,-14.399665500627135,-1367.028784455203,29.831767917771035,21.696418734223943,21.696418734223943,43.39283746844789,0.2868397787049297,57442.61087786597,-1.0842225026724104,0.2539877776068599,0.24377133203126267,0.5014174690420141,0.08605275819942503,456.7154819698333,-1896.6820320325505,2,1601.5164227774976,4141b9ffb9a3901d07885ef5b717858f9c35dc704ede7295744b48f2363ffda4
ZERO_EVENT,CROSS_ASSET_MULTITASK,ENSEMBLE,NEUTRAL,FULL,0.01,LOCKED_20260301_20260831,184,True,COMPLETE_CONDITIONAL_ACCOUNT,-418.94375009575253,-4.189437500957525,-341.49079066912543,31.608087016736864,22.988745060515896,22.988745060515896,45.97749012103179,0.13261771114262902,61077.65234948636,-0.19173816183254236,0.25993111549614917,0.2089711529812005,0.4834636936127239,0.10609329908931082,633.343212120714,-1052.2869622164656,2,1804.201614073301,1e76ea10b53ec695e3be0d770625a81b3743a896bff899bc539e0adf8c647f6b
ZERO_EVENT,PATCH_CROSS_ASSET_MULTITASK,ENSEMBLE,NEUTRAL,FULL,0.01,LOCKED_20260301_20260831,184,True,COMPLETE_CONDITIONAL_ACCOUNT,-280.1171868553319,-2.801171868553319,-122.28215129482635,64.32991012262389,46.78645264405638,46.78645264405638,93.57290528811276,0.06777985022834118,120409.07999615539,-0.08463895173608141,0.25780876783686646,0.22287285335902518,0.47837124494568506,0.10876466921772943,465.03474430891157,-745.1519311642462,2,1722.803522965064,6e32e53300215561de9a3dd75b3bae96ab583219d6748e0ea9f249ee1ea527b5
ZERO_EVENT,TRANSFORMER_SHARED,ENSEMBLE,DIRECTIONAL,FULL,0.01,LOCKED_20260301_20260831,184,True,COMPLETE_CONDITIONAL_ACCOUNT,378.8437033929173,3.788437033929173,411.3411959459437,13.282913573706994,9.6605352732853,9.6605352732853,19.3210705465706,0.10649156725069309,24472.19952964322,0.4346167604249727,0.22955286288479018,0.1312916608563479,0.41689261176866327,0.40350950522918844,595.4258645793128,-216.582161186396,1,160.7237887243436,dd0102633772a395b73d3c03d5a7ed83a994f5e97dd2fafcf08ae4e66c700c54
ZERO_EVENT,ORACLE_POLICY_CROSS_ASSET,ENSEMBLE,DIRECTIONAL,FULL,0.01,LOCKED_20260301_20260831,184,True,COMPLETE_CONDITIONAL_ACCOUNT,139.19365566966715,1.3919365566966715,206.1680492119766,27.425390502124923,19.94580452077569,19.94580452077569,39.89160904155138,0.34260600136527875,49864.34636749986,0.2348033933741927,0.2035833765261619,0.11077218500943486,0.27843068236642443,0.21238354498880027,189.33411909417134,-50.140463424505754,0,0.0,313ed02ad8fb34f8fac7921f1d711120f41482d2fd96f12b28f4546b1e6f6a37
ZERO_EVENT,PATCH_CROSS_ASSET_MULTITASK,ENSEMBLE,COMBINED,FULL,0.01,LOCKED_20260301_20260831,184,True,COMPLETE_CONDITIONAL_ACCOUNT,-54.37693991273869,-0.5437693991273869,56.893329912708,45.47147767063453,33.0707396379163,33.0707396379163,66.1414792758326,0.3426871210266209,84412.45584482796,-0.009201762836397648,0.13814292644822232,0.1101713487124184,0.41832334427522727,0.136389955278851,398.3484176888632,-452.7253576015957,2,868.5209491098591,36d58d1a588e24b7f986b949ab8fc6d6fb012be450abec5690a3f0835033d216
ZERO_EVENT,PATCH_CROSS_ASSET_MULTITASK,ENSEMBLE,DIRECTIONAL,FULL,0.01,LOCKED_20260301_20260831,184,True,COMPLETE_CONDITIONAL_ACCOUNT,264.0664625696735,2.640664625696735,345.7063897200682,33.414575337102214,24.301619962119048,24.301619962119048,48.603239924238096,0.37788811094552954,60753.77334018584,0.3782611565405293,0.1780969703898519,0.09198102247741113,0.3289276977224894,0.23815648215893764,423.9739824361446,-159.90751986647115,0,0.0,638303c10e4b3e709196d0308c6c9e6d177a94b9ee6c1573b7d83cdedcd7cf6a
ZERO_EVENT,CROSS_ASSET_MULTITASK,ENSEMBLE,DIRECTIONAL,FULL,0.01,LOCKED_20260301_20260831,184,True,COMPLETE_CONDITIONAL_ACCOUNT,-191.76494724015393,-1.9176494724015392,-128.23214816876967,25.937354009730353,18.86351737781646,18.86351737781646,37.72703475563292,0.13158969397951673,47247.02300059023,-0.2523743306984159,0.1226129769053708,0.06510496476029215,0.3312597346273513,0.1842315298398545,169.86332802745073,-361.6282752676042,1,44.09876417661263,1e4c569dd8859d497d1f523c5ee4ed420ea71cdd571fb73b61ad30c978d5d7a1
ZERO_EVENT,TRANSFORMER_SHARED,ENSEMBLE,COMBINED,FULL,0.01,LOCKED_20260301_20260831,184,True,COMPLETE_CONDITIONAL_ACCOUNT,-368.3108180778112,-3.683108180778112,-324.4864189116247,17.961134250593137,13.06317332918532,13.06317332918532,26.12634665837064,0.2630817427781705,34638.08741243891,-0.38016344667625307,0.16146469665953692,0.1594729600844974,0.4397586610415811,0.2256914617329839,494.08433122089355,-862.3951492987039,2,990.7398420438768,33c87ffe4be9c2a2ee881875be66c54ad7f566c876a5b7dcdb6564a11fb0edfd
ZERO_EVENT,CROSS_ASSET_MULTITASK,ENSEMBLE,COMBINED,FULL,0.01,LOCKED_20260301_20260831,184,True,COMPLETE_CONDITIONAL_ACCOUNT,-260.17057445878345,-2.6017057445878344,-193.16633384689317,27.393109589388914,19.922897360987122,19.922897360987122,39.845794721974244,0.2346636994754443,51985.824606327435,-0.2792311611651573,0.14778173614386286,0.12039454223724466,0.424600836566272,0.12246904072308783,495.49442697144605,-755.6650014302268,2,1090.0854037192482,206e73bcb3fe5677f1ea55363c531a4bf1edf62aa7dbba6625407c58ad5f6921
ZERO_EVENT,ORACLE_POLICY_CROSS_ASSET,ENSEMBLE,NEUTRAL,FULL,0.01,LOCKED_20260301_20260831,184,True,COMPLETE_CONDITIONAL_ACCOUNT,-441.0788090518916,-4.410788090518916,-342.4084582433318,40.20801219532525,29.242639106291815,29.242639106291815,58.48527821258363,0.022939599353290843,74849.19387245916,-0.4008427405502895,0.18183833246481984,0.16726146554736088,0.46841466465814685,0.12195227442122823,668.7485024780005,-1109.827311529888,1,871.8585768429859,20114cf46ec61b7d491216b424af49284a15aaec9401b2380c3536cb0a1a257b
ZERO_EVENT,BASE_CASH,ENSEMBLE,DIRECTIONAL,FULL,0.01,LOCKED_20260301_20260831,184,True,COMPLETE_CONDITIONAL_ACCOUNT,0.0,0.0,0.0,0.0,0.0,0.0,0.0,0.0,0.0,0.0,0.0,0.0,0.0,0.0,0.0,0.0,0,0.0,ada512c8f8dff9b4ddc27e800cc9ab329dde2777997e71555561dae9af83526a
ZERO_EVENT,ORACLE_POLICY_PATCH_CROSS_ASSET,ENSEMBLE,DIRECTIONAL,FULL,0.01,LOCKED_20260301_20260831,184,True,COMPLETE_CONDITIONAL_ACCOUNT,-233.6334264743603,-2.336334264743603,-169.89106043497824,26.084060573376902,18.9701715064075,18.9701715064075,37.940343012815,0.2820375468077378,47425.5646788671,-0.18167472617594704,0.1748992331341385,0.11810979485095807,0.2487339516668224,0.20979871774928033,-89.47133877985587,-144.16208769450662,0,0.0,95e829ba629b1ba9a8bd365cb220e59e5a15da1fae328a821c85486cbf371cab
ZERO_EVENT,ORACLE_POLICY_CROSS_ASSET,ENSEMBLE,COMBINED,FULL,0.01,LOCKED_20260301_20260831,184,True,COMPLETE_CONDITIONAL_ACCOUNT,-153.42565399794924,-1.5342565399794925,-76.29319974919224,31.5259014883587,22.92816445679761,22.92816445679761,45.85632891359522,0.24977615319623145,58133.93167407256,-0.1922066785992767,0.12139632562243281,0.10086301950137189,0.37841490147772,0.12187226189262608,538.0184502085884,-691.4441042065383,1,407.0553930738288,8384429b7372ef0ff1b2a8671b6b3a1a2b69b447c4b7c52ba59d3291223f5901
ZERO_EVENT,ORACLE_POLICY_PATCH_CROSS_ASSET,ENSEMBLE,NEUTRAL,FULL,0.01,LOCKED_20260301_20260831,184,True,COMPLETE_CONDITIONAL_ACCOUNT,-534.321301748478,-5.34321301748478,-389.66169170041235,58.901657186268686,42.83839892487175,42.83839892487175,85.6767978497435,-0.08115501205772326,110077.52800755827,-0.2575238972753155,0.27351875085880256,0.20639692077478144,0.49925787238514535,0.0872758939555336,659.9747087778296,-1194.2960105263119,2,1491.8029253530576,0e3eb46292178c7f4d5e9a3f75088e870c7f2399cf960fc4be11ccdba291b3a0
ZERO_EVENT,BASE_HOLD,ENSEMBLE,DIRECTIONAL,FULL,0.01,LOCKED_20260301_20260831,184,True,COMPLETE_CONDITIONAL_ACCOUNT,1319.0402914854,13.190402914854,1364.241114849964,18.40559139666085,13.386321209273731,13.386321209273731,26.772642418547463,-0.022589549374005834,33464.71163029245,0.8246971184517112,0.3861003303517117,0.22290652197984673,0.5738534878660574,0.5738534878660574,1319.0402914853819,0.0,0,0.0,a56ee38f803c4f987ff6b2599285a138224b50b6c2173a5651fe322cdf494a5d
ZERO_EVENT,OLD_FROZEN_TRANSFORMER_SHARED,FROZEN_LEGACY,DIRECTIONAL,FULL,0.01,LOCKED_20260301_20260831,184,True,COMPLETE_CONDITIONAL_ACCOUNT,-1199.4809840338426,-11.994809840338425,-1119.027664966542,32.643536129212634,23.74062930831473,23.74062930831473,47.48125861662946,-0.32852432146272026,60082.660900161,-0.9147220923798633,0.24445465531405572,0.23534324606153167,0.5179661707111601,0.42416421308055424,-535.9987238471381,-663.4822601867086,1,365.38851443264593,b39ff6751d09b842ca195bddf26d1e83d8fc31e968f0edd7e28d5ae8f796bf57
ZERO_EVENT,ORACLE_POLICY_PATCH_CROSS_ASSET,ENSEMBLE,COMBINED,FULL,0.01,LOCKED_20260301_20260831,184,True,COMPLETE_CONDITIONAL_ACCOUNT,-535.0863920996559,-5.3508639209965585,-443.17794254311923,37.50462193799026,27.276599478138255,27.276599478138255,54.55319895627651,0.14937133773537017,70229.63703399738,-0.48952337477135804,0.18631321595395792,0.15462831325513615,0.36521976543578116,0.116940667577916,490.3274748725548,-1025.4138669722054,2,1019.7076642802793,9c4a1d9d3d741fd5abd300cd3ae16befaf5c13ffd89a1d06e575878a8596fa2c
ZERO_EVENT,BASE_STATIC_DIRECTION3,ENSEMBLE,DIRECTIONAL,FULL,0.01,LOCKED_20260301_20260831,184,True,COMPLETE_CONDITIONAL_ACCOUNT,-1373.7703884476932,-13.737703884476932,-1335.2343060667617,15.646459484489917,11.378882006852365,11.378882006852365,22.75776401370473,-0.1318588827379043,28654.42185078365,-3.3665020979546005,0.08594735249595561,0.15215566627589494,0.1686321372219247,-0.07924717207282427,-849.5038439175261,-524.2665445301684,1,103.15684858280743,0cdf78f551c29c8327d098e4c732d6fab0ebbf830fc31acbdee025733fe39d9c
ZERO_EVENT,BASE_SMA200_SIGNED,ENSEMBLE,DIRECTIONAL,FULL,0.01,LOCKED_20260301_20260831,184,True,COMPLETE_CONDITIONAL_ACCOUNT,-2961.9460856289516,-29.619460856289514,-2874.0355253826174,35.6633566512104,25.93647013333506,25.93647013333506,51.87294026667012,-0.37426332844894683,66102.37063055437,-2.4772875501975733,0.26656511379572606,0.33243894622696213,0.5379126454294161,-0.42345984027438377,-923.0746615886943,-2038.8714240402526,2,629.9519959950077,003398b985dbde230bbf7cfbd8f637229d4474e87753b3ff0b914ff58db3260b
ZERO_EVENT,TRANSFORMER_SHARED,ENSEMBLE,NEUTRAL,HALF,0.01,LOCKED_20260301_20260831,184,True,COMPLETE_CONDITIONAL_ACCOUNT,-739.1824673777725,-7.391824673777724,-697.7782196140643,16.949833656413322,12.327446924798814,12.327446924798814,24.654893849597627,0.2004797423011656,32438.078470020842,-1.039609626126224,0.13733202761857244,0.1282366586081498,0.2648293267122433,0.028262255230837297,248.0981124494523,-987.2805798272263,2,810.0995473619478,048cc5f6f9b6c8556fe84975a0eef5eb117e34627c066f806f61c5e6fa731510
ZERO_EVENT,TRANSFORMER_SHARED,ENSEMBLE,DIRECTIONAL,HALF,0.01,LOCKED_20260301_20260831,184,True,COMPLETE_CONDITIONAL_ACCOUNT,234.0043523527506,2.3400435235275063,250.78235387073528,6.856908149070269,4.9869311785325445,4.9869311785325445,9.973862357065089,0.052768988149567334,12494.09930802864,0.4586902746056288,0.11409707065431529,0.06618108507365839,0.2084324250980802,0.20024283662780007,311.7477195745024,-77.74336722175293,1,13.496791223166523,1928f02307a6749046cee2bfffa33a760bdac74c2fd8b399056a9b91f5570ad0
ZERO_EVENT,CROSS_ASSET_MULTITASK,ENSEMBLE,NEUTRAL,HALF,0.01,LOCKED_20260301_20260831,184,True,COMPLETE_CONDITIONAL_ACCOUNT,-47.33674400269004,-0.4733674400269004,-4.420748400732236,17.54644995533198,12.761616687356073,12.761616687356073,25.523233374712145,0.15368772808861267,33663.85199132215,-0.0027221289845167835,0.13385000555133225,0.10143466825164948,0.2601219223298261,0.03403132413206684,330.1130702511845,-377.4498142538723,2,880.6078544501851,33a8154acc35189bf5d33fea3670e5442d5643f6987129446b8cfe7a6dc307e5
ZERO_EVENT,CROSS_ASSET_MULTITASK,ENSEMBLE,DIRECTIONAL,HALF,0.01,LOCKED_20260301_20260831,184,True,COMPLETE_CONDITIONAL_ACCOUNT,-106.34804509538723,-1.0634804509538724,-74.95545939745058,12.820751955615616,9.324159254700714,9.324159254700714,18.648318509401427,0.07648476708149361,23310.4581011193,-0.3131699366901998,0.06168476205885465,0.035669356084145565,0.1686754017748993,0.08836025950843446,84.58299134949876,-190.93103644488485,0,0.0,7054b765285cb4f0835ca76b2ba9e0e5b249198ddb8d703b6de1c141db99190f
ZERO_EVENT,TRANSFORMER_SHARED,ENSEMBLE,COMBINED,HALF,0.01,LOCKED_20260301_20260831,184,True,COMPLETE_CONDITIONAL_ACCOUNT,-207.25772894380688,-2.0725772894380685,-184.67434183503303,9.266397551856983,6.739529876754846,6.739529876754846,13.479059753509691,0.16207019659252245,18069.098710961065,-0.41008460943583097,0.09113362000113095,0.08352736631247881,0.22628913525623992,0.10501427531685528,270.9655802195103,-478.2233091633175,2,610.5515810650943,1f8761f962ac1d6c56116b5918b422e934ac3c39741fd72c4431d1e1573ffc66
ZERO_EVENT,PATCH_CROSS_ASSET_MULTITASK,ENSEMBLE,NEUTRAL,HALF,0.01,LOCKED_20260301_20260831,184,True,COMPLETE_CONDITIONAL_ACCOUNT,29.115618555987567,0.29115618555987566,118.18847301032281,36.3240517528037,26.418071769947254,26.418071769947254,52.83614353989451,0.08734083836181288,67736.74851794758,0.11002372746976644,0.12985762177263827,0.11482630654518067,0.2537078168006056,0.04000079886282752,243.05801451082135,-213.94239595483484,2,846.509029152249,b3f6da7b114b19533c353eb6d1b4002b303c28f2ded70fe8e8dc62e14a8f9be9
ZERO_EVENT,PATCH_CROSS_ASSET_MULTITASK,ENSEMBLE,DIRECTIONAL,HALF,0.01,LOCKED_20260301_20260831,184,True,COMPLETE_CONDITIONAL_ACCOUNT,137.6961478641048,1.376961478641048,178.5051873829599,16.702911618181837,12.14762920761039,12.14762920761039,24.29525841522078,0.18913051454605492,30368.93021487607,0.34832481071095744,0.08920499983927709,0.04729843833519176,0.16580626329895043,0.11791484952117896,224.9056190445557,-87.20947118045237,0,0.0,57bc3056dd929de6952f9228aabfdeb506d6b7c1c263ed1a550cad01a718f83a
ZERO_EVENT,CROSS_ASSET_MULTITASK,ENSEMBLE,COMBINED,HALF,0.01,LOCKED_20260301_20260831,184,True,COMPLETE_CONDITIONAL_ACCOUNT,-161.2872444679324,-1.612872444679324,-127.47459510624077,13.839987930999351,10.065832089653695,10.065832089653695,20.13166417930739,0.15900274861509522,26498.34418437551,-0.30778788014463443,0.09115151746587001,0.07283997451907198,0.221078375292533,0.05060398740947219,249.2024553062977,-410.48969977423013,2,667.3648821883435,ebc6c1657c6835c3a1d37bb037b307b132e143fe193f7a4dae08a250468d8c55
ZERO_EVENT,PATCH_CROSS_ASSET_MULTITASK,ENSEMBLE,COMBINED,HALF,0.01,LOCKED_20260301_20260831,184,True,COMPLETE_CONDITIONAL_ACCOUNT,43.83665743632554,0.4383665743632554,102.54774335938902,23.9961742793011,17.452065492983436,17.452065492983436,34.90413098596687,0.18921934220528214,44471.799926107415,0.15721840030807036,0.07134078883044653,0.05559880495075298,0.21426464770514114,0.0616853717595112,232.71299639343152,-188.87633895710525,2,421.1960727799792,58aa7c790187d6497a7882191bb1049a8262147bc1ae58645b5aa66194e7e49b
ZERO_EVENT,ORACLE_POLICY_CROSS_ASSET,ENSEMBLE,DIRECTIONAL,HALF,0.01,LOCKED_20260301_20260831,184,True,COMPLETE_CONDITIONAL_ACCOUNT,42.342408022314224,0.4234240802231422,76.31941246073642,13.912487488766816,10.118197141315127,10.118197141315127,20.236394282630254,0.17187733297532407,25295.431797757847,0.13264629296674185,0.1019478608379446,0.06006574351661442,0.14160084721186786,0.10559680529071043,65.68522837875669,-23.342820356442036,0,0.0,0d9f2d2fa34588a633ba05f05370d560a800758e36bd8276b4b36b62063637ab
ZERO_EVENT,ORACLE_POLICY_CROSS_ASSET,ENSEMBLE,NEUTRAL,HALF,0.01,LOCKED_20260301_20260831,184,True,COMPLETE_CONDITIONAL_ACCOUNT,-274.85837238767925,-2.7485837238767927,-216.54606806739002,23.775830432493137,17.291758924260357,17.291758924260357,34.583517848520714,0.047043960724993186,44213.71131999558,-0.47388537025393934,0.10500647470524728,0.09515409730147162,0.25631901899557935,0.038208858219336526,340.7155405818065,-615.5739129694854,1,492.46435773130037,ff796777060e37342c8f89c2c879ff6128d6a0ae7f74cbb2064550c8d47fcbb9
ZERO_EVENT,ORACLE_POLICY_PATCH_CROSS_ASSET,ENSEMBLE,DIRECTIONAL,HALF,0.01,LOCKED_20260301_20260831,184,True,COMPLETE_CONDITIONAL_ACCOUNT,-165.248717849676,-1.6524871784967599,-132.25553454278136,13.499900863387758,9.818067397056407,9.818067397056407,19.636134794112813,0.14285235060439735,24545.274297068652,-0.33623078103904575,0.08711276739243314,0.06401411594094031,0.12524574862401971,0.10390099347741374,-83.02986825099477,-82.21884959868277,0,0.0,b4eb03cc9b08365e9b50f136f3e33a0dc6c96eb0955ca974b3744227e04b45d2
ZERO_EVENT,ORACLE_POLICY_CROSS_ASSET,ENSEMBLE,COMBINED,HALF,0.01,LOCKED_20260301_20260831,184,True,COMPLETE_CONDITIONAL_ACCOUNT,-24.211843742081864,-0.24211843742081865,16.181092295029543,16.517952212511734,12.01317019354896,12.01317019354896,24.02634038709792,0.15135656249666116,30372.83115337582,-0.04646102734085754,0.062130333180893546,0.05089540082798172,0.19209490372149107,0.05680355094166431,257.576440665453,-281.7882844075365,1,170.09538349542424,6b707e71bba1feec36d22067f03fc7e1ead89e61786bb9eb2134604f5851b630
ZERO_EVENT,BASE_CASH,ENSEMBLE,DIRECTIONAL,HALF,0.01,LOCKED_20260301_20260831,184,True,COMPLETE_CONDITIONAL_ACCOUNT,0.0,0.0,0.0,0.0,0.0,0.0,0.0,0.0,0.0,0.0,0.0,0.0,0.0,0.0,0.0,0.0,0,0.0,ada512c8f8dff9b4ddc27e800cc9ab329dde2777997e71555561dae9af83526a
ZERO_EVENT,ORACLE_POLICY_PATCH_CROSS_ASSET,ENSEMBLE,NEUTRAL,HALF,0.01,LOCKED_20260301_20260831,184,True,COMPLETE_CONDITIONAL_ACCOUNT,-14.420759919930369,-0.1442075991993037,62.431596817298555,31.300886238194597,22.764623688435787,22.764623688435787,45.529247376871574,-0.022223122162437475,57919.4829376503,0.03824703336978741,0.12292066428942017,0.08385496513709545,0.2611048541157777,0.032288529359199715,347.9874075020645,-362.4081674219946,1,504.39034319369654,42fb3cb037de780aa26e8249e17bf460834538d6485a602acde3e02eaa60a90c
ZERO_EVENT,OLD_FROZEN_TRANSFORMER_SHARED,FROZEN_LEGACY,DIRECTIONAL,HALF,0.01,LOCKED_20260301_20260831,184,True,COMPLETE_CONDITIONAL_ACCOUNT,-640.8575084602618,-6.408575084602618,-594.7285974402084,18.720795419645427,13.615036411129251,13.615036411129251,27.230072822258503,-0.17804277815390643,34359.005854283576,-1.0088330528182536,0.12277314057154859,0.12817731265236432,0.2606147975325789,0.21226551640298458,-283.42474057285006,-357.43276788741633,1,160.59800019139902,06310b27d6030a0e442ac2beca1495d0bdc5f8021935a4be0b301ded9aff86c9
ZERO_EVENT,ORACLE_POLICY_PATCH_CROSS_ASSET,ENSEMBLE,COMBINED,HALF,0.01,LOCKED_20260301_20260831,184,True,COMPLETE_CONDITIONAL_ACCOUNT,-266.6681295926023,-2.6666812959260233,-218.48326566904558,19.664524497848408,14.30171870120749,14.30171870120749,28.60343740241498,0.08309797670641618,36741.97397059611,-0.5281238698131749,0.09319948952492806,0.07509766874732571,0.18377602300235654,0.05623723296130911,248.77068242986408,-515.4388120224665,2,494.14653270859134,ff7ea4a90ab9937decc5b6952e1146a922682d9f64ab2267d012858a1c545916
ZERO_EVENT,BASE_HOLD,ENSEMBLE,DIRECTIONAL,HALF,0.01,LOCKED_20260301_20260831,184,True,COMPLETE_CONDITIONAL_ACCOUNT,699.8564146398035,6.998564146398034,724.8154886582324,10.161608270101658,7.3904925010303035,7.3904925010303035,14.780985002060607,-0.016480746264516576,18475.651400184834,0.7935775099547987,0.19197580566579187,0.11544079941660323,0.28745680030089915,0.28745680030089915,699.8564146398056,0.0,0,0.0,831c065881c7ad2ece902fa3d847b378d0490ddce5f53f8eebda7f2bdcc8fcf5
ZERO_EVENT,BASE_STATIC_DIRECTION3,ENSEMBLE,DIRECTIONAL,HALF,0.01,LOCKED_20260301_20260831,184,True,COMPLETE_CONDITIONAL_ACCOUNT,-729.266904345463,-7.292669043454629,-708.8889537916084,8.27460561717405,6.017701761160122,6.017701761160122,12.035403522320244,-0.06794141435983772,15149.772851196292,-3.442516538736643,0.04335302207090042,0.08018973819970088,0.08347238959066021,-0.03794434670559661,-454.4345183031271,-274.8323860423355,1,52.51768271264671,07e3148b3b0815ead30480b487f2347ce75ebbc3660ef98436694bac9ad5595e
ZERO_EVENT,BASE_SMA200_SIGNED,ENSEMBLE,DIRECTIONAL,HALF,0.01,LOCKED_20260301_20260831,184,True,COMPLETE_CONDITIONAL_ACCOUNT,-1652.9934426134523,-16.52993442613452,-1604.0943448063797,19.854939486387043,14.439615015480994,14.439615015480994,28.87923003096199,-0.16492828972888218,36638.43863669669,-2.553610236306756,0.13663231401732898,0.18872139639901497,0.27477935505662476,-0.2165488194034149,-557.7999746468904,-1095.1934679665671,2,269.2743307237562,ca5c365aaf468e583b8d9c305d6f2c469641f45db5c71ec8bb51fa82a3eaec31
LINEAR_INTERPOLATION,CROSS_ASSET_MULTITASK,ENSEMBLE,NEUTRAL,FULL,1.0,LOCKED_20260301_20260831,184,True,COMPLETE_CONDITIONAL_ACCOUNT,-516.4905809481838,-5.164905809481838,-435.10593092991576,36.63237056990811,26.64274298641163,26.64274298641163,53.28548597282326,8.533206524469454,70223.5897123082,-0.2592590989170941,0.26478000837485866,0.20964691137966618,0.49004839275220086,0.09912991501406124,528.1524213413256,-1044.6430022895033,2,1809.6397926012714,0cc92d01ab61e308ef5eccd1ce2dc656dbce773e93ebd760e1b756235eb2c934
LINEAR_INTERPOLATION,PATCH_CROSS_ASSET_MULTITASK,ENSEMBLE,NEUTRAL,FULL,1.0,LOCKED_20260301_20260831,184,True,COMPLETE_CONDITIONAL_ACCOUNT,-1327.0684678753285,-13.270684678753286,-1193.4013651367723,58.89843011010633,42.835914602501475,42.835914602501475,85.67182920500295,10.90315657655481,110446.15686806057,-0.9415124171008356,0.26202307821709675,0.2419864214239169,0.4672153022078453,0.12111226379829301,282.6895156208127,-1609.7579834961393,2,1679.0510612063483,621c1e1362cfae660d1e55a1ec8b348fd2124de199749a876954fb899db9ada2
LINEAR_INTERPOLATION,TRANSFORMER_SHARED,ENSEMBLE,NEUTRAL,FULL,1.0,LOCKED_20260301_20260831,184,True,COMPLETE_CONDITIONAL_ACCOUNT,-1710.1359272974694,-17.101359272974694,-1667.547291387186,27.916121831772063,20.30312778672086,20.30312778672086,40.60625557344172,25.933741494932946,53967.03009715159,-1.2334740493517458,0.2710735760314748,0.26706583865629085,0.5053810919503673,0.081573726311481,491.42046625109003,-2201.5563935485575,2,1605.2224742375558,6f395c05f2f2aaff0fc0aaba18038dcc6d7ceb9b0d83ff22315da590308c2b53
LINEAR_INTERPOLATION,PATCH_CROSS_ASSET_MULTITASK,ENSEMBLE,DIRECTIONAL,FULL,1.0,LOCKED_20260301_20260831,184,True,COMPLETE_CONDITIONAL_ACCOUNT,-460.8606631579022,-4.608606631579022,-404.7096685827533,39.79178811025655,28.939352754910818,28.939352754910818,57.878705509821636,41.51949904493461,72348.70565501192,-0.4998742055917446,0.16140215614293194,0.11465645919247291,0.3313241954349785,0.11746656773933636,2.8191979573202453,-463.6798611152171,0,0.0,8d81209fe1d8ab2847144d153e14227363b395e93f4ecd28fafdcf3fc8852ea9
LINEAR_INTERPOLATION,CROSS_ASSET_MULTITASK,ENSEMBLE,DIRECTIONAL,FULL,1.0,LOCKED_20260301_20260831,184,True,COMPLETE_CONDITIONAL_ACCOUNT,476.01678526657514,4.760167852665751,511.94624582486585,21.01212572731347,15.28170980629937,15.28170980629937,30.56341961259874,15.646084781613652,38203.864958751765,0.5861309921805914,0.18690088070736519,0.09606395516254773,0.38511188925668244,0.3069231968137148,598.6729668350885,-122.65618156852112,0,0.0,5016534b22d7421fd463ecd161575fb60606dd43451bec1bb74a55d425a2977a
LINEAR_INTERPOLATION,ORACLE_POLICY_CROSS_ASSET,ENSEMBLE,DIRECTIONAL,FULL,1.0,LOCKED_20260301_20260831,184,True,COMPLETE_CONDITIONAL_ACCOUNT,-232.19849373775168,-2.3219849373775165,-207.38336362338055,28.608747632463352,20.806295551842442,20.806295551842442,41.612591103684885,45.40620862176705,52015.904786297004,-0.15142884315799035,0.1900602296375718,0.1161236672861865,0.2894030122694663,0.14635000358734376,-59.77548860961732,-172.42300512814467,0,0.0,1b6ec5a6706027ef049e958efe87ae1ac855206058fdbfd0e921d826c6dabe89
LINEAR_INTERPOLATION,CROSS_ASSET_MULTITASK,ENSEMBLE,COMBINED,FULL,1.0,LOCKED_20260301_20260831,184,True,COMPLETE_CONDITIONAL_ACCOUNT,-145.12385688720454,-1.4512385688720455,-102.59539775255098,26.33300777771418,19.151901184596568,19.151901184596568,38.303802369193136,22.10835101225492,49927.043871095826,-0.11960406394442409,0.14905231331514204,0.12460660690793679,0.4473052250556612,0.17820230396907324,489.3958514484157,-634.519708335619,2,1024.4239558077497,b37b26d4e3f7e7f15689d4d56073e9baf3e889b053790eec82faef64522b4913
LINEAR_INTERPOLATION,TRANSFORMER_SHARED,ENSEMBLE,COMBINED,FULL,1.0,LOCKED_20260301_20260831,184,True,COMPLETE_CONDITIONAL_ACCOUNT,-801.3193768623588,-8.013193768623587,-775.6537079457396,16.50445042219663,12.003657384598288,12.003657384598288,24.007314769196576,14.846096274772664,32098.47635288923,-0.9083072142131072,0.16690321407041106,0.18684903521886198,0.4160666154624423,0.17686547416218046,455.421698422124,-1256.7410752844842,2,1045.1923380840426,3f9b9f3c8136769ae794425919b5153a62b9abbdbc0602d174feb67811dd83df
LINEAR_INTERPOLATION,TRANSFORMER_SHARED,ENSEMBLE,DIRECTIONAL,FULL,1.0,LOCKED_20260301_20260831,184,True,COMPLETE_CONDITIONAL_ACCOUNT,-281.71173033456023,-2.8171173033456025,-244.7116744289352,12.44477854846789,9.050952258553666,9.050952258553666,18.101904517107332,-6.453372840054773,23509.77958846464,-0.24093298643069982,0.17354941092916357,0.14547847162062522,0.33850512416264344,0.30327876569100476,143.26628708094483,-424.97801741551007,2,441.4547501706018,a64e44edc9502b5569e520ba014f99e50926da65bf77c05d8b86f6cbbbda8187
LINEAR_INTERPOLATION,PATCH_CROSS_ASSET_MULTITASK,ENSEMBLE,COMBINED,FULL,1.0,LOCKED_20260301_20260831,184,True,COMPLETE_CONDITIONAL_ACCOUNT,-820.4442149706463,-8.204442149706463,-744.7455843904597,45.99743575305659,33.45305639983779,33.45305639983779,66.90611279967558,37.204917972549055,85550.98495441252,-1.085468800441595,0.14649075635339306,0.12962863387429668,0.41485019745736146,0.08419319281624323,122.68107197844674,-943.1252869490895,2,959.6417926093513,ddf0be43977351db19436b916f5c0bfed4f51e9f9a47e26dc0c5996ca5578d10
LINEAR_INTERPOLATION,ORACLE_POLICY_PATCH_CROSS_ASSET,ENSEMBLE,NEUTRAL,FULL,1.0,LOCKED_20260301_20260831,184,False,NOT_EVALUABLE_UNEXECUTABLE_RISK_REDUCTION,N/E,N/E,-591.2639349269868,48.54131575514738,35.30330046724091,35.30330046724091,70.60660093448182,-1.6088814089467707,89983.49375180666,,,,,,-34.25657865666898,-677.7641543688939,1,863.278007587529,48fa370b5f7f2c0c494a363162821361b0ccdbcc58cea7fd9f2483bcd13b1f72
LINEAR_INTERPOLATION,ORACLE_POLICY_CROSS_ASSET,ENSEMBLE,NEUTRAL,FULL,1.0,LOCKED_20260301_20260831,184,True,COMPLETE_CONDITIONAL_ACCOUNT,-657.7809308159583,-6.5778093081595825,-578.2619051796862,41.24880966307963,29.999444708787472,29.999444708787472,59.998889417574944,21.728673444384494,76546.12379973139,-0.6255241769435297,0.1874972044358504,0.18389366121010975,0.469748985299845,0.12033005770685105,526.5189240233328,-1184.299854839289,1,774.144024338753,a5747f0898bccea1fad923f137b6eaabe3aa9202cbaebe91a9a50cd6915951fa
LINEAR_INTERPOLATION,BASE_CASH,ENSEMBLE,DIRECTIONAL,FULL,1.0,LOCKED_20260301_20260831,184,True,COMPLETE_CONDITIONAL_ACCOUNT,0.0,0.0,0.0,0.0,0.0,0.0,0.0,0.0,0.0,0.0,0.0,0.0,0.0,0.0,0.0,0.0,0,0.0,88548643f092c8e19e01e714cae4afc460661517aa2e474e9bf603bba3dd6974
LINEAR_INTERPOLATION,ORACLE_POLICY_CROSS_ASSET,ENSEMBLE,COMBINED,FULL,1.0,LOCKED_20260301_20260831,184,True,COMPLETE_CONDITIONAL_ACCOUNT,-654.5647216179325,-6.545647216179325,-618.6838521766215,33.13053465554076,24.09503491376624,24.09503491376624,48.19006982753248,45.43973504176607,61170.453425485415,-0.9908811504135893,0.12734743239102705,0.11924727213462649,0.37977677198727905,0.09646093639963901,328.34534739632534,-982.9100690142541,1,466.5588440692903,122b5c6531c04dfe108932e5d21a27ce00e9933d8a229acf0d8e880a93d85c09
LINEAR_INTERPOLATION,ORACLE_POLICY_PATCH_CROSS_ASSET,ENSEMBLE,DIRECTIONAL,FULL,1.0,LOCKED_20260301_20260831,184,True,COMPLETE_CONDITIONAL_ACCOUNT,-556.7854670244582,-5.567854670244582,-517.7697534273761,27.101803892492427,19.71023714458249,19.71023714458249,39.42047428916498,27.50656458456457,49276.00707725896,-0.6783874208317465,0.15085888220451837,0.11201201595363741,0.2368944791488128,0.1775361400277566,-311.79946668807867,-244.9860003363904,0,0.0,8b634efcc6875fb152ae2dcb725c1112e1de89ce64d0e6266b82f79e04504204
LINEAR_INTERPOLATION,ORACLE_POLICY_PATCH_CROSS_ASSET,ENSEMBLE,COMBINED,FULL,1.0,LOCKED_20260301_20260831,184,True,COMPLETE_CONDITIONAL_ACCOUNT,-801.6586662704482,-8.016586662704482,-702.4837623583629,41.22533838268532,29.9825098552615,29.9825098552615,59.965019710523,2.01545418112172,77050.07241098257,-0.7187642200585198,0.20139396632819473,0.17278480095683624,0.37086292496102236,0.0935009765854962,420.64282585869466,-1222.3014921291442,2,1047.4558575955396,b3de4676f660bb130e72e7bf887e3474ed5e8d4ad667875473d395fc019949d6
LINEAR_INTERPOLATION,BASE_HOLD,ENSEMBLE,DIRECTIONAL,FULL,1.0,LOCKED_20260301_20260831,184,True,COMPLETE_CONDITIONAL_ACCOUNT,1321.41997659034,13.2141997659034,1369.1086688247415,18.49249981882238,13.44952889209939,13.44952889209939,26.89905778419878,-2.2971346313722534,33622.72694331342,0.826115350890663,0.38580427972401876,0.22134609876814748,0.573790004528485,0.573790004528485,1321.419976590348,0.0,0,0.0,25c407f51633861e046fde6ec7c0ea085344fb2b4e92e8628f49eeff4c85a86e
LINEAR_INTERPOLATION,OLD_FROZEN_TRANSFORMER_SHARED,FROZEN_LEGACY,DIRECTIONAL,FULL,1.0,LOCKED_20260301_20260831,184,True,COMPLETE_CONDITIONAL_ACCOUNT,-1052.3924402633443,-10.523924402633444,-940.6569284910265,33.07231866621505,24.052470436737607,24.052470436737607,48.104940873475215,-30.558252232639287,60681.65518334416,-0.7638249701751593,0.24844707053758067,0.23865783633211846,0.5164035862560258,0.42540956393986573,-436.5066754202617,-615.8857648430942,1,275.08334965840106,b9903eda3e996b609c05841cdb33b44b67a04e6bddc03fe2b28afa1e82c0e75c
LINEAR_INTERPOLATION,BASE_STATIC_DIRECTION3,ENSEMBLE,DIRECTIONAL,FULL,1.0,LOCKED_20260301_20260831,184,True,COMPLETE_CONDITIONAL_ACCOUNT,-1385.408976737558,-13.85408976737558,-1333.8916120340937,15.625864990636458,11.36390458164395,11.36390458164395,22.7278091632879,-13.163690549541439,28616.84869494765,-3.399279885012228,0.08590682305649505,0.15265240875871622,0.16863401872464479,-0.07925724439939755,-857.1926648801059,-528.2163118574535,1,103.09253780431708,229b1b3b4d9d736f0761558d8b72e62ffd76cd209cb2915b8321016b8562dad4
LINEAR_INTERPOLATION,BASE_SMA200_SIGNED,ENSEMBLE,DIRECTIONAL,FULL,1.0,LOCKED_20260301_20260831,184,True,COMPLETE_CONDITIONAL_ACCOUNT,-2992.568912652506,-29.925689126525057,-2868.119350925717,35.52701347781502,25.837312966712073,25.837312966712073,51.674625933424146,-37.24792231555429,65853.2607062297,-2.51084252329598,0.2664525616460112,0.3331043875118608,0.5379318362191358,-0.42366788171483155,-931.3227025856811,-2061.246210066829,2,629.3453732830149,f6c270f462342c0798d4e1513aabc7fa4e0a29eb1966fab36cc6db978b330d2d
LINEAR_INTERPOLATION,TRANSFORMER_SHARED,ENSEMBLE,NEUTRAL,HALF,1.0,LOCKED_20260301_20260831,184,True,COMPLETE_CONDITIONAL_ACCOUNT,-829.173558851119,-8.291735588511191,-808.0797477649155,16.067154806654838,11.685462539590585,11.685462539590585,23.37092507918117,18.344268799632836,30830.600492173075,-1.1029363499050424,0.14589558270838193,0.136695589592715,0.26667001678697916,0.02617954215143572,268.26697228898297,-1097.4405311401017,2,808.7958764003213,646f9da747c75a6e4227e92c9134fbd9324f660d50b7e8b5f52cfbb29010d579
LINEAR_INTERPOLATION,TRANSFORMER_SHARED,ENSEMBLE,DIRECTIONAL,HALF,1.0,LOCKED_20260301_20260831,184,True,COMPLETE_CONDITIONAL_ACCOUNT,-51.3662414119741,-0.513662414119741,-32.8795799780456,6.500069597185614,4.727367837315298,4.727367837315298,9.454735674630596,-2.5318561621124385,11990.23139968318,-0.07935115335997771,0.08434826721758182,0.06824711001845685,0.16942497276348772,0.14781645745991467,92.02774583184598,-143.39398724382022,2,85.96152058194127,1cc87c57f9bdf990f00899d8c9c2dd26072adf6ad0e2fd49701e8eae1885b0bc
LINEAR_INTERPOLATION,TRANSFORMER_SHARED,ENSEMBLE,COMBINED,HALF,1.0,LOCKED_20260301_20260831,184,True,COMPLETE_CONDITIONAL_ACCOUNT,-534.2186279289338,-5.342186279289338,-523.4636291575916,8.781222827775194,6.386714283884855,6.386714283884855,12.77342856776971,10.799652624200915,17646.851876206998,-1.0473772120564597,0.09922462336324174,0.10860395517760268,0.21462556792006332,0.07970149753710981,248.54085248053042,-782.7594804094662,3,840.4960946715036,69458c936a4890ad98ab126fda7e1ee6b51f976955d3a157c1150a9226256aef
LINEAR_INTERPOLATION,CROSS_ASSET_MULTITASK,ENSEMBLE,NEUTRAL,HALF,1.0,LOCKED_20260301_20260831,184,True,COMPLETE_CONDITIONAL_ACCOUNT,-85.57548951628053,-0.8557548951628052,-49.867664580824226,19.680987722002282,14.31399260440653,14.31399260440653,28.62798520881306,12.601147995357264,37542.82046980545,-0.058859195919576536,0.13440258453075407,0.10293617364219199,0.2619278840021858,0.032203240625597124,270.87094925958576,-356.4464387758681,2,879.6032149006483,398b086540069df634b017012f79ba7ddc77fe29d621d002bb052d0062f6b462
LINEAR_INTERPOLATION,CROSS_ASSET_MULTITASK,ENSEMBLE,DIRECTIONAL,HALF,1.0,LOCKED_20260301_20260831,184,True,COMPLETE_CONDITIONAL_ACCOUNT,217.60130877216864,2.176013087721686,233.596913110022,10.338320095956878,7.518853002617197,7.518853002617197,15.037706005234394,9.380421763339488,18796.945629012505,0.5159574251754201,0.09067794738122269,0.047504188986806084,0.19434197583751342,0.149188116613566,296.3210835115687,-78.71977473939836,0,0.0,9c7f2ceccdf619c93eb0b44da11d19d85decdad93152ca16dc40f4952cc62892
LINEAR_INTERPOLATION,PATCH_CROSS_ASSET_MULTITASK,ENSEMBLE,NEUTRAL,HALF,1.0,LOCKED_20260301_20260831,184,True,COMPLETE_CONDITIONAL_ACCOUNT,-699.8710848315326,-6.998710848315326,-626.9311102276764,34.17366361242011,24.853917951624187,24.853917951624187,49.70783590324837,10.941524911812936,63837.16282178821,-0.9574164156549937,0.13990012879252653,0.13105728098499592,0.24763046594979188,0.04607194542394492,151.6369502512966,-851.5080350828287,2,851.6144905121901,4fd55be1c9f57db3c260755eb2e05310d42f01a9027bb98b653161f4ff033918
LINEAR_INTERPOLATION,CROSS_ASSET_MULTITASK,ENSEMBLE,COMBINED,HALF,1.0,LOCKED_20260301_20260831,184,True,COMPLETE_CONDITIONAL_ACCOUNT,9.768920506042832,0.09768920506042832,30.475323443181452,13.862568072023084,10.082161709741518,10.082161709741518,20.164323419483036,13.320488554369355,26093.009515470705,0.06365248034985214,0.07685036924752432,0.060555605477390695,0.22895363516815043,0.08181865534453903,252.2132312311893,-242.44431072514467,2,444.1701468052749,7e846ad85f6043bf3b7233ed0f3eb43fbca8c3a46e30067fe4b74bd3ce923308
LINEAR_INTERPOLATION,PATCH_CROSS_ASSET_MULTITASK,ENSEMBLE,DIRECTIONAL,HALF,1.0,LOCKED_20260301_20260831,184,True,COMPLETE_CONDITIONAL_ACCOUNT,-217.88052052939136,-2.1788052052939135,-190.13277413829434,20.066183232618098,14.593526963052712,14.593526963052712,29.187053926105424,21.505490767626437,36483.96951385109,-0.5000085313292603,0.08089541496206444,0.059257729978737794,0.16887476924325212,0.05637927504670824,14.642682019226449,-232.52320254861797,0,0.0,ef2683b27fc30312865fe64f26b4b829ce6b013bbc80b937f6b1de03826efb3f
LINEAR_INTERPOLATION,PATCH_CROSS_ASSET_MULTITASK,ENSEMBLE,COMBINED,HALF,1.0,LOCKED_20260301_20260831,184,True,COMPLETE_CONDITIONAL_ACCOUNT,-390.34627201077456,-3.9034627201077456,-352.92983461438007,24.454401581172018,17.78517649449189,17.78517649449189,35.57035298898378,22.60831717376046,45306.61169658578,-0.9997867661283334,0.07610019885272894,0.0642071177388146,0.21476752915988812,0.03389326935618872,57.26275812098167,-447.60903013175704,2,422.0316835910573,df526445786008402bcfea95b14547dd859ab3998b1f7d3b2cae2fa7ed23014a
LINEAR_INTERPOLATION,ORACLE_POLICY_CROSS_ASSET,ENSEMBLE,DIRECTIONAL,HALF,1.0,LOCKED_20260301_20260831,184,True,COMPLETE_CONDITIONAL_ACCOUNT,-190.87431173581518,-1.9087431173581517,-177.54595774602163,14.773003735074212,10.74394590171113,10.74394590171113,21.48789180342226,22.93254154870015,26860.006791044023,-0.3562488288277023,0.09480396002747409,0.06501340780457354,0.1465138901069243,0.07212935616490078,-95.1396357069662,-95.73467602885171,0,0.0,db6e83aa52c34b56c4ff05bcc16169fbdddb1ae9915144f75eead466e81a324c
LINEAR_INTERPOLATION,ORACLE_POLICY_CROSS_ASSET,ENSEMBLE,NEUTRAL,HALF,1.0,LOCKED_20260301_20260831,184,True,COMPLETE_CONDITIONAL_ACCOUNT,-359.4045569221355,-3.5940455692213553,-319.16621059521583,23.859361804544086,17.352423053543802,17.352423053543802,34.704846107087604,18.325861584712378,44199.58330668333,-0.6262302177081995,0.10679920841854916,0.09809787416160476,0.25574161754526875,0.03842204543307422,266.2605537486594,-625.6651106707944,1,409.4627401197694,466d4e2f74b871972249a3d5a2bc576e4f750c1226d769c5895f02bf1c55c003
LINEAR_INTERPOLATION,ORACLE_POLICY_CROSS_ASSET,ENSEMBLE,COMBINED,HALF,1.0,LOCKED_20260301_20260831,184,True,COMPLETE_CONDITIONAL_ACCOUNT,-292.1934161624781,-2.921934161624781,-273.49270286397666,17.264917932826766,12.556324420090808,12.556324420090808,25.112648840181617,23.676853474505656,31728.21803094293,-0.8915014460152735,0.0637123934666925,0.05570755516891779,0.19369154326664623,0.043554977153067595,168.15249350786053,-460.34590967033995,1,168.72907653804114,feb22460f9c093907239ccef8d63b81bd287da815188cd3a266d4905d98a2a3e
LINEAR_INTERPOLATION,ORACLE_POLICY_PATCH_CROSS_ASSET,ENSEMBLE,NEUTRAL,HALF,1.0,LOCKED_20260301_20260831,184,True,COMPLETE_CONDITIONAL_ACCOUNT,177.14856577156078,1.771485657715608,279.3129258988023,37.86646202065131,27.539465002041332,27.539465002041332,55.078930004082665,-9.218968102514175,69255.97519238478,0.33250959063689367,0.13034385708920035,0.08866854292666126,0.2701155318217577,0.022863607676718585,298.5806068855793,-121.43204111402521,1,203.93121378211112,ca5034d9c5e392d32b7009bf19d030d07ba8e688381a18e66d59a4686ab46bde
LINEAR_INTERPOLATION,BASE_CASH,ENSEMBLE,DIRECTIONAL,HALF,1.0,LOCKED_20260301_20260831,184,True,COMPLETE_CONDITIONAL_ACCOUNT,0.0,0.0,0.0,0.0,0.0,0.0,0.0,0.0,0.0,0.0,0.0,0.0,0.0,0.0,0.0,0.0,0,0.0,88548643f092c8e19e01e714cae4afc460661517aa2e474e9bf603bba3dd6974
LINEAR_INTERPOLATION,ORACLE_POLICY_PATCH_CROSS_ASSET,ENSEMBLE,DIRECTIONAL,HALF,1.0,LOCKED_20260301_20260831,184,True,COMPLETE_CONDITIONAL_ACCOUNT,-320.2557658534759,-3.202557658534759,-300.31702684347437,13.980993834790121,10.167899414762408,10.167899414762408,20.335798829524816,14.37805365431541,25419.98879052749,-0.8175219868496049,0.07551046062876303,0.06342725952928652,0.11939654061109198,0.08682746718462488,-188.51895019341663,-131.73681566005735,0,0.0,1359e154f2f9ae9194ecab2575c04a0955c75c0e02a10f7ba88e3bcb5c211e22
LINEAR_INTERPOLATION,ORACLE_POLICY_PATCH_CROSS_ASSET,ENSEMBLE,COMBINED,HALF,1.0,LOCKED_20260301_20260831,184,True,COMPLETE_CONDITIONAL_ACCOUNT,-443.37409911667464,-4.433740991166746,-391.21433319863763,22.108776044236055,16.079315109971752,16.079315109971752,32.158630219943504,2.107640346141793,41230.42526613596,-0.8806690814479055,0.09676169142436183,0.09067541833970183,0.1849209243415556,0.0457903029850869,204.2024864563596,-647.5765855730349,2,516.32532012611,a63aa3304847d47e46662a8ef4dd0c3b7a666e99ea99377dee25db08d8d95ccc
LINEAR_INTERPOLATION,OLD_FROZEN_TRANSFORMER_SHARED,FROZEN_LEGACY,DIRECTIONAL,HALF,1.0,LOCKED_20260301_20260831,184,True,COMPLETE_CONDITIONAL_ACCOUNT,-548.6052103618964,-5.486052103618964,-485.3507360856271,18.839947868668112,13.701712270066793,13.701712270066793,27.403424540133585,-17.01110186746502,34527.30748304562,-0.8296452350793877,0.12544710685518054,0.1276229055460254,0.2600217267722633,0.21407539448727061,-221.46177411047995,-327.14343625141396,1,136.42840636998056,d455097b7f8a89c25c186c98c2d94f45e92b9cacf0dbc6ca97eb3b5a6c05a669
LINEAR_INTERPOLATION,BASE_HOLD,ENSEMBLE,DIRECTIONAL,HALF,1.0,LOCKED_20260301_20260831,184,True,COMPLETE_CONDITIONAL_ACCOUNT,701.5397080222722,7.015397080222723,728.2369002023572,10.197796204925051,7.416812093935374,7.416812093935374,14.833624187870749,-1.6657717872820108,18541.447645318276,0.7957925342299584,0.19178871655932908,0.11462772417917222,0.28740912759412557,0.28740912759412557,701.5397080222796,0.0,0,0.0,1c9b5db3933b809fe2a9650ca99f1c41ed3c38758e1c16dacb64200427221377
LINEAR_INTERPOLATION,BASE_STATIC_DIRECTION3,ENSEMBLE,DIRECTIONAL,HALF,1.0,LOCKED_20260301_20260831,184,True,COMPLETE_CONDITIONAL_ACCOUNT,-735.6439587194002,-7.356439587194003,-708.5563966722509,8.271338912325065,6.015326071860691,6.015326071860691,12.030652143721381,-6.785570991102921,15143.800972228704,-3.4749670528413055,0.043340964565525844,0.08048149245198044,0.08347380514249864,-0.03794366937441274,-458.9908619061377,-276.65309681326255,1,52.50147490974725,d359dcbf77a2732ca838fcb9ace12b65e77450027e5b2deebfacb93ea9efd142
LINEAR_INTERPOLATION,BASE_SMA200_SIGNED,ENSEMBLE,DIRECTIONAL,HALF,1.0,LOCKED_20260301_20260831,184,True,COMPLETE_CONDITIONAL_ACCOUNT,-1666.071182939903,-16.660711829399034,-1600.9826726775468,19.815030903211845,14.410591213466018,14.410591213466018,28.821182426932037,-16.452296932216584,36564.71000562619,-2.579635938416054,0.13646714731752504,0.18866629329373164,0.2748001972622043,-0.2165651758917124,-562.1853633011123,-1103.885819638795,2,268.69054534778024,1f2621e701fecfd2fb5cb96ed030affa65a5dac0f77b9f76409a6acd07141b7a
LINEAR_INTERPOLATION,CROSS_ASSET_MULTITASK,ENSEMBLE,NEUTRAL,FULL,0.01,LOCKED_20260301_20260831,184,True,COMPLETE_CONDITIONAL_ACCOUNT,-418.9430599307235,-4.189430599307236,-341.49083079526304,31.608089685299106,22.98874700127559,22.98874700127559,45.97749400255118,0.13335455239069519,61077.6572014177,-0.1917376149281677,0.25993111389883145,0.20897108767911232,0.48346369182213916,0.10609330269125916,633.3432773117748,-1052.2863372424977,2,1804.201614073301,1c07322a8a7deea11ae73b8bdc9fdc516bde566b98e95a4a7fbc3e2a49256d28
LINEAR_INTERPOLATION,TRANSFORMER_SHARED,ENSEMBLE,NEUTRAL,FULL,0.01,LOCKED_20260301_20260831,184,True,COMPLETE_CONDITIONAL_ACCOUNT,-1439.9658571961795,-14.399658571961796,-1367.028773524256,29.83177087760447,21.696420886833575,21.696420886833575,43.39284177366715,0.2875289793477765,57442.616259381306,-1.0842218695750847,0.2539877778749059,0.24377126474304778,0.501417467750077,0.08605276011097164,456.7155391560698,-1896.6813963522497,2,1601.5164227774976,3671f098260ff16fcd1af69d22b4799190d5d86cca452489778c60206eed8244
LINEAR_INTERPOLATION,PATCH_CROSS_ASSET_MULTITASK,ENSEMBLE,NEUTRAL,FULL,0.01,LOCKED_20260301_20260831,184,True,COMPLETE_CONDITIONAL_ACCOUNT,-280.1166455664042,-2.801166455664042,-122.28210976133334,64.32991183830921,46.786453891840814,46.786453891840814,93.57290778368163,0.06828381692119315,120409.08311558324,-0.08463852575992006,0.2578087659624585,0.22287285335902518,0.4783712440000737,0.10876466740613878,465.0347989924748,-745.1514445588776,2,1722.803522965064,120e9e9b0a32ef67fc292ca133812114581912628e6dddd23c974178568ffbe8
LINEAR_INTERPOLATION,TRANSFORMER_SHARED,ENSEMBLE,DIRECTIONAL,FULL,0.01,LOCKED_20260301_20260831,184,True,COMPLETE_CONDITIONAL_ACCOUNT,378.84199742355116,3.7884199742355116,411.33965129549483,13.282902579936426,9.660527277321508,9.660527277321508,19.321054554643016,0.10630326263901708,24472.179540969464,0.4346159688890145,0.22955218568197813,0.13129158586461853,0.41689166148254897,0.40350855494307414,595.4241586099504,-216.582161186396,1,160.7237887243436,bdd97f0e3e26ae0ca5cd5d66f89e4d578f04a295b64ab10a67751e0fcdb0a75d
LINEAR_INTERPOLATION,PATCH_CROSS_ASSET_MULTITASK,ENSEMBLE,DIRECTIONAL,FULL,0.01,LOCKED_20260301_20260831,184,True,COMPLETE_CONDITIONAL_ACCOUNT,264.4698726970835,2.6446987269708346,346.1122658232431,33.415662320624556,24.302410625470195,24.302410625470195,48.60482125094039,0.37809044540666925,60755.749673862825,0.3787024946862475,0.17809387139306723,0.09198102247741113,0.32891677383102635,0.23816639858179922,423.9640217731555,-159.49414907607053,0,0.0,6306a643664560b68ff5e56174650f314d828a02952551e7815d44587f4ad83f
LINEAR_INTERPOLATION,ORACLE_POLICY_CROSS_ASSET,ENSEMBLE,DIRECTIONAL,FULL,0.01,LOCKED_20260301_20260831,184,True,COMPLETE_CONDITIONAL_ACCOUNT,139.1877059170732,1.391877059170732,206.1617888817419,27.4253829243593,19.945799007670114,19.945799007670114,39.89159801534023,0.3428979750279548,49864.33258974418,0.23479769905883013,0.20358323594390174,0.11077227271633505,0.27843108258804633,0.21238290393119252,189.33403193819092,-50.1463260211206,0,0.0,24ab5afd045c6590c406818314344a7e05543df9ae2339f71d9241ed9672111f
LINEAR_INTERPOLATION,TRANSFORMER_SHARED,ENSEMBLE,COMBINED,FULL,0.01,LOCKED_20260301_20260831,184,True,COMPLETE_CONDITIONAL_ACCOUNT,-368.3108355341791,-3.6831083553417905,-324.4868528430593,17.961135350117814,13.063174128700773,13.063174128700773,26.126348257401546,0.26350091639825046,34638.08941157469,-0.3801639344546154,0.16146455684405298,0.15947300596248948,0.4397583969339561,0.22569099380561944,494.08371078882516,-862.3945463230054,2,990.7398420438768,04dc348c79c7e6d91a8287b772280e073efcf7b2e721d27bc24402f745b0430c
LINEAR_INTERPOLATION,PATCH_CROSS_ASSET_MULTITASK,ENSEMBLE,COMBINED,FULL,0.01,LOCKED_20260301_20260831,184,True,COMPLETE_CONDITIONAL_ACCOUNT,-54.4025340956552,-0.544025340956552,56.86765351557767,45.47168816482597,33.070892716384535,33.070892716384535,66.14178543276907,0.34328598636630253,84412.83856153965,-0.009238697089945232,0.13814294228230325,0.1101722830706462,0.41832352745958434,0.13638936036474375,398.33924897520967,-452.74178307086066,2,868.5209491098591,dcd2d5d3c90ba75d2f0e44fb24ccd1139d96f4712cdb314b20d16b032c7a7ea6
LINEAR_INTERPOLATION,CROSS_ASSET_MULTITASK,ENSEMBLE,DIRECTIONAL,FULL,0.01,LOCKED_20260301_20260831,184,True,COMPLETE_CONDITIONAL_ACCOUNT,-191.76420814703994,-1.9176420814703994,-128.23147709125925,25.937425566993824,18.86356941967737,18.86356941967737,37.72713883935474,0.13183335057003245,47247.153104705634,-0.25237293901965574,0.12261303331584295,0.06510481394923173,0.3312601887873185,0.18423156636930815,169.8636960368178,-361.62790418385555,1,44.09876417661263,6320f8487605b423562a26abdab1057908d1e4a02b8277af3eaffe70e3aa10b1
LINEAR_INTERPOLATION,CROSS_ASSET_MULTITASK,ENSEMBLE,COMBINED,FULL,0.01,LOCKED_20260301_20260831,184,True,COMPLETE_CONDITIONAL_ACCOUNT,-260.17185913639287,-2.601718591363929,-193.16808844124932,27.39314887648178,19.922925932856828,19.922925932856828,39.845851865713655,0.2352300470536583,51985.89603740537,-0.2792328845628254,0.1477817523671729,0.12039459674438446,0.42460105022011974,0.1224690510009242,495.49337803214905,-755.6652371685403,2,1090.0854037192482,1fcc4f2bb8670c48aebc22c61cbb155831af7cc72d3f87b55af44bc3b33b7a80
LINEAR_INTERPOLATION,BASE_CASH,ENSEMBLE,DIRECTIONAL,FULL,0.01,LOCKED_20260301_20260831,184,True,COMPLETE_CONDITIONAL_ACCOUNT,0.0,0.0,0.0,0.0,0.0,0.0,0.0,0.0,0.0,0.0,0.0,0.0,0.0,0.0,0.0,0.0,0,0.0,ada512c8f8dff9b4ddc27e800cc9ab329dde2777997e71555561dae9af83526a
LINEAR_INTERPOLATION,ORACLE_POLICY_CROSS_ASSET,ENSEMBLE,NEUTRAL,FULL,0.01,LOCKED_20260301_20260831,184,True,COMPLETE_CONDITIONAL_ACCOUNT,-441.07793283838504,-4.410779328383851,-342.4083237887569,40.208012694817896,29.242639469602217,29.242639469602217,58.485278939204434,0.023682584396767088,74849.1947806276,-0.4008417476782081,0.1818383303097424,0.16726139755441294,0.46841466271160015,0.12195227644577794,668.7485919225284,-1109.8265247609108,1,871.8585768429859,3f01b976d5969516da4ec55968c7baaa551417131d0cb177cb50595bdcb0317c
LINEAR_INTERPOLATION,ORACLE_POLICY_PATCH_CROSS_ASSET,ENSEMBLE,DIRECTIONAL,FULL,0.01,LOCKED_20260301_20260831,184,True,COMPLETE_CONDITIONAL_ACCOUNT,-233.65328788623532,-2.336532878862353,-169.91126455151453,26.084022339084594,18.970143693184138,18.970143693184138,37.940287386368276,0.2822863907291425,47425.49516197199,-0.18169743845764744,0.1748994050343081,0.11811139493277423,0.24873476908498954,0.2097974712684301,-89.46115626079653,-144.19213162544176,0,0.0,e41a059b74a2cfb0aeec6aca5cf8774834d8cab189d701085a47dc461d4621b1
LINEAR_INTERPOLATION,ORACLE_POLICY_PATCH_CROSS_ASSET,ENSEMBLE,NEUTRAL,FULL,0.01,LOCKED_20260301_20260831,184,True,COMPLETE_CONDITIONAL_ACCOUNT,-534.3207551300906,-5.343207551300906,-389.661605308979,58.90165644575379,42.8383983863431,42.8383983863431,85.6767967726862,-0.08069660267339528,110077.52666116755,-0.25752347882413607,0.27351875071379333,0.20639687916965566,0.49925787107807273,0.08727589334877754,659.9748056456745,-1194.2955607757667,2,1491.8029253530576,ca802bcb52e999e11e1e6ccce9a6c20bc607bd1702441c3588220bc78f8ebe89
LINEAR_INTERPOLATION,ORACLE_POLICY_CROSS_ASSET,ENSEMBLE,COMBINED,FULL,0.01,LOCKED_20260301_20260831,184,True,COMPLETE_CONDITIONAL_ACCOUNT,-153.4288937982641,-1.534288937982641,-76.29705193337668,31.525911755909156,22.928171922874334,22.928171922874334,45.85634384574867,0.25041373676821366,58133.95034234612,-0.19221196533323703,0.12139636016517638,0.10086310392638276,0.37841504519410635,0.12187202646589483,538.0172519005495,-691.4461456988157,1,407.0553930738288,3953bf7572fadaf986e53bf43ca5a4bf26c95b76a502daaa164171a3eebd463e
LINEAR_INTERPOLATION,ORACLE_POLICY_PATCH_CROSS_ASSET,ENSEMBLE,COMBINED,FULL,0.01,LOCKED_20260301_20260831,184,True,COMPLETE_CONDITIONAL_ACCOUNT,-535.0999649883117,-5.350999649883118,-443.191869245833,37.504681738069806,27.276642964648655,27.276642964648655,54.55328592929731,0.1498719248942468,70229.74576141474,-0.4895380436234821,0.18631337976014736,0.15463023991567326,0.3652201105091956,0.11694027364582435,490.32609628605,-1025.426061274356,2,1019.7076642802793,296bf37d3becb297c2c1bb8885ab2ef2e760a831cd2c0cdc2776e80287e6a640
LINEAR_INTERPOLATION,BASE_HOLD,ENSEMBLE,DIRECTIONAL,FULL,0.01,LOCKED_20260301_20260831,184,True,COMPLETE_CONDITIONAL_ACCOUNT,1319.0395686134084,13.190395686134085,1364.2410385365524,18.405591080405706,13.386320979245573,13.386320979245573,26.772641958491146,-0.023236884256724082,33464.7110552831,0.824696782160123,0.3861003373872561,0.22290652197984673,0.5738534895701765,0.5738534895701765,1319.0395686133988,0.0,0,0.0,ef22ff5373982e671d073d9f4f73ce16f17607634e83678ec864952c5ef39317
LINEAR_INTERPOLATION,BASE_STATIC_DIRECTION3,ENSEMBLE,DIRECTIONAL,FULL,0.01,LOCKED_20260301_20260831,184,True,COMPLETE_CONDITIONAL_ACCOUNT,-1373.7702449240915,-13.737702449240913,-1335.2343154485743,15.646459650534247,11.378882127608875,11.378882127608875,22.75776425521775,-0.1317055697659785,28654.42215268243,-3.366501652980283,0.08594735402152381,0.1521556521648243,0.16863213700881652,-0.07924717203632843,-849.5038483653526,-524.2663965587396,1,103.15684858280743,b687c824adce865ce037f1db38a843a04dfff722a0668177d188849778324566
LINEAR_INTERPOLATION,OLD_FROZEN_TRANSFORMER_SHARED,FROZEN_LEGACY,DIRECTIONAL,FULL,0.01,LOCKED_20260301_20260831,184,True,COMPLETE_CONDITIONAL_ACCOUNT,-1199.4991542699338,-11.994991542699339,-1119.04564483336,32.64341691053178,23.740542598066007,23.740542598066007,47.481085196132014,-0.32900732991403825,60082.44413892308,-0.9147395946650246,0.24445449548990067,0.23534324606153167,0.5179667669080803,0.42416401565738976,-536.0034747626686,-663.4956795072694,1,365.38851443264593,e1fd8ea4c1aaab3b1032abdb56351adf25be084f259ee996a3a868bdcacec477
LINEAR_INTERPOLATION,BASE_SMA200_SIGNED,ENSEMBLE,DIRECTIONAL,FULL,0.01,LOCKED_20260301_20260831,184,True,COMPLETE_CONDITIONAL_ACCOUNT,-2961.9457545983482,-29.619457545983483,-2874.0355981032408,35.663357187951455,25.93647052366892,25.93647052366892,51.87294104733784,-0.37385825981454524,66102.3716064472,-2.477287138180636,0.26656511989313,0.33243891479886356,0.5379126440968355,-0.4234598399616194,-923.0746785594212,-2038.871076038923,2,629.9519959950077,6a777b7d0bca180e3d40e824f2ce787fc7301cb20dc255c57125a6e94096cba1
LINEAR_INTERPOLATION,TRANSFORMER_SHARED,ENSEMBLE,NEUTRAL,HALF,0.01,LOCKED_20260301_20260831,184,True,COMPLETE_CONDITIONAL_ACCOUNT,-739.1820515383787,-7.391820515383787,-697.7782294950265,16.949833611048156,12.327446891802804,12.327446891802804,24.65489378360561,0.2009053513007843,32438.07838753872,-1.039608964911395,0.1373320291208823,0.12823661727438684,0.26482932663425096,0.02826225449511893,248.09811171420532,-987.2801632525848,2,810.0995473619478,7a6b6b4f067b4627118801d642eed969c27bb0e73fedf286b31b4c4b9d725d1b
LINEAR_INTERPOLATION,TRANSFORMER_SHARED,ENSEMBLE,DIRECTIONAL,HALF,0.01,LOCKED_20260301_20260831,184,True,COMPLETE_CONDITIONAL_ACCOUNT,234.0032501628628,2.340032501628628,250.78131221150733,6.856890580431298,4.986918401007235,4.986918401007235,9.97383680201447,0.05266533379786228,12494.067365048693,0.45868942966123794,0.11409673275346144,0.06618109263206207,0.2084319436598277,0.20024235518954758,311.74661738461236,-77.74336722175293,1,13.496791223166523,5833060de83225d33012924f47876b5b174b78ca174c5879bef6cbfbbb4f8593
LINEAR_INTERPOLATION,CROSS_ASSET_MULTITASK,ENSEMBLE,NEUTRAL,HALF,0.01,LOCKED_20260301_20260831,184,True,COMPLETE_CONDITIONAL_ACCOUNT,-47.336194131818054,-0.47336194131818055,-4.420702568932882,17.54645044135576,12.761617040842578,12.761617040842578,25.523234081685157,0.15419296015694042,33663.85287500175,-0.0027213105008686744,0.13385000524368276,0.10143466825164948,0.2601219231340826,0.034031325759018106,330.11310953554715,-377.449303667364,2,880.6078544501851,4632cc47b7ac8ff56fa26f244dcc8063d65bdf2dbf707175f9774fb2c9fa1ac8
LINEAR_INTERPOLATION,CROSS_ASSET_MULTITASK,ENSEMBLE,DIRECTIONAL,HALF,0.01,LOCKED_20260301_20260831,184,True,COMPLETE_CONDITIONAL_ACCOUNT,-106.34913570166961,-1.063491357016696,-74.95662646376644,12.820787760631278,9.324185294338642,9.324185294338642,18.648370588677285,0.07664911140739307,23310.52320114778,-0.3131731190225074,0.061684821724491065,0.03566944686971052,0.16867563878441943,0.08836025340010831,84.58235236491188,-190.93148806657948,0,0.0,1a213b560ecc88e63d09325c69b2d2b6b824aed2d37b6ae8982b4e72a4fc1747
LINEAR_INTERPOLATION,TRANSFORMER_SHARED,ENSEMBLE,COMBINED,HALF,0.01,LOCKED_20260301_20260831,184,True,COMPLETE_CONDITIONAL_ACCOUNT,-207.25787018383988,-2.072578701838399,-184.67470347841896,9.266389204932818,6.739523806148818,6.739523806148818,13.479047612297636,0.16227011180843823,18069.083534735313,-0.410085258624181,0.0911335588686885,0.08352739291498779,0.22628899060038193,0.1050140305822297,270.96510539104133,-478.2229755748823,2,610.5515810650943,948b987a920f05f94de3ca2a5e029567432d624f4047f33748541be9eecc7cf2
LINEAR_INTERPOLATION,PATCH_CROSS_ASSET_MULTITASK,ENSEMBLE,NEUTRAL,HALF,0.01,LOCKED_20260301_20260831,184,True,COMPLETE_CONDITIONAL_ACCOUNT,29.11589994857126,0.2911589994857126,118.18848247079853,36.32405286554398,26.41807257921594,26.41807257921594,52.83614515843188,0.08761550174516972,67736.75054111173,0.11002415592748614,0.12985762067595405,0.11482630654518067,0.2537078167198926,0.040000798418696026,243.05802776859585,-213.94212782002796,2,846.509029152249,ec11dd62591400d145084ad5fac50fe50ca182127a1efa9a8110f97d8cec1bec
LINEAR_INTERPOLATION,PATCH_CROSS_ASSET_MULTITASK,ENSEMBLE,DIRECTIONAL,HALF,0.01,LOCKED_20260301_20260831,184,True,COMPLETE_CONDITIONAL_ACCOUNT,137.6676418901489,1.376676418901489,178.47711901930273,16.703149528821907,12.147802224548563,12.147802224548563,24.295604449097127,0.18927684876474304,30369.362779676194,0.34826227967589796,0.08920499887092957,0.04729843833519176,0.16580654207614123,0.11791429901511759,224.8925907955256,-87.22494890537716,0,0.0,abdc0eab1bcf0a79ac692aa666a5692d15239f40fd5a4f19c8442ed7574c2dd4
LINEAR_INTERPOLATION,CROSS_ASSET_MULTITASK,ENSEMBLE,COMBINED,HALF,0.01,LOCKED_20260301_20260831,184,True,COMPLETE_CONDITIONAL_ACCOUNT,-161.28810224805386,-1.6128810224805386,-127.47574378084477,13.84000997647447,10.065848122358931,10.065848122358931,20.131696244717862,0.15934775398396542,26498.38426705754,-0.30778974704549616,0.09115152439302485,0.07283997451907198,0.22107848126852475,0.05060399946799705,249.202032388485,-410.4901346365382,2,667.3648821883435,f584426c08065559c68b49ce1c7a46ed3887695f2a929067af929acb00521c93
LINEAR_INTERPOLATION,PATCH_CROSS_ASSET_MULTITASK,ENSEMBLE,COMBINED,HALF,0.01,LOCKED_20260301_20260831,184,True,COMPLETE_CONDITIONAL_ACCOUNT,43.823817359641,0.43823817359641,102.53479768988723,23.996273687757526,17.452137785900042,17.452137785900042,34.904275571800085,0.1895689293109622,44471.98066875546,0.1571828283929517,0.0713408089332287,0.05559880495075298,0.2142647180727671,0.0616850744317155,232.70924767882195,-188.88543031918132,2,421.1960727799792,23cacdae2b81d088763e17bad2f8919ea634270237e4c21f577d4e4c6a902e4b
LINEAR_INTERPOLATION,ORACLE_POLICY_CROSS_ASSET,ENSEMBLE,DIRECTIONAL,HALF,0.01,LOCKED_20260301_20260831,184,True,COMPLETE_CONDITIONAL_ACCOUNT,42.336851966392686,0.42336851966392686,76.31371683379962,13.912498771005412,10.118205344756959,10.118205344756959,20.236410689513917,0.17204459311434958,25295.452310918932,0.13263554704821076,0.1019477986308965,0.06006580297136577,0.14160102453238363,0.10559647732466024,65.68348396356942,-23.34663199717479,0,0.0,92386a561a6dbc9d328d60b4d88dd896c518cebc998141fe348a1dab3424d4d3
LINEAR_INTERPOLATION,ORACLE_POLICY_CROSS_ASSET,ENSEMBLE,NEUTRAL,HALF,0.01,LOCKED_20260301_20260831,184,True,COMPLETE_CONDITIONAL_ACCOUNT,-274.857840249696,-2.74857840249696,-216.54603576746206,23.77582965898349,17.291758361718223,17.291758361718223,34.583516723436446,0.04754190018563329,44213.7099136144,-0.47388433928163315,0.10500647423945382,0.09515409730147162,0.2563190182533837,0.038208858930663996,340.7155678436293,-615.5734080933256,1,492.46435773130037,5c3eae86c593097566e51f6fb5a5913bdc8d59b3234b1103a1b5a6625139e42b
LINEAR_INTERPOLATION,ORACLE_POLICY_PATCH_CROSS_ASSET,ENSEMBLE,DIRECTIONAL,HALF,0.01,LOCKED_20260301_20260831,184,True,COMPLETE_CONDITIONAL_ACCOUNT,-165.2649519716835,-1.6526495197168352,-132.27177302734924,13.499955736115682,9.818107299298582,9.818107299298582,19.636214598597164,0.1429913903774893,24545.374065664877,-0.3362678496050749,0.08711287381172733,0.06401555731477493,0.12524615128606792,0.10390056524596447,-83.0297117502925,-82.23524022139209,0,0.0,f5a33948cabd97348517aeeda4e8513ffa2ddb0e67c5db9db0a98232aa93cb02
LINEAR_INTERPOLATION,ORACLE_POLICY_PATCH_CROSS_ASSET,ENSEMBLE,NEUTRAL,HALF,0.01,LOCKED_20260301_20260831,184,True,COMPLETE_CONDITIONAL_ACCOUNT,-14.42042199471621,-0.1442042199471621,62.43168073100463,31.300885791038482,22.764623363258192,22.764623363258192,45.529246726516384,-0.021970208164587342,57919.48212463918,0.03824757954787382,0.12292066434929383,0.08385496513709545,0.2611048544309658,0.032288529739115425,347.9874461921626,-362.4078681868774,1,504.39034319369654,7a335c12ef4889ef2177b162389a5e1d91634a96a1bc601aef1395fd8a90648e
LINEAR_INTERPOLATION,ORACLE_POLICY_CROSS_ASSET,ENSEMBLE,COMBINED,HALF,0.01,LOCKED_20260301_20260831,184,True,COMPLETE_CONDITIONAL_ACCOUNT,-24.21354205706041,-0.24213542057060408,16.179062991894682,16.51796366102945,12.013178519094287,12.013178519094287,24.026357038188575,0.15171565026147676,30372.851968862582,-0.04646644970965088,0.062130340640653085,0.05089545310983501,0.192094968531452,0.05680343837437943,257.5758156089113,-281.78935766597317,1,170.09538349542424,e0fd7cca51a6b5f096156268a8c99ff54bdb9346ebfa0c5cc32c0268b497dd2d
LINEAR_INTERPOLATION,BASE_CASH,ENSEMBLE,DIRECTIONAL,HALF,0.01,LOCKED_20260301_20260831,184,True,COMPLETE_CONDITIONAL_ACCOUNT,0.0,0.0,0.0,0.0,0.0,0.0,0.0,0.0,0.0,0.0,0.0,0.0,0.0,0.0,0.0,0.0,0,0.0,ada512c8f8dff9b4ddc27e800cc9ab329dde2777997e71555561dae9af83526a
LINEAR_INTERPOLATION,ORACLE_POLICY_PATCH_CROSS_ASSET,ENSEMBLE,COMBINED,HALF,0.01,LOCKED_20260301_20260831,184,True,COMPLETE_CONDITIONAL_ACCOUNT,-266.676410574954,-2.66676410574954,-218.4916482891938,19.6645894710175,14.301765951738934,14.301765951738934,28.60353190347787,0.08335908873559365,36742.092103630814,-0.528141303366599,0.09319959038906205,0.0750987520639973,0.18377631413620416,0.056236927492778664,248.77038674203766,-515.4467973169913,2,494.14653270859134,0fe5912c958e5c831285fff2bef9244002ecca36c434ceab3f4b905c7fd5e3f5
LINEAR_INTERPOLATION,OLD_FROZEN_TRANSFORMER_SHARED,FROZEN_LEGACY,DIRECTIONAL,HALF,0.01,LOCKED_20260301_20260831,184,True,COMPLETE_CONDITIONAL_ACCOUNT,-640.850649668344,-6.40850649668344,-594.7217634170751,18.72067389221663,13.61494802973156,13.61494802973156,27.22989605946312,-0.17831629958952772,34358.784895322126,-1.0088188792643904,0.12277339470551754,0.12817731265236432,0.2606149403819583,0.2122659927869776,-283.4173391559891,-357.4333105123553,1,160.59800019139902,bfa4af5840b697a84bd36ca6a8162c3e6bc4c0816d5623cfec94c9bdf36a5d8f
LINEAR_INTERPOLATION,BASE_HOLD,ENSEMBLE,DIRECTIONAL,HALF,0.01,LOCKED_20260301_20260831,184,True,COMPLETE_CONDITIONAL_ACCOUNT,699.8560686855549,6.99856068685555,724.8154644654512,10.161608165187562,7.390492424721402,7.390492424721402,14.780984849442804,-0.016802765260717542,18475.651209431933,0.7935771648777296,0.19197580913099582,0.11544079941660323,0.28745680079198294,0.28745680079198294,699.8560686855601,0.0,0,0.0,3ebfcfd51b006d0403ac1aa8db9359f91ca86c573594c35b44105ada94b04e4c
LINEAR_INTERPOLATION,BASE_SMA200_SIGNED,ENSEMBLE,DIRECTIONAL,HALF,0.01,LOCKED_20260301_20260831,184,True,COMPLETE_CONDITIONAL_ACCOUNT,-1652.9932056075115,-16.529932056075115,-1604.0943644805657,19.85493963061824,14.439615120370112,14.439615120370112,28.879230240740224,-0.1646712555905759,36638.43889893522,-2.5536097542819074,0.13663231758419186,0.18872137337114636,0.2747793546334387,-0.21654881911279164,-557.799979902759,-1095.1932257047556,2,269.2743307237562,b53690b0ec1da9ca53157be7cae55f154ac65dcd73bb6ce3e74243368ddf90c9
LINEAR_INTERPOLATION,BASE_STATIC_DIRECTION3,ENSEMBLE,DIRECTIONAL,HALF,0.01,LOCKED_20260301_20260831,184,True,COMPLETE_CONDITIONAL_ACCOUNT,-729.2668331992638,-7.292668331992638,-708.8889567210185,8.27460564885897,6.017701784202763,6.017701784202763,12.035403568405526,-0.06786726098010311,15149.772908805238,-3.4425161328523894,0.04335302275345973,0.08018973113930994,0.08347238951208573,-0.037944346694410366,-454.43452032931543,-274.8323128699477,1,52.51768271264671,6340f7a029b1245473019bd3a29d71125979cc16312c6a823280931b1651383c
PREVIOUS,PATCH_CROSS_ASSET_MULTITASK,ENSEMBLE,NEUTRAL,FULL,1.0,LOCKED_20260301_20260831,184,True,COMPLETE_CONDITIONAL_ACCOUNT,-1327.0717781032833,-13.270717781032834,-1193.4015103149907,58.89842447970219,42.835910507615644,42.835910507615644,85.67182101523129,10.899977706641963,110446.14663096213,-0.9415152441667839,0.262023091393261,0.24198670845724224,0.4672153051354377,0.12111226107841508,282.68922223487,-1609.7610003381521,2,1679.0510612063483,96057f52e8b4348ffe47b54ad44cb30c9f3378451bc8cb6c0c5b253429288351
PREVIOUS,CROSS_ASSET_MULTITASK,ENSEMBLE,NEUTRAL,FULL,1.0,LOCKED_20260301_20260831,184,True,COMPLETE_CONDITIONAL_ACCOUNT,-516.4941839991118,-5.164941839991117,-435.1061153790065,36.63236516631421,26.64273905646613,26.64273905646613,53.28547811293226,8.529774659143364,70223.57988759202,-0.2592619285479501,0.2647800165697664,0.20964721267182995,0.4900483974995357,0.0991299073684222,528.1520683275536,-1044.6462523266634,2,1809.6397926012714,179028800946bcdb8080ed1174434da6a7f21d018d8ba9489a43557af88d039a
PREVIOUS,TRANSFORMER_SHARED,ENSEMBLE,NEUTRAL,FULL,1.0,LOCKED_20260301_20260831,184,True,COMPLETE_CONDITIONAL_ACCOUNT,-1710.135547847551,-17.10135547847551,-1667.547274147448,27.916126074885838,20.303130872627303,20.303130872627303,40.606261745254606,25.93411412003816,53967.03781190391,-1.2334737096610173,0.27107357694080303,0.26706580503243926,0.5053810943456413,0.08157372907574643,491.42050089719356,-2201.5560487447437,2,1605.2224742375558,31e6dd59218505b173722b197e538dc3ad7b3fa8a0191958c61cb23f370d8092
PREVIOUS,CROSS_ASSET_MULTITASK,ENSEMBLE,DIRECTIONAL,FULL,1.0,LOCKED_20260301_20260831,184,True,COMPLETE_CONDITIONAL_ACCOUNT,476.01821369569274,4.760182136956928,511.94582731627446,21.012125952886816,15.281709970218788,15.281709970218788,30.563419940437576,15.647932272738545,38203.86536888512,0.5861324710188888,0.18690086619827814,0.09606379259682651,0.3851118989378522,0.3069231815323293,598.673135255957,-122.65492156026845,0,0.0,338c8c8b75e9d189bcc25edbaa2c1c0e06d797183808243da59c5a76ebfdd53b
PREVIOUS,ORACLE_POLICY_CROSS_ASSET,ENSEMBLE,DIRECTIONAL,FULL,1.0,LOCKED_20260301_20260831,184,True,COMPLETE_CONDITIONAL_ACCOUNT,-232.19787859666178,-2.321978785966618,-207.3835971808814,28.608748392591348,20.806296104588064,20.806296104588064,41.61259220917613,45.40705918598142,52015.90616834791,-0.15142817217107452,0.19006023735389954,0.1161236118961847,0.28940303038856685,0.14634998981516986,-59.77548195477563,-172.42239664189196,0,0.0,10913618750329e83d97c9812d7fa7839b7af255e84baa691974cd2444d53794
PREVIOUS,TRANSFORMER_SHARED,ENSEMBLE,DIRECTIONAL,FULL,1.0,LOCKED_20260301_20260831,184,True,COMPLETE_CONDITIONAL_ACCOUNT,-281.7123550241733,-2.817123550241733,-244.71170633931754,12.44477759081963,9.050951562071994,9.050951562071994,18.101903124143988,-6.453967969892421,23509.777847285986,-0.2409338000009813,0.1735493773056837,0.14547853056804616,0.33850506514292295,0.30327870873036994,143.26561245633133,-424.97796748050496,2,441.4547501706018,2da414405bcabe10ef684bde41cec6a474b5e0b3a1ddc6a604dd26a1e53ebe89
PREVIOUS,TRANSFORMER_SHARED,ENSEMBLE,COMBINED,FULL,1.0,LOCKED_20260301_20260831,184,True,COMPLETE_CONDITIONAL_ACCOUNT,-801.3189472985769,-8.013189472985768,-775.6538556871947,16.504450259786633,12.00365726643465,12.00365726643465,24.0073145328693,14.846673181271958,32098.47605759833,-0.9083067277550396,0.16690320342983778,0.1868489951383937,0.4160666282239201,0.17686544424083786,455.4214935373723,-1256.740440835951,2,1045.1923380840426,e0edc28be1b191a98c4498920c072da38762280228088f722e4d556658bcb63d
PREVIOUS,PATCH_CROSS_ASSET_MULTITASK,ENSEMBLE,DIRECTIONAL,FULL,1.0,LOCKED_20260301_20260831,184,True,COMPLETE_CONDITIONAL_ACCOUNT,-460.8559770186904,-4.608559770186904,-404.70698912026523,39.791784865358075,28.93935039584208,28.93935039584208,57.87870079168416,41.521497758618366,72348.6997551965,-0.4998682682143201,0.1614021321047739,0.11465602412304698,0.3313241209703762,0.11746662898938441,2.8207510344146165,-463.67672805310383,0,0.0,e85541978d4431ebc9662f928a66d391dd7a2beb43ac277e42daae8bfb928dfa
PREVIOUS,PATCH_CROSS_ASSET_MULTITASK,ENSEMBLE,COMBINED,FULL,1.0,LOCKED_20260301_20260831,184,True,COMPLETE_CONDITIONAL_ACCOUNT,-820.4437263396569,-8.204437263396569,-744.7441699606458,45.99743486283723,33.45305575285814,33.45305575285814,66.90611150571628,37.20398998954522,85550.98333583184,-1.085468238804724,0.1464907374755186,0.1296285950041446,0.4148501785505748,0.08419322561457915,122.68156832146131,-943.1252946611154,2,959.6417926093513,6320919c895b9ef8ce4fca661746b0ea323df75511719a4d1084de18f570f1fa
PREVIOUS,CROSS_ASSET_MULTITASK,ENSEMBLE,COMBINED,FULL,1.0,LOCKED_20260301_20260831,184,True,COMPLETE_CONDITIONAL_ACCOUNT,-145.12501529921522,-1.4512501529921522,-102.5956184049968,26.333006233381287,19.151900061374764,19.151900061374764,38.30380012274953,22.107409461910724,49927.04106321784,-0.11960562729608344,0.14905231383912568,0.12460669203334163,0.44730523287286095,0.17820229269382373,489.3958199524447,-634.5208352516617,2,1024.4239558077497,701edebaa8b90efdd82d58a9bffcd795123edaf394bad2eb47981e2fe3b4a047
PREVIOUS,ORACLE_POLICY_PATCH_CROSS_ASSET,ENSEMBLE,NEUTRAL,FULL,1.0,LOCKED_20260301_20260831,184,False,NOT_EVALUABLE_UNEXECUTABLE_RISK_REDUCTION,N/E,N/E,-591.2639349269868,48.54131575514738,35.30330046724091,35.30330046724091,70.60660093448182,-1.6088814089467707,89983.49375180666,,,,,,-34.25657865666898,-677.7641543688939,1,863.278007587529,48fa370b5f7f2c0c494a363162821361b0ccdbcc58cea7fd9f2483bcd13b1f72
PREVIOUS,BASE_CASH,ENSEMBLE,DIRECTIONAL,FULL,1.0,LOCKED_20260301_20260831,184,True,COMPLETE_CONDITIONAL_ACCOUNT,0.0,0.0,0.0,0.0,0.0,0.0,0.0,0.0,0.0,0.0,0.0,0.0,0.0,0.0,0.0,0.0,0,0.0,88548643f092c8e19e01e714cae4afc460661517aa2e474e9bf603bba3dd6974
PREVIOUS,ORACLE_POLICY_CROSS_ASSET,ENSEMBLE,NEUTRAL,FULL,1.0,LOCKED_20260301_20260831,184,True,COMPLETE_CONDITIONAL_ACCOUNT,-657.784702727206,-6.57784702727206,-578.2622408752711,41.248806774986285,29.999442608248525,29.999442608248525,59.99888521649705,21.725230139553087,76546.11854865258,-0.625528408201914,0.1874972134118686,0.18389397337983493,0.4697489940031489,0.1203300557986543,526.5185918330327,-1184.3032945602342,1,774.144024338753,9288b83a256bd8dc24af2f98081f67e1a5e2b4da433a383ec869bc477d64ce04
PREVIOUS,ORACLE_POLICY_CROSS_ASSET,ENSEMBLE,COMBINED,FULL,1.0,LOCKED_20260301_20260831,184,True,COMPLETE_CONDITIONAL_ACCOUNT,-654.5663584129478,-6.545663584129478,-618.6840402661646,33.130535350877516,24.095035419405512,24.095035419405512,48.190070838811025,45.438288042910955,61170.45468973407,-0.9908839037469315,0.12734742940580515,0.11924743307863017,0.3797767857602747,0.09646091997533213,328.3453044551227,-982.9116628680649,1,466.5588440692903,acc5cb5cf7698a6e0454788a0fe25636d2671bfd18e764e9df233130f84984a3
PREVIOUS,ORACLE_POLICY_PATCH_CROSS_ASSET,ENSEMBLE,DIRECTIONAL,FULL,1.0,LOCKED_20260301_20260831,184,True,COMPLETE_CONDITIONAL_ACCOUNT,-556.7857980295594,-5.567857980295594,-517.7701901919527,27.10179157467143,19.71022818602745,19.71022818602745,39.4204563720549,27.506640109108947,49275.98468122078,-0.678387943446979,0.15085887095610195,0.11201202809196897,0.23689451881083118,0.17753611508051942,-311.79943270371797,-244.98636532585192,0,0.0,112df439caa89204a294ca6f0c31eaf19b2ff2dd62bc14bc7b7640d66dfcd3dc
PREVIOUS,ORACLE_POLICY_PATCH_CROSS_ASSET,ENSEMBLE,COMBINED,FULL,1.0,LOCKED_20260301_20260831,184,True,COMPLETE_CONDITIONAL_ACCOUNT,-801.6606247632864,-8.016606247632863,-702.4841042295326,41.22533593631035,29.98250807597031,29.98250807597031,59.96501615194062,2.013831554497292,77050.06796302808,-0.7187663692360923,0.201393954771294,0.17278491822291875,0.37086294561128075,0.09350096046918123,420.6428066173786,-1222.3034313806647,2,1047.4558575955396,a5db8c374407f02d325ef19875e2d072ae3114e547f215ce9187c3ad823e4f7c
PREVIOUS,OLD_FROZEN_TRANSFORMER_SHARED,FROZEN_LEGACY,DIRECTIONAL,FULL,1.0,LOCKED_20260301_20260831,184,True,COMPLETE_CONDITIONAL_ACCOUNT,-1052.3953280568405,-10.523953280568405,-940.6596849842126,33.07231178777856,24.052465433356268,24.052465433356268,48.104930866712536,-30.558400418143368,60681.642677096,-0.7638276730469855,0.2484470392951462,0.23865783633211846,0.5164034950572707,0.4254094959961874,-436.50954158413623,-615.8857864727106,1,275.08334965840106,d5c82d02a79de88d7bd602b7ab1cd2b1b62994fa84cfb9179914d9b0dbad4d88
PREVIOUS,BASE_HOLD,ENSEMBLE,DIRECTIONAL,FULL,1.0,LOCKED_20260301_20260831,184,True,COMPLETE_CONDITIONAL_ACCOUNT,1321.4190984428883,13.214190984428884,1369.1085593050102,18.49249983588472,13.449528904473318,13.449528904473318,26.899057808946637,-2.297903217276192,33622.726974335856,0.8261149425838636,0.3858042878501563,0.22134609876814748,0.5737900065476477,0.5737900065476477,1321.4190984429024,0.0,0,0.0,50f299b236c1782f413831715d7e5056e69ec4a0fae8e5202715f8614d7c73f6
PREVIOUS,BASE_SMA200_SIGNED,ENSEMBLE,DIRECTIONAL,FULL,1.0,LOCKED_20260301_20260831,184,True,COMPLETE_CONDITIONAL_ACCOUNT,-2992.568300144898,-29.925683001448977,-2868.119436708519,35.5270138102788,25.837313208476463,25.837313208476463,51.674626416952925,-37.247223209149425,65853.2613107093,-2.510841772475196,0.2664525713827635,0.33310432937037293,0.5379318347205411,-0.42366788041114234,-931.3226966224526,-2061.2456035224477,2,629.3453732830149,1afb0a2c38e6192df292c99fa4fcdfeb9ec709153c1c8f2a22f4821e9a49a3dd
PREVIOUS,BASE_STATIC_DIRECTION3,ENSEMBLE,DIRECTIONAL,FULL,1.0,LOCKED_20260301_20260831,184,True,COMPLETE_CONDITIONAL_ACCOUNT,-1385.408804261261,-13.85408804261261,-1333.8916269670617,15.62586513451757,11.36390468627998,11.36390468627998,22.72780937255996,-13.163502787121052,28616.84895654967,-3.3992793478901016,0.08590682490985974,0.15265239178799872,0.168634018480768,-0.07925724438281011,-857.192674041433,-528.2161302198273,1,103.09253780431708,280143023f4749778b353380bb9ea5569fa56cd1efe1a7f9b215b3307a5a3248
PREVIOUS,TRANSFORMER_SHARED,ENSEMBLE,NEUTRAL,HALF,1.0,LOCKED_20260301_20260831,184,True,COMPLETE_CONDITIONAL_ACCOUNT,-829.1726263265572,-8.291726263265572,-808.0796916096399,16.06715662748325,11.6854638638474,11.6854638638474,23.3709277276948,18.345149638258707,30830.603802770187,-1.1029349423786905,0.14589558569898464,0.13669550491686389,0.2666700175101752,0.02617954236324407,268.26703800318853,-1097.4396643297478,2,808.7958764003213,0494635ea936770d927da83b47cdaffc33a6b91215573ea853cfeccdab40359c
PREVIOUS,TRANSFORMER_SHARED,ENSEMBLE,DIRECTIONAL,HALF,1.0,LOCKED_20260301_20260831,184,True,COMPLETE_CONDITIONAL_ACCOUNT,-51.366764108030566,-0.5136676410803056,-32.879805634023896,6.500067809949766,4.727366537435199,4.727366537435199,9.454733074870399,-2.532157589184431,11990.228150163457,-0.07935243220063946,0.08434824466822254,0.06824713284137474,0.1694249400666016,0.14781642581636906,92.02720349709878,-143.39396760512727,2,85.96152058194127,bd2bec78f702c172b831a9005d1e2fbc2f8053e04b4b7535f102c93a081180bb
PREVIOUS,TRANSFORMER_SHARED,ENSEMBLE,COMBINED,HALF,1.0,LOCKED_20260301_20260831,184,True,COMPLETE_CONDITIONAL_ACCOUNT,-534.2184012388489,-5.342184012388489,-523.4636798918286,8.781223127775828,6.386714502050899,6.386714502050899,12.773429004101798,10.799930784856226,17646.852421662694,-1.0473767883958371,0.09922461860038266,0.10860393448892558,0.21462557211124958,0.07970148191403072,248.54073421287677,-782.7591354517267,3,840.4960946715036,2d9aec90aad0c0d68f28dc59c5fc9ca9796c1e17747a6b150ecf0f9b20d7832e
PREVIOUS,CROSS_ASSET_MULTITASK,ENSEMBLE,NEUTRAL,HALF,1.0,LOCKED_20260301_20260831,184,True,COMPLETE_CONDITIONAL_ACCOUNT,-85.57730572353813,-0.8557730572353813,-49.86764214515779,19.680987288682296,14.3139922892719,14.3139922892719,28.6279845785438,12.599308288843211,37542.819681950925,-0.05886189748966742,0.1344025860058189,0.10293617364219199,0.26192788785480303,0.032203243183087475,270.8708785827705,-356.44818430631125,2,879.6032149006483,ff4720c6f7063d41733b4fb49b84bc798999135693830a88d4c92391e22dacc2
PREVIOUS,CROSS_ASSET_MULTITASK,ENSEMBLE,DIRECTIONAL,HALF,1.0,LOCKED_20260301_20260831,184,True,COMPLETE_CONDITIONAL_ACCOUNT,217.6019913603794,2.176019913603794,233.59668575843114,10.338320237190997,7.518853105260168,7.518853105260168,15.037706210520335,9.381332049661733,18796.94588580181,0.5159589198974784,0.0906779403441998,0.047504105252290985,0.19434198210547213,0.14918811001961213,296.3211413882206,-78.7191500278389,0,0.0,7886402a4d49dd85bcfaf8a5ca170049ea6835440c4f01adc7830e1b93784060
PREVIOUS,PATCH_CROSS_ASSET_MULTITASK,ENSEMBLE,NEUTRAL,HALF,1.0,LOCKED_20260301_20260831,184,True,COMPLETE_CONDITIONAL_ACCOUNT,-699.8727935096119,-6.998727935096119,-626.9310946037579,34.17366415131002,24.853918343549125,24.853918343549125,49.70783668709825,10.939801932554367,63837.16380158806,-0.957418976598306,0.1399001343052702,0.13105744469807545,0.24763046939475108,0.04607194666455291,151.63694661238225,-851.509740121994,2,851.6144905121901,7790a9aa6972eb0c59a1b4855cf6e0d8da5d0a82f205ef9a3a547d82159b1833
PREVIOUS,PATCH_CROSS_ASSET_MULTITASK,ENSEMBLE,DIRECTIONAL,HALF,1.0,LOCKED_20260301_20260831,184,True,COMPLETE_CONDITIONAL_ACCOUNT,-217.8783539672455,-2.178783539672455,-190.13158478227282,20.066182436425745,14.593526384384322,14.593526384384322,29.187052768768645,21.50646602021952,36483.96806622863,-0.5000031748912469,0.08089540465912919,0.05925761628902737,0.16887473929235636,0.05637930584651159,14.643301309375877,-232.52165527662362,0,0.0,d723dbb42a7c38ba18032fbe12d5931a173cbb12e033e5b13687cc77288b5c32
PREVIOUS,CROSS_ASSET_MULTITASK,ENSEMBLE,COMBINED,HALF,1.0,LOCKED_20260301_20260831,184,True,COMPLETE_CONDITIONAL_ACCOUNT,9.768177121167414,0.09768177121167414,30.475101511263205,13.86257080860276,10.082163699910264,10.082163699910264,20.16432739982053,13.319973818328783,26093.014491070113,0.0636505633994502,0.07685036955851214,0.0605556666024587,0.22895364371866364,0.08181864891676942,252.21323069732028,-242.44505357615162,2,444.1701468052749,2db726f77ff839c71dee2c7efefd7dcc11a725e22db459617d52e88fc69b1fbb
PREVIOUS,ORACLE_POLICY_CROSS_ASSET,ENSEMBLE,DIRECTIONAL,HALF,1.0,LOCKED_20260301_20260831,184,True,COMPLETE_CONDITIONAL_ACCOUNT,-190.87408252923578,-1.908740825292358,-177.54614432769094,14.773005939978416,10.743947505218118,10.743947505218118,21.487895010436237,22.9329627488669,26860.010799960757,-0.35624830669802454,0.0948039670259281,0.0650133861169866,0.1465139014505531,0.0721293472850207,-95.13962348896008,-95.73445904027858,0,0.0,cbb1876c839672680ad648965352a661ca02d63fb033ec5dec92163f5612fb2f
PREVIOUS,PATCH_CROSS_ASSET_MULTITASK,ENSEMBLE,COMBINED,HALF,1.0,LOCKED_20260301_20260831,184,True,COMPLETE_CONDITIONAL_ACCOUNT,-390.3460586634026,-3.9034605866340257,-352.9291641385228,24.45440019768298,17.785175488532595,17.785175488532595,35.57035097706519,22.607856649867212,45306.609181151165,-0.9997863262297209,0.07610018904227253,0.0642071032199607,0.21476751977428896,0.033893284975834576,57.262964706352186,-447.609023369756,2,422.0316835910573,726d16b93fd71a3408b4a5da8260b6dd18fb893e7807585e19984e21b6db29b8
PREVIOUS,ORACLE_POLICY_CROSS_ASSET,ENSEMBLE,NEUTRAL,HALF,1.0,LOCKED_20260301_20260831,184,True,COMPLETE_CONDITIONAL_ACCOUNT,-359.40638722380817,-3.594063872238082,-319.1662552743519,23.859359818190097,17.352421608908422,17.352421608908422,34.704843217816844,18.324071086550795,44199.579695130626,-0.6262337331420851,0.10679920991408866,0.09809787416160476,0.2557416188292713,0.0384220437396189,266.2604633987966,-625.6668506226047,1,409.4627401197694,da4ff8e620c18e2fcf27cae61c67bf1ea11870036822edbb82dda5d95f571bee
PREVIOUS,ORACLE_POLICY_CROSS_ASSET,ENSEMBLE,COMBINED,HALF,1.0,LOCKED_20260301_20260831,184,True,COMPLETE_CONDITIONAL_ACCOUNT,-292.19414556666993,-2.9219414556666994,-273.49271947148134,17.264917006212194,12.556323746183987,12.556323746183987,25.112647492367973,23.676138403390564,31728.216346189165,-0.8915038519572606,0.06371238899869873,0.05570761876248409,0.19369154871753191,0.043554974745615406,168.15250416663582,-460.34664973330683,1,168.72907653804114,5d6f28311f60044e41b99cf4f5cccd8be4ee6b3044551b04e4123108bd8ee6aa
PREVIOUS,ORACLE_POLICY_PATCH_CROSS_ASSET,ENSEMBLE,NEUTRAL,HALF,1.0,LOCKED_20260301_20260831,184,True,COMPLETE_CONDITIONAL_ACCOUNT,177.14662447769845,1.7714662447769847,279.3127920630028,37.86646064337863,27.53946400034565,27.53946400034565,55.0789280006913,-9.220778941240562,69255.97268825264,0.33250668496308716,0.13034385857778216,0.08866854292666126,0.2701155321545595,0.02286360771574922,298.58055686064563,-121.43393238295334,1,203.93121378211112,a58cd6ae40ac04f40237a307cc451e129da012fa53b6b0e1c5ed3c8c35179352
PREVIOUS,BASE_CASH,ENSEMBLE,DIRECTIONAL,HALF,1.0,LOCKED_20260301_20260831,184,True,COMPLETE_CONDITIONAL_ACCOUNT,0.0,0.0,0.0,0.0,0.0,0.0,0.0,0.0,0.0,0.0,0.0,0.0,0.0,0.0,0.0,0.0,0,0.0,88548643f092c8e19e01e714cae4afc460661517aa2e474e9bf603bba3dd6974
PREVIOUS,ORACLE_POLICY_PATCH_CROSS_ASSET,ENSEMBLE,DIRECTIONAL,HALF,1.0,LOCKED_20260301_20260831,184,True,COMPLETE_CONDITIONAL_ACCOUNT,-320.2560135922971,-3.2025601359229707,-300.31733002872636,13.980990690961175,10.167897128244336,10.167897128244336,20.335794256488672,14.37810138388133,25419.98307447486,-0.8175227254512182,0.0755104550158901,0.0634272705932506,0.119396557462071,0.08682745224832236,-188.51883596673107,-131.73717762556382,0,0.0,491cc91e4e16082fe6da01dc26364be8474dc5bc1d83fcb06950bd105556ded1
PREVIOUS,ORACLE_POLICY_PATCH_CROSS_ASSET,ENSEMBLE,COMBINED,HALF,1.0,LOCKED_20260301_20260831,184,True,COMPLETE_CONDITIONAL_ACCOUNT,-443.3747899998251,-4.4337478999982505,-391.21415111459396,22.108773227547843,16.0793130615295,16.0793130615295,32.158626123059,2.1067604653746157,41230.420144884665,-0.8806706240471321,0.09676168539786721,0.09067544888743595,0.18492092962077578,0.04579030167017839,204.20249436904652,-647.5772843688728,2,516.32532012611,4af4d98e0ea7f5442abd4ac9b3ed4d42ec38d7417a313a4de5305461e8679e40
PREVIOUS,OLD_FROZEN_TRANSFORMER_SHARED,FROZEN_LEGACY,DIRECTIONAL,HALF,1.0,LOCKED_20260301_20260831,184,True,COMPLETE_CONDITIONAL_ACCOUNT,-548.6070055222413,-5.486070055222412,-485.3525110862698,18.839961507760353,13.701722188838604,13.701722188838604,27.403444377677207,-17.011088550530964,34527.33228139515,-0.8296483872104632,0.12544708716003433,0.1276229055460254,0.2600216716554917,0.21407537616381528,-221.4630447064941,-327.14396081574426,1,136.42840636998056,f98d5f4b52ec2a12281d9f2c011cae0b7ad59e4e5ba12a0b6391b6c03aabe3f6
PREVIOUS,BASE_STATIC_DIRECTION3,ENSEMBLE,DIRECTIONAL,HALF,1.0,LOCKED_20260301_20260831,184,True,COMPLETE_CONDITIONAL_ACCOUNT,-735.6438717419518,-7.356438717419517,-708.5564013743799,8.271338950573707,6.01532609967638,6.01532609967638,12.03065219935276,-6.785479217644438,15143.801041771689,-3.4749665455636602,0.04334096552341266,0.08048148383189069,0.08347380521205232,-0.037943669269907415,-458.9908653906028,-276.65300635134804,1,52.50147490974725,6dfd6c0a38c1976cf89e5d000c5d20cab1f84efb2bcf47103f44570e4d426059
PREVIOUS,BASE_HOLD,ENSEMBLE,DIRECTIONAL,HALF,1.0,LOCKED_20260301_20260831,184,True,COMPLETE_CONDITIONAL_ACCOUNT,701.5392944496183,7.015392944496183,728.2368745936169,10.197796138910379,7.416812045916508,7.416812045916508,14.833624091833016,-1.6661599132541731,18541.447525291595,0.7957921214048103,0.19178872067321243,0.11462772417917222,0.28740912811002417,0.28740912811002417,701.5392944496193,0.0,0,0.0,a903bb3aab977c6317bee7b2e0e132165fd46740bf0e06edfedca3c308d91ca7
PREVIOUS,BASE_SMA200_SIGNED,ENSEMBLE,DIRECTIONAL,HALF,1.0,LOCKED_20260301_20260831,184,True,COMPLETE_CONDITIONAL_ACCOUNT,-1666.0708558293004,-16.660708558293003,-1600.982710105986,19.81503130485037,14.410591505554784,14.410591505554784,28.821183011109568,-16.451931407355563,36564.71073587805,-2.579635263403289,0.13646715259734105,0.18866626143226062,0.27480019672636646,-0.21656517568149414,-562.1853711266527,-1103.885484702649,2,268.69054534778024,a5be60d29fe9b7d1888549ead44c42df48c8e4ce54c773bbe09b754ab7cf78b0
PREVIOUS,CROSS_ASSET_MULTITASK,ENSEMBLE,NEUTRAL,FULL,0.01,LOCKED_20260301_20260831,184,True,COMPLETE_CONDITIONAL_ACCOUNT,-418.94309757721646,-4.189430975772165,-341.4908341242676,31.608089662853402,22.98874698495038,22.98874698495038,45.97749396990076,0.13332017980375213,61077.657160607334,-0.19173764472100252,0.25993111400770225,0.20897109065700437,0.48346369201523165,0.10609330284417731,633.3432728166202,-1052.2863703938385,2,1804.201614073301,8400410898bf52c09c3ac3d7af755e121630ed6486795a6827881ce16e643799
PREVIOUS,TRANSFORMER_SHARED,ENSEMBLE,NEUTRAL,FULL,0.01,LOCKED_20260301_20260831,184,True,COMPLETE_CONDITIONAL_ACCOUNT,-1439.965854334282,-14.39965854334282,-1367.0287735541767,29.831770873100748,21.69642088355813,21.69642088355813,43.39284176711626,0.28753186011054926,57442.61625119272,-1.0842218669310473,0.2539877778815183,0.24377126447926956,0.5014174677384663,0.08605276008799588,456.7155393881134,-1896.6813937223967,2,1601.5164227774976,dccfe5652df2dbe790c5d6349f5c4a286fb1d6a71ef70488f146c44b40171f86
PREVIOUS,PATCH_CROSS_ASSET_MULTITASK,ENSEMBLE,NEUTRAL,FULL,0.01,LOCKED_20260301_20260831,184,True,COMPLETE_CONDITIONAL_ACCOUNT,-280.116682021389,-2.8011668202138904,-122.28211210037011,64.32991176608856,46.78645383931596,46.78645383931596,93.57290767863192,0.0682495237040185,120409.08298427297,-0.0846385544379175,0.2578087660969032,0.22287285335902518,0.47837124413513116,0.10876466763031345,465.0347956502675,-745.1514776716541,2,1722.803522965064,211b10fe1126cf5071b0ec10dc9833c274afffd643a9db989620a9c23ba1320f
PREVIOUS,ORACLE_POLICY_CROSS_ASSET,ENSEMBLE,DIRECTIONAL,FULL,0.01,LOCKED_20260301_20260831,184,True,COMPLETE_CONDITIONAL_ACCOUNT,139.18761677190096,1.3918761677190097,206.16170301130185,27.42538710611751,19.945802048921333,19.945802048921333,39.89160409784267,0.34290496455532504,49864.34019294092,0.23479761405578947,0.20358323234718959,0.11077224652369244,0.27843111536813087,0.2123828801152335,189.33401078915279,-50.1463940172558,0,0.0,96b664a99cfc2db262bfa3aceee13a69d854eef154cdbf299ab4463e27bb2ade
PREVIOUS,TRANSFORMER_SHARED,ENSEMBLE,COMBINED,FULL,0.01,LOCKED_20260301_20260831,184,True,COMPLETE_CONDITIONAL_ACCOUNT,-368.31085661945576,-3.6831085661945573,-324.4868803262872,17.961134877066645,13.063173784654762,13.063173784654762,26.126347569309523,0.26350615320813525,34638.08855148165,-0.3801639735050238,0.16146455319118713,0.15947301492366728,0.43975840553147083,0.22569097745566785,494.083621128628,-862.3944777480832,2,990.7398420438768,0d7ff321c0ea5d3383669787fb4a8f6095206849b3fb1ede28a068eb89c532e2
PREVIOUS,CROSS_ASSET_MULTITASK,ENSEMBLE,DIRECTIONAL,FULL,0.01,LOCKED_20260301_20260831,184,True,COMPLETE_CONDITIONAL_ACCOUNT,-191.76449660802734,-1.9176449660802732,-128.2317936082627,25.93742305784547,18.863567594740914,18.863567594740914,37.72713518948183,0.1318552475629242,47247.14854261772,-0.2523734252008493,0.12261302990366782,0.06510481793743406,0.331260189589928,0.1842315637238703,169.86364444154964,-361.6281410495767,1,44.09876417661263,f4a958f6245ce82c0c17d354d10915e7244fa4e60ac6e58fde203373bcb75d69
PREVIOUS,TRANSFORMER_SHARED,ENSEMBLE,DIRECTIONAL,FULL,0.01,LOCKED_20260301_20260831,184,True,COMPLETE_CONDITIONAL_ACCOUNT,378.84184888651043,3.788418488865104,411.33950554221883,13.282900327981622,9.660525639489554,9.660525639489554,19.32105127897911,0.10629495126205239,24472.175446506182,0.4346158625066126,0.22955216689793656,0.1312915731247436,0.41689162641307465,0.4035085198735998,595.4240100729161,-216.582161186396,1,160.7237887243436,98b92e14b9128bd3f743916e7a1a8bf1d063e2c2cb1c1911e80579b58be0be91
PREVIOUS,CROSS_ASSET_MULTITASK,ENSEMBLE,COMBINED,FULL,0.01,LOCKED_20260301_20260831,184,True,COMPLETE_CONDITIONAL_ACCOUNT,-260.17194948194054,-2.6017194948194056,-193.16816662372173,27.39315064643965,19.9229272200739,19.9229272200739,39.8458544401478,0.23522222837005427,51985.899255510594,-0.2792330047188705,0.14778175386645745,0.12039460221245835,0.4246010526811311,0.12246904753974935,495.4934118176288,-755.6653612995678,2,1090.0854037192482,8d780953fdb33437525b9295131861d650e44a61881412ac38504539585ea406
PREVIOUS,PATCH_CROSS_ASSET_MULTITASK,ENSEMBLE,DIRECTIONAL,FULL,0.01,LOCKED_20260301_20260831,184,True,COMPLETE_CONDITIONAL_ACCOUNT,264.472590977285,2.64472590977285,346.11492079407503,33.41564282042823,24.30239644435882,24.30239644435882,48.60479288871764,0.3781058923549225,60755.71421896042,0.37870547355725426,0.17809384609685583,0.09198102247741113,0.3289167413314415,0.23816639889910182,423.9658720953947,-159.49328111811045,0,0.0,72ae5e9f2ed42960893135fdc7e842c28bb3da52d0c062f6ae184fec0d0275a8
PREVIOUS,PATCH_CROSS_ASSET_MULTITASK,ENSEMBLE,COMBINED,FULL,0.01,LOCKED_20260301_20260831,184,True,COMPLETE_CONDITIONAL_ACCOUNT,-54.40132011249314,-0.5440132011249315,56.86886327962736,45.4716821295461,33.070888327477206,33.070888327477206,66.14177665495441,0.34327539238387506,84412.82758830354,-0.009236954224356405,0.1381429330467958,0.11017221831518875,0.41832351938793,0.13638936326504023,398.3398994046053,-452.74121951709463,2,868.5209491098591,93cb016129ec88304bff0c48a4a1ec29e237443ffdec35a0e3968b0390846e1c
PREVIOUS,ORACLE_POLICY_CROSS_ASSET,ENSEMBLE,NEUTRAL,FULL,0.01,LOCKED_20260301_20260831,184,True,COMPLETE_CONDITIONAL_ACCOUNT,-441.0779660354674,-4.410779660354674,-342.40832401912826,40.208011946317654,29.24263892523833,29.24263892523833,58.48527785047666,0.02364778045870216,74849.19341971807,-0.40084178503877166,0.18183833047122802,0.16726140078863772,0.468414662597053,0.12195227622856286,668.7485891288176,-1109.8265551642814,1,871.8585768429859,90c250166cf2a8061b1515038e29d64584ed0eec07087b090ae292d7e8105039
PREVIOUS,BASE_CASH,ENSEMBLE,DIRECTIONAL,FULL,0.01,LOCKED_20260301_20260831,184,True,COMPLETE_CONDITIONAL_ACCOUNT,0.0,0.0,0.0,0.0,0.0,0.0,0.0,0.0,0.0,0.0,0.0,0.0,0.0,0.0,0.0,0.0,0,0.0,ada512c8f8dff9b4ddc27e800cc9ab329dde2777997e71555561dae9af83526a
PREVIOUS,ORACLE_POLICY_PATCH_CROSS_ASSET,ENSEMBLE,NEUTRAL,FULL,0.01,LOCKED_20260301_20260831,184,True,COMPLETE_CONDITIONAL_ACCOUNT,-534.3207870907275,-5.343207870907276,-389.6616049968552,58.9016564580809,42.838398395308374,42.838398395308374,85.67679679061675,-0.08072884517569097,110077.52668358048,-0.25752350332698126,0.2735187507037602,0.20639688221875363,0.49925787118010884,0.08727589369804635,659.9748048878919,-1194.2955919786205,2,1491.8029253530576,eb321e173827aa4140f299b41ddba71ee58887a983c0728123412df1587b9efc
PREVIOUS,ORACLE_POLICY_PATCH_CROSS_ASSET,ENSEMBLE,DIRECTIONAL,FULL,0.01,LOCKED_20260301_20260831,184,True,COMPLETE_CONDITIONAL_ACCOUNT,-233.65354492756217,-2.3365354492756216,-169.9114997259946,26.08403116544399,18.970150112279352,18.970150112279352,37.940300224558705,0.2822861884337427,47425.51120989816,-0.18169774767229965,0.17489939978624205,0.11811141755349241,0.248734796481141,0.20979748054250594,-89.46202370289691,-144.19152122466667,0,0.0,d15ac6b9925cd3273ba3de25582b22127be1b7f8f81f56617f9ae291093ce1ca
PREVIOUS,ORACLE_POLICY_CROSS_ASSET,ENSEMBLE,COMBINED,FULL,0.01,LOCKED_20260301_20260831,184,True,COMPLETE_CONDITIONAL_ACCOUNT,-153.42901045799908,-1.5342901045799908,-76.29715166590654,31.525912406554212,22.928172396038825,22.928172396038825,45.85634479207765,0.2503984065360121,58133.951525337136,-0.19221215943472067,0.12139635996660401,0.10086309485446354,0.3784150585829434,0.12187201459855751,538.0172995194466,-691.4463099774489,1,407.0553930738288,3d9b7c2316ab613f18ae3266bce9862095f8a24148d6c8c0f77fd3ba7e350745
PREVIOUS,BASE_STATIC_DIRECTION3,ENSEMBLE,DIRECTIONAL,FULL,0.01,LOCKED_20260301_20260831,184,True,COMPLETE_CONDITIONAL_ACCOUNT,-1373.770243192855,-13.73770243192855,-1335.2343155934534,15.646459652133379,11.378882128771833,11.378882128771833,22.757764257543666,-0.13170368972311636,28654.422155589942,-3.3665016476546676,0.08594735403888426,0.15215565199459902,0.16863213700376037,-0.07924717203528968,-849.503848458274,-524.2663947345796,1,103.15684858280743,c009ab58ff792fe78404fcbe53630e738395ea7a6d148b7a876668bc150e5bb1
PREVIOUS,BASE_HOLD,ENSEMBLE,DIRECTIONAL,FULL,0.01,LOCKED_20260301_20260831,184,True,COMPLETE_CONDITIONAL_ACCOUNT,1319.0395600481486,13.190395600481486,1364.2410376441876,18.40559107624301,13.38632097621787,13.38632097621787,26.77264195243574,-0.02324456736355447,33464.71104771456,0.8246967781699429,0.38610033747532646,0.22290652197984673,0.5738534895899879,0.5738534895899879,1319.0395600481452,0.0,0,0.0,40ec8e8f8eff139caa5621dc1667db0aef6e5d7058fe7c5a8b610a1d4c549bee
PREVIOUS,ORACLE_POLICY_PATCH_CROSS_ASSET,ENSEMBLE,COMBINED,FULL,0.01,LOCKED_20260301_20260831,184,True,COMPLETE_CONDITIONAL_ACCOUNT,-535.099724660228,-5.35099724660228,-443.19161087690543,37.50468212015365,27.276643242610497,27.276643242610497,54.553286485220994,0.14985482205721457,70229.74645611265,-0.4895378065669092,0.18631337061952047,0.1546301832376631,0.36522012940156245,0.11694025997616114,490.32616344622284,-1025.4258881064457,2,1019.7076642802793,0610f974d739846b2fe99b6fefa96fb89a6601b9ebc6a6cc97fcef1e66e79b2a
PREVIOUS,OLD_FROZEN_TRANSFORMER_SHARED,FROZEN_LEGACY,DIRECTIONAL,FULL,0.01,LOCKED_20260301_20260831,184,True,COMPLETE_CONDITIONAL_ACCOUNT,-1199.502601205595,-11.995026012055952,-1119.049098883617,32.64341476094975,23.740541033628322,23.740541033628322,47.481082067256644,-0.32900549378269417,60082.44023059211,-0.9147429664945484,0.24445445424571488,0.23534324606153167,0.5179667779675473,0.4241639042229985,-536.0049650770341,-663.4976361285721,1,365.38851443264593,560c5ae58f9e4791ade710f5384b7d9b2d14a6822c5cfbf0539d12ff5d1cc3d4
PREVIOUS,BASE_SMA200_SIGNED,ENSEMBLE,DIRECTIONAL,FULL,0.01,LOCKED_20260301_20260831,184,True,COMPLETE_CONDITIONAL_ACCOUNT,-2961.9457488833114,-29.619457488833113,-2874.0355993904373,35.66335719736869,25.936470530517408,25.936470530517408,51.872941061034815,-0.37385123446123497,66102.37162356946,-2.4772871310380538,0.2665651200012504,0.33243891425584204,0.5379126440603106,-0.42345983994253333,-923.0746788822725,-2038.8710700010292,2,629.9519959950077,0e0c44f802c9abd584a2069346a27d5d1e5df93fa3e30b568a0b422dedcc4ce0
PREVIOUS,TRANSFORMER_SHARED,ENSEMBLE,NEUTRAL,HALF,0.01,LOCKED_20260301_20260831,184,True,COMPLETE_CONDITIONAL_ACCOUNT,-739.182042657443,-7.391820426574431,-697.7782295112114,16.94983361068515,12.327446891538795,12.327446891538795,24.65489378307759,0.20091424753044038,32438.078386878715,-1.0396089507559059,0.1373320291569571,0.12823661642314077,0.2648293266194651,0.028262254458991547,248.0981120560958,-987.2801547135394,2,810.0995473619478,128fe18a0d837fd914e3a85cc7bca623624d85921879705ee152c9c3fbc0db75
PREVIOUS,TRANSFORMER_SHARED,ENSEMBLE,DIRECTIONAL,HALF,0.01,LOCKED_20260301_20260831,184,True,COMPLETE_CONDITIONAL_ACCOUNT,234.0032118929004,2.340032118929004,250.78127786271006,6.856890598447389,4.986918414098855,4.986918414098855,9.97383682819771,0.05266145683122211,12494.067397805222,0.4586893906470817,0.11409672419500921,0.0661810932369149,0.20843192748405343,0.2002423390137733,311.74657911464914,-77.74336722175293,1,13.496791223166523,694d78aa6142a94ad9db89004dfc2d161993264634f066fa6d7219d0f73144f2
PREVIOUS,CROSS_ASSET_MULTITASK,ENSEMBLE,NEUTRAL,HALF,0.01,LOCKED_20260301_20260831,184,True,COMPLETE_CONDITIONAL_ACCOUNT,-47.336214494062965,-0.4733621449406296,-4.4207061020890706,17.546449797647313,12.76161657268985,12.76161657268985,25.5232331453797,0.15417455105428998,33663.85170462276,-0.0027213407263850155,0.13385000533639113,0.10143466825164948,0.26012192331700384,0.034031325872746584,330.1131070738485,-377.4493215679102,2,880.6078544501851,74f2e6124f48ab8fb30361413d2b0616974cf08f940c20df5f2bdba966cf7195
PREVIOUS,TRANSFORMER_SHARED,ENSEMBLE,COMBINED,HALF,0.01,LOCKED_20260301_20260831,184,True,COMPLETE_CONDITIONAL_ACCOUNT,-207.25788097936896,-2.0725788097936895,-184.67471748659142,9.266388923978921,6.739523601814229,6.739523601814229,13.479047203628458,0.16227263482937443,18069.083023910047,-0.4100852921987936,0.09113355712175254,0.08352739777345786,0.22628899429108845,0.10501402202687898,270.9650563249283,-478.2229373042977,2,610.5515810650943,6d76d46f51c68f132da1e4f2c08df22348b0d51a1886314719899ec43d6e2362
PREVIOUS,CROSS_ASSET_MULTITASK,ENSEMBLE,DIRECTIONAL,HALF,0.01,LOCKED_20260301_20260831,184,True,COMPLETE_CONDITIONAL_ACCOUNT,-106.34925875260075,-1.0634925875260075,-74.95675859593403,12.820788495100626,9.324185828455885,9.324185828455885,18.64837165691177,0.07665999534709984,23310.524536546593,-0.31317352490585637,0.061684820746735945,0.03566944808982586,0.16867564151826506,0.08836025181388961,84.58239078793044,-190.93164954052975,0,0.0,5d7dc462acba817ef39812a66879bf2114ab28cff17aebdf0f8c704fc77ad0e3
PREVIOUS,PATCH_CROSS_ASSET_MULTITASK,ENSEMBLE,NEUTRAL,HALF,0.01,LOCKED_20260301_20260831,184,True,COMPLETE_CONDITIONAL_ACCOUNT,29.1158806024486,0.29115880602448596,118.18848121978183,36.32405283689692,26.41807255838132,26.41807255838132,52.83614511676264,0.08759733632719699,67736.75048902618,0.11002412646794503,0.12985762073384527,0.11482630654518067,0.2537078167481652,0.040000798470944676,243.05802606950755,-213.942145467058,2,846.509029152249,3890ff29256c2b7053a69b6f51e01c95dfe2185291dbc7cbc6d4ced2f40dacfe
PREVIOUS,PATCH_CROSS_ASSET_MULTITASK,ENSEMBLE,DIRECTIONAL,HALF,0.01,LOCKED_20260301_20260831,184,True,COMPLETE_CONDITIONAL_ACCOUNT,137.6682294746791,1.376682294746791,178.4776772783212,16.703140796560433,12.14779587399159,12.14779587399159,24.29559174798318,0.18928474090146227,30369.34690283715,0.34826359572925913,0.08920498957635117,0.04729843833519176,0.16580653112820196,0.11791429299328024,224.89346812883477,-87.22523865415569,0,0.0,a0bf9824921404bb58f5a914d5c6d0a00d27d82641ea1084cfa8f9d6ac7f9fc7
PREVIOUS,CROSS_ASSET_MULTITASK,ENSEMBLE,COMBINED,HALF,0.01,LOCKED_20260301_20260831,184,True,COMPLETE_CONDITIONAL_ACCOUNT,-161.28816589656068,-1.6128816589656068,-127.47580268513263,13.840010208397937,10.065848291011696,10.065848291011696,20.13169658202339,0.15934357899292223,26498.384688736573,-0.30778988593847334,0.09115152482286139,0.07283997451907198,0.2210784829423627,0.050603999107755586,249.2020507382916,-410.49021663485263,2,667.3648821883435,42e52c40d2b8c4f17395826f9ff79bbee10a7b2784075c6fff61c4bc63eca307
PREVIOUS,PATCH_CROSS_ASSET_MULTITASK,ENSEMBLE,COMBINED,HALF,0.01,LOCKED_20260301_20260831,184,True,COMPLETE_CONDITIONAL_ACCOUNT,43.82448259215997,0.43824482592159963,102.53545735570853,23.996269164997745,17.452134496831295,17.452134496831295,34.90426899366259,0.18956339511347572,44471.97244555586,0.15718467663517377,0.07134080351412009,0.05559880495075298,0.2142647160131238,0.06168507505247036,232.7094883107681,-188.8850057186065,2,421.1960727799792,8de8d3d451cfa0d18270a197f56f3fb725515d6eaa3d2a49a545b5673ad4b0e8
PREVIOUS,ORACLE_POLICY_CROSS_ASSET,ENSEMBLE,DIRECTIONAL,HALF,0.01,LOCKED_20260301_20260831,184,True,COMPLETE_CONDITIONAL_ACCOUNT,42.336897964378856,0.4233689796437886,76.31376104166166,13.912499497231982,10.118205872935883,10.118205872935883,20.236411745871766,0.17204816582370572,25295.453631330874,0.13263563649836577,0.10194779764558778,0.06006578945391783,0.14160104043753793,0.10559646807078478,65.68356655094482,-23.346668586563204,0,0.0,df8acd902210b31e7dd0900181de697b95a83c72118873ce29370356e1a84819
PREVIOUS,ORACLE_POLICY_CROSS_ASSET,ENSEMBLE,NEUTRAL,HALF,0.01,LOCKED_20260301_20260831,184,True,COMPLETE_CONDITIONAL_ACCOUNT,-274.85784479794097,-2.7485784479794098,-216.5460235366312,23.77582919619848,17.29175802515122,17.29175802515122,34.58351605030244,0.04752398519160402,44213.70907218711,-0.47388434741205787,0.10500647436725447,0.09515409730147162,0.25631901833780857,0.03820885846844404,340.715565346422,-615.5734101443625,1,492.46435773130037,c9fadf788647d5730d09c3e5b949dcf7711c0f771092eefa659405449111ca3d
PREVIOUS,ORACLE_POLICY_PATCH_CROSS_ASSET,ENSEMBLE,NEUTRAL,HALF,0.01,LOCKED_20260301_20260831,184,True,COMPLETE_CONDITIONAL_ACCOUNT,-14.42043900278456,-0.1442043900278456,62.431681436801455,31.300885760569404,22.76462334109909,22.76462334109909,45.52924668219818,-0.021987996819224212,57919.482069240854,0.03824755205773982,0.12292066434568934,0.08385496513709545,0.2611048544712721,0.032288529841993194,347.98744638396647,-362.40788538675184,1,504.39034319369654,5728aa058155dfb70453a3145024fd87bf36ccff5afbb47ac74482e71f04af9a
PREVIOUS,BASE_CASH,ENSEMBLE,DIRECTIONAL,HALF,0.01,LOCKED_20260301_20260831,184,True,COMPLETE_CONDITIONAL_ACCOUNT,0.0,0.0,0.0,0.0,0.0,0.0,0.0,0.0,0.0,0.0,0.0,0.0,0.0,0.0,0.0,0.0,0,0.0,ada512c8f8dff9b4ddc27e800cc9ab329dde2777997e71555561dae9af83526a
PREVIOUS,ORACLE_POLICY_CROSS_ASSET,ENSEMBLE,COMBINED,HALF,0.01,LOCKED_20260301_20260831,184,True,COMPLETE_CONDITIONAL_ACCOUNT,-24.2135816116318,-0.242135816116318,16.179029713321313,16.517963147118085,12.013178145329917,12.013178145329917,24.026356290659834,0.1517081128221131,30372.851034478277,-0.046466578754329205,0.06213033923480381,0.050895447784640835,0.19209497573850856,0.056803432164149695,257.5758274048973,-281.7894090165318,1,170.09538349542424,8b11e4028286f2b9877bc44a3c603b139456925ba6300ec12d27911d62d40812
PREVIOUS,ORACLE_POLICY_PATCH_CROSS_ASSET,ENSEMBLE,DIRECTIONAL,HALF,0.01,LOCKED_20260301_20260831,184,True,COMPLETE_CONDITIONAL_ACCOUNT,-165.2646437573211,-1.652646437573211,-132.27145866152037,13.499958227660807,9.818109111431998,9.818109111431998,19.636218222863995,0.14299135472270913,24545.378595746923,-0.3362671590179461,0.08711286907730616,0.06401552658656928,0.12524616554953452,0.10390055247662022,-83.02969247213696,-82.23495128518552,0,0.0,dfed7312fa0f66558f014d78ff3b99b69cd80cad7d0a4adddf5770ecba7cd965
PREVIOUS,ORACLE_POLICY_PATCH_CROSS_ASSET,ENSEMBLE,COMBINED,HALF,0.01,LOCKED_20260301_20260831,184,True,COMPLETE_CONDITIONAL_ACCOUNT,-266.6761991431996,-2.6667619914319958,-218.49143642773146,19.66458601144733,14.301763435755698,14.301763435755698,28.603526871511395,0.08335016749058732,36742.08581350323,-0.5281408737767805,0.09319958548497975,0.07509871910688548,0.18377631959911425,0.05623692336210531,248.77039132718554,-515.446590470385,2,494.14653270859134,1ef4ccbc1fa60450de48952372b451d146f12282c96f663d0e9a5cb33919c225
PREVIOUS,OLD_FROZEN_TRANSFORMER_SHARED,FROZEN_LEGACY,DIRECTIONAL,HALF,0.01,LOCKED_20260301_20260831,184,True,COMPLETE_CONDITIONAL_ACCOUNT,-640.8523017599448,-6.408523017599448,-594.7233964401421,18.720681962010907,13.614953898150286,13.614953898150286,27.229907796300573,-0.1783155614948549,34358.799567675356,-1.0088219655732464,0.12277336915891968,0.12817731265236432,0.2606148984943187,0.21226596158154096,-283.41859119088883,-357.4337105690597,1,160.59800019139902,641b3e833b7d23ebd9ff2a0e0aa7fdc9986b28c621eeb7ac227f48f5fdf22081
PREVIOUS,BASE_STATIC_DIRECTION3,ENSEMBLE,DIRECTIONAL,HALF,0.01,LOCKED_20260301_20260831,184,True,COMPLETE_CONDITIONAL_ACCOUNT,-729.2668323282337,-7.292668323282337,-708.8889567679544,8.274605649182204,6.017701784437827,6.017701784437827,12.035403568875655,-0.06786634222170027,15149.772909392936,-3.4425161278855443,0.043353022761786666,0.08018973105288729,0.08347238951106253,-0.03794434669417743,-454.43452036203297,-274.83231196620096,1,52.51768271264671,b12f9d655b8f403912becca1ab34c613354c06c3ebd04ad145816bd971c54c52
PREVIOUS,BASE_HOLD,ENSEMBLE,DIRECTIONAL,HALF,0.01,LOCKED_20260301_20260831,184,True,COMPLETE_CONDITIONAL_ACCOUNT,699.8560645877973,6.998560645877973,724.8154642533195,10.161608167186296,7.3904924261749585,7.3904924261749585,14.780984852349917,-0.01680664598014748,18475.651213065994,0.7935771607961049,0.19197580917021673,0.11544079941660323,0.2874568007800866,0.2874568007800866,699.8560645878031,0.0,0,0.0,90164fd138646b9c8d017a8d2c087a05e8226a11ca12d23b06c9aebc4706aa52
PREVIOUS,BASE_SMA200_SIGNED,ENSEMBLE,DIRECTIONAL,HALF,0.01,LOCKED_20260301_20260831,184,True,COMPLETE_CONDITIONAL_ACCOUNT,-1652.9932030602395,-16.529932030602392,-1604.09436555896,19.854939645109614,14.43961513090895,14.43961513090895,28.8792302618179,-0.16466759435730985,36638.438925283175,-2.5536097487374927,0.13663231764100328,0.18872137312332904,0.27477935462340636,-0.2165488191044175,-557.7999800628238,-1095.1932229974211,2,269.2743307237562,8a91c6e36a20c21f2e19e08f29502744c3dd62180f4ec7058d867260ae9a0877
NEXT,TRANSFORMER_SHARED,ENSEMBLE,NEUTRAL,FULL,1.0,LOCKED_20260301_20260831,184,True,COMPLETE_CONDITIONAL_ACCOUNT,-1710.1363081670822,-17.101363081670822,-1667.5472973524243,27.916122411597073,20.303128208409866,20.303128208409866,40.60625641681973,25.933368013757107,53967.03115137888,-1.2334743920710693,0.27107357480251215,0.2670658722578999,0.5053810933153006,0.08157372675707174,491.42045141927167,-2201.556759586356,2,1605.2224742375558,70085ad2d2ab11223743d80a9e77e697f08877fafe97c8bf018e28f44cd5ccae
NEXT,CROSS_ASSET_MULTITASK,ENSEMBLE,NEUTRAL,FULL,1.0,LOCKED_20260301_20260831,184,True,COMPLETE_CONDITIONAL_ACCOUNT,-516.4869986273443,-5.164869986273443,-435.10576812719523,36.63237666733504,26.642747420956034,26.642747420956034,53.28549484191207,8.536641009107058,70223.60079853897,-0.25925628277914536,0.26478000163957377,0.20964661013566688,0.4900483874827586,0.09912991664640808,528.1527578294772,-1044.6397564568126,2,1809.6397926012714,1ccf5c1796c093a2be2caeefff5496d658ad52b7e75893812869e92322161539
NEXT,PATCH_CROSS_ASSET_MULTITASK,ENSEMBLE,NEUTRAL,FULL,1.0,LOCKED_20260301_20260831,184,True,COMPLETE_CONDITIONAL_ACCOUNT,-1327.0652436132616,-13.270652436132616,-1193.401296423916,58.8984396488869,42.83592153981842,42.83592153981842,85.67184307963684,10.90633553918198,110446.17421129797,-0.9415096662801233,0.26202306476773046,0.2419861343905657,0.4672153004023578,0.1211122670033433,282.68973569807457,-1609.7549793113324,2,1679.0510612063483,f65f8c6c8648d7f1c0a59de58b5c1a7fb878b3ae75a6e456c5e92d5e5489c1da
NEXT,ORACLE_POLICY_CROSS_ASSET,ENSEMBLE,DIRECTIONAL,FULL,1.0,LOCKED_20260301_20260831,184,True,COMPLETE_CONDITIONAL_ACCOUNT,-232.19915279154958,-2.321991527915496,-207.383176624898,28.608745963859693,20.806294338372346,20.806294338372346,41.61258867674469,45.40535847394203,52015.90175247217,-0.15142956129262128,0.1900602217922952,0.11612372665274118,0.2894029924162627,0.14635001558469168,-59.7755059500706,-172.42364684148995,0,0.0,1f3f654e5b69f19d6753c00a1581389f744999fbf195d41ed939cff68524ea2a
NEXT,CROSS_ASSET_MULTITASK,ENSEMBLE,DIRECTIONAL,FULL,1.0,LOCKED_20260301_20260831,184,True,COMPLETE_CONDITIONAL_ACCOUNT,476.0153763310576,4.760153763310576,511.9466819411771,21.012124478064983,15.281708897894573,15.281708897894573,30.563417795789146,15.644236663725913,38203.86268739088,0.5861295275500122,0.18690089778648378,0.09606412080992177,0.3851118812319438,0.3069232129436018,598.6728018567729,-122.657425525724,0,0.0,01487b19dbd922792846746944f21322f8a3306bc646c6f77556a4221be41b90
NEXT,PATCH_CROSS_ASSET_MULTITASK,ENSEMBLE,DIRECTIONAL,FULL,1.0,LOCKED_20260301_20260831,184,True,COMPLETE_CONDITIONAL_ACCOUNT,-460.86523305701047,-4.608652330570105,-404.71222330304204,39.79179525042164,28.939357946940646,28.939357946940646,57.87871589388129,41.51750139033716,72348.71863713027,-0.4998799905704863,0.16140218083353158,0.114656883418082,0.3313242717135179,0.11746650113446787,2.8177543911410865,-463.682987448149,0,0.0,bcb016a00acfe402942dbdfd8c7d889e04faf92a8ccbbd29f777c9f94117e053
NEXT,TRANSFORMER_SHARED,ENSEMBLE,DIRECTIONAL,FULL,1.0,LOCKED_20260301_20260831,184,True,COMPLETE_CONDITIONAL_ACCOUNT,-281.7111230187957,-2.8171112301879573,-244.7116613415197,12.44477945483315,9.05095291773259,9.05095291773259,18.10190583546518,-6.452776386977933,23509.781236401475,-0.24093219766139443,0.1735494426907043,0.14547841272836615,0.33850518049036366,0.3032788195651586,143.26695196106434,-424.97807497986025,2,441.4547501706018,39c83807fb384e81e49576c1394c9faacb98b48272bce6c60c6c609bc7a7b19b
NEXT,TRANSFORMER_SHARED,ENSEMBLE,COMBINED,FULL,1.0,LOCKED_20260301_20260831,184,True,COMPLETE_CONDITIONAL_ACCOUNT,-801.3198123448637,-8.013198123448637,-775.6535704721256,16.504448651757418,12.003656097050127,12.003656097050127,24.007312194100255,14.845518973114913,32098.473133908847,-0.9083077045246699,0.16690322529953427,0.18684907549979002,0.41606660573071685,0.17686550584241403,455.4218993878712,-1256.7417117327395,2,1045.1923380840426,6fa94862d2f6d2c745dae5dfb5f3af31c8e8022e985ebef916563cad6a8668aa
NEXT,PATCH_CROSS_ASSET_MULTITASK,ENSEMBLE,COMBINED,FULL,1.0,LOCKED_20260301_20260831,184,True,COMPLETE_CONDITIONAL_ACCOUNT,-820.4446385219849,-8.20444638521985,-744.7469407286392,45.997434007477786,33.4530551298919,33.4530551298919,66.9061102597838,37.20584647392081,85550.98178063286,-1.0854692675438131,0.1464907750617365,0.1296286658050071,0.4148502157237362,0.08419315766704252,122.68063987477312,-943.1252783967531,2,959.6417926093513,3df1231660e3b6932b7a9d4afc7f05743a18cb79224124d2aff64cd6207aa1e8
NEXT,CROSS_ASSET_MULTITASK,ENSEMBLE,COMBINED,FULL,1.0,LOCKED_20260301_20260831,184,True,COMPLETE_CONDITIONAL_ACCOUNT,-145.12271027989712,-1.4512271027989714,-102.59519237984989,26.333007791997407,19.151901195050087,19.151901195050087,38.303802390100174,22.109292282045118,49927.04389706533,-0.11960251591023574,0.14905231313995557,0.1246065215749591,0.4473052164443729,0.17820231330642305,489.3958448195024,-634.5185550994047,2,1024.4239558077497,eeb596957fc473f8b0ad97669729d77db1f7ca06abe079bc575bb112c8ff65da
NEXT,ORACLE_POLICY_PATCH_CROSS_ASSET,ENSEMBLE,NEUTRAL,FULL,1.0,LOCKED_20260301_20260831,184,False,NOT_EVALUABLE_UNEXECUTABLE_RISK_REDUCTION,N/E,N/E,-591.2639349269868,48.54131575514738,35.30330046724091,35.30330046724091,70.60660093448182,-1.6088814089467707,89983.49375180666,,,,,,-34.25657865666898,-677.7641543688939,1,863.278007587529,48fa370b5f7f2c0c494a363162821361b0ccdbcc58cea7fd9f2483bcd13b1f72
NEXT,BASE_CASH,ENSEMBLE,DIRECTIONAL,FULL,1.0,LOCKED_20260301_20260831,184,True,COMPLETE_CONDITIONAL_ACCOUNT,0.0,0.0,0.0,0.0,0.0,0.0,0.0,0.0,0.0,0.0,0.0,0.0,0.0,0.0,0.0,0.0,0,0.0,88548643f092c8e19e01e714cae4afc460661517aa2e474e9bf603bba3dd6974
NEXT,ORACLE_POLICY_CROSS_ASSET,ENSEMBLE,NEUTRAL,FULL,1.0,LOCKED_20260301_20260831,184,True,COMPLETE_CONDITIONAL_ACCOUNT,-657.777207327533,-6.577772073275329,-578.2616098146389,41.24881529353075,29.999448803755524,29.999448803755524,59.99889760751105,21.73211538814913,76546.13403691522,-0.6255200061459458,0.187497194158373,0.18389335075674385,0.46974898000328386,0.12033006294362306,526.519325454767,-1184.2965327822988,1,774.144024338753,c79786fac9af384e4006f15c7654497236d3f02800ecc18c0b9a12f7a13d54b7
NEXT,ORACLE_POLICY_PATCH_CROSS_ASSET,ENSEMBLE,DIRECTIONAL,FULL,1.0,LOCKED_20260301_20260831,184,True,COMPLETE_CONDITIONAL_ACCOUNT,-556.7851209401485,-5.567851209401486,-517.7693059094456,27.10181447499757,19.71024484109307,19.71024484109307,39.42048968218614,27.506489126468008,49276.0263181774,-0.6783868807377387,0.15085889281324194,0.11201200262646716,0.23689443916855196,0.17753616439342018,-311.7995098039475,-244.98561113621378,0,0.0,def40ef304b1b206468d30e46f415eac5ab34e075a75546f012c433321b96eff
NEXT,ORACLE_POLICY_CROSS_ASSET,ENSEMBLE,COMBINED,FULL,1.0,LOCKED_20260301_20260831,184,True,COMPLETE_CONDITIONAL_ACCOUNT,-654.5631072214486,-6.545631072214486,-618.6836909781857,33.13053216616248,24.095033103360898,24.095033103360898,48.190066206721795,45.44118212962371,61170.44889934309,-0.9908784512832498,0.12734743345556052,0.1192471114513739,0.37977675724851107,0.09646095255293917,328.3453706222715,-982.9084778437177,1,466.5588440692903,2092be44ffb20d346706baa6cd1ff0eacdf7738bf56105bb38344a223677caef
NEXT,OLD_FROZEN_TRANSFORMER_SHARED,FROZEN_LEGACY,DIRECTIONAL,FULL,1.0,LOCKED_20260301_20260831,184,True,COMPLETE_CONDITIONAL_ACCOUNT,-1052.3894797049593,-10.523894797049593,-940.6540973881035,33.072326877337346,24.052476409368868,24.052476409368868,48.104952818737736,-30.558102620797424,60681.67011265743,-0.763822200244043,0.2484471023282037,0.23865783633211846,0.5164036769861855,0.42540962497134344,-436.50382659918426,-615.8856531057916,1,275.08334965840106,f87f0fe2a2bf2666df83a7af2cb44a2f0916d36086a63abc22d63bf9e4ea6a23
NEXT,ORACLE_POLICY_PATCH_CROSS_ASSET,ENSEMBLE,COMBINED,FULL,1.0,LOCKED_20260301_20260831,184,True,COMPLETE_CONDITIONAL_ACCOUNT,-801.6566905835141,-8.016566905835141,-702.4833948802419,41.225344146619136,29.98251404733096,29.98251404733096,59.96502809466192,2.01707653800964,77050.08289086224,-0.7187620532068529,0.20139397772603093,0.17278468281708814,0.37086290472148015,0.09350099328973022,420.6428589599449,-1222.299549543458,2,1047.4558575955396,e4bb2cec15b2f759f36314bb088fc3e2e1067b612166d568428ffeede09465ab
NEXT,BASE_HOLD,ENSEMBLE,DIRECTIONAL,FULL,1.0,LOCKED_20260301_20260831,184,True,COMPLETE_CONDITIONAL_ACCOUNT,1321.4208260371786,13.214208260371786,1369.1087490228467,18.492499488452772,13.449528651856248,13.449528651856248,26.899057303712496,-2.296366193491632,33622.72634264141,0.8261157461033058,0.3858042716506133,0.22134609876814748,0.5737900039416183,0.5737900039416183,1321.4208260371895,0.0,0,0.0,918aec74d2c2bd61560bad2795175668d969ce4fe8c7dd92e935f23bbcb463f4
NEXT,BASE_STATIC_DIRECTION3,ENSEMBLE,DIRECTIONAL,FULL,1.0,LOCKED_20260301_20260831,184,True,COMPLETE_CONDITIONAL_ACCOUNT,-1385.409148441976,-13.85409148441976,-1333.8915964124915,15.625864818723846,11.363904456621595,11.363904456621595,22.72780891324319,-13.163878297520782,28616.848382379263,-3.399280422322407,0.08590682114753735,0.15265242563885217,0.1686340189722022,-0.07925724454409123,-857.1926556668453,-528.2164927751339,1,103.09253780431708,4cf1e057017fa6779e82002fb3295cf973c8df04f05be79837270606f63803fe
NEXT,BASE_SMA200_SIGNED,ENSEMBLE,DIRECTIONAL,FULL,1.0,LOCKED_20260301_20260831,184,True,COMPLETE_CONDITIONAL_ACCOUNT,-2992.5694640130464,-29.925694640130462,-2868.1192047499126,35.52701237062816,25.83731216153204,25.83731216153204,51.67462432306408,-37.24862256944094,65853.25869316267,-2.5108432265113385,0.2664525502553848,0.33310444002448303,0.5379318358764836,-0.4236678797060244,-931.3226858031428,-2061.2467782099025,2,629.3453732830149,c4ffc70f98136fbdac0bf1fdac0bdbd75a84cb1bbe27190da72e7a5eddbd82a8
NEXT,TRANSFORMER_SHARED,ENSEMBLE,NEUTRAL,HALF,1.0,LOCKED_20260301_20260831,184,True,COMPLETE_CONDITIONAL_ACCOUNT,-829.1745533741473,-8.291745533741473,-808.0798649083312,16.06715402007771,11.685461967497005,11.685461967497005,23.37092393499401,18.34338948925324,30830.59906203284,-1.1029378463925221,0.1458955800588997,0.13669567016966622,0.26667001578341754,0.02617953694774698,268.26690940281776,-1097.4414627769672,2,808.7958764003213,e865000634d24de00862d111a1205788c994e4399f07f1559d328ec914255a01
NEXT,TRANSFORMER_SHARED,ENSEMBLE,DIRECTIONAL,HALF,1.0,LOCKED_20260301_20260831,184,True,COMPLETE_CONDITIONAL_ACCOUNT,-51.36573794221223,-0.5136573794221223,-32.87937397632224,6.500071362874459,4.727369121518561,4.727369121518561,9.454738243037122,-2.5315543599757295,11990.234610026535,-0.07934992172854403,0.08434828884808304,0.06824708700221038,0.16942500468049101,0.14781648819415807,92.02827039151673,-143.39400833372625,2,85.96152058194127,d8cd843e4f895d4288ee6e61af3e5860adee073386452d4bee6ddc365b14a75a
NEXT,TRANSFORMER_SHARED,ENSEMBLE,COMBINED,HALF,1.0,LOCKED_20260301_20260831,184,True,COMPLETE_CONDITIONAL_ACCOUNT,-534.2188862242878,-5.342188862242878,-523.4636116839124,8.781221894774099,6.386713605344196,6.386713605344196,12.773427210688393,10.799374565085643,17646.85017984137,-1.0473777077794113,0.09922462766420484,0.10860397590059856,0.21462556432057972,0.07970151321544901,248.54094294823827,-782.7598291725276,3,840.4960946715036,9533b0dba722ac5156b8e0920be562dc20dc839f0882d785a86120420637eaca
NEXT,CROSS_ASSET_MULTITASK,ENSEMBLE,NEUTRAL,HALF,1.0,LOCKED_20260301_20260831,184,True,COMPLETE_CONDITIONAL_ACCOUNT,-85.57366624071418,-0.8557366624071417,-49.867681623357385,19.680986411118436,14.313991651031007,14.313991651031007,28.627983302062013,12.602985095820381,37542.81808638027,-0.058856482662791386,0.13440258386393378,0.10293617364219199,0.26192788353071267,0.032203246920543056,270.87098740920635,-356.4446536499238,2,879.6032149006483,d3d20f0e615ac76746a20f6f92683b4d29c2d3c28a26562b1f07f28755fbe89a
NEXT,CROSS_ASSET_MULTITASK,ENSEMBLE,DIRECTIONAL,HALF,1.0,LOCKED_20260301_20260831,184,True,COMPLETE_CONDITIONAL_ACCOUNT,217.6006257231006,2.176006257231006,233.59714182146047,10.338320729031658,7.518853463108408,7.518853463108408,15.037706926216815,9.379511556889806,18796.946780057562,0.5159559285614473,0.09067795461106046,0.047504275182434386,0.19434196991957892,0.1491881219449929,296.32103101549137,-78.72040529238944,0,0.0,ac55b78756268cfad94fa41ff47f7fb52f243dc95f540f88eb75516afab581d4
NEXT,PATCH_CROSS_ASSET_MULTITASK,ENSEMBLE,NEUTRAL,HALF,1.0,LOCKED_20260301_20260831,184,True,COMPLETE_CONDITIONAL_ACCOUNT,-699.8693450271909,-6.998693450271909,-626.9310860374864,34.1736662235536,24.853919850638107,24.853919850638107,49.707839701276214,10.943246935125925,63837.16756930365,-0.9574138138758447,0.13990012243746594,0.1310571172707231,0.24763046651523501,0.046071947646755144,151.6370003626099,-851.5063453898001,2,851.6144905121901,c69ba76356e3872feb39de06643e0f73274b608c2f5db6bcaf811e6a8b76fcd5
NEXT,CROSS_ASSET_MULTITASK,ENSEMBLE,COMBINED,HALF,1.0,LOCKED_20260301_20260831,184,True,COMPLETE_CONDITIONAL_ACCOUNT,9.76968673924407,0.09769686739244071,30.475570581987085,13.862566104849778,10.082160279149107,10.082160279149107,20.164320558298215,13.32100282040678,26093.005938791965,0.06365445627040306,0.07685036924746294,0.06055554363773341,0.22895362755611579,0.08181866210165689,252.21324839411784,-242.44356165487196,2,444.1701468052749,91bbdfa275840afcadf47d9098e4175c5f360e5cffc54b922c78d13fbe355c4d
NEXT,PATCH_CROSS_ASSET_MULTITASK,ENSEMBLE,DIRECTIONAL,HALF,1.0,LOCKED_20260301_20260831,184,True,COMPLETE_CONDITIONAL_ACCOUNT,-217.88261589541077,-2.178826158954108,-190.133894597219,20.06618283401007,14.593526672797417,14.593526672797417,29.187053345594833,21.504514881413307,36483.96878910922,-0.5000137172633344,0.08089542415738825,0.0592578371264334,0.16887480425531046,0.05637924437386886,14.642149480310445,-232.52476537572113,0,0.0,bfb6062af6b57564b327bf94ab225852e5238600f0f032bdeedd508e33f90f13
NEXT,ORACLE_POLICY_CROSS_ASSET,ENSEMBLE,DIRECTIONAL,HALF,1.0,LOCKED_20260301_20260831,184,True,COMPLETE_CONDITIONAL_ACCOUNT,-190.8745585143385,-1.908745585143385,-177.54579297476323,14.773000021874575,10.743943201255028,10.743943201255028,21.487886402510057,22.932120884805776,26860.000039771952,-0.3562493885694785,0.09480395300104955,0.06501343118661473,0.14651387735941784,0.07212936350980678,-95.13964496661255,-95.73491354772949,0,0.0,efcbbfa6fa8dda1a4a48e0037bc1ce1a766b45d61814d25a8b7deab116a84860
NEXT,PATCH_CROSS_ASSET_MULTITASK,ENSEMBLE,COMBINED,HALF,1.0,LOCKED_20260301_20260831,184,True,COMPLETE_CONDITIONAL_ACCOUNT,-390.34649416931336,-3.9034649416931337,-352.9305174611286,24.454401420384535,17.785176377337027,17.785176377337027,35.570352754674055,22.608777466871185,45306.611404244904,-0.9997872291176718,0.07610020872014288,0.06420713384828891,0.21476753997756906,0.0338932538099302,57.26252990939769,-447.6090240787138,2,422.0316835910573,be5f4e3339dc4e4dfe7f99be757f732e90671d1be29a7160910c36d85ae7bc11
NEXT,ORACLE_POLICY_CROSS_ASSET,ENSEMBLE,NEUTRAL,HALF,1.0,LOCKED_20260301_20260831,184,True,COMPLETE_CONDITIONAL_ACCOUNT,-359.4027722306525,-3.594027722306525,-319.1662159089933,23.859362040748554,17.352423225327172,17.352423225327172,34.704846450654344,18.3276521697434,44199.583736146,-0.6262267892267854,0.10679920705497611,0.09809787416160476,0.25574161675199064,0.03842204666883383,266.2605908294683,-625.6633630601211,1,409.4627401197694,479d7c7649a04ee1c500479c0f0b9f1fc2d63dcc35f9d08da310d491c28118c2
NEXT,ORACLE_POLICY_CROSS_ASSET,ENSEMBLE,COMBINED,HALF,1.0,LOCKED_20260301_20260831,184,True,COMPLETE_CONDITIONAL_ACCOUNT,-292.1927000487794,-2.9219270004877935,-273.49269928414736,17.264918819201498,12.55632506472812,12.55632506472812,25.11265012945624,23.677568184024953,31728.219642533353,-0.8914990848345604,0.0637123977917795,0.05570749109207429,0.1936915387829847,0.04355498062362622,168.15247121795713,-460.34517126673734,1,168.72907653804114,a013617caae9ea6c82d482b18dd3e47239e8b08149d64ff99c1c7cc0e093158e
NEXT,ORACLE_POLICY_PATCH_CROSS_ASSET,ENSEMBLE,NEUTRAL,HALF,1.0,LOCKED_20260301_20260831,184,True,COMPLETE_CONDITIONAL_ACCOUNT,177.15047657402908,1.771504765740291,279.31302274801294,37.8664607494624,27.5394640775713,27.5394640775713,55.0789281551426,-9.217157269382858,69255.97288113221,0.33251245074062685,0.13034385557899017,0.08866854292666126,0.2701155323512114,0.02286360732042863,298.58070577068554,-121.43022919666049,1,203.93121378211112,2c5b1bd58906b2a07ef587e128be3eeebee6ea1e259b6029440ce361766721a8
NEXT,BASE_CASH,ENSEMBLE,DIRECTIONAL,HALF,1.0,LOCKED_20260301_20260831,184,True,COMPLETE_CONDITIONAL_ACCOUNT,0.0,0.0,0.0,0.0,0.0,0.0,0.0,0.0,0.0,0.0,0.0,0.0,0.0,0.0,0.0,0.0,0,0.0,88548643f092c8e19e01e714cae4afc460661517aa2e474e9bf603bba3dd6974
NEXT,ORACLE_POLICY_PATCH_CROSS_ASSET,ENSEMBLE,DIRECTIONAL,HALF,1.0,LOCKED_20260301_20260831,184,True,COMPLETE_CONDITIONAL_ACCOUNT,-320.2555174777451,-3.2025551747774514,-300.3167215829252,13.980997656636625,10.16790219438482,10.16790219438482,20.33580438876964,14.37800615058845,25419.995739339316,-0.8175212440759095,0.07551046644839539,0.06342724922596399,0.11939652276118815,0.08682748118449006,-188.51907905753137,-131.7364384202117,0,0.0,497f87546cbf6b75b0c85e536f6845e907995e422b47385cd83b23f0a36e8c5f
NEXT,ORACLE_POLICY_PATCH_CROSS_ASSET,ENSEMBLE,COMBINED,HALF,1.0,LOCKED_20260301_20260831,184,True,COMPLETE_CONDITIONAL_ACCOUNT,-443.3734124210452,-4.433734124210452,-391.2145208401954,22.108778158769937,16.079316647754528,16.079316647754528,32.158633295509055,2.1085198734280404,41230.42911074301,-0.8806675454277797,0.0967616976885779,0.0906753874470031,0.184920919754227,0.04579030530523651,204.20247596584545,-647.5758883868918,2,516.32532012611,4571fc4ae0bc184d9e0e78dd64da5c4fc18da4b30535a604e47a778a648ff23f
NEXT,OLD_FROZEN_TRANSFORMER_SHARED,FROZEN_LEGACY,DIRECTIONAL,HALF,1.0,LOCKED_20260301_20260831,184,True,COMPLETE_CONDITIONAL_ACCOUNT,-548.6030466859054,-5.486030466859053,-485.3485867976517,18.839935529540266,13.701703296843405,13.701703296843405,27.40340659368681,-17.01111776502516,34527.285048267724,-0.8296414250874005,0.12544713201616803,0.1276229055460254,0.26002178709246143,0.21407541662853502,-221.4602889716713,-327.14275771423263,1,136.42840636998056,8e329890260f06e87d5597dbfa48c3a3ee85c12cdbe706a968b292b8c4d4f31f
NEXT,BASE_HOLD,ENSEMBLE,DIRECTIONAL,HALF,1.0,LOCKED_20260301_20260831,184,True,COMPLETE_CONDITIONAL_ACCOUNT,701.5401129155066,7.015401129155066,728.2369174259187,10.197796309606911,7.416812170073148,7.416812170073148,14.833624340146295,-1.6653838606577072,18541.447835648927,0.7957929387114187,0.19178871243055295,0.11462772417917222,0.2874091274325866,0.2874091274325866,701.5401129155077,0.0,0,0.0,35c004552bf47f849f31f127a3ce695249c4d036ba7ccb18e87d6ce331279779
NEXT,BASE_SMA200_SIGNED,ENSEMBLE,DIRECTIONAL,HALF,1.0,LOCKED_20260301_20260831,184,True,COMPLETE_CONDITIONAL_ACCOUNT,-1666.071507493391,-16.66071507493391,-1600.9826324357173,19.81503058988946,14.410590985608067,14.410590985608067,28.821181971216134,-16.452662496572152,36564.709435949124,-2.579636606204194,0.13646714217666106,0.18866632488435364,0.27480019763260916,-0.21656517605575346,-562.1853559635576,-1103.8861515298372,2,268.69054534778024,413df6a1fcb563dda55f2dbe98d7e615fa0588c60f67bcce4445858ed3b76139
NEXT,BASE_STATIC_DIRECTION3,ENSEMBLE,DIRECTIONAL,HALF,1.0,LOCKED_20260301_20260831,184,True,COMPLETE_CONDITIONAL_ACCOUNT,-735.6440469697068,-7.356440469697068,-708.5563932085931,8.271338873576257,6.015326043680847,6.015326043680847,12.030652087361695,-6.785662800175309,15143.800901776323,-3.474967556703956,0.0433409637271443,0.08048150121316833,0.08347380526553318,-0.03794366941372319,-458.99085948129397,-276.6531874884124,1,52.50147490974725,1b71ee9b349cf7b324c1300b36bc72b836bcb4211def49f180e6df4a6cb3b394
NEXT,CROSS_ASSET_MULTITASK,ENSEMBLE,NEUTRAL,FULL,0.01,LOCKED_20260301_20260831,184,True,COMPLETE_CONDITIONAL_ACCOUNT,-418.94302150623605,-4.189430215062361,-341.490826671499,31.608089714707834,22.988747022665077,22.988747022665077,45.977494045330154,0.13338892529885416,61077.657254888116,-0.19173758447101427,0.25993111381573714,0.208971084656968,0.4834636915226265,0.10609330241850261,633.343282013953,-1052.286303520191,2,1804.201614073301,39b0590da2078e54489eb3c383dac75968b18d525d4ae05d974beb69a5806784
NEXT,TRANSFORMER_SHARED,ENSEMBLE,NEUTRAL,FULL,0.01,LOCKED_20260301_20260831,184,True,COMPLETE_CONDITIONAL_ACCOUNT,-1439.9658602965926,-14.399658602965927,-1367.0287737351648,29.83177088116089,21.696420889419993,21.696420889419993,43.39284177883999,0.28752609857171413,57442.61626584752,-1.0842218724593116,0.25398777786396476,0.2437712650055236,0.501417467762162,0.08605276013696656,456.7155389423677,-1896.6813992389616,2,1601.5164227774976,9f00841c7c52bd0d0d1bd26a3161f19abfcb00754fce2110c7e8602aaf43e5f5
NEXT,PATCH_CROSS_ASSET_MULTITASK,ENSEMBLE,NEUTRAL,FULL,0.01,LOCKED_20260301_20260831,184,True,COMPLETE_CONDITIONAL_ACCOUNT,-280.1166098001164,-2.8011660980011643,-122.28210824166229,64.32991185730998,46.786453905660046,46.786453905660046,93.57290781132009,0.0683181101801992,120409.08315013009,-0.08463849766156173,0.2578087658018927,0.22287285335902518,0.4783712438456923,0.10876466716503283,465.0348015405154,-745.1514113406273,2,1722.803522965064,d087b61a25fbc8b69c930970615aab971199cd0620b13387a89bad05adac69ff
NEXT,PATCH_CROSS_ASSET_MULTITASK,ENSEMBLE,DIRECTIONAL,FULL,0.01,LOCKED_20260301_20260831,184,True,COMPLETE_CONDITIONAL_ACCOUNT,264.4670108064222,2.6446701080642216,346.1094697394524,33.41568283689844,24.30242554550191,24.30242554550191,48.60485109100382,0.3780749948727257,60755.786976178984,0.378699361313882,0.17809389550265323,0.09198102247741113,0.32891680529553696,0.23816639877091533,423.96210431241263,-159.49509350598973,0,0.0,ec69cdf232d80e60c908a22ab3368dad06ba900a491364f63a41d2fffe1c7549
NEXT,TRANSFORMER_SHARED,ENSEMBLE,DIRECTIONAL,FULL,0.01,LOCKED_20260301_20260831,184,True,COMPLETE_CONDITIONAL_ACCOUNT,378.8421293996266,3.7884212939962656,411.3397812009332,13.282905122531574,9.660529126523185,9.660529126523185,19.32105825304637,0.1063115742716557,24472.18416386973,0.43461606114678314,0.22955220483051111,0.13129159816574665,0.41689169654976777,0.4035085900102929,595.424290586023,-216.582161186396,1,160.7237887243436,9cd13400f3748e52798b242bea731ae792e91a137c48e65e662c6350872e2c1b
NEXT,ORACLE_POLICY_CROSS_ASSET,ENSEMBLE,DIRECTIONAL,FULL,0.01,LOCKED_20260301_20260831,184,True,COMPLETE_CONDITIONAL_ACCOUNT,139.18782323145993,1.3918782323145993,206.16190473162465,27.425379478405294,19.945796501558817,19.945796501558817,39.891593003117634,0.3428909813545296,49864.32632437326,0.2347978108761363,0.20358324104910377,0.1107723000852312,0.2784310505248216,0.21238292873115056,189.33406824280158,-50.14624501134536,0,0.0,c6f3d3d201be82da08dde3add906cb22e2975e79d1ec3d78a8caefdaaf37d2bb
NEXT,TRANSFORMER_SHARED,ENSEMBLE,COMBINED,FULL,0.01,LOCKED_20260301_20260831,184,True,COMPLETE_CONDITIONAL_ACCOUNT,-368.31081932448774,-3.6831081932448773,-324.4868309021971,17.961135551348892,13.06317427505767,13.06317427505767,26.12634855011534,0.2634956791734603,34638.08977744938,-0.3801639013350215,0.16146456058319825,0.15947299767920498,0.4397583880294966,0.22569101033958563,494.08379245043244,-862.3946117749205,2,990.7398420438768,8361fbdc29af9eab3d17a8f11dd4b993867cf4658f3ca81e75ccc16e976955c4
NEXT,CROSS_ASSET_MULTITASK,ENSEMBLE,DIRECTIONAL,FULL,0.01,LOCKED_20260301_20260831,184,True,COMPLETE_CONDITIONAL_ACCOUNT,-191.763877644171,-1.91763877644171,-128.23112125503985,25.93742695917022,18.863570432283158,18.863570432283158,37.727140864566316,0.13181143460756628,47247.15563593544,-0.25237237905584353,0.12261303817684908,0.0651048023036157,0.3312601891471742,0.18423157290891778,169.86375199746468,-361.6276296416336,1,44.09876417661263,19eb421a4be133a621bf93b304c17410925384d69dfb4c053bed5dcba9e4c93a
NEXT,PATCH_CROSS_ASSET_MULTITASK,ENSEMBLE,COMBINED,FULL,0.01,LOCKED_20260301_20260831,184,True,COMPLETE_CONDITIONAL_ACCOUNT,-54.40381401501628,-0.5440381401501628,56.86638046347451,45.47169528277875,33.07089789267008,33.07089789267008,66.14179578534016,0.34329658963734927,84412.85150327199,-0.00924053558366141,0.13814295110929634,0.11017234754534355,0.41832353243198656,0.13638935386579729,398.33856321770617,-452.74237723271324,2,868.5209491098591,945faa7f07ed6968ac56ea004f4d80df5be213bd942c63566bb3fd0e75400a74
NEXT,CROSS_ASSET_MULTITASK,ENSEMBLE,COMBINED,FULL,0.01,LOCKED_20260301_20260831,184,True,COMPLETE_CONDITIONAL_ACCOUNT,-260.1716807821528,-2.601716807821528,-193.167919514824,27.393148225625506,19.92292545956087,19.92292545956087,39.84585091912174,0.23523787742154803,51985.894854030324,-0.27923264269670867,0.14778175101788193,0.120394589693541,0.4246010458222901,0.12246905121494482,495.4933595791364,-755.665040361286,2,1090.0854037192482,d18e3e755ff882dfde3ec359aeb045ad7c0def43a553e5cf1915911b301f854d
NEXT,ORACLE_POLICY_CROSS_ASSET,ENSEMBLE,NEUTRAL,FULL,0.01,LOCKED_20260301_20260831,184,True,COMPLETE_CONDITIONAL_ACCOUNT,-441.07788834792973,-4.410778883479297,-342.4083142721322,40.20801262540667,29.242639419124373,29.242639419124373,58.485278838248746,0.023717387860732797,74849.19465442537,-0.4008416972699148,0.18183833019849094,0.16726139442707422,0.46841466277200794,0.12195227654721771,668.7486010191344,-1109.8264893670614,1,871.8585768429859,9a4ee04671f07e6b2fb0d7a720a0785184b777ba9501f2d054a323693a1b23bd
NEXT,BASE_CASH,ENSEMBLE,DIRECTIONAL,FULL,0.01,LOCKED_20260301_20260831,184,True,COMPLETE_CONDITIONAL_ACCOUNT,0.0,0.0,0.0,0.0,0.0,0.0,0.0,0.0,0.0,0.0,0.0,0.0,0.0,0.0,0.0,0.0,0,0.0,ada512c8f8dff9b4ddc27e800cc9ab329dde2777997e71555561dae9af83526a
NEXT,ORACLE_POLICY_PATCH_CROSS_ASSET,ENSEMBLE,NEUTRAL,FULL,0.01,LOCKED_20260301_20260831,184,True,COMPLETE_CONDITIONAL_ACCOUNT,-534.3207222301977,-5.343207222301977,-389.66160491916185,58.901656336500054,42.83839830688596,42.83839830688596,85.67679661377193,-0.08066436076557353,110077.52646252439,-0.25752345361576146,0.27351875071671516,0.2063968763183256,0.4992578710184064,0.08727589317238901,659.9748076494524,-1194.2955298796517,2,1491.8029253530576,5566683a99f08e56cff9c2d81096156d3b3c5a091e333c471f5b6e1b75895543
NEXT,ORACLE_POLICY_PATCH_CROSS_ASSET,ENSEMBLE,DIRECTIONAL,FULL,0.01,LOCKED_20260301_20260831,184,True,COMPLETE_CONDITIONAL_ACCOUNT,-233.6530361546466,-2.3365303615464663,-169.91103772888283,26.084012272094174,18.970136371809144,18.970136371809144,37.94027274361829,0.2822865899480994,47425.476858353046,-0.1816971356233036,0.17489941017308505,0.11811137120002158,0.24873474277872729,0.2097974626507161,-89.4603269005001,-144.1927092541471,0,0.0,71f46020bbb2318c8cc354d182658e5958efb69f65db82d8fa12a8c6e3896ccd
NEXT,ORACLE_POLICY_CROSS_ASSET,ENSEMBLE,COMBINED,FULL,0.01,LOCKED_20260301_20260831,184,True,COMPLETE_CONDITIONAL_ACCOUNT,-153.42877744304818,-1.534287774430482,-76.29694826224465,31.525912834679087,22.92817270746746,22.92817270746746,45.85634541493492,0.2504290688106062,58133.952303745995,-0.19221177101887071,0.12139636064056297,0.10086311483066701,0.37841503146963357,0.12187203759147837,538.0172222353515,-691.4459996783995,1,407.0553930738288,33224b1a1fe76a524848b41205fe6d931da2f68fe873ab9c343de1faad5e2f56
NEXT,ORACLE_POLICY_PATCH_CROSS_ASSET,ENSEMBLE,COMBINED,FULL,0.01,LOCKED_20260301_20260831,184,True,COMPLETE_CONDITIONAL_ACCOUNT,-535.1002149590078,-5.3510021495900775,-443.19214056103397,37.504680010500515,27.276641708147807,27.276641708147807,54.55328341629561,0.14988902882772295,70229.74262037968,-0.48953829006808885,0.1863133893037426,0.15463029608659296,0.36522009168145314,0.11694028710885186,490.3260029715107,-1025.4262179305128,2,1019.7076642802793,74feaabbf65b3ac7dfa18a9b82fe3adc8630439324683b04aedd91a180f33e1a
NEXT,BASE_HOLD,ENSEMBLE,DIRECTIONAL,FULL,0.01,LOCKED_20260301_20260831,184,True,COMPLETE_CONDITIONAL_ACCOUNT,1319.039577030894,13.19039577030894,1364.2410392298573,18.405591063698473,13.38632096709508,13.38632096709508,26.77264193419016,-0.023229201084915344,33464.71102490631,0.8246967860788118,0.3861003373028389,0.22290652197984673,0.5738534895397882,0.5738534895397882,1319.0395770308837,0.0,0,0.0,899a17f01b7cc724d9694e2a96752c76e2e688104691be65e84b56b84359efc2
NEXT,OLD_FROZEN_TRANSFORMER_SHARED,FROZEN_LEGACY,DIRECTIONAL,FULL,0.01,LOCKED_20260301_20260831,184,True,COMPLETE_CONDITIONAL_ACCOUNT,-1199.4958102840399,-11.9949581028404,-1119.0422977549047,32.64341743065498,23.740542977408488,23.740542977408488,47.481085954816976,-0.32900914366460693,60082.44508460162,-0.9147363253662696,0.2444545351092461,0.23534324606153167,0.5179667545287995,0.42416411587667036,-536.0020646247992,-663.493745659242,1,365.38851443264593,9acd96a8050c60592764d0b3c99431584ec2a21aefbdda79578c512a02a93e8d
NEXT,BASE_STATIC_DIRECTION3,ENSEMBLE,DIRECTIONAL,FULL,0.01,LOCKED_20260301_20260831,184,True,COMPLETE_CONDITIONAL_ACCOUNT,-1373.7702484209394,-13.737702484209393,-1335.2343170707159,15.64645964839395,11.378882126051776,11.378882126051776,22.757764252103552,-0.13170744972699258,28654.422148790978,-3.3665016638154417,0.08594735398451316,0.15215565250860252,0.16863213699980897,-0.07924717205148991,-849.5038500371718,-524.2663983837684,1,103.15684858280743,04df4ddb73e15f64e4beafaaa0219d1d56abe39110cb2ec7ea0e0f75d051d555
NEXT,BASE_SMA200_SIGNED,ENSEMBLE,DIRECTIONAL,FULL,0.01,LOCKED_20260301_20260831,184,True,COMPLETE_CONDITIONAL_ACCOUNT,-2961.9457608241873,-29.619457608241873,-2874.035597321088,35.66335718086759,25.93647051851727,25.93647051851727,51.87294103703454,-0.37386528519151596,66102.37159356746,-2.477287145751112,0.2665651197957886,0.33243891539034753,0.537912644127472,-0.42345983996708153,-923.0746782899005,-2038.8710825342812,2,629.9519959950077,654c6d73892cecced7c2ce1ca814405154a8bc917c7176767fab846510b601e6
NEXT,TRANSFORMER_SHARED,ENSEMBLE,NEUTRAL,HALF,0.01,LOCKED_20260301_20260831,184,True,COMPLETE_CONDITIONAL_ACCOUNT,-739.1820603971519,-7.391820603971518,-697.7782294426454,16.94983361713938,12.327446896232802,12.327446896232802,24.654893792465604,0.200896455097871,32438.078398613678,-1.0396089790170302,0.13733202908659492,0.12823661811532394,0.2648293266472126,0.02826225452221839,248.09811133292297,-987.2801717300754,2,810.0995473619478,cd7dd79073a7722d3b257df45e7a4b76bce7f69ebcb45f28b0def162a4ac3585
NEXT,TRANSFORMER_SHARED,ENSEMBLE,DIRECTIONAL,HALF,0.01,LOCKED_20260301_20260831,184,True,COMPLETE_CONDITIONAL_ACCOUNT,234.0032779446362,2.340032779446362,250.78133580208072,6.856890452852033,4.986918308229864,4.986918308229864,9.973836616459728,0.05266921186691073,12494.067133086393,0.45868945108298514,0.11409674123647974,0.0661810921945375,0.20843195945013507,0.20024237097985498,311.74664516638876,-77.74336722175293,1,13.496791223166523,c14d1c917f43fa4c5bd1e9dbd912c5c3233ad42d991c608055d05014d5c8c070
NEXT,CROSS_ASSET_MULTITASK,ENSEMBLE,NEUTRAL,HALF,0.01,LOCKED_20260301_20260831,184,True,COMPLETE_CONDITIONAL_ACCOUNT,-47.3361769682951,-0.473361769682951,-4.420703732352706,17.54645047477229,12.761617065145137,12.761617065145137,25.523234130290273,0.15421136912089206,33663.852935759074,-0.0027212849496534154,0.1338500052372589,0.10143466825164948,0.26012192308560117,0.034031325707687105,330.1131094041938,-377.4492863724881,2,880.6078544501851,93f34087d6cf5b269aec052cd8b8ce75031ba27ad74a92d584e9dbf028ecbe15
NEXT,TRANSFORMER_SHARED,ENSEMBLE,COMBINED,HALF,0.01,LOCKED_20260301_20260831,184,True,COMPLETE_CONDITIONAL_ACCOUNT,-207.25786494233577,-2.072578649423358,-184.67469534569506,9.26638935480214,6.7395239151472905,6.7395239151472905,13.479047830294581,0.16226758845540873,18069.08380722499,-0.4100852371624699,0.0911335606575925,0.08352738841888296,0.226288986925435,0.10501403923081608,270.9651527328571,-478.22301767519343,2,610.5515810650943,456d261f36061002a256dce7ac6a75dcd2ead90a24ce05b138cdb708a6730f36
NEXT,CROSS_ASSET_MULTITASK,ENSEMBLE,DIRECTIONAL,HALF,0.01,LOCKED_20260301_20260831,184,True,COMPLETE_CONDITIONAL_ACCOUNT,-106.34899488747784,-1.0634899488747784,-74.95647695810752,12.82078686794649,9.324184645161184,9.324184645161184,18.648369290322368,0.07663822890132746,23310.52157808453,-0.3131726574951995,0.061684822358102354,0.03566944390617999,0.16867563580186537,0.08836025466623935,84.58231513335339,-190.93131002082842,0,0.0,4281286c0bbf666fd33a9b4cdd571d1339bc892259c66c72a2d2f4dbf24bab6d
NEXT,PATCH_CROSS_ASSET_MULTITASK,ENSEMBLE,NEUTRAL,HALF,0.01,LOCKED_20260301_20260831,184,True,COMPLETE_CONDITIONAL_ACCOUNT,29.115918139492074,0.29115918139492075,118.18848255915816,36.32405289116602,26.41807259785018,26.41807259785018,52.83614519570036,0.08763366719649215,67736.75058769726,0.11002418362507727,0.12985762060141837,0.11482630654518067,0.2537078166918698,0.04000079836639999,243.0580281666267,-213.9421100271384,2,846.509029152249,7c1d7a2c587894ced08e9e0cfb316895bef752f369f3060a8f04515aea0071d6
NEXT,CROSS_ASSET_MULTITASK,ENSEMBLE,COMBINED,HALF,0.01,LOCKED_20260301_20260831,184,True,COMPLETE_CONDITIONAL_ACCOUNT,-161.28802014985655,-1.6128802014985655,-127.47566652986086,13.840009702817666,10.065847923360522,10.065847923360522,20.131695846721044,0.15935192954317448,26498.383769499716,-0.30778956675805513,0.09115152409768952,0.07283997451907198,0.22107847948139314,0.05060399924420738,249.20202756780807,-410.4900477176644,2,667.3648821883435,9bb4ae341464257500627f62f76bdb1a6137d6173b3121eaa89f521d405215f8
NEXT,PATCH_CROSS_ASSET_MULTITASK,ENSEMBLE,DIRECTIONAL,HALF,0.01,LOCKED_20260301_20260831,184,True,COMPLETE_CONDITIONAL_ACCOUNT,137.6670274214048,1.3766702742140482,178.47652711555324,16.703155507252305,12.147806572308534,12.147806572308534,24.295613144617068,0.18926895772182115,30369.37364954964,0.34826090692858025,0.08920500738099651,0.04729843833519176,0.16580655362584193,0.1179143054310634,224.891686481979,-87.2246590605733,0,0.0,9675d8a67b4846b1230df40fb04e15b438d93b08bc48931992d6d4ada378dae9
NEXT,PATCH_CROSS_ASSET_MULTITASK,ENSEMBLE,COMBINED,HALF,0.01,LOCKED_20260301_20260831,184,True,COMPLETE_CONDITIONAL_ACCOUNT,43.82314921417406,0.43823149214174056,102.53413822713256,23.9962794805269,17.452141998612195,17.452141998612195,34.90428399722439,0.1895744647930449,44471.99120106342,0.15718097246543086,0.0713408140389221,0.05559880495075298,0.21426471945125827,0.0616850731765457,232.70900547441974,-188.88585626024542,2,421.1960727799792,ae38c551b50773bb1d79e942bc27b8037954edefccb5da358ced32189bb24554
NEXT,ORACLE_POLICY_CROSS_ASSET,ENSEMBLE,DIRECTIONAL,HALF,0.01,LOCKED_20260301_20260831,184,True,COMPLETE_CONDITIONAL_ACCOUNT,42.33684477823673,0.42336844778236726,76.3137112979194,13.912497991067251,10.118204777527435,10.118204777527435,20.23640955505487,0.17204102644150127,25295.45089284955,0.1326355326840892,0.10194779995285509,0.06006581762381813,0.14160100720307842,0.10559648555065831,65.68343884601025,-23.346594067771477,0,0.0,0aea2e1e2dcf59b48f617612f2f5bcbcd1803de113a0f77a305cf59436e842cc
NEXT,ORACLE_POLICY_CROSS_ASSET,ENSEMBLE,NEUTRAL,HALF,0.01,LOCKED_20260301_20260831,184,True,COMPLETE_CONDITIONAL_ACCOUNT,-274.8578207592387,-2.7485782075923866,-216.5460341810026,23.775829663723897,17.2917583651663,17.2917583651663,34.5835167303326,0.04755981582107187,44213.70992223333,-0.4738843015062985,0.10500647422501745,0.09515409730147162,0.25631901819152564,0.0382088588736699,340.7155688497072,-615.5733896089453,1,492.46435773130037,5df824ab20d8e596bfb1cf951adf44d163bdec0cb233eb2a24025f3736ba1d3c
NEXT,ORACLE_POLICY_CROSS_ASSET,ENSEMBLE,COMBINED,HALF,0.01,LOCKED_20260301_20260831,184,True,COMPLETE_CONDITIONAL_ACCOUNT,-24.21351046387114,-0.24213510463871138,16.17908849673057,16.517964250717593,12.013178947966551,12.013178947966551,24.026357895933103,0.15172318604711182,30372.853041022838,-0.04646634588742827,0.062130342194226945,0.05089546002040879,0.19209496124896494,0.05680344516359835,257.5757984020558,-281.7893088659288,1,170.09538349542424,341305c5d66fc63417f41ad1b52e906580779355f23fb04bfedeb3d75bdfa8ca
NEXT,ORACLE_POLICY_PATCH_CROSS_ASSET,ENSEMBLE,NEUTRAL,HALF,0.01,LOCKED_20260301_20260831,184,True,COMPLETE_CONDITIONAL_ACCOUNT,-14.420404991602327,-0.14420404991602326,62.43167984649165,31.300885750725254,22.7646233339392,22.7646233339392,45.5292466678784,-0.02195241949091845,57919.4820513424,0.038247607027138766,0.12292066434863963,0.08385496513709545,0.2611048543951933,0.03228852962429066,347.98744571168845,-362.40785070329133,1,504.39034319369654,bbf9ef3704a2e9c4a7eb979e286c0b32cc9566e3dfd5a4b549e3d0c37f19a9a3
NEXT,ORACLE_POLICY_PATCH_CROSS_ASSET,ENSEMBLE,DIRECTIONAL,HALF,0.01,LOCKED_20260301_20260831,184,True,COMPLETE_CONDITIONAL_ACCOUNT,-165.26524000011855,-1.6526524000011853,-132.27206519022965,13.499954066043758,9.818106084607326,9.818106084607326,19.63621216921465,0.14299142536798834,24545.371029170466,-0.33626849286897625,0.08711287866727359,0.06401558662874063,0.12524613688225805,0.10390057765290979,-83.029732079536,-82.23550792058407,0,0.0,08cfc5fc4d23946c26df002b7effbe652a9376eb30ea561382c8766b35309450
NEXT,BASE_CASH,ENSEMBLE,DIRECTIONAL,HALF,0.01,LOCKED_20260301_20260831,184,True,COMPLETE_CONDITIONAL_ACCOUNT,0.0,0.0,0.0,0.0,0.0,0.0,0.0,0.0,0.0,0.0,0.0,0.0,0.0,0.0,0.0,0.0,0,0.0,ada512c8f8dff9b4ddc27e800cc9ab329dde2777997e71555561dae9af83526a
NEXT,OLD_FROZEN_TRANSFORMER_SHARED,FROZEN_LEGACY,DIRECTIONAL,HALF,0.01,LOCKED_20260301_20260831,184,True,COMPLETE_CONDITIONAL_ACCOUNT,-640.8485137347777,-6.408485137347777,-594.719650833508,18.720664055751946,13.614940876615089,13.614940876615089,27.229881753230178,-0.1783170922890047,34358.76701084088,-1.0088148366624432,0.12277343343917026,0.12817731265236432,0.26061499144256856,0.21226603770601407,-283.41566484414045,-357.43284889063887,1,160.59800019139902,47201f42e4d5f39f53f35028817c3d0ce002c85544a2d53cd43da7df7d644fcc
NEXT,ORACLE_POLICY_PATCH_CROSS_ASSET,ENSEMBLE,COMBINED,HALF,0.01,LOCKED_20260301_20260831,184,True,COMPLETE_CONDITIONAL_ACCOUNT,-266.6766024290066,-2.666766024290066,-218.49183695297114,19.664594406733165,14.301769541289957,14.301769541289957,28.603539082579914,0.08336801327770496,36742.1010776593,-0.5281416934553632,0.0931995947973471,0.07509878463523867,0.18377630742662918,0.05623693038006472,248.7704044763855,-515.447006905392,2,494.14653270859134,5f168923a02735c216c5072134b4258c71e7c937c41873daa29eb7444e8e3ca2
NEXT,BASE_HOLD,ENSEMBLE,DIRECTIONAL,HALF,0.01,LOCKED_20260301_20260831,184,True,COMPLETE_CONDITIONAL_ACCOUNT,699.856072763939,6.99856072763939,724.8154646670015,10.161608166780027,7.390492425879622,7.390492425879622,14.780984851759245,-0.016798884513705214,18475.65121232732,0.7935771689544316,0.19197580908739878,0.11544079941660323,0.2874568007815113,0.2874568007815113,699.8560727639484,0.0,0,0.0,0741c976437cc52e1cf1e2dcbb07bc494edc45e852932f14572bc5ef46e46af1
NEXT,BASE_STATIC_DIRECTION3,ENSEMBLE,DIRECTIONAL,HALF,0.01,LOCKED_20260301_20260831,184,True,COMPLETE_CONDITIONAL_ACCOUNT,-729.2668340846442,-7.2926683408464426,-708.8889566886724,8.27460564843826,6.017701783896803,6.017701783896803,12.035403567793606,-0.06786817973896339,15149.772908040313,-3.4425161378760962,0.0433530227453052,0.08018973122721118,0.08347238951380832,-0.037944346694620615,-454.4345203054817,-274.8323137791614,1,52.51768271264671,d5b0f84f540ef856ddaf8ec552498625269dad5b539b4f6c197fae1526c321fc
NEXT,BASE_SMA200_SIGNED,ENSEMBLE,DIRECTIONAL,HALF,0.01,LOCKED_20260301_20260831,184,True,COMPLETE_CONDITIONAL_ACCOUNT,-1652.9932089224185,-16.529932089224186,-1604.0943641420438,19.85493962739577,14.439615118026607,14.439615118026607,28.879230236053214,-0.16467491692859457,36638.438893076185,-2.553609761037401,0.13663231753361185,0.18872137369352726,0.2747793546449923,-0.21654881911924914,-557.7999797918317,-1095.1932291305895,2,269.2743307237562,d91ba0582eb0982c212b5152b54f688ed94baab789b25e40d416011612a5431c
FORMULA_RECONSTRUCTED,CROSS_ASSET_MULTITASK,ENSEMBLE,NEUTRAL,FULL,1.0,LOCKED_20260301_20260831,184,True,COMPLETE_CONDITIONAL_ACCOUNT,-516.510276894145,-5.16510276894145,-435.10684263170674,36.632348063365306,26.642726617725117,26.642726617725117,53.285453235450234,8.514367036378555,70223.54879132127,-0.259274572807857,0.2647800502361976,0.20964856510953822,0.49004842266102616,0.0991298877409886,528.150650148305,-1044.6609270424487,2,1809.6397926012714,ceeda6613b6353d11aa2498749e3fa122399ea97b8d115c1795e415ac6d601da
FORMULA_RECONSTRUCTED,TRANSFORMER_SHARED,ENSEMBLE,NEUTRAL,FULL,1.0,LOCKED_20260301_20260831,184,True,COMPLETE_CONDITIONAL_ACCOUNT,-1710.1432213470653,-17.101432213470655,-1667.5477171528835,27.916116253619673,20.303123729746513,20.303123729746513,40.60624745949303,25.92685951893106,53967.019955056334,-1.2334805729887148,0.2710735596716809,0.26706646885922314,0.5053810973644834,0.08157372142533537,491.4197623588675,-2201.5629837059323,2,1605.2224742375558,aac604fa0cc89f5a450b4c022fca0972e67a94bb4c3802ebe645e0ec12086a17
FORMULA_RECONSTRUCTED,PATCH_CROSS_ASSET_MULTITASK,ENSEMBLE,NEUTRAL,FULL,1.0,LOCKED_20260301_20260831,184,True,COMPLETE_CONDITIONAL_ACCOUNT,-1327.0863991416625,-13.270863991416624,-1193.4019232633939,58.89839956795798,42.83589238985135,42.83589238985135,85.6717847797027,10.885708469392084,110446.10133688175,-0.9415277146662115,0.2620231531753183,0.24198799786265857,0.4672153205236781,0.12111225194658373,282.6882276583053,-1609.7746267999678,2,1679.0510612063483,7d3645dd9eaef0a1e797b5a4bf2be2f1b2a438c6fd5928ead4ee6f0a96f5e2bb
FORMULA_RECONSTRUCTED,CROSS_ASSET_MULTITASK,ENSEMBLE,DIRECTIONAL,FULL,1.0,LOCKED_20260301_20260831,184,True,COMPLETE_CONDITIONAL_ACCOUNT,476.02073842687395,4.76020738426874,511.9449210812519,21.01212454392041,15.281708945225954,15.281708945225954,30.56341789045191,15.651359779988992,38203.862807128025,0.5861350799229751,0.18690084283390176,0.09606351902149934,0.3851118912606412,0.306923177871825,598.6735138859304,-122.65277545906184,0,0.0,6a7af4ca26dbb6f46908473de36e68f36fbeb03d6d109886f97ab76ba47a0a8a
FORMULA_RECONSTRUCTED,ORACLE_POLICY_CROSS_ASSET,ENSEMBLE,DIRECTIONAL,FULL,1.0,LOCKED_20260301_20260831,184,True,COMPLETE_CONDITIONAL_ACCOUNT,-232.19912511549634,-2.3219912511549636,-207.38321747906326,28.608748814896018,20.806296411840236,20.806296411840236,41.61259282368047,45.405434002133994,52015.90693617458,-0.15142954277899248,0.19006021563961661,0.11612372527428028,0.2894030440982837,0.14635000859873043,-59.77533572296632,-172.4237893925396,0,0.0,045524af24bbdcf4e4ec603d2cccf537ff9bf71ed00ba0f9e69fb9367c3bd11c
FORMULA_RECONSTRUCTED,TRANSFORMER_SHARED,ENSEMBLE,COMBINED,FULL,1.0,LOCKED_20260301_20260831,184,True,COMPLETE_CONDITIONAL_ACCOUNT,-801.3224757723625,-8.013224757723625,-775.6542991381006,16.504446033119198,12.003654192352794,12.003654192352794,24.00730838470559,14.843577783556837,32098.468372748448,-0.9083113046490074,0.1669032003021571,0.18684930640035746,0.4160666493920224,0.17686538271226865,455.4207650785802,-1256.7432408509487,2,1045.1923380840426,28cc74ed1d2b7a2eb6f23d1aa051fc9ef94fa5ba4d131ba803779722a81811f0
FORMULA_RECONSTRUCTED,PATCH_CROSS_ASSET_MULTITASK,ENSEMBLE,DIRECTIONAL,FULL,1.0,LOCKED_20260301_20260831,184,True,COMPLETE_CONDITIONAL_ACCOUNT,-460.8418513251156,-4.608418513251157,-404.69592327507894,39.79171864875087,28.93930224185064,28.93930224185064,57.87860448370128,41.524395082418216,72348.57936136522,-0.49985066824143637,0.1614019869620966,0.11465471151596451,0.3313238438564415,0.11746684431322074,2.8267359782492285,-463.6685873033622,0,0.0,e66da7e64a3c2f13b4d395ca0a537ae16552fd114e1f3ba7a79665ec270cfa48
FORMULA_RECONSTRUCTED,TRANSFORMER_SHARED,ENSEMBLE,DIRECTIONAL,FULL,1.0,LOCKED_20260301_20260831,184,True,COMPLETE_CONDITIONAL_ACCOUNT,-281.71271604936095,-2.8171271604936092,-244.71116695130263,12.444772662718966,9.050947978171388,9.050947978171388,18.101895956342776,-6.454880478998137,23509.76888710296,-0.24093435200733188,0.17354932313807267,0.14547862284442492,0.33850495580287,0.3032786103325936,143.2650136404409,-424.9777296898034,2,441.4547501706018,2756fdcc47d87a2574c3f727b1ed02cbfc83d65010e7931199b2b9ad53198415
FORMULA_RECONSTRUCTED,CROSS_ASSET_MULTITASK,ENSEMBLE,COMBINED,FULL,1.0,LOCKED_20260301_20260831,184,True,COMPLETE_CONDITIONAL_ACCOUNT,-145.13193812741443,-1.4513193812741443,-102.59606338769697,26.332996681919134,19.15189311471444,19.15189311471444,38.30378622942888,22.10090817162648,49927.02369692302,-0.11961494840783601,0.1490523290878626,0.1246072838680633,0.44730524989524856,0.1782022755241282,489.3954852375567,-634.5274233649753,2,1024.4239558077497,ea328ef0c74dc9fcb95f522e6101a569b5327b74517144a36bbc63e5fd276789
FORMULA_RECONSTRUCTED,PATCH_CROSS_ASSET_MULTITASK,ENSEMBLE,COMBINED,FULL,1.0,LOCKED_20260301_20260831,184,True,COMPLETE_CONDITIONAL_ACCOUNT,-820.4448467888728,-8.204448467888728,-744.7385094935985,45.997418778771916,33.45304405716744,33.45304405716744,66.90608811433488,37.1971695978348,85550.95409207673,-1.0854706453103604,0.14649064780776597,0.129628734142751,0.41485010714380044,0.084193329779576,122.68318886247192,-943.1280356513425,2,959.6417926093513,d0d3d220ab2b2370e52875c797a32bf1e140f5deb5fe2d72cc6fca5903ce17d8
FORMULA_RECONSTRUCTED,ORACLE_POLICY_PATCH_CROSS_ASSET,ENSEMBLE,NEUTRAL,FULL,1.0,LOCKED_20260301_20260831,184,False,NOT_EVALUABLE_UNEXECUTABLE_RISK_REDUCTION,N/E,N/E,-591.2639349269868,48.54131575514738,35.30330046724091,35.30330046724091,70.60660093448182,-1.6088814089467707,89983.49375180666,,,,,,-34.25657865666898,-677.7641543688939,1,863.278007587529,48fa370b5f7f2c0c494a363162821361b0ccdbcc58cea7fd9f2483bcd13b1f72
FORMULA_RECONSTRUCTED,BASE_CASH,ENSEMBLE,DIRECTIONAL,FULL,1.0,LOCKED_20260301_20260831,184,True,COMPLETE_CONDITIONAL_ACCOUNT,0.0,0.0,0.0,0.0,0.0,0.0,0.0,0.0,0.0,0.0,0.0,0.0,0.0,0.0,0.0,0.0,0,0.0,88548643f092c8e19e01e714cae4afc460661517aa2e474e9bf603bba3dd6974
FORMULA_RECONSTRUCTED,ORACLE_POLICY_CROSS_ASSET,ENSEMBLE,NEUTRAL,FULL,1.0,LOCKED_20260301_20260831,184,True,COMPLETE_CONDITIONAL_ACCOUNT,-657.8012489213079,-6.578012489213078,-578.2633801797831,41.24878977621907,29.99943024514415,29.99943024514415,59.9988604902883,21.709781524987598,76546.08764180308,-0.6255469422275738,0.18749725905611064,0.1838953695730382,0.46974901988356754,0.12033002811113162,526.5170213543955,-1184.3182702756983,1,774.144024338753,42ebcd8496164e9084486a8743c2cbdff405e7257109c8356916199cb323d0a5
FORMULA_RECONSTRUCTED,ORACLE_POLICY_CROSS_ASSET,ENSEMBLE,COMBINED,FULL,1.0,LOCKED_20260301_20260831,184,True,COMPLETE_CONDITIONAL_ACCOUNT,-654.5752198110907,-6.5457521981109075,-618.6838246463251,33.13053462591808,24.095034892231286,24.095034892231286,48.19006978446257,45.429209245619305,61170.453371626005,-0.9908991160125032,0.12734737839667232,0.11924828443707303,0.3797768225413503,0.09646089761852222,328.3451888657733,-982.9204086768598,1,466.5588440692903,1cb7361a155a86690d74a0987592f893cf554e56844b0dc06364573ea42a3dc4
FORMULA_RECONSTRUCTED,ORACLE_POLICY_PATCH_CROSS_ASSET,ENSEMBLE,DIRECTIONAL,FULL,1.0,LOCKED_20260301_20260831,184,True,COMPLETE_CONDITIONAL_ACCOUNT,-556.7852402026508,-5.567852402026508,-517.7673314552472,27.101741862419335,19.710192032577087,19.710192032577087,39.420384065154174,27.50421718015837,49275.89429530788,-0.678387616058149,0.1508587892444661,0.11201195597482883,0.23689457091749536,0.17753612604954944,-311.7993009855565,-244.98593921710582,0,0.0,f3c9c44250f947d40147cc7f7aa5f9126c43cb147ac9a18a2d88e2b4d430ec66
FORMULA_RECONSTRUCTED,ORACLE_POLICY_PATCH_CROSS_ASSET,ENSEMBLE,COMBINED,FULL,1.0,LOCKED_20260301_20260831,184,True,COMPLETE_CONDITIONAL_ACCOUNT,-801.6683331234996,-8.016683331234995,-702.4833360792621,41.22531224829569,29.982490848569086,29.982490848569086,59.96498169713817,2.005296901198847,77050.02489391051,-0.7187748985366474,0.20139389387765852,0.1727854010637523,0.3708629772643273,0.09350095119128869,420.6426069915172,-1222.3109401150143,2,1047.4558575955396,4de6fbbf8aa802ff790e43798028a2752357224ce101f20e62492d2f8532cf47
FORMULA_RECONSTRUCTED,BASE_HOLD,ENSEMBLE,DIRECTIONAL,FULL,1.0,LOCKED_20260301_20260831,184,True,COMPLETE_CONDITIONAL_ACCOUNT,1321.4219666546057,13.214219666546056,1369.1088839698132,18.492499722463524,13.449528822089071,13.449528822089071,26.899057644178143,-2.2953599485543643,33622.7267681155,0.8261162775161386,0.3858042601773641,0.22134609876814748,0.5737900010091407,0.5737900010091407,1321.421966654617,0.0,0,0.0,1701508891fbf07b564a5bcdbbecd81f14b3769b853a464e6110e44abfc17ea3
FORMULA_RECONSTRUCTED,BASE_STATIC_DIRECTION3,ENSEMBLE,DIRECTIONAL,FULL,1.0,LOCKED_20260301_20260831,184,True,COMPLETE_CONDITIONAL_ACCOUNT,-1385.4093153973217,-13.854093153973217,-1333.8915818265796,15.62586459983022,11.363904297430897,11.363904297430897,22.727808594861795,-13.164060376050854,28616.847984390854,-3.3992809480119988,0.08590681921151047,0.15265244206571127,0.16863401889138727,-0.07925724427806786,-857.192650289757,-528.2166651075654,1,103.09253780431708,3ff588a679c1a9f9dc80d42996ab9f78558a053f34cb1712b3e482f4cba485cf
FORMULA_RECONSTRUCTED,OLD_FROZEN_TRANSFORMER_SHARED,FROZEN_LEGACY,DIRECTIONAL,FULL,1.0,LOCKED_20260301_20260831,184,True,COMPLETE_CONDITIONAL_ACCOUNT,-1052.3986490817251,-10.523986490817252,-940.6661040725481,33.07232324534696,24.052473764079174,24.052473764079174,48.10494752815835,-30.55527423567829,60681.66350903854,-0.763831178050993,0.24844690614906975,0.23865783633211846,0.5164032088597574,0.4254092538274383,-436.5125907337527,-615.886058347979,1,275.08334965840106,b8d354bddb3dc83b4f3e65af6acf1dffbbc6da2f1f63a2709a0dbdee1da58751
FORMULA_RECONSTRUCTED,BASE_SMA200_SIGNED,ENSEMBLE,DIRECTIONAL,FULL,1.0,LOCKED_20260301_20260831,184,True,COMPLETE_CONDITIONAL_ACCOUNT,-2992.5699952906057,-29.925699952906054,-2868.1191237539274,35.52701287832418,25.83731253079143,25.83731253079143,51.67462506158286,-37.24923359677547,65853.25961624636,-2.5108438899328807,0.266452540641011,0.3331044906358088,0.5379318345233571,-0.4236678768170683,-931.3226722733302,-2061.2473230172795,2,629.3453732830149,f0f8dd3bc3a9258b3db61fe692b57c187626086d95adfaa767f6397a2656a2c9
FORMULA_RECONSTRUCTED,TRANSFORMER_SHARED,ENSEMBLE,NEUTRAL,HALF,1.0,LOCKED_20260301_20260831,184,True,COMPLETE_CONDITIONAL_ACCOUNT,-829.1755306484696,-8.291755306484696,-808.079867734603,16.06715345385417,11.685461555697163,11.685461555697163,23.370923111394326,18.34241365138173,30830.598032535498,-1.1029393247926853,0.14589557653601024,0.13669576263406524,0.2666700164025374,0.026179538115776058,268.2668520122077,-1097.4423826606776,2,808.7958764003213,a1565ea53dc610719e04c751a2559304ccdfee9bec47c0b93cfafb18a63c2a1a
FORMULA_RECONSTRUCTED,TRANSFORMER_SHARED,ENSEMBLE,DIRECTIONAL,HALF,1.0,LOCKED_20260301_20260831,184,True,COMPLETE_CONDITIONAL_ACCOUNT,-51.36756952258075,-0.5136756952258075,-32.88013423928541,6.500062668055487,4.72736279777057,4.72736279777057,9.45472559554114,-2.532647019699941,11990.218801264768,-0.07935443005186157,0.08434819572309318,0.06824716900876093,0.1694248720357469,0.14781636301868345,92.02630857779747,-143.39387810037942,2,85.96152058194127,f218264b0e00e0e2e5d8f38af3b3f8fe7cae49aab9dfeea0a5a4b4876b3e4bfd
FORMULA_RECONSTRUCTED,TRANSFORMER_SHARED,ENSEMBLE,COMBINED,HALF,1.0,LOCKED_20260301_20260831,184,True,COMPLETE_CONDITIONAL_ACCOUNT,-534.2202463850701,-5.342202463850701,-523.4638533850529,8.781221477969044,6.386713302135902,6.386713302135902,12.773426604271805,10.798255082220916,17646.849422013995,-1.0473807180139927,0.09922461567299624,0.10860410671748744,0.21462558001663018,0.07970145124098235,248.5403643240589,-782.7606107091317,3,840.4960946715036,4aac5266b21621cf966567b03fdfebcafedf4c6e6334ff99cc3941ce8fa06506
FORMULA_RECONSTRUCTED,CROSS_ASSET_MULTITASK,ENSEMBLE,NEUTRAL,HALF,1.0,LOCKED_20260301_20260831,184,True,COMPLETE_CONDITIONAL_ACCOUNT,-85.5857926748167,-0.855857926748167,-49.86789401022469,19.680980496261096,14.313987349248613,14.313987349248613,28.627974698497226,12.591056530164499,37542.8073320942,-0.058874523185357144,0.13440259182487843,0.10293617364219199,0.2619278950724317,0.03220323538207237,270.87043531101835,-356.45622798583685,2,879.6032149006483,1b1f2cffdc2e57ba9e9aedcd941b65dec227950badbe99d9a694a9e90dd8013d
FORMULA_RECONSTRUCTED,CROSS_ASSET_MULTITASK,ENSEMBLE,DIRECTIONAL,HALF,1.0,LOCKED_20260301_20260831,184,True,COMPLETE_CONDITIONAL_ACCOUNT,217.60322734410124,2.1760322734410127,233.5962142279513,10.338313569662592,7.51884825599771,7.51884825599771,15.03769651199542,9.383023197807619,18796.933763022895,0.5159616092375796,0.0906779312553138,0.047503964485337224,0.19434197509808776,0.14918811058948614,296.3213329446823,-78.71810560058135,0,0.0,5b53c3b87a0c9ca0729a964fef017b7f53c08b23d437b7abb026582328925eef
FORMULA_RECONSTRUCTED,PATCH_CROSS_ASSET_MULTITASK,ENSEMBLE,NEUTRAL,HALF,1.0,LOCKED_20260301_20260831,184,True,COMPLETE_CONDITIONAL_ACCOUNT,-699.880675030484,-6.99880675030484,-626.9312690589195,34.17365426510615,24.853911153526848,24.853911153526848,49.707822307053696,10.932070600595882,63837.14582667193,-0.9574307729174286,0.13990016182536846,0.13105817873878922,0.24763047122461007,0.0460719438142843,151.6365997238043,-851.5172747542878,2,851.6144905121901,2d33eb19debe99a3ddfe25671122f030b48320f95c670881fae9192f2f4dce8d
FORMULA_RECONSTRUCTED,PATCH_CROSS_ASSET_MULTITASK,ENSEMBLE,DIRECTIONAL,HALF,1.0,LOCKED_20260301_20260831,184,True,COMPLETE_CONDITIONAL_ACCOUNT,-217.8720155400981,-2.1787201554009807,-190.12669537487903,20.066165497922103,14.593514067037193,14.593514067037193,29.187028134074385,21.507873466778122,36483.93726894928,-0.49998776618518376,0.0808953380142244,0.05925715890044858,0.16887461502644205,0.05637940349342861,14.64556139495075,-232.51757693504817,0,0.0,5a892b2ba551dbb747af4d7f9547e3019d6423d31f9f9d6891ae8a44c851c18e
FORMULA_RECONSTRUCTED,CROSS_ASSET_MULTITASK,ENSEMBLE,COMBINED,HALF,1.0,LOCKED_20260301_20260831,184,True,COMPLETE_CONDITIONAL_ACCOUNT,9.764412939995811,0.09764412939995812,30.474749548317163,13.862572208816811,10.082164718135129,10.082164718135129,20.164329436270258,13.316565036766825,26093.017036913843,0.06364085724372388,0.07685037397949138,0.060556006396912276,0.22895365158030498,0.08181864083768432,252.21311102830796,-242.44869808831106,2,444.1701468052749,208f9c64e6508e79700f3fd9d91b78f9ffe1bb40bec31c5f0f05ced001a76ac6
FORMULA_RECONSTRUCTED,ORACLE_POLICY_CROSS_ASSET,ENSEMBLE,DIRECTIONAL,HALF,1.0,LOCKED_20260301_20260831,184,True,COMPLETE_CONDITIONAL_ACCOUNT,-190.87488428556372,-1.9087488428556372,-177.54615301017213,14.773008889619982,10.743949650409204,10.743949650409204,21.48789930081841,22.93217691504414,26860.01616294542,-0.35625003832791463,0.09480396248307187,0.06501346269569863,0.14651391148179604,0.07212934799833139,-95.13950828602663,-95.73537599953967,0,0.0,57ad2629a6f6fb0f25d0b0deab7540252581e429a844255b09cde742069bd7bd
FORMULA_RECONSTRUCTED,PATCH_CROSS_ASSET_MULTITASK,ENSEMBLE,COMBINED,HALF,1.0,LOCKED_20260301_20260831,184,True,COMPLETE_CONDITIONAL_ACCOUNT,-390.3467316291179,-3.9034673162911795,-352.9263800945887,24.454388568389163,17.78516703175526,17.78516703175526,35.57033406351052,22.604371097368222,45306.5880369806,-0.9997888397117662,0.07610014034691995,0.06420719250593865,0.2147674875203692,0.03389333608098719,57.263762777172865,-447.610494406293,2,422.0316835910573,23dc51099b6a17f5b5c3d5af67c62703b0d480913cc62c62059d4f8a86006d1e
FORMULA_RECONSTRUCTED,ORACLE_POLICY_CROSS_ASSET,ENSEMBLE,NEUTRAL,HALF,1.0,LOCKED_20260301_20260831,184,True,COMPLETE_CONDITIONAL_ACCOUNT,-359.4145851756278,-3.594145851756278,-319.1664292732297,23.85935569493802,17.352418610123962,17.352418610123962,34.704837220247924,18.316037012789504,44199.57219830867,-0.6262494720730869,0.10679921759764113,0.09809787416160476,0.25574162674017226,0.0384220324272888,266.2600604067989,-625.6746455824251,1,409.4627401197694,16f62d77e745f0e67e1ff60f7a0ca6d6e5f791d3220ff5d7851f6515bc5df06e
FORMULA_RECONSTRUCTED,ORACLE_POLICY_PATCH_CROSS_ASSET,ENSEMBLE,NEUTRAL,HALF,1.0,LOCKED_20260301_20260831,184,True,COMPLETE_CONDITIONAL_ACCOUNT,177.13803333765424,1.7713803333765423,279.31230898269723,37.866453350556654,27.539458696320537,27.539458696320537,55.078917392641074,-9.228904901852967,69255.95942857633,0.33249382656118864,0.13034386478073598,0.08866854292666126,0.27011553322977394,0.022863607228711613,298.58010177795677,-121.44206844031031,1,203.93121378211112,65c335f6b71b121d2ef58210fd4c51773752120e0d2d21b35923919695dd01cc
FORMULA_RECONSTRUCTED,ORACLE_POLICY_CROSS_ASSET,ENSEMBLE,COMBINED,HALF,1.0,LOCKED_20260301_20260831,184,True,COMPLETE_CONDITIONAL_ACCOUNT,-292.1984603066756,-2.921984603066756,-273.49252878881026,17.264913009858834,12.556320839806197,12.556320839806197,25.112641679612395,23.671623171603716,31728.209080092147,-0.8915182397934375,0.06371235218580588,0.055708027813599514,0.19369155006114888,0.04355497794439481,168.15250202142465,-460.35096232810247,1,168.72907653804114,465a8f6e183df1707764ae8b8e9596380ee8eb0de781da74024559a2606bd5c9
FORMULA_RECONSTRUCTED,ORACLE_POLICY_PATCH_CROSS_ASSET,ENSEMBLE,DIRECTIONAL,HALF,1.0,LOCKED_20260301_20260831,184,True,COMPLETE_CONDITIONAL_ACCOUNT,-320.25584222978455,-3.2025584222978454,-300.3160179916506,13.980974089723494,10.167885055036784,10.167885055036784,20.335770110073568,14.376919961665374,25419.952890406355,-0.8175227376751583,0.0755104146550903,0.06342723920182414,0.11939657324031576,0.08682744868224095,-188.518337446131,-131.7375047836513,0,0.0,ec335169c5f9f513e095441fc29683a25047b78956aeb5eb2c00f9dd3003fdf8
FORMULA_RECONSTRUCTED,BASE_CASH,ENSEMBLE,DIRECTIONAL,HALF,1.0,LOCKED_20260301_20260831,184,True,COMPLETE_CONDITIONAL_ACCOUNT,0.0,0.0,0.0,0.0,0.0,0.0,0.0,0.0,0.0,0.0,0.0,0.0,0.0,0.0,0.0,0.0,0,0.0,88548643f092c8e19e01e714cae4afc460661517aa2e474e9bf603bba3dd6974
FORMULA_RECONSTRUCTED,ORACLE_POLICY_PATCH_CROSS_ASSET,ENSEMBLE,COMBINED,HALF,1.0,LOCKED_20260301_20260831,184,True,COMPLETE_CONDITIONAL_ACCOUNT,-443.3780768577345,-4.433780768577345,-391.2129371913835,22.108757096210063,16.079301330035932,16.079301330035932,32.158602660071864,2.102220089929997,41230.390815179606,-0.8806779829331998,0.09676165474527443,0.09067564694304009,0.18492092790428066,0.04579030857259819,204.2024398901172,-647.5805167478528,2,516.32532012611,324b7604d796fab9d5b9f4b8a6cde26cc59750ea0a205d3b79ebc7afc57f05d7
FORMULA_RECONSTRUCTED,OLD_FROZEN_TRANSFORMER_SHARED,FROZEN_LEGACY,DIRECTIONAL,HALF,1.0,LOCKED_20260301_20260831,184,True,COMPLETE_CONDITIONAL_ACCOUNT,-548.6129648173201,-5.4861296481732005,-485.36017356927925,18.840017068842442,13.701762594446311,13.701762594446311,27.403525188892623,-17.009248990305835,34527.4333015444,-0.8296595054959996,0.125446935712123,0.1276229055460254,0.2600214722253411,0.21407522126408962,-221.46739193310694,-327.14557288421327,1,136.42840636998056,59d7951e7a81494a32943f461f9780bd83da7ff52d8b84ee47838be8f4c0022e
FORMULA_RECONSTRUCTED,BASE_HOLD,ENSEMBLE,DIRECTIONAL,HALF,1.0,LOCKED_20260301_20260831,184,True,COMPLETE_CONDITIONAL_ACCOUNT,701.5405730289865,7.015405730289865,728.2369446262313,10.197796423915593,7.416812253215439,7.416812253215439,14.833624506430878,-1.6649506668974263,18541.448043482895,0.7957933980494999,0.19178870783593918,0.11462772417917222,0.28740912692953535,0.28740912692953535,701.5405730289873,0.0,0,0.0,e4b8b55ea064891a874d573824ce4f7f76689108aa9b2cf3e157c03d109913cd
FORMULA_RECONSTRUCTED,BASE_STATIC_DIRECTION3,ENSEMBLE,DIRECTIONAL,HALF,1.0,LOCKED_20260301_20260831,184,True,COMPLETE_CONDITIONAL_ACCOUNT,-735.6441147719692,-7.356441147719692,-708.5563906423899,8.27133884334253,6.015326021693504,6.015326021693504,12.030652043387008,-6.785733242849505,15143.800846805912,-3.474967943917037,0.04334096308181352,0.08048150794457554,0.08347380534106245,-0.03794366942517166,-458.9908576862734,-276.65325708569566,1,52.50147490974725,b0a84def686f7d4442ee2ca875c52f107ff97722cae785baf96b994e50b7da9b
FORMULA_RECONSTRUCTED,BASE_SMA200_SIGNED,ENSEMBLE,DIRECTIONAL,HALF,1.0,LOCKED_20260301_20260831,184,True,COMPLETE_CONDITIONAL_ACCOUNT,-1666.071857561655,-16.66071857561655,-1600.982580405447,19.815029491994306,14.410590187155515,14.410590187155515,28.82118037431103,-16.45306728990514,36564.70743977612,-2.579637335460247,0.13646713618106268,0.18866635898204343,0.27480019784392756,-0.21656517594522146,-562.1853474043653,-1103.886510157292,2,268.69054534778024,cb51249b4896229d1fd8255ad014cce70bf3ae63d47cce2e1182d2c74105cd40
FORMULA_RECONSTRUCTED,CROSS_ASSET_MULTITASK,ENSEMBLE,NEUTRAL,FULL,0.01,LOCKED_20260301_20260831,184,True,COMPLETE_CONDITIONAL_ACCOUNT,-418.8852678327645,-4.188852678327645,-341.4869167459543,31.60817322348686,22.988807757573728,22.988807757573728,45.977615515147455,0.18743765182213767,61077.809089031805,-0.1916918366462632,0.25993097110535596,0.2089663407595923,0.4834635873022257,0.10609339110216937,633.3497122285377,-1052.2349800613044,2,1804.201614073301,dbf0412c33bf55dd50484bc762917f49470e9783e702afed777b6da3fb898a4f
FORMULA_RECONSTRUCTED,TRANSFORMER_SHARED,ENSEMBLE,NEUTRAL,FULL,0.01,LOCKED_20260301_20260831,184,True,COMPLETE_CONDITIONAL_ACCOUNT,-1439.9018445491492,-14.399018445491494,-1367.0254805818038,29.8318344380685,21.696467113679336,21.696467113679336,43.39293422735867,0.3484046980814855,57442.73182386136,-1.0841628414064959,0.2539879046860561,0.2437656911850885,0.5014174324755185,0.08605281358752875,456.72155831698313,-1896.6234028661327,2,1601.5164227774976,06697cd4b891101bb3faba6ff01b48e97ea97bfec09717e4fdffb18bd4bcc523
FORMULA_RECONSTRUCTED,PATCH_CROSS_ASSET_MULTITASK,ENSEMBLE,NEUTRAL,FULL,0.01,LOCKED_20260301_20260831,184,True,COMPLETE_CONDITIONAL_ACCOUNT,-244.96200286470346,-2.4496200286470344,-87.3975838221661,64.23173793301581,46.71506585103937,46.71506585103937,93.43013170207874,0.09745059255863939,120230.58510595887,-0.057349935765606555,0.2574100701854694,0.22287285335902518,0.47784058029574694,0.10933016482370371,467.07211538135545,-712.0341182460573,2,1722.803522965064,0c3e3a1fb80a168c634b3ad3d7ffbc6d253777e66b2a0634bf2a218bad3e49a7
FORMULA_RECONSTRUCTED,ORACLE_POLICY_CROSS_ASSET,ENSEMBLE,DIRECTIONAL,FULL,0.01,LOCKED_20260301_20260831,184,True,COMPLETE_CONDITIONAL_ACCOUNT,138.79695913238186,1.3879695913238186,205.7446194307993,27.426138251044637,19.94634820267432,19.94634820267432,39.89269640534864,0.3711743579740524,49865.70591099025,0.23442386699154796,0.20357313173257238,0.11077043665912334,0.2784694829198122,0.21233594072887235,189.3502677595005,-50.55330862712037,0,0.0,a949c300cebb7e05bc8b97dd744f6710fb05e9d2684acb98200416edcb453205
FORMULA_RECONSTRUCTED,TRANSFORMER_SHARED,ENSEMBLE,COMBINED,FULL,0.01,LOCKED_20260301_20260831,184,True,COMPLETE_CONDITIONAL_ACCOUNT,-368.2631212300668,-3.6826312123006684,-324.47857364528306,17.961031830651812,13.063098844465749,13.063098844465749,26.126197688931498,0.30268193479464156,34637.901194363774,-0.38012582209445606,0.16145773169352168,0.15946998199499263,0.43974487415131575,0.2256726615182975,494.0511067633528,-862.3142279934244,2,990.7398420438768,783f013666bbd42047d0686778506b52776fc64de409ea399b3fb95d4a28cc53
FORMULA_RECONSTRUCTED,TRANSFORMER_SHARED,ENSEMBLE,DIRECTIONAL,FULL,0.01,LOCKED_20260301_20260831,184,True,COMPLETE_CONDITIONAL_ACCOUNT,378.77683717838477,3.7877683717838475,411.2872571966336,13.280010217522724,9.658423724254522,9.658423724254522,19.316847448509044,0.08643764779025452,24466.920700217277,0.4345879727412313,0.2295239332522594,0.13128801357022446,0.416853334796317,0.40347022825684203,595.3589983647881,-216.582161186396,1,160.7237887243436,6b3063ae02147e1743f5f87ceec8e001022256a24edd5cf7547d1982ac3c8377
FORMULA_RECONSTRUCTED,PATCH_CROSS_ASSET_MULTITASK,ENSEMBLE,DIRECTIONAL,FULL,0.01,LOCKED_20260301_20260831,184,True,COMPLETE_CONDITIONAL_ACCOUNT,260.3877344100295,2.603877344100295,342.1966798866383,33.49511581818351,24.360193734343753,24.360193734343753,48.720387468687505,0.4065578102649331,60900.21057851547,0.3742800674583497,0.17808588743329845,0.09198102247741113,0.32895822656246054,0.23805694878738426,422.57895423999105,-162.19121982995873,0,0.0,8e9821871b41f78ba5263ca004e51a3bfb088a68855b1b023887ed1bd998bc9f
FORMULA_RECONSTRUCTED,CROSS_ASSET_MULTITASK,ENSEMBLE,DIRECTIONAL,FULL,0.01,LOCKED_20260301_20260831,184,True,COMPLETE_CONDITIONAL_ACCOUNT,-191.7321846276662,-1.9173218462766617,-128.20855758602943,25.946068438069283,18.869855151430123,18.869855151430123,37.739710302860246,0.16215169929481085,47262.86741575192,-0.25230307618557185,0.12261859914427582,0.06508888064068363,0.3312811196564923,0.18422577951613048,169.83140764506237,-361.5635922727265,1,44.09876417661263,ab8d4b3daed6a001024f9e779edf52fd51aab9329c1e92120b9ec45942bd4705
FORMULA_RECONSTRUCTED,CROSS_ASSET_MULTITASK,ENSEMBLE,COMBINED,FULL,0.01,LOCKED_20260301_20260831,184,True,COMPLETE_CONDITIONAL_ACCOUNT,-259.36171192229165,-2.5936171192229165,-192.31852800113484,27.429124794600096,19.949090508802218,19.949090508802218,39.898181017604436,0.2841218910527568,52051.30679762049,-0.27813303699026287,0.1477760226449282,0.12033636952321924,0.4246326254433969,0.12246611663721388,496.53484555171354,-755.896557474,2,1090.0854037192482,f07236bebdfced664f7e2f40d699c3f924026eddfe568cc25ba1ab87d4c3a041
FORMULA_RECONSTRUCTED,PATCH_CROSS_ASSET_MULTITASK,ENSEMBLE,COMBINED,FULL,0.01,LOCKED_20260301_20260831,184,True,COMPLETE_CONDITIONAL_ACCOUNT,-24.445764033868343,-0.24445764033868345,88.50002406391542,46.17467848945137,33.582168529379764,33.582168529379764,67.16433705875953,0.3932274504317643,85691.0027881313,0.0338007301320488,0.13794514651097575,0.11022943126920914,0.41838181952374315,0.13648331724921803,407.3203071362565,-431.7660711701201,2,868.5209491098591,3151f23153bca902707397c3689e076ecc56648c98b80d68867a9298f212f8ed
FORMULA_RECONSTRUCTED,ORACLE_POLICY_CROSS_ASSET,ENSEMBLE,NEUTRAL,FULL,0.01,LOCKED_20260301_20260831,184,True,COMPLETE_CONDITIONAL_ACCOUNT,-441.0202782178223,-4.410202782178223,-342.404960354497,40.2080790633406,29.24268773869503,29.24268773869503,58.48537547739006,0.07813667740868106,74849.31545066887,-0.40077656085731794,0.18183814384970443,0.1672564358826638,0.46841457031312156,0.12195235314252934,668.7540153881008,-1109.7742936059199,1,871.8585768429859,297102dbbcc8963d56fa5af29b8e1779bd173b908e161f86213e04e5e010d006
FORMULA_RECONSTRUCTED,BASE_CASH,ENSEMBLE,DIRECTIONAL,FULL,0.01,LOCKED_20260301_20260831,184,True,COMPLETE_CONDITIONAL_ACCOUNT,0.0,0.0,0.0,0.0,0.0,0.0,0.0,0.0,0.0,0.0,0.0,0.0,0.0,0.0,0.0,0.0,0,0.0,ada512c8f8dff9b4ddc27e800cc9ab329dde2777997e71555561dae9af83526a
FORMULA_RECONSTRUCTED,ORACLE_POLICY_PATCH_CROSS_ASSET,ENSEMBLE,DIRECTIONAL,FULL,0.01,LOCKED_20260301_20260831,184,True,COMPLETE_CONDITIONAL_ACCOUNT,-236.30098262114285,-2.3630098262114285,-172.54406345893238,26.098987727411657,18.981026769471807,18.981026769471807,37.962053538943614,0.3041221041443486,47452.704958930284,-0.18473631525059786,0.17491693275018894,0.11833370624778661,0.2488053240404903,0.20971497850731297,-89.85133380604235,-146.449648815101,0,0.0,4979f112c4733f9a46a00a6277090ff19fa678c829ddbd673857a2f38590ce88
FORMULA_RECONSTRUCTED,ORACLE_POLICY_CROSS_ASSET,ENSEMBLE,COMBINED,FULL,0.01,LOCKED_20260301_20260831,184,True,COMPLETE_CONDITIONAL_ACCOUNT,-154.03979166371496,-1.5403979166371498,-76.93020166512929,31.538254842227268,22.937148510315957,22.937148510315957,45.874297020631914,0.3029618642715668,58156.39231746996,-0.19320045863036797,0.12140610316153619,0.10090149627721468,0.37844071867151924,0.12184320293370013,537.9458082054417,-691.9855998691586,1,407.0553930738288,4f11cb78db2e8f6c857d7302a08d0f5d1bd344a61323312816000ce43c8d44fb
FORMULA_RECONSTRUCTED,ORACLE_POLICY_PATCH_CROSS_ASSET,ENSEMBLE,NEUTRAL,FULL,0.01,LOCKED_20260301_20260831,184,True,COMPLETE_CONDITIONAL_ACCOUNT,-534.2900652782378,-5.342900652782378,-389.6585148417512,58.90169215975136,42.83842436114847,42.83842436114847,85.67684872229694,-0.05300955444226278,110077.5915957086,-0.2575000076414936,0.2735187308638077,0.2063943214860673,0.49925785979616816,0.08727590090806105,659.9777378478137,-1194.2678031260555,2,1491.8029253530576,b1db01a9d6f4b6290fc2adb0b4f8d186f170263d9929a58bae34db8e6704e846
FORMULA_RECONSTRUCTED,BASE_HOLD,ENSEMBLE,DIRECTIONAL,FULL,0.01,LOCKED_20260301_20260831,184,True,COMPLETE_CONDITIONAL_ACCOUNT,1318.9689980818775,13.189689980818777,1364.2326570291327,18.40554076294133,13.386284382043947,13.386284382043947,26.772568764087893,-0.08554942023728224,33464.61956898424,0.824663962537229,0.38610101425172916,0.22290652197984673,0.5738535835993792,0.5738535835993792,1318.968998081866,0.0,0,0.0,de68889029f3ebf6e4cdd45ceb562aa3a1772da64b9d4f69e1de141f9590503d
FORMULA_RECONSTRUCTED,ORACLE_POLICY_PATCH_CROSS_ASSET,ENSEMBLE,COMBINED,FULL,0.01,LOCKED_20260301_20260831,184,True,COMPLETE_CONDITIONAL_ACCOUNT,-536.2076564848957,-5.362076564848956,-444.32483994449444,37.510264706401486,27.28070294270289,27.28070294270289,54.56140588540578,0.18885405141134742,70239.8966129269,-0.4907462263049147,0.18632370775307378,0.1547745501361144,0.365258220564463,0.11689893870221685,490.2178121896975,-1026.425468674588,2,1019.7076642802793,2446d796ee0ae3a49f7dcf0c99129decbf3c9280204b03a65b8287aa0ce89eed
FORMULA_RECONSTRUCTED,BASE_STATIC_DIRECTION3,ENSEMBLE,DIRECTIONAL,FULL,0.01,LOCKED_20260301_20260831,184,True,COMPLETE_CONDITIONAL_ACCOUNT,-1373.7565842080396,-13.737565842080397,-1335.2354254340542,15.64647473374609,11.378893096862292,11.378893096862292,22.757786193724584,-0.11689784651422028,28654.44957670396,-3.366458940195979,0.08594750818336205,0.15215430975628608,0.16863213850859496,-0.07924717712484051,-849.504390417037,-524.252193791002,1,103.15684858280743,8911811e14a9d9caab4e332eb4686198d144ba9f283022040a144c3667eaa75e
FORMULA_RECONSTRUCTED,OLD_FROZEN_TRANSFORMER_SHARED,FROZEN_LEGACY,DIRECTIONAL,FULL,0.01,LOCKED_20260301_20260831,184,True,COMPLETE_CONDITIONAL_ACCOUNT,-1202.0603205443192,-12.020603205443193,-1121.5828587703234,32.63526161567155,23.734610662622835,23.734610662622835,47.46922132524567,-0.3729788330834472,60067.6163300863,-0.9173001182177085,0.2444124445402473,0.23534324606153167,0.5180733310034025,0.4240811211927733,-536.9402743971679,-665.1200461471561,1,365.38851443264593,867a7dc8d441544be357c3f79db4484f3681af3b31d22a28be1e19f2d446c86e
FORMULA_RECONSTRUCTED,BASE_SMA200_SIGNED,ENSEMBLE,DIRECTIONAL,FULL,0.01,LOCKED_20260301_20260831,184,True,COMPLETE_CONDITIONAL_ACCOUNT,-2961.914144515991,-29.61914144515991,-2874.042634306207,35.66341492095139,25.93651250905365,25.93651250905365,51.8730250181073,-0.33507027071743306,66102.47657553799,-2.4772476456262558,0.2665657166250742,0.33243591556586016,0.5379126014195497,-0.42345985510963385,-923.0761048459112,-2038.8380396700718,2,629.9519959950077,b8aa24b5f9bed6d4d8df73d0965b2667e5d020fffa57ed28bb4aa41df1a20db3
FORMULA_RECONSTRUCTED,TRANSFORMER_SHARED,ENSEMBLE,NEUTRAL,HALF,0.01,LOCKED_20260301_20260831,184,True,COMPLETE_CONDITIONAL_ACCOUNT,-739.1412791026235,-7.3914127910262355,-697.7776543572805,16.94985931958149,12.327465589102,12.327465589102,24.654931178204,0.24116575244377256,32438.1251303266,-1.0395441841323017,0.13733217057209632,0.12823277939240008,0.264829317059382,0.02826226506500953,248.10004915775596,-987.2413282603782,2,810.0995473619478,c344c4a9d28fd20b631b4fa5e0c6bd16f8a6ff5ce85396fc7b79638e94e90aab
FORMULA_RECONSTRUCTED,TRANSFORMER_SHARED,ENSEMBLE,DIRECTIONAL,HALF,0.01,LOCKED_20260301_20260831,184,True,COMPLETE_CONDITIONAL_ACCOUNT,233.97698363348354,2.3397698363348356,250.76369076985122,6.856031738892193,4.986293783339933,4.986293783339933,9.972587566679866,0.041912169201298574,12492.505834977594,0.45868734684251206,0.11408274817336055,0.06618253565736498,0.20841390708846358,0.20022431861818346,311.72035085523333,-77.74336722175293,1,13.496791223166523,4a529c656ff7c99dad8a51ce620c8805e50782a3123f9467f1a970e3e5fdcde4
FORMULA_RECONSTRUCTED,CROSS_ASSET_MULTITASK,ENSEMBLE,NEUTRAL,HALF,0.01,LOCKED_20260301_20260831,184,True,COMPLETE_CONDITIONAL_ACCOUNT,-47.294875703184736,-0.47294875703184736,-4.419228215373266,17.546479218616046,12.761637970230943,12.761637970230943,25.523275940461886,0.19410767126773998,33663.90519729318,-0.002659825541612873,0.13384996494592094,0.10143466825164948,0.26012188247007406,0.03403136749350169,330.11556437476594,-377.4104400779493,2,880.6078544501851,5c0c8d37975f7ec38107f240e3515427a7bd3e615044cd1c229f1bbf2f5a824f
FORMULA_RECONSTRUCTED,CROSS_ASSET_MULTITASK,ENSEMBLE,DIRECTIONAL,HALF,0.01,LOCKED_20260301_20260831,184,True,COMPLETE_CONDITIONAL_ACCOUNT,-105.79155958003973,-1.0579155958003974,-74.37783077344983,12.837303280098398,9.336196766438443,9.336196766438443,18.672393532876885,0.09596800638573293,23340.551418360723,-0.3113669616789271,0.061683819845678806,0.03560375315060804,0.16869197920446358,0.08836357695480389,85.16797049369099,-190.9595300737304,0,0.0,160dd29222bd86fdca05be5f0d9b35567c571447207986aae1dcf210c4e64b62
FORMULA_RECONSTRUCTED,TRANSFORMER_SHARED,ENSEMBLE,COMBINED,HALF,0.01,LOCKED_20260301_20260831,184,True,COMPLETE_CONDITIONAL_ACCOUNT,-207.24031417138485,-2.0724031417138487,-184.67683923637026,9.265925805872323,6.739186787966833,6.739186787966833,13.478373575933666,0.1808244467920183,18068.240990988957,-0.41006277580408784,0.09113054435633672,0.08352594181126904,0.2262816712203133,0.1050044034635664,270.93981745564906,-478.1801316270333,2,610.5515810650943,afebabd7fb2eca66492adfe723ced776182b29d314811ffe3a8e81ef365b0cca
FORMULA_RECONSTRUCTED,PATCH_CROSS_ASSET_MULTITASK,ENSEMBLE,NEUTRAL,HALF,0.01,LOCKED_20260301_20260831,184,True,COMPLETE_CONDITIONAL_ACCOUNT,66.10006545142897,0.6610006545142897,155.01946044072963,36.2679412582679,26.377275923473565,26.377275923473565,52.75455184694713,0.10309811591303716,67634.72943697342,0.1663655568071006,0.12946882803522186,0.11482630654518067,0.25331440620961015,0.040421287000853935,244.44074778310315,-178.3406823316754,2,846.509029152249,693a167ca5d069618accb76dddb2e5451d75785ed2bce5b9b9cdedab1d7659ec
FORMULA_RECONSTRUCTED,PATCH_CROSS_ASSET_MULTITASK,ENSEMBLE,DIRECTIONAL,HALF,0.01,LOCKED_20260301_20260831,184,True,COMPLETE_CONDITIONAL_ACCOUNT,135.84414001546946,1.3584414001546945,176.77997965537688,16.761218659078065,12.190033776195717,12.190033776195717,24.380067552391434,0.2054465715615028,30474.94301650557,0.3442742187074978,0.08920062670366347,0.04729843833519176,0.16584948448067824,0.11786181231006032,224.24166216037477,-88.39752214490588,0,0.0,9480fe626ce37929c914a0a527f1e59a859818caa84dc9754b95e7780c1dd673
FORMULA_RECONSTRUCTED,CROSS_ASSET_MULTITASK,ENSEMBLE,COMBINED,HALF,0.01,LOCKED_20260301_20260831,184,True,COMPLETE_CONDITIONAL_ACCOUNT,-161.438980418201,-1.61438980418201,-127.65274031487098,13.841804803975421,10.067153394811642,10.067153394811642,20.134306789623285,0.18987149026830563,26501.647589786542,-0.30811820557653136,0.0911527218694244,0.07283997451907198,0.2210809544085797,0.05060073194333723,249.0819070657105,-410.5208874839119,2,667.3648821883435,3af314e3b1bc7d1f1dadfe408748dfc719b8e0de8d19ebd7dec5eebb72977eaf
FORMULA_RECONSTRUCTED,ORACLE_POLICY_CROSS_ASSET,ENSEMBLE,DIRECTIONAL,HALF,0.01,LOCKED_20260301_20260831,184,True,COMPLETE_CONDITIONAL_ACCOUNT,41.544651838424016,0.4154465183842401,75.53760212351665,13.925692221224717,10.127800332923382,10.127800332923382,20.255600665846764,0.1883426019805665,25319.440402226755,0.13109938194946305,0.10195180799240852,0.060107866754773975,0.14162994180511906,0.10556170822908026,65.6078213289002,-24.063169490474486,0,0.0,58823b99790ffca362a4c1c9647e401697ca0c0fc25cf6e5a8c654897a3af88c
FORMULA_RECONSTRUCTED,PATCH_CROSS_ASSET_MULTITASK,ENSEMBLE,COMBINED,HALF,0.01,LOCKED_20260301_20260831,184,True,COMPLETE_CONDITIONAL_ACCOUNT,57.584514366333714,0.5758451436633372,116.72847172443264,24.185013020062136,17.58940729682454,17.58940729682454,35.17881459364908,0.21987025561234244,44815.14309112748,0.1952864701326451,0.07132254824379779,0.05559880495075298,0.21440621032126886,0.06162197311444125,236.88835271902076,-179.30383835268702,2,421.1960727799792,6f806b4f037e3ea1263b1aac1419282c05cddc68217552b20ae79b8e7cd48de1
FORMULA_RECONSTRUCTED,ORACLE_POLICY_CROSS_ASSET,ENSEMBLE,NEUTRAL,HALF,0.01,LOCKED_20260301_20260831,184,True,COMPLETE_CONDITIONAL_ACCOUNT,-274.81737514026037,-2.7481737514026037,-216.5449843999785,23.775849786379762,17.29177300016104,17.29177300016104,34.58354600032208,0.08700504642060264,44213.746508880344,-0.47380597046257567,0.10500643361459824,0.09515409730147162,0.2563189719577365,0.03820890430840921,340.7174746376908,-615.5348497779505,1,492.46435773130037,b254eab48328e2d7268d4703bb0959f2db6999b114e939dbe2281bb502378ed3
FORMULA_RECONSTRUCTED,ORACLE_POLICY_CROSS_ASSET,ENSEMBLE,COMBINED,HALF,0.01,LOCKED_20260301_20260831,184,True,COMPLETE_CONDITIONAL_ACCOUNT,-24.315886981950626,-0.24315886981950624,16.047533910454206,16.518429366187387,12.013517171665296,12.013517171665296,24.02703434333059,0.18204281711312711,30373.69870551337,-0.046793698250271624,0.06213051380685948,0.05089588169596837,0.1921017056802311,0.05679521311998479,257.54682574584166,-281.8627127277923,1,170.09538349542424,4a94f2e61e71378d634ded33d36e646be2bdccb23e36ab82aa4e5355c4a5205f
FORMULA_RECONSTRUCTED,ORACLE_POLICY_PATCH_CROSS_ASSET,ENSEMBLE,NEUTRAL,HALF,0.01,LOCKED_20260301_20260831,184,True,COMPLETE_CONDITIONAL_ACCOUNT,-14.404485393129095,-0.14404485393129096,62.432378739945875,31.300900878410832,22.764634336115993,22.764634336115993,45.529268672231986,-0.006694582430518549,57919.509556225275,0.038273328928702575,0.12292065471960789,0.08385496513709545,0.2611048517341538,0.032288530008720104,347.98822438634573,-362.39270977947314,1,504.39034319369654,3b8cfe7c2ff35886eda907cc8a60a8eeb6cef1d6f9daf959986d8c2f4d123bbf
FORMULA_RECONSTRUCTED,ORACLE_POLICY_PATCH_CROSS_ASSET,ENSEMBLE,DIRECTIONAL,HALF,0.01,LOCKED_20260301_20260831,184,True,COMPLETE_CONDITIONAL_ACCOUNT,-166.6042320953637,-1.666042320953637,-133.60934518997715,13.50572038008521,9.822299339616965,9.822299339616965,19.64459867923393,0.15543215393298793,24555.85523651856,-0.339334011711666,0.0871199798983284,0.06413264491595416,0.12528846822372527,0.10385610594096101,-83.00780315261171,-83.59642894275157,0,0.0,31dba0f032175c4642d9a0f2a2779c4eabecbc1db5a01bdcdfd7a16704148c85
FORMULA_RECONSTRUCTED,BASE_CASH,ENSEMBLE,DIRECTIONAL,HALF,0.01,LOCKED_20260301_20260831,184,True,COMPLETE_CONDITIONAL_ACCOUNT,0.0,0.0,0.0,0.0,0.0,0.0,0.0,0.0,0.0,0.0,0.0,0.0,0.0,0.0,0.0,0.0,0,0.0,ada512c8f8dff9b4ddc27e800cc9ab329dde2777997e71555561dae9af83526a
FORMULA_RECONSTRUCTED,ORACLE_POLICY_PATCH_CROSS_ASSET,ENSEMBLE,COMBINED,HALF,0.01,LOCKED_20260301_20260831,184,True,COMPLETE_CONDITIONAL_ACCOUNT,-267.32222872054683,-2.6732222872054683,-219.1474420515566,19.66880806700357,14.304833811692985,14.304833811692985,28.60966762338597,0.1036890213996964,36749.76227815095,-0.5295075593409759,0.09320645148877703,0.07517943930364102,0.18380529827354233,0.05620679214386523,248.73989554077747,-516.0621242613239,2,494.14653270859134,3b0f4cb64ee8993a8a68ec221a433db81034e04ca933e0064c6da749a886dec6
FORMULA_RECONSTRUCTED,OLD_FROZEN_TRANSFORMER_SHARED,FROZEN_LEGACY,DIRECTIONAL,HALF,0.01,LOCKED_20260301_20260831,184,True,COMPLETE_CONDITIONAL_ACCOUNT,-640.3548620058662,-6.403548620058662,-594.2779520504554,18.68928896084699,13.592122767118733,13.592122767118733,27.184245534237466,-0.20337546032617504,34301.721383740965,-1.0078884986800065,0.1227815663785007,0.12817731265236432,0.2605815753616389,0.21228343149200038,-282.75879869897904,-357.596063306887,1,160.59800019139902,1b1e60c25c1a32c4450abd5177eff1c0a3349da0c5ead17cef2e8695c50c14e5
FORMULA_RECONSTRUCTED,BASE_HOLD,ENSEMBLE,DIRECTIONAL,HALF,0.01,LOCKED_20260301_20260831,184,True,COMPLETE_CONDITIONAL_ACCOUNT,699.8230897806216,6.9982308978062155,724.8135180978148,10.161597474366486,7.3904846489559635,7.3904846489559635,14.780969297911927,-0.047861544910817844,18475.63177157543,0.7935442559740743,0.19197614377894867,0.11544079941660323,0.2874568208987318,0.2874568208987318,699.8230897806255,0.0,0,0.0,4d14d6e520da3ab44115c67b9c8b2e43db1705277c3bb68052ad2dbabd281c71
FORMULA_RECONSTRUCTED,BASE_STATIC_DIRECTION3,ENSEMBLE,DIRECTIONAL,HALF,0.01,LOCKED_20260301_20260831,184,True,COMPLETE_CONDITIONAL_ACCOUNT,-729.2598491268673,-7.292598491268672,-708.8891414754617,8.27460971829191,6.017704743731235,6.017704743731235,12.03540948746247,-0.0606884456507478,15149.78030777422,-3.442476215814482,0.043353090670453766,0.08018903812498313,0.08347238459729737,-0.03794434381689471,-454.4346117634538,-274.82523736341307,1,52.51768271264671,550dcffdc2cc62837034955e9d800ce70376255091e66346119a82ecab88a50a
FORMULA_RECONSTRUCTED,BASE_SMA200_SIGNED,ENSEMBLE,DIRECTIONAL,HALF,0.01,LOCKED_20260301_20260831,184,True,COMPLETE_CONDITIONAL_ACCOUNT,-1652.9708851959924,-16.529708851959924,-1604.0966493420124,19.854967998032883,14.439635750485971,14.439635750485971,28.879271500971942,-0.13999635497959578,36638.49047605276,-2.5535640342033705,0.1366326699899489,0.1887192038509119,0.2747793341013889,-0.21654880980242375,-557.8003698910528,-1095.1705153049438,2,269.2743307237562,37fc89e822a43cbd4840dd9021cbc6beaee478d1e5cc1fdeb7e5b75c50d39899
