policy,decision_us,execution_us,start_nav,end_nav,price_PnL,funding_PnL,fees,spread,slippage,charged_reduction_cost,turnover_USDT,opening_actual_gross,opening_actual_net,opening_maximum_asset_gross,before_reduction_actual_gross,before_reduction_maximum_asset_gross,boundary_actual_gross,boundary_actual_net,boundary_maximum_asset_gross,allocated_leg_gross,allocated_maximum_asset_gross,covariance_annual_vol,ramp_L1_after_eligibility_release,terminal_paid_flat,held_BTCUSDT,held_ETHUSDT,held_SOLUSDT,held_XRPUSDT,held_DOGEUSDT
APRIL_PREFIX_GRU512,1719792000000000,1719792060000001,10000.0,9999.824764906609,0.02112003988895733,-0.03469175444993022,0.06589407174239507,0.047884653544360924,0.047884653544360924,0.0,119.71163386090232,0.011971356919091106,0.011971356919091104,0.002488361235302465,0.011973485207558983,0.002493594466661141,0.011973485207558983,0.011973485207558983,0.002493594466661141,0.01247229434338985,0.002513466612192296,0.004911677026829624,0.10000000000000005,False,0.0003664453284852153,0.007238941550801214,0.1633073465624925,52.29762521256747,184.92879456682203
APRIL_PREFIX_GRU512,1719878400000000,1719878460000001,9999.824764906609,10002.59003514781,2.991459229997152,-0.06691841964297915,0.06491876135544528,0.047175903899022806,0.047175903899022806,0.0,117.939759747557,0.023768046419446315,0.02376804641944632,0.005098606943699973,0.02406016562037265,0.005186914409858165,0.02406016562037265,0.02406016562037265,0.005186914409858165,0.02540188759388845,0.00515007290562962,0.009676619457564522,0.10000000000000003,False,0.0007006359021443326,0.014807390841609903,0.32381333775899657,106.93029346498736,356.902862169959
APRIL_PREFIX_GRU512,1719964800000000,1719964860000001,10002.59003514781,9985.410296169131,-16.946780786919952,-0.08596668289620712,0.05991381041587241,0.0435388492230742,0.0435388492230742,0.0,108.84712305768551,0.034942572970540674,0.034942572970540674,0.0077662651873471045,0.03330502255642897,0.007501465813439655,0.03330502255642897,0.03330502255642897,0.007501465813439655,0.03843794565938093,0.007844708154891515,0.014275437284894565,0.10000000000000005,False,0.0009996928509777942,0.0227016453667564,0.4539016719622747,160.102277819941,495.950927480257
APRIL_PREFIX_GRU512,1720051200000000,1720051260000001,9985.410296169131,9950.48091785157,-34.72040566417175,-0.06553978901934472,0.058463305193285936,0.04248477958962715,0.04248477958962715,0.0,106.2119489740679,0.043942367302736256,0.043942367302736256,0.009620283449688344,0.04060666633048001,0.00896754511662829,0.04060666633048001,0.040606666330480004,0.00896754511662829,0.047746931167131496,0.009717426241672746,0.019238079715467486,0.10000000000000007,False,0.001318763060806291,0.029113393506924344,0.622925500614979,205.69828168259576,671.0254062795551
APRIL_PREFIX_GRU512,1720137600000000,1720137660000001,9950.48091785157,9949.084388631574,-1.2940537691765208,0.0020208852343583505,0.04259275733686222,0.03095178935895808,0.03095178935895808,0.0,77.3794733973952,0.048383630072064775,0.048383630072064775,0.010512414058020881,0.04825984576388399,0.010314673035355415,0.04825984576388399,0.04825984576388399,0.010314673035355415,0.05224878655689416,0.01061858140582644,0.024253147176826424,0.10000000000000005,False,0.0015385523812645682,0.03412849661207298,0.7511101727183268,241.57615929824297,837.3468091226131
APRIL_PREFIX_GRU512,1720224000000000,1720224060000001,9949.084388631574,9978.564751205337,29.684343086522265,-0.06483751415731627,0.05671475382206693,0.041214122390863264,0.041214122390863264,0.0,103.03530597715813,0.05861692568067613,0.05861692568067613,0.012561821354677049,0.06141774317562826,0.013229186385043433,0.06141774317562826,0.06141774317562825,0.013229186385043433,0.062596220028758,0.012688622691122397,0.029244370783262284,0.1,False,0.001913587800089211,0.0419039560775685,0.8694654839717681,294.20167806757286,1031.5656390040829
APRIL_PREFIX_GRU512,1720310400000000,1720310460000001,9978.564751205337,9940.843839861122,-37.564054007354116,-0.1323044274051728,0.010007777820683345,0.00727256581693434,0.00727256581693434,0.0,18.18141454233585,0.06323994583907278,0.06323994583907278,0.013537004115812021,0.05970099694214481,0.013015091360406678,0.05970099694214481,0.05970099694214481,0.013015091360406678,0.0674709835044629,0.013673795238371002,0.03418248954863995,0.10000000000000003,False,0.002016532651113032,0.04406889613176575,0.8822373795997932,301.0464446938423,1037.3742104426644
APRIL_PREFIX_GRU512,1720396800000000,1720396860000001,9940.843839861122,9961.354255023265,20.75974663534034,-0.11237341611364812,0.055824170596872114,0.04056694324313067,0.04056694324313067,0.0,101.41735810782667,0.06990404747429843,0.06990404747429843,0.014879550815560088,0.07184318257411311,0.015677529344502682,0.07184318257411311,0.07184318257411312,0.015677529344502682,0.07424082096515945,0.01502972559474206,0.039500489805372005,0.09999999999999998,False,0.0024865923766222158,0.04429506830221085,1.1200882449766465,352.174412358074,1243.973647666872
APRIL_PREFIX_GRU512,1720483200000000,1720483260000001,9961.354255023265,9971.005207474587,9.818574612765289,-0.10879728127340142,0.02397704973287821,0.017423915219008948,0.017423915219008948,0.0,43.55978804752237,0.07621651077420873,0.07621651077420874,0.01625700780443002,0.07712700365584506,0.01645131744969504,0.07712700365584506,0.07712700365584506,0.01645131744969504,0.0810821194799062,0.016421211706757536,0.044447208028231176,0.10000000000000003,False,0.0026795057571043323,0.04700086698075521,1.1614824892779638,376.1692393729835,1322.003494129468
APRIL_PREFIX_GRU512,1720569600000000,1720569660000001,9971.005207474587,9974.423450906985,3.680928228153788,-0.17043449647230105,0.03760126680034189,0.027324516241800666,0.027324516241800666,0.0,68.31129060450166,0.08397877398892256,0.08397877398892256,0.018493783389312058,0.0843182543894828,0.018631706342896077,0.0843182543894828,0.0843182543894828,0.018631706342896077,0.09168770757547404,0.01868057442047105,0.049063664473125795,0.10000000000000009,False,0.0028886467960922545,0.04912546628132879,1.3056709227762162,423.7130156794233,1402.311260864953
APRIL_PREFIX_GRU512,1720656000000000,1720656060000001,9974.423450906985,9968.568768484405,-5.458962527037975,-0.20155608362846303,0.0791148405313017,0.05752448569128756,0.05752448569128756,0.0,143.8112142282189,0.08857465736724156,0.08857465736724156,0.022753668927470806,0.08807733582131906,0.023316807822737037,0.08807733582131906,0.08807733582131906,0.023316807822737037,0.10982939514292091,0.02298378597183832,0.0522521993522485,0.09999999999999995,False,0.003065294802861586,0.0408116363475563,1.6007216180367076,517.4425695514009,1171.3476527464925
APRIL_PREFIX_GRU512,1720742400000000,1720742460000001,9968.568768484405,9992.49114018888,24.18860640005224,-0.1271039632497413,0.05670975408113309,0.04121048912225353,0.04121048912225353,0.0,103.02622280563384,0.09841381617120733,0.09841381617120733,0.026165047238227553,0.10059751809461191,0.0275489281750144,0.10059751809461191,0.10059751809461193,0.0275489281750144,0.12560176210561352,0.026429886467814967,0.05645717165338555,0.10000000000000005,False,0.0034205751051605035,0.04242777543202506,1.9137599686161813,580.6421023213061,1233.0214429479802
APRIL_PREFIX_GRU512,1720828800000000,1720828860000001,9992.49114018888,10041.405175007147,49.53967454907853,-0.2406242015135866,0.15684637140031216,0.11408457894898771,0.11408457894898771,0.0,285.21144737246925,0.09606948630480283,0.09606948630480283,0.03311138937870849,0.10053136582524967,0.03648625584421324,0.10053136582524967,0.10053136582524967,0.03648625584421324,0.15321497357317657,0.033450460702642855,0.056575636877465786,0.10000000000000006,False,0.003317659245214116,0.016955876995769732,2.37625072078445,697.8538633347001,493.92919007593434
APRIL_PREFIX_GRU512,1720915200000000,1720915260000001,10041.405175007147,10056.19057918381,15.304833469309388,-0.14655001173998605,0.15188378823629847,0.11049774633486878,0.11049774633486878,0.0,276.2443658371719,0.10278562068306422,0.08907915680474975,0.039075145881151754,0.1044771714145935,0.04047238874083971,0.1044771714145935,0.09046681411398842,0.04047238874083971,0.17600493103334175,0.039496773532103666,0.056447601056633497,0.10000000000000005,False,0.0030210298568331493,-0.010835683211641734,2.7609185991337135,747.3424795292551,-306.6283006469141
APRIL_PREFIX_GRU512,1721001600000000,1721001660000001,10056.19057918381,10097.415630453317,41.68427811458541,-0.054662903271588764,0.1648046594066197,0.11987964119987751,0.11987964119987751,0.0,299.69910299969376,0.13121233844964098,0.08372462171354582,0.04537659470299766,0.13861358975486218,0.048826405558836536,0.13861358975486218,0.0875076544941052,0.048826405558836536,0.20051517142656086,0.045907929671334315,0.05587348576271993,0.1,False,0.00276673288445679,-0.03681196772832951,3.0953459402343624,875.1387158298969,-1036.8384528630352
APRIL_PREFIX_GRU512,1721088000000000,1721088060000001,10097.415630453317,10144.847743997678,47.977303683059525,-0.19100594463627754,0.14425923713270977,0.10496247846514484,0.10496247846514484,0.0,262.4061961628621,0.15828070040167477,0.07306665735991003,0.050554398152344256,0.16158883816484185,0.05426392755901263,0.16158883816484185,0.07745171268674113,0.05426392755901263,0.2194538819518895,0.05118559884963033,0.05365390693963579,0.10000000000000005,False,0.002273085806184675,-0.06172248412316209,3.204779470629185,951.26884927856,-1719.172451800031
APRIL_PREFIX_GRU512,1721174400000000,1721174460000001,10144.847743997678,10183.618197130703,39.11177644227232,-0.13200305046652322,0.08525411122708908,0.06203307377671073,0.06203307377671073,0.0,155.08268444177682,0.17379199697820139,0.06818616391579552,0.053711455122870226,0.17506463915723355,0.05811955448666791,0.17506463915723355,0.07176582435854946,0.05811955448666791,0.23143221109931542,0.05443232290404395,0.054867982341458114,0.10000000000000003,False,0.0021184769853681666,-0.07781914030808822,3.3950383904345127,941.5643536105007,-2148.165286846002
APRIL_PREFIX_GRU512,1721260800000000,1721260860000001,10183.618197130703,10142.57311757682,-40.54879824142625,-0.2093424399769484,0.11688074209482971,0.08502906519217181,0.08502906519217181,0.0,212.5726629804295,0.19473097776051687,0.06413002074595411,0.05834849898239039,0.19090448727841425,0.05985390972022293,0.19090448727841425,0.06038984777463769,0.05985390972022293,0.24954097449104962,0.05916980359681224,0.056581503967678824,0.10000000000000002,False,0.0020221484687279463,-0.09806783348853934,3.8126477818333875,945.2467285393321,-2724.643136779553
APRIL_PREFIX_GRU512,1721347200000000,1721347260000001,10142.57311757682,10163.356471052497,21.14899072220676,-0.08125038352932465,0.11586236596804189,0.08426224851627308,0.08426224851627308,0.0,210.65562129068263,0.21029945307308678,0.06078912441825693,0.061739347758686926,0.21732715948229672,0.06548350497723096,0.21732715948229672,0.06274402005634035,0.06548350497723096,0.2625636487165397,0.06259413063317146,0.058611956314284924,0.10000000000000002,False,0.0019127314112467415,-0.11064245114563818,3.9326384573785176,1100.2957143112842,-3169.6842003369575
APRIL_PREFIX_GRU512,1721433600000000,1721433660000001,10163.356471052497,10174.535091960119,11.558513911227095,-0.04698352444053108,0.13561009329557522,0.09864969293466501,0.09864969293466501,0.0,246.6242323366625,0.23883055704561337,0.05531394352961276,0.06795306544364074,0.24636780952643794,0.0704125026749433,0.24636780952643794,0.056387384789656526,0.0704125026749433,0.28634924093267156,0.06915906679916767,0.06033167662241083,0.09999999999999998,False,0.0017016274487466059,-0.13383118627501614,4.0808152380732805,1205.8819716864946,-3693.5038323192316
APRIL_PREFIX_GRU512,1721520000000000,1721520060000001,10174.535091960119,10199.443667703492,25.34059206579895,-0.14112279361776625,0.11849706810365725,0.08619823035251337,0.08619823035251337,0.0,215.4955758812834,0.26537134937250034,0.050693101229506196,0.07394680252755101,0.2726735152752336,0.0782921877605755,0.2726735152752336,0.05305236253855683,0.0782921877605755,0.3090071553830883,0.07469160440658257,0.06200855314370375,0.1,False,0.001536170864282411,-0.1551803972884326,4.327174372413865,1266.3740558971244,-4069.816130092895
APRIL_PREFIX_GRU512,1721606400000000,1721606460000001,10199.443667703492,10202.1146763745,5.004267403294452,-0.25115855582104757,0.848243232535639,0.6169284719647525,0.6169284719647525,0.0,1542.321179911881,0.23384110734496014,0.045615542835070126,0.06530260826150054,0.23070045599076605,0.06615571470456036,0.23070045599076605,0.04608480356335319,0.06615571470456036,0.273008440506693,0.06594876512960739,0.0725324984619833,0.10000000000000002,False,-0.007035299348003668,-0.13573249974961113,3.6085093082534874,1112.824712140873,662.6184948550242
APRIL_PREFIX_GRU512,1721692800000000,1721692860000001,10202.1146763745,10169.04686276199,-32.57278861313971,-0.13252594893964612,0.14766794709372327,0.10741555166841625,0.10741555166841625,0.0,268.53887917104066,0.2554665803850094,0.03975142186309886,0.06971699711293221,0.2517610250181501,0.06883415207956681,0.2517610250181501,0.03667613798656028,0.06883415207956681,0.29106703930518796,0.07155362893890327,0.07461491524010075,0.09999999999999999,False,-0.00806293430494999,-0.1616790776285577,3.9754482892975234,1172.6884205990964,604.7378320879272
APRIL_PREFIX_GRU512,1721779200000000,1721779260000001,10169.04686276199,10242.610891602366,73.90450244130359,-0.07369351784786808,0.10868833389216191,0.07904587459393796,0.07904587459393796,0.0,197.61468648484484,0.27042312852757294,0.036734389065509146,0.07311594049171963,0.27013815719754714,0.07502110256835372,0.27013815719754714,0.043684997024233486,0.07502110256835372,0.30283108524360774,0.07385254780805481,0.07796439117476803,0.10000000000000006,False,-0.009014906674461972,-0.17083064226495895,4.296619449492524,1245.6021434051515,574.3295262588058
APRIL_PREFIX_GRU512,1721865600000000,1721865660000001,10242.610891602366,10218.110690036448,-24.26003576009984,-0.06309244347957542,0.07210695282921027,0.05248320475478161,0.05248320475478161,0.0,131.208011886954,0.28096171725551006,0.030937160196080754,0.07474193552236177,0.2737469071175222,0.07257594880748579,0.2737469071175222,0.028636583508325947,0.07257594880748579,0.30991786225605683,0.07690030056329773,0.08035641231575234,0.10000000000000005,False,-0.009676592962551031,-0.19403131042772495,4.298392063037714,1240.945579567116,517.1259493263317
APRIL_PREFIX_GRU512,1721952000000000,1721952060000001,10218.110690036448,10239.045808701949,21.186349436066504,0.05965587161639674,0.12666550566389223,0.09211056825978599,0.09211056825978599,0.0,230.27642064946497,0.29558112636041817,0.031634521186511444,0.07881646874794589,0.3053250198030486,0.08377616465482278,0.3053250198030486,0.03363805184887038,0.08377616465482278,0.32625355934077804,0.08020277727407733,0.08532983951449517,0.09999999999999998,False,-0.010201231282877981,-0.2134713637593476,4.686597757624911,1347.6085991917532,488.0891575974478
APRIL_PREFIX_GRU512,1722038400000000,1722038460000001,10239.045808701949,10236.388696578153,-2.351597102264249,-0.11851728741741034,0.07615876283311,0.055419485640363336,0.055419485640363336,0.0,138.54871410090837,0.3117041149382592,0.02408728161909135,0.0813025821737675,0.3099526868185096,0.08149592658584492,0.3099526868185096,0.02386336488153188,0.08149592658584492,0.3362223954142916,0.08451155774299372,0.08634043585413943,0.09999999999999995,False,-0.01066628760719065,-0.2287410894308908,4.548137790768266,1381.4232655896378,403.8245859220236
APRIL_PREFIX_GRU512,1722124800000000,1722124860000001,10236.388696578153,10238.492305872946,2.4935425063004777,-0.038705632882954505,0.1430796326428863,0.1040739729907231,0.1040739729907231,0.0,260.1849324768078,0.33393032325447414,0.01896166972823363,0.08600103158323395,0.3365709857211856,0.08681910371362546,0.3365709857211856,0.01920066924370589,0.08681910371362546,0.3552464534669617,0.09015754126586671,0.08847872874752158,0.09999999999999999,False,-0.011647099423528378,-0.2538194760337673,4.799394734837311,1480.5075372663882,347.132692485262
APRIL_PREFIX_GRU512,1722211200000000,1722211260000001,10238.492305872946,10235.070874840845,-3.1877034939129962,-0.09809470609221072,0.05525706553150671,0.04018788328130244,0.04018788328130244,0.0,100.4697082032561,0.3463885142063889,0.01891812336374241,0.08911490742843847,0.3453289348807245,0.08939592130405578,0.3453289348807245,0.018612747622192845,0.08939592130405578,0.3677552593864016,0.09324553614775768,0.09008691550378554,0.03952139436899488,False,-0.012041951144388342,-0.2613853224277904,4.935066757919346,1519.6372537264667,348.75566734478394
APRIL_PREFIX_GRU512,1722297600000000,1722297660000001,10235.070874840845,10268.716264048455,34.0329974511005,-0.11740798588219334,0.11010528132137619,0.0800474881428604,0.0800474881428604,0.0,200.118720357151,0.3290435434420447,0.027492286757385763,0.08612748692505576,0.3280415605518004,0.08942159928972954,0.3280415605518004,0.03071572574321738,0.08942159928972954,0.3566525120383576,0.08959349978465374,0.08880906784815172,0.09999999999999999,False,-0.011352160683830869,-0.23645465718030137,4.819455349695576,1464.0386335836567,478.36187452525
APRIL_PREFIX_GRU512,1722384000000000,1722384060000001,10268.716264048455,10254.054363413974,-14.217805417149467,-0.14556226446399165,0.12163925038025286,0.08844685124373024,0.08844685124373024,0.0,221.1171281093256,0.310127934163085,0.036212269395734936,0.08275846011423836,0.30393031143953203,0.08253083588746629,0.30393031143953203,0.0348764392165908,0.08253083588746629,0.34417247911785614,0.08566629576662381,0.08767360453654569,0.10000000000000005,False,-0.01046508334974834,-0.21768862487022725,4.7419141746287155,1354.9082258214478,626.0341363570185
APRIL_PREFIX_GRU512,1722470400000000,1722470460000001,10254.054363413974,10191.18961531974,-62.78414442794144,0.14267566767123294,0.0909885593377455,0.06614538731319189,0.06614538731319189,0.0,165.3634682829797,0.2888962476335844,0.043444236540437775,0.07909201598024654,0.2848769375659337,0.07756138761997218,0.2848769375659337,0.03755064257260583,0.07756138761997218,0.3311720411391269,0.08107205074963557,0.08606413097767132,0.09999999999999998,False,-0.009645192499898755,-0.1966216395181795,4.721654927258252,1298.4248670522009,671.7188880262923
APRIL_PREFIX_GRU512,1722556800000000,1722556860000001,10191.18961531974,10147.679238813982,-43.058914805516494,-0.1601211778583534,0.11873078062616461,0.08630487087821866,0.08630487087821866,0.0,215.76217719554663,0.26723540134684953,0.05128571117003165,0.07482683801080409,0.25044503029482723,0.07096516147348796,0.25044503029482723,0.047260909553046425,0.07096516147348796,0.31530971539077873,0.07667518981051762,0.08543824627738411,0.10000000000000003,False,-0.008331289275393516,-0.17351067104447104,4.5550552804695394,1281.6011670467976,822.504740248008
APRIL_PREFIX_GRU512,1722643200000000,1722643260000001,10147.679238813982,10102.96992872908,-44.69695519107998,0.12670862670430572,0.0566823585179929,0.041190581002828935,0.041190581002828935,0.0,102.97645250707234,0.2544968130780183,0.05740947984659146,0.07252780717293983,0.24686498191902487,0.07187542996197108,0.24686498191902487,0.05323860724017507,0.07187542996197108,0.3069963788042827,0.07424317137557489,0.08406602669497192,0.10000000000000002,False,-0.008045792714390602,-0.16903101713879992,4.79924642565417,1309.803945743627,990.2672603472341
APRIL_PREFIX_GRU512,1722729600000000,1722729660000001,10102.96992872908,10087.107582791023,-15.51599766508548,-0.053755017426316075,0.11925489880824953,0.08666917836888963,0.08666917836888963,0.0,216.67294592222405,0.23997267061870844,0.07231217515870773,0.07068998379087217,0.22932746119252534,0.06898441048212574,0.22932746119252534,0.07088559029641478,0.06898441048212574,0.3020341735579133,0.07291716612298621,0.08377836499921756,0.09999999999999998,False,-0.006857300589931772,-0.14864573321349858,5.017797977087903,1288.163955788304,1383.3626068602518
APRIL_PREFIX_GRU512,1722816000000000,1722816060000001,10087.107582791023,10052.226935893626,-31.78695387355976,-0.10269338655993551,1.2185707739735363,0.8862144316521942,0.8862144316521942,0.0,2215.536079130485,0.2342451042973991,0.07675074102301738,0.0699012003426229,0.21646906367231974,0.06535614696329121,0.21646906367231974,0.07383204449910383,0.06535614696329121,0.2999385035989651,0.0714582341878727,0.059039365548161214,0.09999999999999998,False,0.012114458006348534,-0.14750767360232275,1.1413246135189894,1345.984062549925,-3822.91430880135
APRIL_PREFIX_GRU512,1722902400000000,1722902460000001,10052.226935893626,10105.434055981603,53.43049525284051,-0.11047061513769425,0.04601520799981407,0.03344467086308604,0.03344467086308604,0.0,83.61167715771509,0.2106993511622676,0.0803411300527929,0.06495253802840997,0.21742958644947463,0.06696601130117173,0.21742958644947463,0.08520452374243989,0.06696601130117173,0.2804924292924235,0.06598924795029981,0.05864411893463264,0.09999999999999996,False,0.012021296162302108,-0.1354656722459332,1.2400157551701114,1337.6568713107524,-3476.9043290054697
APRIL_PREFIX_GRU512,1722988800000000,1722988860000001,10105.434055981603,10223.994397394257,118.88069778898033,0.04165955590119078,0.14750184617432868,0.10725704302613315,0.10725704302613315,0.0,268.1426075653329,0.19226930092715952,0.09047316176280121,0.061504750489637786,0.1986416589264789,0.0719402679236861,0.1986416589264789,0.10104842343775475,0.0719402679236861,0.2683906094969039,0.06279825076971439,0.0608376636740928,0.10000000000000002,False,0.011088946281525415,-0.1044979905783064,1.2879725125149004,1228.5232941353072,-2671.2821222985676
APRIL_PREFIX_GRU512,1723075200000000,1723075260000001,10223.994397394257,10296.99701985244,74.03781825278891,-0.15179680192503195,0.3598983794776319,0.26175030660136644,0.26175030660136644,0.0,654.3757665034161,0.13847556264548208,0.09921371636725887,0.049586862861661474,0.14991060384430194,0.054601813763233836,0.14991060384430194,0.10569204314043819,0.054601813763233836,0.22193704434374317,0.05051728782133225,0.06854272704341481,0.10000000000000002,False,0.00912700911018871,-0.04292245867975326,1.4234518906004836,846.7212345035613,-1052.8229265146779
APRIL_PREFIX_GRU512,1723161600000000,1723161660000001,10296.99701985244,10259.161003913774,-37.27655499916135,-0.03769166273705548,0.2125362929805641,0.15461649189315743,0.15461649189315743,0.0,386.54122973289356,0.11237707886798164,0.09214832894889123,0.041834523897232787,0.10851596502882906,0.0414152389227797,0.10851596502882906,0.08884999787577798,0.0414152389227797,0.18862852549938136,0.04266904959097579,0.06581629034473309,0.10000000000000003,False,0.006992528391126698,-0.019442685441660133,1.1773007741823789,698.359500530924,-486.4194836338136
APRIL_PREFIX_GRU512,1723248000000000,1723248060000001,10259.161003913774,10260.618338139457,1.6929860259550527,-0.04498676240949585,0.07770098250832835,0.056482027677427535,0.056482027677427535,0.0,141.20506919356885,0.09818728582880046,0.09731308044077501,0.03907588365409914,0.09834434505313634,0.03941398186796844,0.09834434505313634,0.09746244903539067,0.03941398186796844,0.17836128020556558,0.03981277825347231,0.07046833350213996,0.10000000000000003,False,0.0065974301936837865,-0.0008642253914104694,1.2903239399948496,692.841913883113,-21.623221009351578
APRIL_PREFIX_GRU512,1723334400000000,1723334460000001,10260.618338139457,10206.539288705926,-53.775232799746426,-0.0625166128521535,0.09832558057536156,0.07148722017844537,0.07148722017844537,0.0,178.71805044611344,0.10425450357270744,0.10425450357270744,0.03662896028024118,0.09953572440584933,0.03549579794497855,0.09953572440584933,0.09953572440584933,0.03549579794497855,0.16971170505774844,0.03727239875769966,0.07522169263085272,0.10000000000000003,False,0.006171447246604422,0.01975089104472341,1.398844236657873,643.8700410990956,490.2128285983156
APRIL_PREFIX_GRU512,1723420800000000,1723420860000001,10206.539288705926,10238.863638836992,32.67589881127882,-0.14141690179320035,0.08563355090873641,0.062249113755644125,0.062249113755644125,0.0,155.62278438911034,0.10867192201046477,0.10867192201046477,0.03364406176045003,0.11151797164628845,0.03442354730029592,0.11151797164628845,0.11151797164628845,0.03442354730029592,0.1583783546148273,0.03418823382842254,0.08079560192323632,0.09999999999999996,False,0.005849376253160357,0.039071853981803455,1.5717924884939092,621.6190595639952,992.6425885357186
APRIL_PREFIX_GRU512,1723507200000000,1723507260000001,10238.863638836992,10249.003212207179,10.361798804828515,-0.04333402368020856,0.07288958877194436,0.05300091109509027,0.05300091109509027,0.0,132.50227773772565,0.11448017607702783,0.11448017607702783,0.03165592283106268,0.11537592554161026,0.03228570321678521,0.11537592554161026,0.11537592554161026,0.03228570321678521,0.15103930629215148,0.031980086892607305,0.08459887819852062,0.08457689703183267,False,0.005465673991377703,0.05321005312550038,1.6069792817925794,571.631418441088,1343.7835784170586
APRIL_PREFIX_GRU512,1723593600000000,1723593660000001,10249.003212207179,10224.069095840783,-24.725348777959123,-0.004416438221612548,0.08323566806376263,0.06055774107505074,0.06055774107505074,0.0,151.39435268762685,0.10845370849896196,0.10845370849896196,0.03418523145139163,0.10629768687749984,0.0337745550639012,0.10629768687749984,0.10629768687749984,0.0337745550639012,0.16005725210360305,0.034535776566115076,0.07903721534162556,0.09999999999999998,False,0.005786137781717809,0.034898612023324595,1.5176520856592715,607.7321095645989,886.569130811253
APRIL_PREFIX_GRU512,1723680000000000,1723680060000001,10224.069095840783,10204.82179691628,-19.022740766800478,0.013073175395594983,0.09681432250071197,0.07040850529931723,0.07040850529931723,0.0,176.02126324829308,0.10688429056881082,0.10688429056881082,0.03793907746708506,0.10521930255917415,0.03745452217428794,0.10521930255917415,0.10521930255917415,0.03745452217428794,0.17491991431967255,0.0383301579230215,0.07484674853722242,0.09999999999999996,False,0.006601808402636188,0.018518295235291124,1.5212324156741437,682.6517668820463,481.5987453196803
APRIL_PREFIX_GRU512,1723766400000000,1723766460000001,10204.82179691628,10211.529340679674,7.057160552736135,-0.08289764266510359,0.1086498566741983,0.07903464500138449,0.07903464500138449,0.0,197.58661250346125,0.10346872840471613,0.10014851568313476,0.04088945945364925,0.10410690746435444,0.04183592637008512,0.10410690746435444,0.10077121364170376,0.04183592637008512,0.18555731795746255,0.04132544563478978,0.06947775856910571,0.10000000000000002,False,0.0072606892350028495,-0.0033004560443662756,1.436452121701895,745.2379730219517,-84.72017800382129
APRIL_PREFIX_GRU512,1723852800000000,1723852860000001,10211.529340679674,10220.105273435296,8.875897467315635,-0.0571932216173483,0.098884814116006,0.07194333798056535,0.07194333798056535,0.0,179.85834495141336,0.11969687487978148,0.09247717309142241,0.043795794683658726,0.12092279636587579,0.04422013666189774,0.12092279636587579,0.09326585074323633,0.04422013666189774,0.1972291557162174,0.044556893480252206,0.06449142424349764,0.10000000000000003,False,0.007600646685003204,-0.026831460761693845,1.3618559497332898,794.1953650155025,-693.8989796505318
APRIL_PREFIX_GRU512,1723939200000000,1723939260000001,10220.105273435296,10213.319946522992,-6.596443810725504,0.0073858318789543085,0.07992349734041687,0.058172718058386245,0.058172718058386245,0.0,145.43179514596562,0.12191464477633614,0.07903739823031689,0.04233427092863157,0.12072799845226806,0.042107113741684264,0.12072799845226806,0.07844252194688495,0.042107113741684264,0.20148350305801427,0.04565554543115736,0.05506659707048704,0.10000000000000003,False,0.007276360522410733,-0.04191920375453032,1.1395529536019147,764.403527672336,-1067.5344914829166
APRIL_PREFIX_GRU512,1724025600000000,1724025660000001,10213.319946522992,10242.691533384244,30.195155454636,-0.0012727883198408814,0.33497904055924504,0.24365838225161768,0.24365838225161768,0.0,609.1459556290441,0.1238919414011795,0.06704680208310919,0.04103000566276125,0.12729340777352946,0.043439512544481605,0.12729340777352946,0.06979712919074191,0.043439512544481605,0.20816176526899266,0.04721183213462142,0.042689824319991715,0.10000000000000005,False,0.007174083315611106,0.05246900809675955,-1.0205879746501991,744.7899687875802,-1454.3813301446196
APRIL_PREFIX_GRU512,1724112000000000,1724112060000001,10242.691533384244,10234.605600097439,-7.882873102535128,-0.02818456844996577,0.071211834546577,0.0518318906372931,0.0518318906372931,0.0,129.57972659323272,0.1211902106934105,0.05714715993938487,0.04183436687099001,0.12064410716268936,0.04164244275790089,0.12064410716268936,0.05642111548639188,0.04164244275790089,0.20452663036358937,0.04724727468611804,0.04017472676199899,0.10000000000000006,False,0.0063610238697165075,0.04058688769897343,-1.1377720823170543,717.25677861284,-1618.540303401145
APRIL_PREFIX_GRU512,1724198400000000,1724198460000001,10234.605600097439,10246.953703673298,12.52908729215614,-0.017459272667006698,0.06658947600785133,0.04846748381094062,0.04846748381094062,0.0,121.16870952735155,0.1133178922187089,0.04458270921077742,0.035016879436293835,0.11559204272609103,0.03623017395756625,0.11559204272609103,0.045750986668117596,0.03623017395756625,0.2084635265257696,0.04696541653209553,0.03230018032263178,0.1,False,0.006071367025948917,0.03546794524436681,-1.2355038657304465,603.1272707184489,-1707.6081392711396
APRIL_PREFIX_GRU512,1724284800000000,1724284860000001,10246.953703673298,10241.939819659261,-4.8443312539593295,0.012514297412336773,0.07414029173522615,0.05396338287737546,0.05396338287737546,0.0,134.90845719343864,0.10542573630355472,0.03258585210379621,0.031244311891458112,0.10475922628145741,0.031097627560790018,0.10475922628145741,0.032128235435103805,0.031097627560790018,0.20446091566505248,0.045887476490751526,0.026973720117730537,0.10000000000000002,False,0.0052357550005310265,0.025377916493158573,-1.3060455022301294,533.3222203814277,-1757.3310873810167
APRIL_PREFIX_GRU512,1724371200000000,1724371260000001,10241.939819659261,10237.836181263783,-3.8792150678030097,0.020368957280843623,0.09970870028731528,0.07254179233358535,0.07254179233358535,0.0,181.35448083396338,0.1054973518707953,0.024081646826607725,0.03592842628136184,0.11101614955504187,0.03673639907536273,0.11101614955504187,0.023711814019013042,0.03673639907536273,0.19804048350535416,0.046293333010447794,0.02931802942873477,0.1,False,0.004417137570615506,0.01107415850262173,-1.4559205571679512,616.1553663550033,-1980.7934756300576
APRIL_PREFIX_GRU512,1724457600000000,1724457660000001,10237.836181263783,10230.26093691219,-7.205323098059618,-0.019153418515300148,0.14286609440730536,0.10395087030496034,0.10395087030496034,0.0,259.87717576240084,0.0856350892287304,0.008982388573439326,0.022756130593198497,0.08655346830428746,0.022835622597027594,0.08655346830428746,0.008284417125127154,0.022835622597027594,0.18980836728598915,0.04219580169169139,0.020585446473091296,0.10000000000000002,False,0.0036366717350417763,0.006656320810592415,-1.279956197207701,381.6604767594195,-1736.7450975089937
APRIL_PREFIX_GRU512,1724544000000000,1724544060000001,10230.26093691219,10231.383785427166,1.3204484606960276,0.07614550387564434,0.1115094639051788,0.08111799284488928,0.08111799284488928,0.0,202.79498211222324,0.09142493094565485,0.0021137751899199613,0.029662592465698568,0.09020048616053666,0.02908194380699922,0.09020048616053666,0.00224254529596367,0.02908194380699922,0.18114779693345226,0.042643731951188785,0.028583906597525355,0.1,False,0.0027304206337436564,-0.0077257287314760476,-1.358474033894874,495.74896420465814,-1937.1066214994203
APRIL_PREFIX_GRU512,1724630400000000,1724630460000001,10231.383785427166,10238.338568671157,8.121918986547248,0.05937833720157582,0.4996482687028542,0.36343290552779955,0.36343290552779955,0.0,908.5822638194988,0.06412727810612945,-0.013747430965395902,0.01809393417134175,0.06242390216163931,0.017648800216313095,0.06242390216163931,-0.012943160746015805,0.017648800216313095,0.17469105250911882,0.03803772737498444,0.02225448530032415,0.10000000000000002,False,-0.00043795457182002476,-0.06742202270310263,0.8097665876207377,214.67584120132713,-1686.5949178153357
APRIL_PREFIX_GRU512,1724716800000000,1724716860000001,10238.338568671157,10260.234932159736,22.065846092031745,-0.0012393360930120297,0.06851104805349488,0.04986610965390122,0.04986610965390122,0.0,124.66527413475302,0.06075195523990616,-0.02511989230761834,0.018955972656119292,0.05660756787431034,0.017702809700792105,0.05660756787431034,-0.022915254033045278,0.017702809700792105,0.17077595282662472,0.03696968859657627,0.02622180233576026,0.09999999999999998,False,-0.0008189457903489912,-0.07241449851198534,0.580012734188713,155.42226028726557,-1842.88744408932
APRIL_PREFIX_GRU512,1724803200000000,1724803260000001,10260.234932159736,10251.881296603058,-8.20325348829925,0.02161978974833578,0.07004159959611528,0.05098012926422249,0.05098012926422249,0.0,127.45032316055622,0.057170470755270555,-0.03533762078582724,0.01959326080669172,0.05787652580070198,0.020195191669887643,0.05787652580070198,-0.036165992936425695,0.020195191669887643,0.16327836535304965,0.03518608249868193,0.03218450144079311,0.09999999999999996,False,-0.0012217859857918648,-0.08191085957162497,0.382133085353671,99.08280902084304,-2039.6518758773252
APRIL_PREFIX_GRU512,1724889600000000,1724889660000001,10251.881296603058,10249.066579524497,-2.651232158364478,-0.021279001927014814,0.05790826969136735,0.04214882428951696,0.04214882428951696,0.0,105.37206072379239,0.05353186928826901,-0.04644495173647736,0.020349710082538858,0.05366437778860546,0.020494126062407917,0.05366437778860546,-0.046715742914257785,0.020494126062407917,0.15946642441163572,0.03412774272268343,0.03891345368277529,0.10000000000000006,False,-0.001614331844188059,-0.08253643494734787,0.12633762328571474,31.938293343662103,-2096.6825963544316
APRIL_PREFIX_GRU512,1724976000000000,1724976060000001,10249.066579524497,10246.527569711023,-2.4566367764619317,0.07063603901467391,0.06230746896833631,0.045350803528885875,0.045350803528885875,0.0,113.37700882221469,0.05777878447232142,-0.05777878447232142,0.021398517145976934,0.058031991910760486,0.0217132931151094,0.058031991910760486,-0.058031991910760486,0.0217132931151094,0.15659805484225248,0.033308017697382605,0.04628881393611407,0.09999999999999999,False,-0.001995856980757947,-0.08679075260789,-0.12542044963623197,-31.283596828367333,-2189.1750126260454
APRIL_PREFIX_GRU512,1725062400000000,1725062460000001,10246.527569711023,10250.101122872009,3.5996418045917022,0.13301161947032916,0.06478788684885889,0.0471561881132971,0.0471561881132971,0.0,117.89047028324276,0.06953847867628814,-0.06953847867628814,0.02262816626943227,0.0691619746009756,0.02253980036295759,0.0691619746009756,-0.0691619746009756,0.02253980036295759,0.15434800823993167,0.0326312855125037,0.05418692451215876,0.09999999999999998,False,-0.002411636761348715,-0.09181127814827841,-0.3852721593585044,-93.80554314207991,-2281.3788190941295
APRIL_PREFIX_GRU512,1725148800000000,1725148860000001,10250.101122872009,10249.143772683177,0.0,-0.0,0.39021640201737573,0.2835668934070022,0.2835668934070022,0.0,708.9172335175055,0.0,0.0,0.0,0.0,0.0,0.0,0.0,0.0,0.0,0.0,0.0,0.1,True,0.0,0.0,0.0,0.0,0.0
PREFIX_STATIC_VOL,1719792000000000,1719792060000001,10000.0,9999.814615747024,0.013507039369696142,-0.03515230244468995,0.0667400918222457,0.04849944903876586,0.04849944903876586,0.0,121.24862259691463,0.012125060794212156,0.012125060794212156,0.0024250121588424312,0.012126437768689134,0.002430882039465281,0.012126437768689134,0.012126437768689134,0.002430882039465281,0.012247335615849963,0.0024494671231699927,0.005,0.10000000000000005,False,0.0003863322003881357,0.007054650018293695,0.16540406468486193,50.96621378600867,194.96482167054933
PREFIX_STATIC_VOL,1719878400000000,1719878460000001,9999.814615747024,10002.609587166708,3.0283078583158294,-0.06849443959651877,0.0671896788823425,0.04882616007727818,0.04882616007727818,0.0,122.06540019319544,0.02433360520968303,0.02433360520968303,0.004866721041936606,0.024629156575686886,0.005104143597553569,0.024629156575686886,0.024629156575686883,0.005104143597553569,0.024578994022458694,0.004915798804491739,0.010000000000000002,0.10000000000000005,False,0.000773439444856891,0.01413392483260947,0.3315179294115368,102.06691687478178,393.98887601923536
PREFIX_STATIC_VOL,1719964800000000,1719964860000001,10002.609587166708,9984.70762980474,-17.6572050054533,-0.08836267680291648,0.06374450941960401,0.04632258514614055,0.04632258514614055,0.0,115.80646286535136,0.03620734767788128,0.03620734767788128,0.0072414695355762565,0.03450327323749898,0.007032945434353318,0.03450327323749898,0.03450327323749897,0.007032945434353318,0.036572506646524026,0.007314501329304805,0.015000000000000003,0.10000000000000006,False,0.001165597770757402,0.02116763157667034,0.4703314877673123,149.28371828241836,578.2569065194746
PREFIX_STATIC_VOL,1720051200000000,1720051260000001,9984.70762980474,9948.610677139606,-35.88688888255716,-0.06571845688403087,0.05883522487090136,0.04275505041123564,0.04275505041123564,0.0,106.8876260280891,0.045209060097547826,0.045209060097547826,0.009041812019509566,0.041765211865008936,0.00861248937507899,0.041765211865008936,0.04176521186500892,0.00861248937507899,0.045665057097406335,0.009133011419481267,0.020000000000000004,0.10000000000000006,False,0.001498513485098556,0.027360865668093086,0.6408369368462801,193.31594071767998,762.4877053644979
PREFIX_STATIC_VOL,1720137600000000,1720137660000001,9948.610677139606,9947.484687844517,-1.0272799358410145,0.005177632410738994,0.04234438826507708,0.03077130169688037,0.03077130169688037,0.0,76.92825424220092,0.049498291283581,0.049498291283581,0.0098996582567162,0.049400106903413246,0.010360440961881611,0.049400106903413246,0.049400106903413246,0.010360440961881611,0.04999775192375467,0.009999550384750934,0.025,0.10000000000000006,False,0.0017224539664957154,0.03213314933541883,0.7682698539474487,227.4522341503125,937.434012822057
PREFIX_STATIC_VOL,1720224000000000,1720224060000001,9947.484687844517,9977.712983820295,30.433026824701177,-0.06581823281846179,0.05662084980389154,0.041145883150854975,0.041145883150854975,0.0,102.86470787713745,0.05974171686648514,0.05974171686648515,0.011948343373297029,0.06260999316320637,0.012834481739784164,0.06260999316320637,0.06260999316320637,0.012834481739784164,0.06034432585603774,0.012068865171207548,0.030000000000000006,0.10000000000000003,False,0.0021001961933726425,0.03985109707266639,0.8860070592887198,279.78884881201645,1132.16139241136
PREFIX_STATIC_VOL,1720310400000000,1720310460000001,9977.712983820295,9939.257240696481,-38.29671545968196,-0.13570686347551522,0.00950556967610311,0.0069076154902282605,0.0069076154902282605,0.0,17.269038725570653,0.06434090476940214,0.06434090476940214,0.01286818095388043,0.060736617470322246,0.012408149503992624,0.060736617470322246,0.06073661747032226,0.012408149503992624,0.06499066099606185,0.01299813219921237,0.035,0.10000000000000009,False,0.002206561113180259,0.04188801219023909,0.897519947470546,286.1482417771316,1135.131430336831
PREFIX_STATIC_VOL,1720396800000000,1720396860000001,9939.257240696481,9959.82772483626,20.82183833567932,-0.11389857843870466,0.05602697644936467,0.04071432050676889,0.04071432050676889,0.0,101.78580126692222,0.07097838455406305,0.07097838455406305,0.01419567691081261,0.07292139228059334,0.01495688391865445,0.07292139228059334,0.07292139228059334,0.01495688391865445,0.07169434641796421,0.01433886928359284,0.04000000000000001,0.10000000000000009,False,0.002524405064944643,0.04805800415781537,1.0684376452754307,335.93460296868335,1349.651169378678
PREFIX_STATIC_VOL,1720483200000000,1720483260000001,9959.82772483626,9969.559877365933,9.901274777633185,-0.10901233165986388,0.024500831083402126,0.017804542608387562,0.017804542608387562,0.0,44.5113565209689,0.07739094835267174,0.07739094835267174,0.015478189670534348,0.07830808435595507,0.015819516557442438,0.07830808435595507,0.07830808435595507,0.015819516557442438,0.07817220331312297,0.015634440662624594,0.04500000000000001,0.10000000000000003,False,0.0027203775694378805,0.051117173624967385,1.1056701922035823,358.09331525708865,1437.783736412765
PREFIX_STATIC_VOL,1720569600000000,1720569660000001,9969.559877365933,9973.133834792063,3.849266927852445,-0.17250177334035968,0.04190448002962395,0.030451624176748744,0.030451624176748744,0.0,76.12906044187187,0.08594512121626892,0.08594512121626892,0.017189024243253782,0.08629939971683792,0.01737142785238657,0.08629939971683792,0.08629939971683791,0.01737142785238657,0.08681235852136726,0.017362471704273453,0.05000000000000001,0.09999999999999998,False,0.0029558522612730277,0.05592203241854014,1.213377039312311,393.7620387455829,1596.3226759392423
PREFIX_STATIC_VOL,1720656000000000,1720656060000001,9973.133834792063,9967.222008948233,-5.583368450326748,-0.21935446725012253,0.04447040573956212,0.03231626025693054,0.03231626025693054,0.0,80.79065064232636,0.09440126132169256,0.09440126132169256,0.018880252264338513,0.0938960469216033,0.01934780391226003,0.0938960469216033,0.0938960469216033,0.01934780391226003,0.09535376626442926,0.019070753252885854,0.05500000000000003,0.10000000000000003,False,0.003266540998492678,0.06077856914290851,1.328066178418066,429.3051134886307,1744.4248913851532
PREFIX_STATIC_VOL,1720742400000000,1720742460000001,9967.222008948233,9988.868543337152,21.965978623308512,-0.15465543598353412,0.0671679942794356,0.04881040206339336,0.04881040206339336,0.0,122.0260051584834,0.1061405314750286,0.1061405314750286,0.021228106295005718,0.10810781266436209,0.02235589777741044,0.10810781266436209,0.10810781266436209,0.02235589777741044,0.10721088550099711,0.02144217710019942,0.06000000000000004,0.10000000000000003,False,0.0036886251210368226,0.06822004801536849,1.5524492080633416,471.0190341000551,1982.5876135470835
PREFIX_STATIC_VOL,1720828800000000,1720828860000001,9988.868543337152,10036.507894166738,48.05636074340963,-0.3083922990251375,0.04427259255480913,0.03217251112187278,0.03217251112187278,0.0,80.43127780468194,0.11616116671587787,0.11616116671587787,0.023232233343175573,0.12039669380048305,0.025604084620828527,0.12039669380048305,0.12039669380048305,0.025604084620828527,0.11733323595449921,0.02346664719089984,0.06500000000000003,0.10000000000000003,False,0.004010161027770694,0.07407091102450808,1.6667112064190446,489.47732841877837,2157.705266418808
PREFIX_STATIC_VOL,1720915200000000,1720915260000001,10036.507894166738,10062.004753268393,25.789586129652317,-0.2347782984469995,0.023614092089994432,0.017167318730178373,0.017167318730178373,0.0,42.91829682544593,0.12244194473715284,0.12244194473715284,0.024488388947430568,0.12469404124446709,0.02535605814913834,0.12469404124446709,0.12469404124446709,0.02535605814913834,0.12367801796220303,0.024735603592440605,0.07000000000000005,0.10000000000000003,False,0.004151910431706266,0.07740211692531276,1.7307228460036346,468.14569507673167,2190.3260842641844
PREFIX_STATIC_VOL,1721001600000000,1721001660000001,10062.004753268393,10150.014675979144,88.22861895194976,-0.1393150307253663,0.03235581994985884,0.023512695261869658,0.023512695261869658,0.0,58.781738154674144,0.1305370220204796,0.1305370220204796,0.02610740440409592,0.13809658779409403,0.0281240996937598,0.13809658779409403,0.13809658779409403,0.0281240996937598,0.13185453756288198,0.026370907512576397,0.07500000000000004,0.10000000000000003,False,0.0043239639449395234,0.08100214145875265,1.7819932623234527,503.81809507508524,2281.489966754815
PREFIX_STATIC_VOL,1721088000000000,1721088060000001,10150.014675979144,10169.133567481871,19.51245835916882,-0.2745334958871244,0.04847207506635004,0.035280642744268176,0.035280642744268176,0.0,88.20160686067042,0.1294083044988982,0.1294083044988982,0.025881660899779644,0.131082283015118,0.027859452812641097,0.131082283015118,0.131082283015118,0.027859452812641097,0.13071392613631103,0.026142785227262207,0.08000000000000004,0.10000000000000003,False,0.004060388257166919,0.07537909818949937,1.6492934189932402,489.556759579585,2099.553685984697
PREFIX_STATIC_VOL,1721174400000000,1721174460000001,10169.133567481871,10171.053255520326,2.2813074940298854,-0.2655765800784348,0.03914496502373069,0.028448955235923137,0.028448955235923137,0.0,71.12238808980784,0.1372635048362996,0.1372635048362996,0.027452700967259918,0.13746059565409527,0.029813975856560312,0.13746059565409527,0.13746059565409527,0.029813975856560312,0.13864869539845118,0.027729739079690233,0.08500000000000005,0.10000000000000006,False,0.004297291810919712,0.08111232873135793,1.73942668441103,482.40460737491594,2239.0723956357383
PREFIX_STATIC_VOL,1721260800000000,1721260860000001,10171.053255520326,10145.360835304722,-25.25909410029391,-0.2923252551075631,0.05746964460291234,0.04176560779899225,0.04176560779899225,0.0,104.41401949748064,0.1468327788769275,0.1468327788769275,0.0293665557753855,0.14471286332722644,0.030079217579239585,0.14471286332722644,0.14471286332722647,0.030079217579239585,0.14831388216224836,0.02966277643244967,0.09000000000000002,0.09999999999999995,False,0.004657879534734384,0.08809743481222763,1.9165495332736273,475.15854599590904,2447.633057551655
PREFIX_STATIC_VOL,1721347200000000,1721347260000001,10145.360835304722,10203.329710153363,58.470200673826184,-0.33502866955830923,0.06778280141555368,0.04925717710599061,0.04925717710599061,0.0,123.14294276497651,0.1568532917477347,0.1568532917477347,0.03137065834954694,0.1616900959068247,0.03315226152286282,0.1616900959068247,0.1616900959068247,0.03315226152286282,0.15843507140923546,0.031687014281847094,0.09500000000000004,0.10000000000000005,False,0.0049745448708300504,0.09288778908617604,1.9988031586924557,559.2363938604199,2661.0487604177674
PREFIX_STATIC_VOL,1721433600000000,1721433660000001,10203.329710153363,10250.827559521449,47.84410073883693,-0.3085906016070216,0.015343909527658278,0.011158429807978066,0.011158429807978066,0.0,27.896074519945163,0.1619287045048092,0.1619287045048092,0.03238574090096184,0.16584514314658988,0.03445427516260255,0.16584514314658988,0.16584514314658988,0.03445427516260255,0.16356374426417192,0.032712748852834386,0.1,0.09999999999999924,False,0.004954883380539831,0.09431367738928695,1.9525811907145847,576.9882532708247,2632.368140270862
PREFIX_STATIC_VOL,1721520000000000,1721520060000001,10250.827559521449,10294.973445975224,44.57187028255789,-0.3516309218379315,0.030277559753593017,0.02203767359603539,0.02203767359603539,0.0,55.09418399008847,0.1604716986970591,0.1604716986970591,0.03209433973941182,0.16411189976724289,0.03391816497361806,0.16411189976724289,0.16411189976724289,0.03391816497361806,0.16209144923092586,0.03241828984618517,0.10000000000000003,0.0,False,0.004899398147083454,0.09349553568071724,1.8922001069665377,553.7639387274045,2452.0470745915704
PREFIX_STATIC_VOL,1721606400000000,1721606460000001,10294.973445975224,10270.871758514339,-23.66213768979411,-0.371918453441212,0.027540433124037686,0.020045442262200806,0.020045442262200806,0.0,50.113605655502,0.15924517175112596,0.15924517175112596,0.031849034350225194,0.1573139987448088,0.03235568216596353,0.1573139987448088,0.1573139987448088,0.03235568216596353,0.16085265213468025,0.03217053042693605,0.1,0.0,False,0.004807228799190722,0.09274618598391698,1.7767573909361776,547.9325015430517,2335.347641904289
PREFIX_STATIC_VOL,1721692800000000,1721692860000001,10270.871758514339,10232.013572997446,-38.416498920346264,-0.4070085470261815,0.014131284887299124,0.010273382316286014,0.010273382316286014,0.0,25.683455790715037,0.15850594433759696,0.158505944337597,0.031701188867519395,0.15535282672525574,0.032185380976547884,0.15535282672525574,0.15535282672525574,0.032185380976547884,0.16010647390523286,0.03202129478104657,0.1,0.0,False,0.0048219986866084455,0.09469758109855093,1.8199273707308081,536.8470669667546,2360.943703250937
PREFIX_STATIC_VOL,1721779200000000,1721779260000001,10232.013572997446,10231.320933591103,-0.21283622644690559,-0.426030345325433,0.02191484263204938,0.01592899597005417,0.01592899597005417,0.0,39.822489925135415,0.1581241897174245,0.15812418971742448,0.0316248379434849,0.15811326092649186,0.032686514886219514,0.15811326092649186,0.15811326092649186,0.032686514886219514,0.15972056436275098,0.031944112872550195,0.09999999999999999,0.0,False,0.004910228687775463,0.09304783185130104,1.8699633647382619,542.1076738555923,2487.5774179305276
PREFIX_STATIC_VOL,1721865600000000,1721865660000001,10231.320933591103,10187.624475794826,-43.32342247983473,-0.315271179823905,0.023536172330153128,0.017113982144301543,0.017113982144301543,0.0,42.784955360753855,0.15910196413098987,0.15910196413098984,0.03182039282619798,0.1555309235323783,0.03213976515740705,0.1555309235323783,0.1555309235323783,0.03213976515740705,0.16070814734431074,0.03214162946886215,0.09999999999999998,0.0,False,0.004976107266928539,0.09758345842195669,1.8279878784285877,527.7400116068294,2542.2677897880135
PREFIX_STATIC_VOL,1721952000000000,1721952060000001,10187.624475794826,10254.574913779823,67.25541712739616,-0.2558990988340569,0.020002216901826197,0.014538913331382854,0.014538913331382854,0.0,36.34728332845714,0.15803272986899902,0.15803272986899902,0.031606545973799804,0.1635587805215022,0.03367446006899543,0.1635587805215022,0.16355878052150216,0.03367446006899543,0.15962825103867428,0.03192565020773486,0.10000000000000003,0.0,False,0.0048935269013277195,0.10149569269165985,1.8738343319969737,538.8120316388286,2574.305005655292
PREFIX_STATIC_VOL,1722038400000000,1722038460000001,10254.574913779823,10239.664832705848,-14.410450369727677,-0.3861076879161905,0.04622818463394591,0.03364741584827565,0.03364741584827565,0.0,84.11853962068912,0.15535747489170787,0.15535747489170784,0.03107149497834157,0.15417465351320742,0.03118286678842633,0.15417465351320742,0.15417465351320742,0.03118286678842633,0.15692500506126178,0.031385001012252355,0.09999999999999998,0.0,False,0.0046933742678505665,0.09739307522809272,1.7408154160995757,528.7445164432548,2375.2903355353014
PREFIX_STATIC_VOL,1722124800000000,1722124860000001,10239.664832705848,10247.116025531373,7.860718983326897,-0.3659135692183979,0.01777651229285394,0.012918038146104161,0.012918038146104161,0.0,32.29509536526041,0.15732924474530616,0.15732924474530616,0.03146584894906123,0.157981288392647,0.03174954239965162,0.157981288392647,0.157981288392647,0.03174954239965162,0.15891775217326765,0.03178355043465353,0.1,0.0,False,0.004754235963096376,0.09940681862878736,1.756605702770195,541.8741584389705,2458.7788050046697
PREFIX_STATIC_VOL,1722211200000000,1722211260000001,10247.116025531373,10239.064071332927,-7.593262659515249,-0.4274823980351303,0.01272086098987845,0.009244139953403422,0.009244139953403422,0.0,23.110349883508555,0.160237079259804,0.160237079259804,0.032047415851960796,0.15962100323429432,0.03255723073815342,0.15962100323429432,0.15962100323429432,0.03255723073815342,0.1618551426601579,0.03237102853203158,0.10000000000000002,0.0,False,0.004811916184919768,0.10044491260764395,1.7762568403181487,546.9563430732494,2528.820178509002
PREFIX_STATIC_VOL,1722297600000000,1722297660000001,10239.064071332927,10230.768313821161,-7.928563759269539,-0.3421261142281832,0.010213663548617687,0.007426987359742974,0.007426987359742974,0.0,18.567468399357434,0.15996675868334928,0.15996675868334928,0.03199335173666986,0.15932110548258163,0.03335401431322553,0.15932110548258163,0.15932110548258163,0.03335401431322553,0.16158218893644566,0.03231643778728913,0.10000000000000002,0.0,False,0.004903322600447325,0.09870500281448508,1.791000613932363,544.0644017450339,2546.2975226636995
PREFIX_STATIC_VOL,1722384000000000,1722384060000001,10230.768313821161,10193.153553170097,-37.16113144787285,-0.4000676661231785,0.021825359226442242,0.01586808892094507,0.01586808892094507,0.0,39.670222302362674,0.1608185381552728,0.1608185381552728,0.03216370763105456,0.15776545020239663,0.032148406073630446,0.15776545020239663,0.15776545020239663,0.032148406073630446,0.1624421173896563,0.03248842347793126,0.10000000000000002,0.0,False,0.004971824492882509,0.1003653138989759,1.8361571237608525,524.645596538875,2621.3472329258534
PREFIX_STATIC_VOL,1722470400000000,1722470460000001,10193.153553170097,10162.676068133129,-30.212728845902443,-0.2378745199824932,0.010955101400163822,0.007963284841535554,0.007963284841535554,0.0,19.908212103838885,0.15901107769772482,0.15901107769772482,0.031802215539544966,0.15651461461870358,0.0322738315236074,0.15651461461870358,0.1565146146187036,0.0322738315236074,0.16061682661539484,0.03212336532307897,0.1,0.0,False,0.005017032432151825,0.1003411145318534,1.887296949999687,518.9945748141149,2659.043650470808
PREFIX_STATIC_VOL,1722556800000000,1722556860000001,10162.676068133129,10056.956468849385,-105.30032201663057,-0.3790041390857934,0.016411956513709507,0.011930585757495279,0.011930585757495279,0.0,29.826464393738195,0.15817038375393597,0.15817038375393597,0.03163407675078719,0.14936205464183244,0.03018818632202472,0.14936205464183244,0.14936205464183247,0.03018818632202472,0.15976743126155718,0.03195348625231144,0.10000000000000002,0.0,False,0.004917561770240743,0.10037955497845212,1.920371790652111,540.3119339991405,2700.8787761865797
PREFIX_STATIC_VOL,1722643200000000,1722643260000001,10056.956468849385,10006.445347603792,-50.295895877926334,-0.1657512843597811,0.020165660388824905,0.014654211459069037,0.014654211459069037,0.0,36.635528647672594,0.1530056120713162,0.1530056120713162,0.03060112241426324,0.14875085634250693,0.030344930826759126,0.14875085634250693,0.14875085634250693,0.030344930826759126,0.15455036300722885,0.03091007260144577,0.1,0.0,False,0.0050017819689656025,0.10302378215576359,2.0068250510632133,547.7000214552359,2755.9115434377804
PREFIX_STATIC_VOL,1722729600000000,1722729660000001,10006.445347603792,9928.375969127132,-77.59813446733487,-0.20293717340342893,0.10936199665667465,0.07947241963278444,0.07947241963278444,0.0,198.68104908196108,0.16861068484083594,0.16861068484083594,0.033722136968167185,0.16211616421660255,0.03311527008432581,0.16211616421660255,0.16211616421660255,0.03311527008432581,0.17030925637864555,0.03406185127572911,0.09999999999999999,0.0,False,0.005563794535239828,0.116365893616476,2.3708390844651603,608.6393807656997,3129.8550477367953
PREFIX_STATIC_VOL,1722816000000000,1722816060000001,9928.375969127132,9800.589837560316,-127.7371346026821,-0.014067712884341756,0.01422760373335124,0.010350823757884979,0.010350823757884979,0.0,25.877059394712447,0.16102277405131638,0.16102277405131638,0.032204554810263276,0.15008809732331696,0.030499291930908654,0.15008809732331696,0.15008809732331696,0.030499291930908654,0.16264869449831953,0.03252973889966391,0.1,0.0,False,0.005495098532184188,0.11878612599190445,2.305629651590885,610.5361909369278,3078.546150526374
PREFIX_STATIC_VOL,1722902400000000,1722902460000001,9800.589837560316,9868.000723749697,67.3789587161684,0.06706510283173929,0.014322114900930275,0.010407757358426185,0.010407757358426185,0.0,26.01939339606546,0.1527435252998807,0.1527435252998807,0.030548705059976138,0.15852757587592345,0.03371384553678385,0.15852757587592345,0.15852757587592342,0.03371384553678385,0.15428583603550008,0.030857167207100016,0.1,0.0,False,0.005544635822152409,0.1238046276495467,2.3093568152197235,613.3871234426261,3177.608309831732
PREFIX_STATIC_VOL,1722988800000000,1722988860000001,9868.000723749697,9901.37132794652,33.40317235243938,0.012764100106389007,0.01846442675546564,0.013433914484345976,0.013433914484345976,0.0,33.584786210864934,0.1568687403727995,0.1568687403727995,0.0313737480745599,0.15971291776601232,0.03700350078193433,0.15971291776601232,0.1597129177660123,0.03700350078193433,0.15845254519101157,0.031690509038202315,0.1,0.0,False,0.005523772544881004,0.1258029405163563,2.149053154314679,611.968267372459,3215.900555351896
PREFIX_STATIC_VOL,1723075200000000,1723075260000001,9901.37132794652,10071.727262778564,170.622358220414,-0.1423975441442725,0.050525421389423765,0.03675021141739127,0.03675021141739127,0.0,91.87552854347818,0.15831029518592088,0.15831029518592088,0.03166205903718418,0.17257136695394693,0.03565802438482728,0.17257136695394693,0.17257136695394693,0.03565802438482728,0.15990738603121835,0.03198147720624367,0.10000000000000002,0.0,False,0.005693594655742804,0.13409724341196394,2.171611780416482,523.6243137145873,3289.2023567403567
PREFIX_STATIC_VOL,1723161600000000,1723161660000001,10071.727262778564,10021.950693322215,-49.22784257003884,-0.04828140131879398,0.2037885093897751,0.14832848780098634,0.14832848780098634,0.0,370.82121950246574,0.13576007636674298,0.13576007636674298,0.027152015273348595,0.1315155821042663,0.026914157554655815,0.1315155821042663,0.1315155821042663,0.026914157554655815,0.1371245764644841,0.02742491529289682,0.1,0.0,False,0.00443910352987463,0.1021040719159257,1.6815837480983726,443.3432301629589,2554.4521659459415
PREFIX_STATIC_VOL,1723248000000000,1723248060000001,10021.950693322215,10026.055891036998,4.162491558121497,-0.02580494073523729,0.01283362346878843,0.009327639567236255,0.009327639567236255,0.0,23.31909891809064,0.13335720133106715,0.13335720133106715,0.026671440266213427,0.13371734640179941,0.027007543412734893,0.13371734640179941,0.13371734640179941,0.027007543412734893,0.13470382052891428,0.026940764105782854,0.1,0.0,False,0.0043990569791631535,0.10303081276827228,1.7154235912585267,461.97549155460575,2577.8669053283334
PREFIX_STATIC_VOL,1723334400000000,1723334460000001,10026.055891036998,9964.369560879788,-61.62285171122221,-0.05006514606199969,0.005464191868810863,0.003974554027876013,0.003974554027876013,0.0,9.936385069690033,0.13353166397877456,0.13353166397877456,0.02670633279575491,0.12817381728564864,0.02634317664835511,0.12817381728564864,0.1281738172856486,0.02634317664835511,0.13488028821638687,0.026976057643277374,0.1,0.0,False,0.004396862722809259,0.10270488595811443,1.7416794181897632,458.7267895062899,2549.1129763406457
PREFIX_STATIC_VOL,1723420800000000,1723420860000001,9964.369560879788,10016.557053685312,52.41863029535466,-0.19169796747644757,0.01607451052224822,0.011682505916096602,0.011682505916096602,0.0,29.2062647902415,0.1306980739753566,0.13069807397535657,0.026139614795071316,0.1352498047333504,0.027838545730925607,0.1352498047333504,0.13524980473335044,0.027838545730925607,0.13201773400524924,0.026403546801049848,0.10000000000000002,0.0,False,0.004436891989881619,0.10191085024775394,1.8386801385252478,471.5129454438985,2589.1028932724607
PREFIX_STATIC_VOL,1723507200000000,1723507260000001,10016.557053685312,10022.33431020668,5.868069104101394,-0.027508239100093076,0.025778427848420646,0.018762957892438054,0.018762957892438054,0.0,46.90739473109514,0.13056764408865754,0.13056764408865754,0.026113528817731508,0.1310770544389591,0.026644350161619153,0.1310770544389591,0.1310770544389591,0.026644350161619153,0.131885675661634,0.0263771351323268,0.1,0.0,False,0.004410886291524996,0.09616785905902865,1.7928741683989626,461.3156934322072,2428.653650659809
PREFIX_STATIC_VOL,1723593600000000,1723593660000001,10022.33431020668,9991.711835864813,-30.585541396499767,-0.016367651947574488,0.00837873640363976,0.006093278507162874,0.006093278507162874,0.0,15.233196267907182,0.13118582136910725,0.13118582136910725,0.026237164273821455,0.1285265168115898,0.02593862233646322,0.1285265168115898,0.12852651681158983,0.02593862233646322,0.1325106587705307,0.026502131754106137,0.1,0.0,False,0.004343469067621636,0.09732915284986579,1.7952843370296367,456.1267860001178,2472.563160593022
PREFIX_STATIC_VOL,1723680000000000,1723680060000001,9991.711835864813,9962.930617881078,-28.6550535172324,-0.003431289564311827,0.0500261025400613,0.03635353719937599,0.03635353719937599,0.0,90.88384299843997,0.13762413046763136,0.13762413046763136,0.027524826093526272,0.135143840740347,0.027341521734750966,0.135143840740347,0.135143840740347,0.027341521734750966,0.139012565618017,0.027802513123603403,0.1,0.0,False,0.004681885313555802,0.10335090283707477,1.9143985496666083,484.01399586317484,2687.81032495559
PREFIX_STATIC_VOL,1723766400000000,1723766460000001,9962.930617881078,9966.881712594964,4.088112706858585,-0.10052209857112349,0.014875744286047434,0.01081007505707974,0.01081007505707974,0.0,27.025187642699354,0.13785691984237103,0.13785691984237103,0.027571383968474205,0.13821193516712765,0.028217563656589253,0.13821193516712765,0.13821193516712765,0.028217563656589253,0.13924890388811492,0.027849780777622984,0.1,0.0,False,0.004779874422281355,0.10703308484402312,1.930485970824222,490.60685707188674,2747.457284202334
PREFIX_STATIC_VOL,1723852800000000,1723852860000001,9966.881712594964,9986.516084877365,19.73542360397272,-0.07660301800764795,0.009959318768676858,0.007244492397997257,0.007244492397997257,0.0,18.11123099499314,0.1377885337652935,0.13778853376529354,0.027557706753058703,0.13949349908004038,0.02818459058711969,0.13949349908004038,0.13949349908004038,0.02818459058711969,0.13917999573367867,0.027835999146735735,0.1,0.0,False,0.004668087441559373,0.10605759983123351,1.9805576127699402,487.7707862527709,2742.797381055875
PREFIX_STATIC_VOL,1723939200000000,1723939260000001,9986.516084877365,9972.929835916739,-13.593710602916667,0.03425610207657195,0.010911084591206245,0.00794168759822858,0.00794168759822858,0.0,19.85421899557145,0.13750576537649883,0.13750576537649883,0.02750115307529977,0.1363296608990113,0.02762362679860692,0.1363296608990113,0.13632966089901127,0.02762362679860692,0.138894339838139,0.0277788679676278,0.10000000000000003,0.0,False,0.004618902971083343,0.1050903510259227,1.937263048950853,485.2296301424304,2676.28114071931
PREFIX_STATIC_VOL,1724025600000000,1724025660000001,9972.929835916739,10005.692031860428,32.84221536598797,-0.02711792779464272,0.02156267485760384,0.01566940982312611,0.01566940982312611,0.0,39.17352455781528,0.14025839047807453,0.14025839047807453,0.0280516780956149,0.14308074624577197,0.029689143263119753,0.14308074624577197,0.14308074624577197,0.029689143263119753,0.14167439038000196,0.02833487807600039,0.1,0.0,False,0.004789742608399897,0.1071870027554216,1.967272131441196,497.25548071737524,2803.4465723178205
PREFIX_STATIC_VOL,1724112000000000,1724112060000001,10005.692031860428,9996.820787151342,-8.79196003797883,-0.049589130148558765,0.012092446047925861,0.008801547454637064,0.008801547454637064,0.0,22.003868636592657,0.1408820292556357,0.1408820292556357,0.02817640585112714,0.14012715480003793,0.028666152518169324,0.14012715480003793,0.1401271548000379,0.028666152518169324,0.1423046577139629,0.028460931542792577,0.1,0.0,False,0.004745765155591746,0.10699431592274372,1.9559962173650334,471.91764780293664,2782.506936414078
PREFIX_STATIC_VOL,1724198400000000,1724198460000001,9996.820787151342,10026.2920007093,29.584067453227725,-0.07350195928367546,0.01603936686467223,0.011656284561147288,0.011656284561147288,0.0,29.14071140286822,0.14285030839548934,0.14285030839548934,0.028570061679097866,0.14538050341371714,0.029509007748703815,0.14538050341371714,0.14538050341371714,0.029509007748703815,0.14429267280110697,0.028858534560221392,0.1,0.0,False,0.004838561320408811,0.11100608346058088,2.006467867957646,480.660824968972,2773.1688726727175
PREFIX_STATIC_VOL,1724284800000000,1724284860000001,10026.2920007093,10018.056891741897,-8.059870505169394,-0.12538967071856352,0.02029913591519801,0.014774827800566277,0.014774827800566277,0.0,36.93706950141569,0.14169718698275038,0.14169718698275038,0.028339437396550076,0.14100842645382866,0.02842433239176723,0.14100842645382866,0.14100842645382863,0.02842433239176723,0.14312776009257094,0.02862555201851419,0.10000000000000002,0.0,False,0.004646764982819012,0.10797898540975046,1.9888013619954332,473.3267729250801,2676.0035956576153
PREFIX_STATIC_VOL,1724371200000000,1724371260000001,10018.056891741897,10098.085937839067,80.16137534599284,-0.1144987734713336,0.0072677104148036265,0.005281382468427895,0.005281382468427895,0.0,13.203456171069735,0.1423266455521551,0.1423266455521551,0.02846532911043102,0.14913670563084905,0.030311240614478076,0.14913670563084905,0.149136705630849,0.030311240614478076,0.14376403255999365,0.02875280651199873,0.1,0.0,False,0.004725756199467804,0.10873645075217082,1.9916662866329489,477.5063277295808,2709.680529457484
PREFIX_STATIC_VOL,1724457600000000,1724457660000001,10098.085937839067,10110.131870854288,12.355018508059862,-0.13379187403351067,0.07138205129874067,0.05195578375335953,0.05195578375335953,0.0,129.88945938339884,0.13627629111085107,0.13627629111085107,0.027255258222170217,0.1373336022523967,0.028466091521799505,0.1373336022523967,0.1373336022523967,0.028466091521799505,0.1376504297757177,0.02753008595514354,0.09999999999999999,0.0,False,0.004296296167390067,0.09960954111929947,1.7956271627267975,450.88656964715665,2436.447964878049
PREFIX_STATIC_VOL,1724544000000000,1724544060000001,10110.131870854288,10094.792852865161,-15.33937704615043,0.024612001516246148,0.00987985529074247,0.007186544601096925,0.007186544601096925,0.0,17.966361502742313,0.13696446891025515,0.13696446891025515,0.02739289378205103,0.13565272348087087,0.02749082410674305,0.13565272348087087,0.1356527234808709,0.02749082410674305,0.1383476165147364,0.02766952330294728,0.09999999999999999,0.0,False,0.004320961348633525,0.10014793882261548,1.7279262278975513,452.4507500449403,2463.9244137233804
PREFIX_STATIC_VOL,1724630400000000,1724630460000001,10094.792852865161,10060.512439661852,-34.0477747127891,-0.17347312451287236,0.024115831925138834,0.017524767041013613,0.017524767041013613,0.0,43.81191760253404,0.13999359515734047,0.13999359515734047,0.027998719031468097,0.13708549088603775,0.02776255372066053,0.13708549088603775,0.13708549088603775,0.02776255372066053,0.14140684308874701,0.0282813686177494,0.1,0.0,False,0.004400765623000738,0.10294837356855331,1.7762893714965289,470.90905067275025,2575.3039837246897
PREFIX_STATIC_VOL,1724716800000000,1724716860000001,10060.512439661852,9974.026126532932,-86.385322392104,-0.07094252226618857,0.012247666847272909,0.008900273851662603,0.008900273851662603,0.0,22.25068462915651,0.13929759195012964,0.13929759195012964,0.02785951839002593,0.13184401483519062,0.02706661566845305,0.13184401483519062,0.13184401483519065,0.02706661566845305,0.14070421808417918,0.028140843616835835,0.1,0.0,False,0.004462491946838908,0.10458021089049016,1.7824879910268832,477.6417760686063,2661.477487390164
PREFIX_STATIC_VOL,1724803200000000,1724803260000001,9974.026126532932,9979.460466755572,5.512394748659518,-0.038827218356204674,0.015988070310966798,0.011619618676239651,0.011619618676239651,0.0,29.049046690599127,0.1343726167781336,0.1343726167781336,0.02687452335562672,0.13485128966555213,0.02766287447886936,0.13485128966555213,0.13485128966555215,0.02766287447886936,0.13572938211905825,0.02714587642381165,0.1,0.0,False,0.004516347777630816,0.10921802107868636,1.8290422645646156,474.2500776219823,2719.624024674761
PREFIX_STATIC_VOL,1724889600000000,1724889660000001,9979.460466755572,9972.267948143784,-7.2455593671429375,0.07872967352973459,0.010464311770004744,0.007612303201955498,0.007612303201955498,0.0,19.030758004888746,0.13425834106193543,0.13425834106193543,0.026851668212387082,0.13362825844336976,0.02705460663375637,0.13362825844336976,0.13362825844336976,0.02705460663375637,0.1356141368251768,0.027122827365035365,0.09999999999999998,0.0,False,0.004542594531578551,0.10601495942872777,1.8638672834124883,471.1877467938221,2693.1102673532323
PREFIX_STATIC_VOL,1724976000000000,1724976060000001,9972.267948143784,9973.437894569382,1.2873064385230253,-0.09828189498715559,0.007774212029776812,0.0056519529535105474,0.0056519529535105474,0.0,14.129882383776366,0.1342613426930417,0.1342613426930417,0.02685226853860834,0.13437440966340172,0.027237679207986986,0.13437440966340172,0.13437440966340175,0.027237679207986986,0.13561725841954503,0.027123451683909006,0.1,0.0,False,0.004512604581264337,0.10597075649680147,1.9129697427615922,477.1516475263144,2672.963711237449
PREFIX_STATIC_VOL,1725062400000000,1725062460000001,9973.437894569382,9964.360465733604,-8.820391942443827,-0.24009564013682635,0.006902869426517712,0.005019191886134611,0.005019191886134611,0.0,12.547979715336528,0.13471203083050884,0.13471203083050884,0.026942406166101766,0.13394932907097146,0.026938348058357892,0.13394932907097146,0.13394932907097143,0.026938348058357892,0.13607252727639813,0.027214505455279626,0.1,0.0,False,0.004547443102624213,0.1064038228964403,1.9477942676217206,474.246308135818,2643.9826644667373
PREFIX_STATIC_VOL,1725148800000000,1725148860000001,9964.360465733604,9962.55918182148,0.0,-0.0,0.7335083929179181,0.5338877596025315,0.5338877596025315,0.0,1334.7193990063288,0.0,0.0,0.0,0.0,0.0,0.0,0.0,0.0,0.0,0.0,0.0,0.0,True,0.0,0.0,0.0,0.0,0.0
Static50,1719792000000000,1719792060000001,10000.0,10000.0800435188,0.31390019652433976,-0.016986438977324488,0.08837034893980164,0.06424994490387659,0.06424994490387659,0.0,160.62486225969147,0.016062834581046202,0.00606256260878577,0.004925093036579416,0.016071267944126912,0.004935297680970676,0.016071267944126912,0.006093772372799819,0.004935297680970676,0.02112366780792498,0.004974733561584996,0.0023043805479703865,0.10000000000000003,False,-0.00039828733788294774,0.014327607780186671,0.08270203234243097,103.50958860801063,-200.99805226168624
Static50,1719878400000000,1719878460000001,10000.0800435188,10002.064448078123,2.2358592263508967,-0.034588502452826096,0.08836871633171031,0.06424872412166534,0.06424872412166534,0.0,160.62181030416332,0.032134017280753414,0.012166865897159262,0.00985853420476224,0.032367514812656754,0.010030008528257164,0.032367514812656754,0.012387727967396605,0.010030008528257164,0.042289497011229346,0.00995789940224587,0.004606917642644752,0.10000000000000003,False,-0.0007933325090608229,0.028631753058050876,0.16576336449059886,206.761730656227,-404.12237264706226
Static50,1719964800000000,1719964860000001,10002.064448078123,9994.309379651677,-7.487586643633435,-0.05406988004613695,0.08696049615331111,0.06322570330547514,0.06322570330547514,0.0,158.06425826368783,0.04817170598735928,0.018103777066435737,0.014758493056805178,0.046175732733698065,0.014241749877377356,0.046175732733698065,0.01736825309014341,0.014241749877377356,0.06328625332326202,0.014907250664652403,0.0069549055837815075,0.10000000000000006,False,-0.0012098718659768453,0.043138141377498634,0.23515292742429425,304.22969718176773,-600.2214314892744
Static50,1720051200000000,1720051260000001,9994.309379651677,9978.967230659728,-15.040183039829808,-0.0625202940492761,0.09756557925509213,0.07094003940689791,0.07094003940689791,0.0,177.3500985172448,0.06392237211758749,0.022604744832202664,0.01937130475422727,0.05912742979505527,0.01802128514446748,0.05912742979505527,0.021131767724959546,0.01802128514446748,0.08283252854870315,0.019566505709740632,0.009485607270966928,0.10000000000000003,False,-0.0017135385298994543,0.05867411447817132,0.32072659742342774,414.5571186861888,-871.8987681520657
Static50,1720137600000000,1720137660000001,9978.967230659728,9971.6626643267,-6.968996638994678,-0.06514705799671731,0.1101815965190642,0.08012051975832839,0.08012051975832839,0.0,200.301299395821,0.07920192375404365,0.02474955789698402,0.023512914623058517,0.07825884314874346,0.02308390762583772,0.07825884314874346,0.024068136460956215,0.02308390762583772,0.09999887596187733,0.023749775192375464,0.012198716658636513,0.10000000000000003,False,-0.0023757465667298867,0.07655181343196896,0.3853070516902359,541.866619160387,-1292.9841266114106
Static50,1720224000000000,1720224060000001,9971.6626643267,9981.8436905202,10.447009549318722,-0.03959536300539093,0.09224723132136481,0.06707038074596139,0.06707038074596139,0.0,167.67595186490342,0.09507624678851061,0.029871119466764098,0.02824972961714227,0.09946425839894385,0.029807998130668204,0.09946425839894385,0.03088657600476274,0.029807998130668204,0.12017216292801886,0.028534432585603772,0.014909156402369918,0.10000000000000003,False,-0.0028722645072582396,0.09444900474809259,0.44408027710941045,663.1129442113847,-1548.3634310798084
Static50,1720310400000000,1720310460000001,9981.8436905202,9964.860045739582,-16.800530082940494,-0.03595918500132187,0.05995558721969349,0.04359996272761117,0.04359996272761117,0.0,108.99990681902793,0.11038570277972949,0.032170851465969263,0.03242205341482776,0.10437224462533935,0.031106745503604562,0.10437224462533935,0.030539229364618774,0.031106745503604562,0.13749533049803092,0.032749066099606185,0.017077816661759008,0.10000000000000003,False,-0.003354303874979975,0.10558141525602495,0.4489457573745862,721.2549548219638,-1725.5700431984112
Static50,1720396800000000,1720396860000001,9964.860045739582,9981.876834818859,18.71259063114129,-0.0630888222744113,0.6651921201444535,0.4837603047227766,0.4837603047227766,0.0,1209.4007618069415,0.12591837164668024,0.035494517148132246,0.03680377048388989,0.1299431147538496,0.0387854705876032,0.1299431147538496,0.03730285799105048,0.0387854705876032,0.1558471732089821,0.037169434641796416,0.028762557449611217,0.10000000000000009,False,0.0012654538745576712,-0.0767157903844888,2.776754625291872,873.0579334355195,-2154.470582303549
Static50,1720483200000000,1720483260000001,9981.876834818859,9988.764442635971,7.143473793141086,-0.10161979942897993,0.06284465884069493,0.04570075888012151,0.04570075888012151,0.0,114.25189720030379,0.1413912329933762,0.038695838592189814,0.04115218403717252,0.14289513014848787,0.041655255668013876,0.14289513014848787,0.03938370978857949,0.041655255668013876,0.1740861016565615,0.0415672203313123,0.03243388742077219,0.09999999999999992,False,0.0013631999765728491,-0.08497554032461102,2.9461483867844476,954.1688385036198,-2390.1252985540195
Static50,1720569600000000,1720569660000001,9988.764442635971,9988.60406748941,0.15815780039964916,-0.1270420904623594,0.078024139315977,0.056733358590546734,0.056733358590546734,0.0,141.83339647636683,0.15709743514961977,0.042972941286215684,0.045720299980337296,0.1580531847553292,0.04607734628697914,0.1580531847553292,0.04298864124446449,0.04607734628697914,0.19340617926068365,0.04618123585213672,0.03575747964388448,0.09999999999999998,False,0.001480773089698823,-0.0929999112815988,3.233594503510874,1049.3578854109392,-2654.729465625339
Static50,1720656000000000,1720656060000001,9988.60406748941,9983.75207375198,-4.578180454935833,-0.07507417773165789,0.08097875193405352,0.05888017641441223,0.05888017641441223,0.0,147.20044103603058,0.17279346085987177,0.04720105344064026,0.05027852323106398,0.17177510472013371,0.05151764515919874,0.17177510472013371,0.046764489922020314,0.05151764515919874,0.2126768831322146,0.050785376626442925,0.039272830407754616,0.10000000000000003,False,0.001635804013295143,-0.10123142131675292,3.5421234965754747,1145.0120140092813,-2905.4749663491466
Static50,1720742400000000,1720742460000001,9983.75207375198,10020.844327671757,37.28710422658902,0.03482708403625274,0.09358868307386407,0.0680443538873967,0.0680443538873967,0.0,170.11088471849172,0.18881822144999397,0.053070609218601364,0.05516514674528869,0.1930486419535954,0.058006206799356426,0.1930486419535954,0.05659390580322382,0.058006206799356426,0.23360544275049858,0.05572108855009972,0.042750340239777175,0.10000000000000003,False,0.0018473712468922434,-0.10924204463096851,4.040989940715231,1226.0518210822308,-3174.7547951758206
Static50,1720828800000000,1720828860000001,10020.844327671757,10078.756285304238,58.17327070064608,-0.10414540210095455,0.06403515416336938,0.04656625595034009,0.04656625595034009,0.0,116.41563987585022,0.20466920040642278,0.05808086274203845,0.05987942951291146,0.21340458722239145,0.06592612695067519,0.21340458722239145,0.06351809767989833,0.06592612695067519,0.25366661797724965,0.06048332359544993,0.04881670139183651,0.10000000000000003,False,0.00201149906087166,-0.1172147005579448,4.309560452396327,1265.6254597521574,-3414.495288331183
Static50,1720915200000000,1720915260000001,10078.756285304238,10083.013403927109,4.453299890759482,-0.058039092565779764,0.05627410786003597,0.04093403373141791,0.04093403373141791,0.0,102.33508432854478,0.22014714117486067,0.061221458009247755,0.06422000399510233,0.22426006436193924,0.06663568928867325,0.22426006436193924,0.06163643470805224,0.06663568928867325,0.2718390089811016,0.06486780179622031,0.054400074662042976,0.10000000000000003,False,0.0020846938895898687,-0.12610943729782384,4.557834047496266,1232.8550426987615,-3568.646452549024
Static50,1721001600000000,1721001660000001,10083.013403927109,10098.05191033364,15.197792668755362,-0.00213876817977872,0.06403260069545695,0.04655744667586958,0.04655744667586958,0.0,116.39361668967392,0.23580727436233168,0.06526901333534524,0.06874217059088471,0.25069032778428063,0.07416282784662173,0.25069032778428063,0.06667581807925253,0.07416282784662173,0.29092726878144104,0.0694354537562882,0.05794045148776241,0.10000000000000003,False,0.0021664960156553706,-0.13255530912309588,4.701842598552992,1329.3391346818005,-3733.5260816335867
Static50,1721088000000000,1721088060000001,10098.05191033364,10168.682457203384,70.90109063368847,-0.19728702288745018,0.029840145606938453,0.021708297724628428,0.021708297724628428,0.0,54.27074431157107,0.25054249625854075,0.0647038628343603,0.07234120348978923,0.2543030496405675,0.07747441511353505,0.2543030496405675,0.07122646610200417,0.07747441511353505,0.3053569630681556,0.07307139261363112,0.05944018050222035,0.10000000000000003,False,0.0020198005966442275,-0.13461940841679995,4.586320324307745,1361.3491028980413,-3749.589500739672
Static50,1721174400000000,1721174460000001,10168.682457203384,10225.121925309115,56.687495652772405,-0.13316773412845082,0.046787857277807966,0.034035977817139934,0.034035977817139934,0.0,85.08994454284984,0.2475830658710987,0.06863187944998449,0.07219054838527235,0.2485388419075317,0.07798166792689955,0.2485388419075317,0.07379622528589869,0.07798166792689955,0.3055405582702093,0.07291892218259105,0.06455530471355256,0.10000000000000006,False,0.002148550589939969,-0.13217712812097396,4.573843702246373,1268.4888044726617,-3648.69513104813
Static50,1721260800000000,1721260860000001,10225.121925309115,10172.864754222817,-51.82282587672665,-0.2549304511005744,0.0730938862028409,0.05316043613359209,0.05316043613359209,0.0,132.90109033398022,0.25519972628512627,0.0734166598732698,0.07481243055227202,0.25056036730857656,0.07682675335335178,0.25056036730857656,0.06869827895372414,0.07682675335335178,0.31709853107873714,0.07556678571562807,0.06926358561573889,0.09999999999999995,False,0.002341320262491569,-0.13705808206820172,4.908420555497732,1216.9150516569264,-3807.9189614292422
Static50,1721347200000000,1721347260000001,10172.864754222817,10200.085393303527,27.486667730338908,-0.10852971155346586,0.06419203492260249,0.04665345157663593,0.04665345157663593,0.0,116.63362894158982,0.2567795945090396,0.07842657456819765,0.07595888481248954,0.2652023251541231,0.08051603637089735,0.2652023251541231,0.08091081790248446,0.08051603637089735,0.3227433406652793,0.07672495838108895,0.07333412453789442,0.10000000000000005,False,0.00249401539315713,-0.13238282257494577,4.85289775938195,1357.7710395982258,-3792.5022156232167
Static50,1721433600000000,1721433660000001,10200.085393303527,10218.236947089086,18.37420581576892,-0.08811281470582148,0.0548124145667615,0.03986340046821827,0.03986340046821827,0.0,99.65850117054568,0.2747492840530586,0.08096512134142336,0.08083208921447815,0.2831309718464893,0.0837024717915653,0.2831309718464893,0.08261840753595519,0.0837024717915653,0.34294636650122456,0.08164749801870183,0.07670356175785094,0.09999999999999946,False,0.0024766539468519767,-0.14103824422309916,4.87188277357806,1439.6426356223778,-3936.4871663332997
Static50,1721520000000000,1721520060000001,10218.236947089086,10251.844514274306,33.91221286886369,-0.20702900829240498,0.039763407198881405,0.02892663407627477,0.02892663407627477,0.0,72.31658519068694,0.27760109992804455,0.08023603387872781,0.0814356800638203,0.28502411505983544,0.0861505179041999,0.28502411505983544,0.08328015365164139,0.0861505179041999,0.3452390523734469,0.08225747686258858,0.07587430700758173,0.0,False,0.0024419107079080124,-0.14328105285113835,4.785963554665992,1400.6415171841643,-3757.739703078609
Static50,1721606400000000,1721606460000001,10251.844514274306,10248.471322954687,-0.7792538312982483,-0.32191692085470514,0.9256282306216288,0.6731961684219607,0.6731961684219607,0.0,1682.9904210549016,0.2258445782568639,0.07963971261249346,0.06840710145609,0.2230553434138573,0.06934051621805717,0.2230553434138573,0.07957223358198572,0.06934051621805717,0.2924163400780466,0.06908276871614465,0.08700386778259406,0.0,False,-0.005492672841159028,-0.10597050362169252,3.7994122979221485,1171.697101367903,1162.7820623927787
Static50,1721692800000000,1721692860000001,10248.471322954687,10209.570203286028,-38.60017008499109,-0.2300376681326105,0.028889185818512197,0.021011364857728212,0.021011364857728212,0.0,52.52841214432053,0.22655278737923326,0.07925325295755535,0.06852618478844162,0.22270168701416143,0.06769801771220388,0.22270168701416143,0.07577389495322867,0.06769801771220388,0.2928822055215606,0.06921788953275933,0.08680516705192988,0.0,False,-0.005589116547422819,-0.10976274609711512,3.9254125347404516,1157.9287392461829,1177.8972811056487
Static50,1721779200000000,1721779260000001,10209.570203286028,10267.76697698475,58.435965160574725,-0.19302062428127528,0.018819093481974466,0.013675872044408862,0.013675872044408862,0.0,34.189680111022156,0.22323406676856944,0.07906203690257198,0.06766782222752817,0.22422899926425582,0.06953843026346147,0.22422899926425582,0.08430476976269577,0.06953843026346147,0.28937616234611174,0.06835102647745916,0.0870346269177644,0.0,False,-0.005583944627176699,-0.10581461145181446,3.99239644051131,1157.4070317564058,1241.060525539876
Static50,1721865600000000,1721865660000001,10267.76697698475,10233.874792681016,-33.611012822740626,-0.15820996695977618,0.05008270348099919,0.03643940527650422,0.03643940527650422,0.0,91.09851319126054,0.2162224079468093,0.07955148560324714,0.0659883248271894,0.21067904366396012,0.0641347824481814,0.21067904366396012,0.07652969555708893,0.0641347824481814,0.282687116087308,0.06665407533821924,0.08702940046871199,0.0,False,-0.005362186045628211,-0.10515461805093587,3.804314614359592,1098.3054441608508,1275.6619320255897
Static50,1721952000000000,1721952060000001,10233.874792681016,10272.906495811798,39.15371324383122,-0.05250837219992649,0.028322158432424725,0.020589791207855333,0.020589791207855333,0.0,51.47447801963833,0.21449575650916622,0.07901652089233878,0.06547641726114238,0.22173757826837198,0.06947592217366781,0.22173757826837198,0.08252712152779469,0.06947592217366781,0.280512209299496,0.06613734604890714,0.08774305380036317,0.0,False,-0.005267736011656606,-0.10925709129642794,3.899468132002333,1121.2732687397672,1292.9959858965474
Static50,1722038400000000,1722038460000001,10272.906495811798,10265.270025954322,-7.300637828506314,-0.2310954893528249,0.042657453049368785,0.031039543283456573,0.031039543283456573,0.0,77.59885820864143,0.21418602261687011,0.07767866947155593,0.0651983060749509,0.21288215232091434,0.06538552558040862,0.21288215232091434,0.07702446526761574,0.06538552558040862,0.27911731404631696,0.06585620338504769,0.08724841816152445,0.0,False,-0.005164105975123448,-0.10716131572251048,3.65934149236913,1111.4657705747125,1189.7682606311644
Static50,1722124800000000,1722124860000001,10265.270025954322,10270.001656668579,4.979055139699648,-0.18122672159874853,0.026973824004129242,0.01961193991926677,0.01961193991926677,0.0,49.029849798166914,0.2176598404144394,0.07866479461186553,0.06621467929538967,0.2191334788593303,0.06682933232504185,0.2191334788593303,0.07911286026038651,0.06682933232504185,0.28342410772811244,0.06688308312769642,0.08684803643305501,0.0,False,-0.005263374773060195,-0.11005245543180106,3.70572169702167,1143.1335004867335,1232.4636001194438
Static50,1722211200000000,1722211260000001,10270.001656668579,10264.933465790662,-4.802367882418021,-0.2440081945625247,0.008890203855228635,0.006462298540514383,0.006462298540514383,0.0,16.155746351285956,0.22070704832619756,0.08011846579867697,0.06719453195135094,0.21992900089066209,0.0674179168674836,0.21992900089066209,0.07969001100275021,0.0674179168674836,0.2876779959692298,0.06787312042580351,0.08637836484858435,0.0,False,-0.0052891314344873834,-0.11040640033847261,3.7326385832036384,1149.3778957763247,1267.2339884703138
Static50,1722297600000000,1722297660000001,10264.933465790662,10283.267994482094,18.57691977702116,-0.21058372505464737,0.012959338963679342,0.009424010784912423,0.009424010784912423,0.0,23.560026962281057,0.22067790229161222,0.07998343136361148,0.06716699027744477,0.22058455163503374,0.06984204537182981,0.22058455163503374,0.08164709676717655,0.06984204537182981,0.2875391568772595,0.06784523449590374,0.08643656393604976,0.0,False,-0.0054043486856393845,-0.10879077223632588,3.7695323770431655,1145.0964123745277,1276.3654213000673
Static50,1722384000000000,1722384060000001,10283.267994482094,10260.44653605621,-22.514261122170353,-0.23933297462566946,0.02764511029333303,0.02010960939648601,0.02010960939648601,0.0,50.27402349121503,0.21982551145074225,0.08040937876880842,0.06701778467800683,0.21543717797769002,0.06688797134190769,0.21543717797769002,0.07839341789581897,0.06688797134190769,0.28702135272795876,0.06769428524724828,0.08642709339941937,0.0,False,-0.005415331360591571,-0.10931830611696237,3.8455292233884606,1098.7839479009026,1317.399401292015
Static50,1722470400000000,1722470460000001,10260.44653605621,10205.67317075223,-54.75014116596873,0.03228891517405871,0.022619403789681185,0.016446824697411225,0.016446824697411225,0.0,41.11706174352806,0.21904152616087416,0.07950575933206347,0.06668624544002807,0.21507258908003307,0.06534467019548457,0.21507258908003307,0.07456735341503028,0.06534467019548457,0.2854996004037601,0.06735947943555515,0.0866200669411121,0.0,False,-0.005539512856443753,-0.11079077153597244,3.9835990362808813,1095.464223616139,1338.299039172739
Static50,1722556800000000,1722556860000001,10205.67317075223,10145.631957917312,-59.76079084139258,-0.21816078879595013,0.02537769729262411,0.0184417537189333,0.0184417537189333,0.0,46.10438429733323,0.21632685202375065,0.07908536094630454,0.06594451714788334,0.20300962210913723,0.0626441703610306,0.20300962210913723,0.07366260029120267,0.0626441703610306,0.2824176111814805,0.0666102170138312,0.08695887096892337,0.0,False,-0.005356150128422753,-0.10933222426254019,4.02014290612922,1131.0993002172781,1356.1529403664745
Static50,1722643200000000,1722643260000001,10145.631957917312,10098.40553663484,-47.06179753559001,0.07638240090932139,0.0981952022676867,0.07140547276187312,0.07140547276187312,0.0,178.51368190468276,0.22060998953909094,0.07650424702178542,0.06662813443804055,0.21381974660919753,0.0660446773343073,0.21381974660919753,0.0721998829742122,0.0660446773343073,0.2846532250224893,0.06729954718044161,0.0861209347370849,0.0,False,-0.005940363896761425,-0.12235614423482694,4.407924672233213,1203.004933726606,1390.1056604401574
Static50,1722729600000000,1722729660000001,10098.40553663484,10075.329584867095,-22.840699952719596,-0.07019697189100514,0.06727643423989924,0.048889204447277984,0.048889204447277984,0.0,122.22301111819498,0.22322148952054452,0.08430445983381041,0.06845104135520769,0.2136425546540648,0.06684820531304307,0.2136425546540648,0.0822291719747822,0.06684820531304307,0.2935962692633496,0.06914133590637125,0.08568084307191283,0.0,False,-0.005782678123022745,-0.12094380966442035,4.8567368827258495,1246.8165166557656,1579.3093573682718
Static50,1722816000000000,1722816060000001,10075.329584867095,10037.5074527373,-34.684939851370046,-0.10318783391930375,1.236071371349598,0.8989665365782327,0.8989665365782327,0.0,2247.416341445581,0.23593176715914305,0.08053535555172184,0.07106324512254404,0.21813708624056038,0.06646206806039857,0.21813708624056038,0.07735894290452008,0.06646206806039857,0.30330262986731227,0.07175944010437008,0.06064153392513477,0.0,False,0.012301412879013636,-0.14537214167266888,1.1698780703236582,1366.755794879296,-3767.568336816287
Static50,1722902400000000,1722902460000001,10037.5074527373,10090.896141271853,53.7330854076229,-0.13005916655339694,0.08732018496948551,0.06350876077353473,0.06350876077353473,0.0,158.77190193383683,0.23395994357036956,0.07637311968461197,0.06994595384528418,0.24113020574611133,0.07221656494962352,0.24113020574611133,0.08129233145471744,0.07221656494962352,0.29803246336871114,0.07065096994129028,0.059905462667167154,0.0,False,0.013001958271009589,-0.16351964437617678,1.1825913862327262,1438.3692705501576,-4196.946355360017
Static50,1722988800000000,1722988860000001,10090.896141271853,10232.229776354861,141.3831948999092,0.04932691025348271,0.04027966458477055,0.02930353128459813,0.02930353128459813,0.0,73.25882821149533,0.23387260441023594,0.07843477849886095,0.07023336787738813,0.23985798334758593,0.08196779822202269,0.23985798334758593,0.09116807018864242,0.08196779822202269,0.2996136570185203,0.07094210062485479,0.060656779987156045,0.0,False,0.012644777140802851,-0.1593380185455718,1.0987976586822636,1400.89083960185,-4073.157751529292
Static50,1723075200000000,1723075260000001,10232.229776354861,10267.36025244765,36.04335239872198,-0.15933250314520314,0.30696727442957944,0.22328826417935346,0.22328826417935346,0.0,558.2206604483836,0.18597373836598133,0.0791599857548407,0.05836743245472144,0.20313850104876546,0.06507238789864979,0.20313850104876546,0.08239380370595879,0.06507238789864979,0.2518013811692736,0.05895266064153794,0.06689569037702753,0.0,False,0.01084591938212977,-0.11686817696375906,1.1220885464391983,997.4695138058642,-2866.599441691801
Static50,1723161600000000,1723161660000001,10267.36025244765,10236.627428461436,-30.233465728913483,-0.03175360415827479,0.19046673531969857,0.1385689589112774,0.1385689589112774,0.0,346.42239727819344,0.16940605437277262,0.06787975678621355,0.052533477111125194,0.1637617956077955,0.05197169450473528,0.1637617956077955,0.0651269878495269,0.05197169450473528,0.2259592640620181,0.053061701603892425,0.05960363872791065,0.0,False,0.008755601675215618,-0.09730075146360423,0.8571233953183929,874.4415854657788,-2434.28210707436
Static50,1723248000000000,1723248060000001,10236.627428461436,10235.862800018731,-0.6231317611204846,-0.06399174631963385,0.03158022559731542,0.022962354833983855,0.022962354833983855,0.0,57.40588708495963,0.16937096860663617,0.06667889601006993,0.052344576553169535,0.1702415752645831,0.05280950633040479,0.1702415752645831,0.06662249479255647,0.05280950633040479,0.224962019365402,0.052872909328127646,0.06038292571667131,0.0,False,0.008818353846635726,-0.10129786612932705,0.8760845429726303,926.0765141934969,-2534.507975419818
Static50,1723334400000000,1723334460000001,10235.862800018731,10193.265549868393,-42.494419819849476,-0.0806406226339405,0.009040633662859978,0.006574537095272894,0.006574537095272894,0.0,16.436342738182233,0.16902603864915888,0.06676588740484052,0.0522713927730158,0.16238316487408425,0.05059898347588228,0.16238316487408425,0.0628758819954745,0.05059898347588228,0.22468511753689124,0.05279927217881314,0.06047531902002107,0.0,False,0.008785908907948012,-0.10037308251438648,0.889063045326937,916.638075901226,-2491.2381210089643
Static50,1723420800000000,1723420860000001,10193.265549868393,10181.138452163079,-12.018810355743257,-0.027629599870356326,0.03286713715600179,0.0238953062725989,0.0238953062725989,0.0,59.738265681497246,0.16824505826408492,0.06534929543156813,0.05186365888075645,0.17420595587670681,0.05329740934862993,0.17420595587670681,0.06424611978525335,0.05329740934862993,0.22275025215431918,0.052387119688448565,0.06147843892624193,0.0,False,0.009005433422083365,-0.10259366295948803,0.9404586410985065,957.0164086772702,-2606.4501370960193
Static50,1723507200000000,1723507260000001,10181.138452163079,10205.650237807597,24.75378430528754,-0.09367047775168626,0.06043275411676767,0.04394771445039422,0.04394771445039422,0.0,109.86928612598555,0.16341688279683445,0.06528436057508015,0.050646874785470634,0.1645071516894342,0.05158158910216692,0.1645071516894342,0.06755211069418672,0.05158158910216692,0.21781942378938127,0.051157714055804465,0.05804834951699879,0.0,False,0.008695353498583162,-0.09183149314686757,0.911166383715686,909.4097566161047,-2319.1416889065335
Static50,1723593600000000,1723593660000001,10205.650237807597,10193.454339288008,-12.187648971782634,0.019881260706186676,0.011455485918632637,0.0083376612970478,0.0083376612970478,0.0,20.844153242619498,0.16324836635754256,0.06559295689154468,0.05065103512311734,0.15965814325097905,0.04998139166885479,0.15965814325097905,0.06447561936005197,0.04998139166885479,0.21790114874101854,0.051162520715991366,0.05855819168221044,0.0,False,0.008538462058560068,-0.09222185467406399,0.9140607095135368,896.661446305071,-2342.8166565919973
Static50,1723680000000000,1723680060000001,10193.454339288008,10187.41365032887,-5.976313964558005,0.0346871333627299,0.04037016808819359,0.029345979926931075,0.029345979926931075,0.0,73.36494981732767,0.1668570256501007,0.06881188870929023,0.0520360397189187,0.16350232184242286,0.0513058273387822,0.16350232184242286,0.06826538499486434,0.0513058273387822,0.22414583846793143,0.052561145476532435,0.06053379126706735,0.0,False,0.009029901636540157,-0.09389411067601386,0.9765260709971594,933.5125661234613,-2441.8708806574755
Static50,1723766400000000,1723766460000001,10187.41365032887,10196.884073823363,9.639085321012029,-0.06662275960806313,0.041573232342134246,0.030232917284200765,0.030232917284200765,0.0,75.58229321050192,0.1709232175330275,0.06892889782952819,0.0530701390576861,0.17225314587460475,0.05428465354237911,0.17225314587460475,0.06980948703326259,0.05428465354237911,0.2283475469427908,0.053605664138494824,0.05918481002058802,0.0,False,0.009407673179839503,-0.10121608758910532,0.9869916736972004,965.6046505334033,-2598.1394213798335
Static50,1723852800000000,1723852860000001,10196.884073823363,10199.308257941508,2.5357104629400684,-0.04646426955212847,0.026504337610927364,0.019278868816294648,0.019278868816294648,0.0,48.1971720407366,0.1769809319745965,0.06889453747555357,0.05457941361498217,0.1790169987800697,0.05514237059747558,0.1790169987800697,0.06912633897992941,0.05514237059747558,0.2344394758014471,0.05513036905701981,0.05856988058045906,0.0,False,0.009458695522995351,-0.10639377802761146,1.0131311357604815,988.3438153068979,-2751.491417862863
Static50,1723939200000000,1723939260000001,10199.308257941508,10194.528004065654,-4.713394331396799,-0.0028269854070757075,0.02608634522158928,0.018973106914615748,0.018973106914615748,0.0,47.43276728653937,0.18300544056471135,0.06875312986080348,0.056064329620298364,0.18097749693424212,0.05575332826350159,0.18097749693424212,0.06832259110972055,0.05575332826350159,0.240410555766768,0.05663028044573852,0.057096556437958794,0.0,False,0.009616780863265503,-0.11147361645915378,0.9892710753698255,1010.2717140101887,-2838.840431162139
Static50,1724025600000000,1724025660000001,10194.528004065654,10232.695906911762,39.47838074321828,0.005429704858371497,0.5361153057033035,0.3898961481326088,0.3898961481326088,0.0,974.740370331522,0.1919389204207827,0.07013787662095448,0.05850541159833885,0.1968090013830494,0.06188459062656066,0.1968090013830494,0.07372530562807375,0.06188459062656066,0.25052242785297113,0.059088747203742735,0.05096310603365203,0.0,False,0.010210334482381043,0.0547843471898628,-2.1826656464651597,1060.0036779466307,-3110.3915047156834
Static50,1724112000000000,1724112060000001,10232.695906911762,10220.868586685785,-11.7517947661283,-0.030167706008854434,0.018470321586476518,0.013443716126702466,0.013443716126702466,0.0,33.609290316756166,0.1937822168221526,0.07044111780781663,0.059011721876710645,0.1931071182495612,0.058763283484852394,0.1931071182495612,0.06937253346324845,0.058763283484852394,0.2526606083959934,0.05960753565614928,0.0532302561214371,0.0,False,0.010164856136884719,0.05471087332686534,-2.1891349735362247,1010.7906398869732,-3114.159012442723
Static50,1724198400000000,1724198460000001,10220.868586685785,10241.37490483236,20.662658678438603,-0.026726080636859953,0.05281135701508272,0.03840154710554923,0.03840154710554923,0.0,96.00386776387306,0.2025026127923631,0.07142577881212324,0.06133952001990927,0.2063792692449438,0.06341441432131883,0.2063792692449438,0.07329942578818228,0.06341441432131883,0.2622625689033461,0.061958325405808846,0.054575750061842114,0.0,False,0.010621052233288302,0.056746970638481206,-2.3529304105177546,1055.0912534595232,-3252.019869450813
Static50,1724284800000000,1724284860000001,10241.37490483236,10231.563591288497,-9.784312387316646,0.016624443843198715,0.017766847245791216,0.012929376571439477,0.012929376571439477,0.0,32.32344142859869,0.20430365337403772,0.0708485430422372,0.06170319479984501,0.20309650401377308,0.061443155799556254,0.20309650401377308,0.06995989236372589,0.061443155799556254,0.2636175516061926,0.062326193899233884,0.05480036333616761,0.0,False,0.010334402206667424,0.05514766931515886,-2.391627987552273,1052.6784256741569,-3218.021274756128
Static50,1724371200000000,1724371260000001,10231.563591288497,10243.11580555936,11.550312179789747,0.03135710869981865,0.012003402522533131,0.008725807551875558,0.008725807551875558,0.0,21.814518879688894,0.20522917549785097,0.0711634009851246,0.061981804022231426,0.21575637694954167,0.06572534617832919,0.21575637694954167,0.07221055513311485,0.06572534617832919,0.2648072137070585,0.06260770261276478,0.05516613377551788,0.0,False,0.01050938622114396,0.05552693114963942,-2.395059625004458,1061.9037904908107,-3258.5009227303144
Static50,1724457600000000,1724457660000001,10243.11580555936,10231.252072726467,-11.548454198568416,-0.09051153150699502,0.0915609028891215,0.0666030999648888,0.0666030999648888,0.0,166.50774991222198,0.1995051784986848,0.06813845791721189,0.06009706331225298,0.2012818624682569,0.06033299337363629,0.2012818624682569,0.06708722851288115,0.06033299337363629,0.2565761322229749,0.060702772311350774,0.053316798606047176,0.0,False,0.009609221203816909,0.050520072383239814,-2.194735871607187,1008.4660406923845,-2977.990007514592
Static50,1724544000000000,1724544060000001,10231.252072726467,10229.89594540649,-1.4352553799183474,0.1247060267687419,0.018572522325045488,0.013502722251143181,0.013502722251143181,0.0,33.75680562785795,0.19806649608992186,0.06848237524864131,0.05978898030977667,0.19595561873315825,0.059919510818911295,0.19595561873315825,0.06835084841254108,0.059919510818911295,0.2554053231184758,0.06039264036675054,0.053438271548694474,0.0,False,0.009544093520712634,0.05067385963639206,-2.0679981699833836,999.3684098357184,-2948.847639610826
Static50,1724630400000000,1724630460000001,10229.89594540649,10222.548042032706,-4.857389009965292,0.022375533996783895,1.0237743475990817,0.7445577751088367,0.7445577751088367,0.0,1861.3944377720918,0.17475773907878847,0.07001358559105096,0.05419147260835476,0.17099732863977285,0.05357754386655738,0.17099732863977285,0.0695715360783902,0.05357754386655738,0.233042344584855,0.05472541506899507,0.0673975090247677,0.0,False,0.002229831511136054,-0.09754854218289227,3.4831819700332454,923.4204410325724,-2440.2245570480327
Static50,1724716800000000,1724716860000001,10222.548042032706,10196.395275712748,-26.029139728725603,-0.07703105257882722,0.01898357297628767,0.013805982838573157,0.013805982838573157,0.0,34.51495709643289,0.17437447903586392,0.06964890541931483,0.05404095557186321,0.16447992889616014,0.05218498769235231,0.16447992889616014,0.0672744512269801,0.05218498769235231,0.23241672179642076,0.05458657499700072,0.06719123958962303,0.0,False,0.002267182640414194,-0.0998635592414407,3.513293266408204,941.4344691603485,-2541.4427114711157
Static50,1724803200000000,1724803260000001,10196.395275712748,10177.833419896057,-18.45672864001602,0.015386964612262825,0.04909811881807879,0.03570801123550871,0.03570801123550871,0.0,89.27002808877177,0.17323703404819904,0.06718683824958399,0.05338728424948737,0.17383242597574486,0.05381521700975292,0.17383242597574486,0.06549515078630645,0.05381521700975292,0.22927658770585468,0.05392591237348722,0.06635261472834779,0.0,False,0.002308519476443271,-0.1101482883512477,3.7144416170719174,963.1129139806962,-2742.7884914801402
Static50,1724889600000000,1724889660000001,10177.833419896057,10155.641021587493,-22.20848448827823,0.06388110143846586,0.019476341010005564,0.014159290356596932,0.014159290356596932,0.0,35.398225891492324,0.17129602246377817,0.06712931296650253,0.05289340256091992,0.16982478531106976,0.05230966003321521,0.16982478531106976,0.0650888772684549,0.05230966003321521,0.22727112751871087,0.05342742845904829,0.06614256949467551,0.0,False,0.0023164463945999436,-0.10486056378577485,3.7444891230351076,946.6110642527016,-2663.785021412687
Static50,1724976000000000,1724976060000001,10155.641021587493,10148.829155742029,-6.838711044412968,0.05783458117356228,0.012630710178729795,0.009179336023581949,0.009179336023581949,0.0,22.94834005895487,0.17120090888448664,0.067130747763474,0.052869839385642756,0.1713633759655495,0.05341423011982653,0.1713633759655495,0.06650175838558774,0.05341423011982653,0.22717658667518364,0.05340371520830729,0.0661147211052373,0.0,False,0.0022977918582814524,-0.10456448339207869,3.835729899027824,956.7453158694133,-2637.4924444344542
Static50,1725062400000000,1725062460000001,10148.829155742029,10139.396287395488,-9.308771632664602,-0.09674868083544177,0.011144051482517067,0.008101990779362106,0.008101990779362106,0.0,20.254976948405265,0.17096053688880655,0.06735608250614056,0.05284354659812272,0.16973136833140193,0.05283655491708498,0.16973136833140193,0.06650048396905607,0.05283655491708498,0.22711595656887462,0.053377175960308706,0.06594139011454896,0.0,False,0.00231370684972733,-0.10409021623902176,3.887489987610322,946.5207928711295,-2586.4928513369678
Static50,1725148800000000,1725148860000001,10139.396287395488,10137.073269708399,0.0,-0.0,0.946238802358168,0.6883894423655891,0.6883894423655891,0.0,1720.9736059139727,0.0,0.0,0.0,0.0,0.0,0.0,0.0,0.0,0.0,0.0,0.0,0.0,True,0.0,0.0,0.0,0.0,0.0
Cash50,1719792000000000,1719792060000001,10000.0,10000.0800435188,0.31390019652433976,-0.016986438977324488,0.08837034893980164,0.06424994490387659,0.06424994490387659,0.0,160.62486225969147,0.016062834581046202,0.00606256260878577,0.004925093036579416,0.016071267944126912,0.004935297680970676,0.016071267944126912,0.006093772372799819,0.004935297680970676,0.02112366780792498,0.004974733561584996,0.0023043805479703865,0.10000000000000003,False,-0.00039828733788294774,0.014327607780186671,0.08270203234243097,103.50958860801063,-200.99805226168624
Cash50,1719878400000000,1719878460000001,10000.0800435188,10002.064448078123,2.2358592263508967,-0.034588502452826096,0.08836871633171031,0.06424872412166534,0.06424872412166534,0.0,160.62181030416332,0.032134017280753414,0.012166865897159262,0.00985853420476224,0.032367514812656754,0.010030008528257164,0.032367514812656754,0.012387727967396605,0.010030008528257164,0.042289497011229346,0.00995789940224587,0.004606917642644752,0.10000000000000003,False,-0.0007933325090608229,0.028631753058050876,0.16576336449059886,206.761730656227,-404.12237264706226
Cash50,1719964800000000,1719964860000001,10002.064448078123,9994.309379651677,-7.487586643633435,-0.05406988004613695,0.08696049615331111,0.06322570330547514,0.06322570330547514,0.0,158.06425826368783,0.04817170598735928,0.018103777066435737,0.014758493056805178,0.046175732733698065,0.014241749877377356,0.046175732733698065,0.01736825309014341,0.014241749877377356,0.06328625332326202,0.014907250664652403,0.0069549055837815075,0.10000000000000006,False,-0.0012098718659768453,0.043138141377498634,0.23515292742429425,304.22969718176773,-600.2214314892744
Cash50,1720051200000000,1720051260000001,9994.309379651677,9978.967230659728,-15.040183039829808,-0.0625202940492761,0.09756557925509213,0.07094003940689791,0.07094003940689791,0.0,177.3500985172448,0.06392237211758749,0.022604744832202664,0.01937130475422727,0.05912742979505527,0.01802128514446748,0.05912742979505527,0.021131767724959546,0.01802128514446748,0.08283252854870315,0.019566505709740632,0.009485607270966928,0.10000000000000003,False,-0.0017135385298994543,0.05867411447817132,0.32072659742342774,414.5571186861888,-871.8987681520657
Cash50,1720137600000000,1720137660000001,9978.967230659728,9971.6626643267,-6.968996638994678,-0.06514705799671731,0.1101815965190642,0.08012051975832839,0.08012051975832839,0.0,200.301299395821,0.07920192375404365,0.02474955789698402,0.023512914623058517,0.07825884314874346,0.02308390762583772,0.07825884314874346,0.024068136460956215,0.02308390762583772,0.09999887596187733,0.023749775192375464,0.012198716658636513,0.09999999999999992,False,-0.0023757465667298867,0.07655181343196896,0.3853070516902359,541.866619160387,-1292.9841266114106
Cash50,1720224000000000,1720224060000001,9971.6626643267,9981.8436905202,10.447009549318723,-0.039595363005390925,0.09224723132136485,0.0670703807459614,0.0670703807459614,0.0,167.6759518649035,0.09507624678851063,0.029871119466764094,0.02824972961714227,0.09946425839894385,0.029807998130668204,0.09946425839894385,0.030886576004762738,0.029807998130668204,0.12017216292801887,0.028534432585603776,0.014909156402369922,0.10000000000000009,False,-0.00287226450725824,0.09444900474809259,0.4440802771094105,663.1129442113847,-1548.3634310798086
Cash50,1720310400000000,1720310460000001,9981.8436905202,9964.860045739582,-16.8005300829405,-0.035959185001321906,0.05995558721969363,0.04359996272761126,0.04359996272761126,0.0,108.99990681902815,0.11038570277972952,0.032170851465969284,0.03242205341482777,0.10437224462533937,0.031106745503604576,0.10437224462533937,0.030539229364618784,0.031106745503604576,0.13749533049803095,0.03274906609960619,0.017077816661759015,0.10000000000000009,False,-0.0033543038749799755,0.10558141525602499,0.4489457573745863,721.254954821964,-1725.5700431984114
Cash50,1720396800000000,1720396860000001,9964.860045739582,9981.876834818859,18.712590631141296,-0.06308882227441132,0.6651921201444538,0.4837603047227768,0.4837603047227768,0.0,1209.4007618069418,0.12591837164668024,0.03549451714813225,0.03680377048388991,0.12994311475384965,0.038785470587603205,0.12994311475384965,0.03730285799105049,0.038785470587603205,0.15584717320898211,0.03716943464179643,0.028762557449611235,0.09999999999999998,False,0.0012654538745576714,-0.07671579038448882,2.776754625291873,873.0579334355198,-2154.4705823035492
Cash50,1720483200000000,1720483260000001,9981.876834818859,9988.764442635971,7.143473793141089,-0.10161979942897995,0.06284465884069494,0.04570075888012154,0.04570075888012154,0.0,114.25189720030383,0.14139123299337625,0.038695838592189835,0.04115218403717254,0.14289513014848793,0.04165525566801389,0.14289513014848793,0.0393837097885795,0.04165525566801389,0.17408610165656152,0.041567220331312306,0.03243388742077218,0.10000000000000003,False,0.0013631999765728493,-0.08497554032461105,2.9461483867844485,954.1688385036201,-2390.12529855402
Cash50,1720569600000000,1720569660000001,9988.764442635971,9988.60406748941,0.15815780039964916,-0.1270420904623594,0.07802413931597678,0.05673335859054656,0.05673335859054656,0.0,141.8333964763664,0.15709743514961977,0.042972941286215684,0.045720299980337296,0.1580531847553292,0.04607734628697914,0.1580531847553292,0.04298864124446449,0.04607734628697914,0.19340617926068365,0.04618123585213672,0.03575747964388448,0.0999999999999997,False,0.001480773089698823,-0.0929999112815988,3.233594503510874,1049.3578854109392,-2654.729465625339
Cash50,1720656000000000,1720656060000001,9988.60406748941,9984.359754281224,-4.161982231759845,-0.06824925248332533,0.005736791730322426,0.004172466106351575,0.004172466106351575,0.0,10.431165265878935,0.15708206041478376,0.04290925531155887,0.04570690340042978,0.15614968175448202,0.046831372389239616,0.15614968175448202,0.042510585166758784,0.046831372389239616,0.193342621029286,0.0461685242058572,0.03570257309795875,0.0,False,0.0014870945575410392,-0.09202856483341174,3.2201122696140674,1040.92001273571,-2641.340878499224
Cash50,1720742400000000,1720742460000001,9984.359754281224,10015.415642282822,31.0744781490532,0.029024336545503227,0.019402955341253907,0.014105764329743992,0.014105764329743992,0.0,35.264410824359985,0.15734564842061025,0.04422470117265216,0.04597011728105039,0.16097086444281034,0.048367650541594094,0.16097086444281034,0.04719002344253606,0.048367650541594094,0.19467120229208212,0.04643424045841642,0.03562528353314763,0.0,False,0.0015395697422865716,-0.09104057821744832,3.3676965862035346,1021.7720392633425,-2645.7900273452706
Cash50,1720828800000000,1720828860000001,10015.415642282822,10060.011131981511,44.724427655809016,-0.08006844803205383,0.01990323712301044,0.014483135981150828,0.014483135981150828,0.0,36.20783995287707,0.15743614539809836,0.04467710399681419,0.046060601949046716,0.1643741584708084,0.05077937536302355,0.1643741584708084,0.048924598996175656,0.05077937536302355,0.19512816767480737,0.046525633534961475,0.03755130876295115,0.0,False,0.0015464687328760288,-0.09011630826600399,3.313250610806631,973.030631289685,-2625.1119399819604
Cash50,1720915200000000,1720915260000001,10060.011131981511,10063.047977668539,3.1750123872224836,-0.041379391094201884,0.039418238365649616,0.028684535367829653,0.028684535367829653,0.0,71.71133841957413,0.15724731557427235,0.04372943421441336,0.04587124402573009,0.16020505879006647,0.047602655204714614,0.16020505879006647,0.04403132886859844,0.047602655204714614,0.19417072070078675,0.04633414414015735,0.03885719618717354,0.0,False,0.0014862975962496978,-0.08991063602005987,3.2495407708186206,878.9729252998299,-2544.292315900691
Cash50,1721001600000000,1721001660000001,10063.047977668539,10073.109824644238,10.111799627994756,-0.0014230221293329984,0.019769968162230332,0.014379831001849065,0.014379831001849065,0.0,35.94957750462266,0.15720315760045858,0.04351220723588393,0.04582762048549723,0.16720896082741904,0.04946616602985659,0.16720896082741904,0.044472374949158025,0.04946616602985659,0.19395151252096066,0.046290302504192124,0.03862696765850827,0.0,False,0.0014414707505646081,-0.08819522378636457,3.128354970697971,884.4712689882446,-2484.0888717336998
Cash50,1721088000000000,1721088060000001,10073.109824644238,10117.04613895407,44.20372853731706,-0.12299982871502728,0.05882490388755462,0.04279474744168154,0.04279474744168154,0.0,106.98686860420383,0.15659016915422788,0.04044020067441573,0.04521357238971933,0.15935603330567563,0.048548436570541004,0.15935603330567563,0.04463323235973453,0.048548436570541004,0.19084810191759716,0.04566962038351943,0.037150112813887706,0.0,False,0.0012592573185489196,-0.0839293124030308,2.8593700997957807,848.741615272591,-2337.705032964852
Cash50,1721174400000000,1721174460000001,10117.04613895407,10149.95708350025,33.176257617998154,-0.07793618333242593,0.07632748951970765,0.05552469948354376,0.05552469948354376,0.0,138.8117487088594,0.1456381498860161,0.040371985503644375,0.042465335297050676,0.14653409394334885,0.04597660859026096,0.14653409394334885,0.04350894582799904,0.04597660859026096,0.17972974015894658,0.04289348363681825,0.037973708655030906,0.0,False,0.0012574354724323447,-0.0773564329002796,2.6768340217330246,742.3808527458442,-2135.3924396070606
Cash50,1721260800000000,1721260860000001,10149.95708350025,10121.154005975895,-28.57882024057572,-0.14058692116062557,0.034080720054866794,0.024794821280832706,0.024794821280832706,0.0,61.98705320208177,0.14177630673930067,0.04078665381614973,0.04156207475724762,0.1388829139647967,0.04258424223583498,0.1388829139647967,0.038078716390567376,0.04258424223583498,0.17616585059929837,0.04198154761979336,0.03847976978652161,0.0,False,0.0012911717911047763,-0.07558364916769804,2.706854872298928,671.0941736771022,-2099.959422286911
Cash50,1721347200000000,1721347260000001,10121.154005975895,10135.375370071099,14.393130203738526,-0.05683054361802624,0.046834039478501815,0.03405076271976554,0.03405076271976554,0.0,85.12690679941382,0.13514659734264023,0.041276974186348875,0.03997819546361239,0.13975728619099276,0.042430633786910955,0.13975728619099276,0.04263867719475389,0.042430633786910955,0.16986491613962063,0.04038155704267838,0.03859690765152337,0.0,False,0.00130596726514859,-0.06932099666473891,2.541173415470764,710.9837959088875,-1985.907448765844
Cash50,1721433600000000,1721433660000001,10135.375370071099,10144.414090124388,9.128819313219829,-0.043776910561127425,0.01886636887045549,0.013727990250070031,0.013727990250070031,0.0,34.319975625175076,0.13737345790043415,0.04048221172380429,0.04041569623367918,0.14169104870068244,0.04188835622482337,0.14169104870068244,0.04134584333676108,0.04188835622482337,0.17147318325061228,0.040823749009350915,0.03835178087892547,0.0,False,0.0012304709443703547,-0.07007174408928668,2.420487611878926,715.2547232776433,-1955.7569143709743
Cash50,1721520000000000,1721520060000001,10144.414090124388,10161.095343343215,16.83360504534986,-0.10276665141261192,0.020198118946211423,0.014693528081326273,0.014693528081326273,0.0,36.73382020331568,0.13879990242119145,0.04011782977775493,0.0407176500719611,0.14274604821311784,0.04314598426086276,0.14274604821311784,0.04170844570768135,0.04314598426086276,0.17261952618672344,0.04112873843129429,0.037937153503790864,0.0,False,0.0012121344181191894,-0.07112295100012388,2.375693398488199,695.261208744231,-1865.2957348865311
Cash50,1721606400000000,1721606460000001,10161.095343343215,10159.42046794586,-0.38617794414761875,-0.15953365859605392,0.4600246670702383,0.33456956377134933,0.33456956377134933,0.0,836.4239094283732,0.1129098104528254,0.03981545594318837,0.034199771004684604,0.11150935579337616,0.03466456429832987,0.11150935579337616,0.03977958281548185,0.03466456429832987,0.1462081700390233,0.03454138435807232,0.04350193389129703,0.0,False,-0.002722025892564928,-0.05251622717174699,1.8828899791692995,580.6626282685536,576.2445666753578
Cash50,1721692800000000,1721692860000001,10159.42046794586,10140.13882255632,-19.132383048645227,-0.114019414231585,0.014357823476931443,0.010442551592431104,0.010442551592431104,0.0,26.106378981077757,0.11327600285324249,0.03962648975543658,0.03426297417662611,0.11113911008334701,0.03378464502813831,0.11113911008334701,0.03781490551580484,0.03378464502813831,0.1464411027607803,0.034608944766379664,0.04340258352596494,0.0,False,-0.002770275842136605,-0.05440449868944354,1.945651951098781,573.933641574987,583.8311573355912
Cash50,1721779200000000,1721779260000001,10140.13882255632,10169.038271361143,29.0192822596771,-0.0958539824330048,0.009773951529117223,0.0071027604454099395,0.0071027604454099395,0.0,17.756901113524847,0.1116167925696857,0.0395309331628128,0.03383383811684334,0.11243314165426771,0.03486803315307624,0.11243314165426771,0.04227218670181426,0.03486803315307624,0.14468808117305587,0.03417551323872958,0.0435173134588822,0.0,False,-0.0027729851781035314,-0.05254750338221443,1.9826228399132064,574.7679746810203,616.3102738702272
Cash50,1721865600000000,1721865660000001,10169.038271361143,10152.251352777554,-16.64391471387047,-0.07834435727510061,0.02633614378883863,0.01916168432793011,0.01916168432793011,0.0,47.904210819825266,0.10811059670689868,0.03977551937911539,0.032993977083591974,0.10516541939178514,0.0320143910683495,0.10516541939178514,0.03820160462672385,0.0320143910683495,0.141343558043654,0.03332703766910962,0.043514700234355996,0.0,False,-0.0026553132359926623,-0.05207175707080318,1.883867300282357,543.8723979785824,631.6979649598637
Cash50,1721952000000000,1721952060000001,10152.251352777554,10171.609944145777,19.42071533502783,-0.026044787702508027,0.014702382964105776,0.010688398067931395,0.010688398067931395,0.0,26.720995169828488,0.10724753103501228,0.03950813253649452,0.032738102639227246,0.11107982943068449,0.03480408528341593,0.11107982943068449,0.04134210653107135,0.03480408528341593,0.140256104649748,0.03306867302445357,0.04387152690018158,0.0,False,-0.002612860775307842,-0.05419283875292153,1.9341833577320173,556.1651031502621,641.3416478547357
Cash50,1722038400000000,1722038460000001,10171.609944145777,10167.826461544742,-3.6143247466195043,-0.1144083798731527,0.0222987026959223,0.01622538592311248,0.01622538592311248,0.0,40.5634648077812,0.10709249588441076,0.038839147807369044,0.03259899614220805,0.10640152974243956,0.03268061633593976,0.10640152974243956,0.03849792405195708,0.03268061633593976,0.13955865702315848,0.032928101692523845,0.04362420908076223,0.0,False,-0.002556592514036964,-0.05305232287839963,1.8116291785573062,550.2530510311049,589.0182430843128
Cash50,1722124800000000,1722124860000001,10167.826461544742,10170.169276386447,2.4658956108766326,-0.08975320915824864,0.013580106475753676,0.00987372676920029,0.00987372676920029,0.0,24.684316923000722,0.10882957511089343,0.0393322725841119,0.03310723466534014,0.10959199107926836,0.03342236718060302,0.10959199107926836,0.03956554662958348,0.03342236718060302,0.14171205386405622,0.03344154156384821,0.043424018216527506,0.0,False,-0.0026067059687294118,-0.05450388862973001,1.8352724786990953,566.141125656688,610.3821903613381
Cash50,1722211200000000,1722211260000001,10170.169276386447,10167.660161059384,-2.377842571230704,-0.12081812284396978,0.004260603841565457,0.0030970145732700564,0.0030970145732700564,0.0,7.742536433175141,0.11035340319808962,0.04005918898804964,0.03359722914772985,0.10993735655311691,0.03370063763629652,0.10993735655311691,0.03983517006784682,0.03370063763629652,0.1438389979846149,0.033936560212901756,0.04318918242429218,0.0,False,-0.0026188584876646642,-0.05466658225462209,1.8481772207944505,569.102525654992,627.4577456939813
Cash50,1722297600000000,1722297660000001,10167.660161059384,10176.740530655954,9.200439913297837,-0.10429408816634249,0.00642776707037806,0.00467423074590748,0.00467423074590748,0.0,11.685576864768697,0.11033878044742369,0.03999165381316276,0.03358344318383034,0.11039068647807612,0.034952181721164224,0.11039068647807612,0.040859974074626236,0.034952181721164224,0.14376957843862975,0.03392261724795187,0.04321828196802488,0.0,False,-0.002676567802927142,-0.05387992062708291,1.8669056308848222,567.1225834767605,632.1351175025303
Cash50,1722384000000000,1722384060000001,10176.740530655954,10165.448504641217,-11.140514562233877,-0.1184268262045898,0.013477182329501786,0.009803721984717495,0.009803721984717495,0.0,24.509304961793738,0.10991238768282263,0.04020455475911667,0.03350878013457315,0.10759892206310621,0.03340683201913513,0.10759892206310621,0.03915316447055508,0.03340683201913513,0.14351067636397938,0.03384714262362414,0.043213546699709685,0.0,False,-0.002679616157715437,-0.05409292246395332,1.9028461151882217,543.7006573706652,651.8760324725718
Cash50,1722470400000000,1722470460000001,10165.448504641217,10138.314763412864,-27.12161399061372,0.0159949814717705,0.011458789422239877,0.008331714894335344,0.008331714894335344,0.0,20.829287235838358,0.10952047351307995,0.03975277456142892,0.03334303456248433,0.10724850232452697,0.03258489630562826,0.10724850232452697,0.03718389688929516,0.03258489630562826,0.14274980020188005,0.033679739717777574,0.04331003347055605,0.0,False,-0.0027441121828904996,-0.054882498479997335,1.973358114783214,542.660843985398,662.9540887286958
Cash50,1722556800000000,1722556860000001,10138.314763412864,10108.490929730608,-29.683181987291746,-0.10836045348710457,0.013161925712112095,0.009564657882502794,0.009564657882502794,0.0,23.91164470625698,0.10816311065211562,0.03954256518307066,0.032972162440489505,0.10120536128589197,0.031229681765698514,0.10120536128589197,0.03672264397261727,0.031229681765698514,0.14120880559074026,0.0333051085069156,0.04347943548446168,0.0,False,-0.00266039951571571,-0.05430531062538314,1.9968047915273015,561.8169689747941,673.6011014033769
Cash50,1722643200000000,1722643260000001,10108.490929730608,10084.960075181765,-23.444757088497138,0.038051390489302776,0.05058319029854956,0.03678283026824814,0.03678283026824814,0.0,91.95707567062033,0.11030372922144069,0.03825168463772551,0.03331368500101901,0.1066605112052912,0.03294531566226591,0.1066605112052912,0.03601574012276198,0.03294531566226591,0.14232661251124465,0.033649773590220804,0.04306046736854245,0.0,False,-0.0029593087359556978,-0.06095411204175273,2.195894092798923,599.300492637468,692.5083877579897
Cash50,1722729600000000,1722729660000001,10084.960075181765,10073.436314717024,-11.4051444199152,-0.03505175427701,0.03406084542000451,0.024751722563770447,0.024751722563770447,0.0,61.879306409426114,0.11160984532501046,0.042151890225578595,0.0342252448650894,0.10669910076488572,0.033385873924778244,0.10669910076488572,0.041067561285049785,0.033385873924778244,0.1467981346316748,0.03457066795318563,0.042840421535956415,0.0,False,-0.0028874894054683182,-0.060391389877402134,2.4251352047738655,622.5782251432906,788.6032977007748
Cash50,1722816000000000,1722816060000001,10073.436314717024,10054.528952963048,-17.339211076397547,-0.051584221870068746,0.6178582750932411,0.4493540903070668,0.4493540903070668,0.0,1123.3852257676667,0.11794811748707047,0.04026161331665916,0.03552627136926649,0.10886343840730746,0.03316854266924809,0.10886343840730746,0.03860673423891518,0.03316854266924809,0.15165131493365613,0.03587972005218504,0.030320766962567386,0.0,False,0.006149550651122362,-0.07267241228878212,0.5848291183987541,683.249482883723,-1883.430183726533
Cash50,1722902400000000,1722902460000001,10054.528952963048,10081.265780886311,26.91210270611793,-0.06513985976432615,0.0448686798033797,0.03263312164311802,0.03263312164311802,0.0,81.58280410779503,0.11697875518999525,0.03818616270094665,0.034972613202640807,0.12088492380290489,0.0362040662812463,0.12088492380290489,0.040753987096958655,0.0362040662812463,0.14901623168435557,0.03532548497064514,0.029952731333583577,0.0,False,0.006512003427974177,-0.0818984696399966,0.5922984061724934,720.4042210626192,-2102.031746561356
Cash50,1722988800000000,1722988860000001,10081.265780886311,10151.860804563124,70.62413212773329,0.02463991728055823,0.021893443235069678,0.015927462483176547,0.015927462483176547,0.0,39.81865620794137,0.11693577972061318,0.03921721402173972,0.03511652703341425,0.12076306870436129,0.04126893218261929,0.12076306870436129,0.045901060995249404,0.04126893218261929,0.14980682850926014,0.035471050312427393,0.030328389993578023,0.0,False,0.006316354727660605,-0.07959297625647946,0.5488745043805061,699.776941825466,-2034.6352437767023
Cash50,1723075200000000,1723075260000001,10151.860804563124,10169.278124555789,17.88012507924705,-0.07904051359902838,0.1563317901276669,0.11371639142786853,0.11371639142786853,0.0,284.2909785696713,0.09298353624424997,0.03957857420731374,0.029182670192159556,0.10174341094710626,0.03259198364219724,0.10174341094710626,0.04126754203004649,0.03259198364219724,0.1259006905846368,0.02947633032076897,0.033447845188513764,0.0,False,0.005380365094973418,-0.057975118373552945,0.556637555196857,494.81744850728643,-1422.0418789725716
Cash50,1723161600000000,1723161660000001,10169.278124555789,10154.056114306459,-14.972325607901652,-0.015725134026809293,0.0952974026200506,0.06933105239136814,0.06933105239136814,0.0,173.32763097842036,0.08470111824709328,0.033939113495208575,0.026266146586054605,0.08175818818377376,0.025946903939208375,0.08175818818377376,0.03251469311680225,0.025946903939208375,0.11297963203100905,0.026530850801946212,0.029801819363955324,0.0,False,0.004335980543872914,-0.04818562800140314,0.42446772976425073,433.04410615957227,-1205.5139379456132
Cash50,1723248000000000,1723248060000001,10154.056114306459,10153.675201613076,-0.3090527086798064,-0.03173778607861706,0.01634826385321228,0.011886967384528033,0.011886967384528033,0.0,29.717418461320083,0.08468517774166746,0.033339327316155465,0.026172193532840185,0.08511762255292028,0.026403771346990054,0.08511762255292028,0.033310008771203235,0.026403771346990054,0.112481009682701,0.026436454664063823,0.030191462858335655,0.0,False,0.004373611349065555,-0.05024038552369618,0.4345089079576698,459.30326941064726,-1257.0319856037847
Cash50,1723334400000000,1723334460000001,10153.675201613076,10132.547627895166,-21.076608057454187,-0.03999656434821408,0.004469083908257869,0.0032500060990757642,0.0032500060990757642,0.0,8.12501524768941,0.08451292741390447,0.033382907397376226,0.026135667963082553,0.08102228768893975,0.025246739088561336,0.08102228768893975,0.031372388903021076,0.025246739088561336,0.11234255876844562,0.02639963608940657,0.030237659510010534,0.0,False,0.004357681767779258,-0.04978357461150828,0.44096221160712523,454.6390217400907,-1235.617515826589
Cash50,1723420800000000,1723420860000001,10132.547627895166,10126.517881538924,-5.973609132638587,-0.013732509726958208,0.017279434384774386,0.012562639745247664,0.012562639745247664,0.0,31.40659936311916,0.0841222155348377,0.03267452590919675,0.02593173277008894,0.08705115307637301,0.02663284912638318,0.08705115307637301,0.03210394719195067,0.02663284912638318,0.11137512607715959,0.026193559844224282,0.030739219463120963,0.0,False,0.004475895512222616,-0.050991273168129056,0.46742831953000663,475.6578887383556,-1295.4621865119707
Cash50,1723507200000000,1723507260000001,10126.517881538924,10138.7087313876,12.310491630235848,-0.046583973510507325,0.029765712061732535,0.021646047994739074,0.021646047994739074,0.0,54.11511998684768,0.08170784047631675,0.032641940221676546,0.02532325115233067,0.08235246658928702,0.0258218019674786,0.08235246658928702,0.03381666317754459,0.0258218019674786,0.10890971189469063,0.025578857027902233,0.029024174758499395,0.0,False,0.004324351991844125,-0.04566941417256734,0.4531390433941943,452.2654418898692,-1153.3498877792404
Cash50,1723593600000000,1723593660000001,10138.7087313876,10132.650439721563,-6.0538535108491365,0.009875427180821636,0.005828762309966973,0.004242410028958189,0.004242410028958189,0.0,10.606025072395472,0.08162407342512049,0.0327964343469146,0.025325483508317315,0.07978134734557735,0.024975755626068255,0.07978134734557735,0.03221853692360284,0.024975755626068255,0.10895057437050927,0.025581260357995683,0.02927909584110522,0.0,False,0.004241228035869946,-0.045808473807228585,0.45403257414365816,445.3900056790897,-1163.7247573032787
Cash50,1723680000000000,1723680060000001,10132.650439721563,10129.647458670272,-2.970332642169001,0.017240112400655302,0.020330731448024615,0.014778895036655039,0.014778895036655039,0.0,36.947237591637595,0.0834281128110062,0.03440577938873026,0.02601789511106109,0.08172693594834293,0.02564531205088641,0.08172693594834293,0.03412257810223141,0.02564531205088641,0.11207291923396571,0.026280572738266218,0.030266895633533675,0.0,False,0.0044880191612513744,-0.04666701640883742,0.4853505491534908,463.97208437768825,-1213.6525670828419
Cash50,1723766400000000,1723766460000001,10129.647458670272,10134.355488791758,4.792214171196601,-0.03312249265207914,0.020803758620588766,0.015128899218630084,0.015128899218630084,0.0,37.82224804657521,0.08546118355982313,0.03446427743994074,0.026534937505946894,0.08616658964792433,0.027154937822563903,0.08616658964792433,0.0349209611945558,0.027154937822563903,0.1141737734713954,0.026802832069247412,0.02959240501029401,0.0,False,0.004677164194421679,-0.05032107851978848,0.4906975431822587,480.0646675439614,-1291.7035319460929
Cash50,1723852800000000,1723852860000001,10134.355488791758,10135.560695704897,1.2600805825601535,-0.023089672382229642,0.012947783546841438,0.009418106746717681,0.009418106746717681,0.0,23.545266866794204,0.08849017889485981,0.03444715697940521,0.027289618270625732,0.08951913306326015,0.02757446077511041,0.08951913306326015,0.0345672756190194,0.02757446077511041,0.11721973790072356,0.027565184528509905,0.02928494029022953,0.0,False,0.004700346801840993,-0.052870678950610484,0.503459243638839,491.14158290676863,-1367.3094619446076
Cash50,1723939200000000,1723939260000001,10135.560695704897,10133.185630129838,-2.3419673727120736,-0.0014046581128174863,0.012911680116348096,0.009390932059000308,0.009390932059000308,0.0,23.477330147500773,0.09150243194150691,0.03437645660391834,0.028032076475964476,0.09046753708186665,0.027870129588257568,0.09046753708186665,0.03415328783662925,0.027870129588257568,0.120205277883384,0.02831514022286926,0.028548278218979397,0.0,False,0.0047783371024709646,-0.05538844287365007,0.49154397412731005,501.9786645104657,-1410.548576814567
Cash50,1724025600000000,1724025660000001,10133.185630129838,10152.154595425454,19.620415986322968,0.0026985166564236157,0.2665076399410012,0.1938207837112558,0.1938207837112558,0.0,484.5519592781395,0.09596326741405184,0.035066675353153894,0.029250818156486044,0.0985883692423419,0.03100011091071977,0.0985883692423419,0.03693153058390069,0.03100011091071977,0.12526121392648557,0.029544373601871367,0.025481553016826013,0.0,False,0.005074448498960465,0.02722734978406885,-1.084766070352558,526.812719184738,-1545.8378498294971
Cash50,1724112000000000,1724112060000001,10152.154595425454,10146.286260487528,-5.829648331426519,-0.014965128348256935,0.009659776421250614,0.00703085086559333,0.00703085086559333,0.0,17.577127163983324,0.0968909053234998,0.035220485080230714,0.02950579909290956,0.09649773842294312,0.029364655275246048,0.09649773842294312,0.03466621349101216,0.029364655275246048,0.1263303041979967,0.02980376782807464,0.02661512806071855,0.0,False,0.005042424395325222,0.027140122657700785,-1.085952171537741,501.4173651349405,-1544.823769643202
Cash50,1724198400000000,1724198460000001,10146.286260487528,10156.463836916058,10.255940973905316,-0.013265529365855164,0.026524589173108584,0.019287213418650723,0.019287213418650723,0.0,48.218033546626806,0.10125067202127318,0.035712665652297325,0.03066956785316289,0.10329305429949888,0.03173898505323534,0.10329305429949888,0.036686444310812444,0.03173898505323534,0.13113128445167305,0.030979162702904423,0.027287875030921057,0.0,False,0.005271774870822258,0.02816644219765917,-1.1678804640546105,523.6960928390238,-1614.1448371238903
Cash50,1724284800000000,1724284860000001,10156.463836916058,10151.597886073701,-4.851595408541389,0.008243305428776963,0.009203550875973234,0.0066975941845260805,0.0066975941845260805,0.0,16.7439854613152,0.10215161884019539,0.03542419944387292,0.030851534626629786,0.10149959637094144,0.030706858021489637,0.10149959637094144,0.034963185957110995,0.030706858021489637,0.1318087758030963,0.031163096949616942,0.027400181668083806,0.0,False,0.0051243599254743475,0.027345220455963024,-1.1858995199692182,521.9753432332878,-1595.6703571151088
Cash50,1724371200000000,1724371260000001,10151.597886073701,10157.328182640787,5.730019838203369,0.015556017198656477,0.006226532136418954,0.004526378089590396,0.004526378089590396,0.0,11.315945223975989,0.10261444678431525,0.03558165161295704,0.030990859438022367,0.10793906254385348,0.032881217010416464,0.10793906254385348,0.03612565124164325,0.032881217010416464,0.13240360685352925,0.03130385130638239,0.02758306688775894,0.0,False,0.005213624584092607,0.02754647771327844,-1.1881704105771882,526.8021929677806,-1616.5169078909332
Cash50,1724457600000000,1724457660000001,10157.328182640787,10151.445161852374,-5.725867085940342,-0.04487674196414963,0.04573701712336982,0.033269971692478646,0.033269971692478646,0.0,83.1749292311966,0.09975150298682699,0.03406885795945069,0.03004820444062435,0.10058262380265777,0.03014901939485843,0.10058262380265777,0.03352418039423809,0.03014901939485843,0.12828806611148744,0.030351386155675387,0.026658399303023588,0.0,False,0.004764371271375512,0.02504847962027468,-1.0881773156381396,500.00999358034477,-1476.524448475607
Cash50,1724544000000000,1724544060000001,10151.445161852374,10150.773077864784,-0.7120299734053971,0.06186664071497275,0.008932534621061876,0.00649406013976361,0.00649406013976361,0.0,16.23515034940902,0.0990330207219667,0.034241109026380556,0.029894421534448757,0.09797130891219225,0.029957767693821462,0.09797130891219225,0.034173156797072037,0.029957767693821462,0.1277026615592379,0.03019632018337527,0.026719135774347237,0.0,False,0.004734823328875631,0.025139293977983063,-1.025933574315848,495.786514535137,-1462.922860827819
Cash50,1724630400000000,1724630460000001,10150.773077864784,10147.127631332018,-2.4099098296895134,0.011101235501783824,0.5078917141727237,0.36937311220177027,0.36937311220177027,0.0,923.4327805044258,0.08736813550367711,0.0350024923946827,0.02709240773512168,0.08546794665757751,0.026779147356608843,0.08546794665757751,0.03477327032961937,0.026779147356608843,0.1165211722924275,0.027362707534497537,0.03369875451238385,0.0,False,0.0011062924682815533,-0.04839702774394711,1.7281206942575875,458.13913466990806,-1210.6753514316135
Cash50,1724716800000000,1724716860000001,10147.127631332018,10134.147302900421,-12.918550339658491,-0.03823136457169347,0.009593246146442039,0.006976740610417368,0.006976740610417368,0.0,17.44185152604342,0.08718704442882717,0.03482437478688636,0.027020417325239746,0.08213463417250735,0.02605907542745916,0.08213463417250735,0.03359414414735438,0.02605907542745916,0.11620836089821038,0.02729328749850036,0.033595619794811515,0.0,False,0.0011252278551898414,-0.04956339051552597,1.7436863604827142,467.244354138825,-1261.3461660918751
Cash50,1724803200000000,1724803260000001,10134.147302900421,10124.921592902205,-9.172026079310102,0.007646514366533691,0.024986469849740147,0.018171981711338905,0.018171981711338905,0.0,45.42995427834726,0.08661801745487621,0.033593225375939235,0.026693488170109938,0.08683704069641325,0.026883098267375484,0.08683704069641325,0.03271774550877974,0.026883098267375484,0.11463829385292734,0.02696295618674361,0.033176307364173895,0.0,False,0.0011472130980257295,-0.05473792203666143,1.8458826613505892,478.6166030094283,-1363.0220211042572
Cash50,1724889600000000,1724889660000001,10124.921592902205,10113.883342088595,-11.046514266063628,0.03177450036018101,0.009580810484734473,0.006965118711089589,0.006965118711089589,0.0,17.412796777723972,0.08564780791287649,0.03356457680442724,0.026446638498883207,0.0848197152160516,0.026126283386366096,0.0848197152160516,0.03250891808006904,0.026126283386366096,0.11363556375935543,0.026713714229524146,0.033071284747337754,0.0,False,0.001152201905448604,-0.05215771091532236,1.8625112640423225,470.84494357101573,-1324.96835866008
Cash50,1724976000000000,1724976060000001,10113.883342088595,10110.491130143484,-3.405295912213814,0.02879838928358103,0.00640495771021107,0.004654732234822604,0.004654732234822604,0.0,11.636830587056512,0.08560032623844924,0.033565323610879085,0.02643488010124417,0.08565294537569618,0.026698155944699244,0.08565294537569618,0.033239724919597854,0.026698155944699244,0.11358829333759182,0.026701857604153646,0.03305736055261865,0.0,False,0.0011441719311297029,-0.05206726904314758,1.909979126283873,476.4056986764371,-1313.3238385419208
Cash50,1725062400000000,1725062460000001,10110.491130143484,10105.792604955723,-4.636803496260327,-0.04819160242176222,0.005513413771713841,0.00400833765406443,0.00400833765406443,0.0,10.020844135161074,0.08548015249234948,0.03367799556956784,0.026421737458522544,0.08482622568561984,0.026405994224333953,0.08482622568561984,0.033234782213904177,0.026405994224333953,0.11355797828443731,0.026688587980154353,0.03297069505727448,0.0,False,0.001152483317185668,-0.05184850350071741,1.9364023393781344,471.4726168882996,-1288.361082363197
Cash50,1725148800000000,1725148860000001,10105.792604955723,10104.635483806078,0.0,-0.0,0.4713321542528405,0.3428944976960169,0.3428944976960169,0.0,857.2362442400422,0.0,0.0,0.0,0.0,0.0,0.0,0.0,0.0,0.0,0.0,0.0,0.0,True,0.0,0.0,0.0,0.0,0.0
