arm,reference,date,arm_net_USDT,reference_net_USDT,incremental_net_USDT,incremental_price_USDT,incremental_funding_USDT,incremental_fee_effect_USDT,incremental_execution_effect_USDT,arm_mean_gross,reference_mean_gross,arm_mean_net_signed,reference_mean_net_signed,arm_net_positive_minute_fraction,actual_equal_weight_mark_daily_return,request_CASH,request_VOL,request_CS,ramped_CASH,ramped_VOL,ramped_CS,price_held_gross_size,price_held_signed_composition_and_timing,price_fill_to_completed_minute_mark,asset_price_BTCUSDT,asset_price_ETHUSDT,asset_price_SOLUSDT,asset_price_XRPUSDT,asset_price_DOGEUSDT,arm_mean_weight_BTCUSDT,arm_mean_weight_ETHUSDT,arm_mean_weight_SOLUSDT,arm_mean_weight_XRPUSDT,arm_mean_weight_DOGEUSDT,reference_mean_weight_BTCUSDT,reference_mean_weight_ETHUSDT,reference_mean_weight_SOLUSDT,reference_mean_weight_XRPUSDT,reference_mean_weight_DOGEUSDT,actual_mark_return_BTCUSDT,actual_mark_return_ETHUSDT,actual_mark_return_SOLUSDT,actual_mark_return_XRPUSDT,actual_mark_return_DOGEUSDT
V2_GRU64_NO_CASH,STATIC50,2024-05-01,-5.683875827207885,-2.9772960216123465,-2.7065798055955383,-2.547031754075875,-0.001070805197142229,-0.06455752116973462,-0.0939197251534192,0.02284016119770937,0.011444197013097665,-5.948299158081246e-05,0.0026876310683555593,0.6805555555555556,0.003999903660748871,0.0,0.002857368668699012,0.997142631331301,0.95,0.0001428684334349506,0.04985713156656505,-2.808709388329069,0.25755314352446934,0.004124490728725574,-0.883352400726682,-0.33097721979038175,-2.212341753649997,0.0,0.8796396200911815,0.005654971212035704,0.0057353678910285755,-0.005836038222275418,0.0,-0.0056137838723696746,0.003508028126757785,0.0035578859139688266,-0.0022316324264710996,0.0,-0.002146650545899954,-0.0385705584240561,-0.01383564725546571,0.062140382171637754,0.03397282174260585,-0.023707479930977438
V2_GRU64_NO_CASH,STATIC50,2024-05-02,-2.3497915952793846,-0.4282941258570645,-1.9214974694223201,-1.8139310406169122,0.006275158035619911,-0.04636943637216204,-0.06747215046701599,0.04335092605677061,0.023149508143156146,-1.472345886950668e-06,0.007079019539551089,0.4375,0.01066650584293094,0.0,0.0028617006257856126,0.9971382993742144,0.8999999999999999,0.00028596486461130127,0.0997140351353887,-0.2610051552929137,-1.6949625018918895,0.14203661656788835,0.49960086072668053,0.1842289467903785,-1.526758150009996,-0.021965976840000328,-0.9490367212839802,0.010856998555768662,0.01081772829967317,-0.010859441156749916,0.0,-0.010816758044578866,0.006861018727826792,0.006836205756186074,-0.004025533079360174,0.0014170393573407505,-0.004009711222442354,0.012420619505422836,0.004672676277687859,0.022018280448836913,0.0007730962504832739,0.013447856732223817
V2_GRU64_NO_CASH,STATIC50,2024-05-03,-7.9759782527162315,2.017034571361364,-9.993012824077596,-9.838936194140175,-0.01324936305840193,-0.05736614910315532,-0.08346111777818041,0.06662911236851965,0.03479507196265939,-0.00023820611734234925,0.01042624905395194,0.09791666666666667,0.05629528454647712,0.0,0.0029131749997721723,0.9970868250002278,0.8499999999999999,0.00043192098323134966,0.14956807901676866,1.9967756930485565,-11.805957859500717,-0.02975402768801467,3.797832691315902,2.29041492349537,-4.529195442066458,-0.37067585917499873,-11.027312507709972,0.016686155307702056,0.01650929781788659,-0.01658143566686649,0.0,-0.016852223576064508,0.010642966637384827,0.010530193282322907,-0.00604287909780222,0.0014375005885979286,-0.006141532356551504,0.0646525624048051,0.03910710862740774,0.0443169596387778,0.026071842410196888,0.10732794965119807
V2_GRU64_NO_CASH,STATIC50,2024-05-04,-19.748001400226713,-6.2471264174928365,-13.500874982733876,-13.417314930173807,0.0018927489456327592,-0.03480678841124951,-0.05064601309304134,0.08717245901547765,0.046296882111913656,-0.001442423106973286,0.013670956730132631,0.003472222222222222,0.026103235398933933,0.0,0.002839237614635226,0.9971607623853648,0.7999999999999998,0.0005735278439021659,0.19942647215609785,-5.284977445044524,-8.094666953556546,-0.03767053157274211,1.2586044016840936,0.371061485415477,-2.240003001343535,0.06162609826199896,-12.868603914191858,0.021465019549079246,0.021399998405172937,-0.021548027882493426,0.0,-0.022759413178732042,0.013596910401419521,0.01355573901071864,-0.007933550510636468,0.002831270008884985,-0.008379412180254049,0.016078924852925836,0.0045416079518836305,0.016563308369005103,-0.0026350461133068936,0.09596738193416199
V2_GRU64_NO_CASH,STATIC50,2024-05-05,1.1231449801507551,0.8545356506238022,0.26860932952695293,0.3358124216513334,0.02312903454581698,-0.036794842836574804,-0.05353728383363038,0.09936755258351515,0.05130486194730057,9.549019632926506e-05,0.018235453504933073,0.7222222222222222,0.0020674980014526055,0.0,0.0028530443511570747,0.9971469556488429,0.7499999999999998,0.0007159976256055977,0.24928400237439444,0.9027127767247582,-0.5781771551143827,0.011276800040963412,0.15743274999999057,0.5448801140891564,0.44588648564999767,0.02902846278322149,-0.8414153908710306,0.0248047789209425,0.024926742468979704,-0.024763921816306707,0.0,-0.02487210937728623,0.015937831680242896,0.01601618870755582,-0.00793756932562609,0.002816137338318108,-0.008597134895557659,0.0019369193743608015,0.006299783741217535,-0.002280712568575427,-0.001029345159464179,0.005410844619724298
V2_GRU64_NO_CASH,STATIC50,2024-05-06,-19.26096508865885,-9.599376198233585,-9.661588890425264,-8.507267985429467,0.008254718711917713,-0.4736341865238116,-0.6889414371839735,0.18015369148420557,0.09438401683489056,-0.0009547379563876252,0.02085619496472082,0.22569444444444445,0.0007699723618587618,0.0,0.0028484234152450494,0.997151576584755,0.6999999999999997,0.0008581593449148945,0.29914184065508514,-7.8222844476879185,-1.0501738594893109,0.36519032174776767,3.621548665999976,-4.2161078727999906,-12.65165380634998,3.6130147438707443,1.125930283849766,-0.04432721310491235,0.04431864480598653,-0.046192356185536625,0.04526352521330818,-1.7338685233374734e-05,-0.017993508682278225,0.026411193696168737,-0.018753289271121788,0.026975410030208927,0.0042163891917431666,-0.013208726636244283,-0.02351342644718246,0.048773288301275475,0.019732426971676986,-0.027933700380231907
V2_GRU64_NO_CASH,STATIC50,2024-05-07,-1.8518500886020774,-7.234418233942051,5.382568145339974,5.541909212305826,0.02293790007751295,-0.07425673606987349,-0.10802223097443209,0.20806092385435598,0.1083020446205714,-0.0007198909345692375,0.02365595341869877,0.11944444444444445,-0.026681232206452087,0.0,0.002832015899991047,0.997167984100009,0.6499999999999997,0.0009991490988489056,0.3490008509011511,-6.391941600124514,11.936662606133073,-0.002811793702728939,4.081160975999989,-3.8178431483754895,9.51902362379887,-5.950612758866196,1.710180519748617,-0.052097705876279043,0.05200937383785571,-0.052292701518183576,0.051661142622037665,0.0,-0.021122026046538976,0.03104189209662826,-0.021201019554397335,0.03083407786368096,0.0041030290593258665,-0.013412455576882865,-0.01847199980401837,-0.031076288298784505,-0.028867358280844746,-0.041578059071729956
V2_GRU64_NO_CASH,STATIC50,2024-05-08,19.19526152736762,2.1942240966654936,17.001037430702127,17.156346909989473,0.051168637578051124,-0.08410765766110029,-0.12237045920303036,0.23574639224208865,0.12394862707205816,0.000700838726099057,0.02863226043203725,0.7993055555555556,-0.025546625321490678,0.0,0.0028351119706517824,0.9971648880293482,0.5999999999999996,0.0011403770120645114,0.39885962298793554,2.291655649668525,14.817320178514786,0.04737108180615309,6.360267384000017,-2.5415245887657267,14.081965772881105,-3.3693299485357615,2.6249682904098313,-0.059113250283794154,0.05917939625931401,-0.05840952647420065,0.05904421922477985,0.0,-0.02397182102085468,0.03536966600490558,-0.02368636229915578,0.03528894768850052,0.0056318300586416115,-0.01814565645572186,-0.010496040648960925,-0.03993885018658305,-0.013958712549411612,-0.04519386676677595
V2_GRU64_NO_CASH,STATIC50,2024-05-09,-50.97025974880853,-13.138492546058842,-37.83176720274969,-37.592091094546525,-0.014604365543099462,-0.09168099712209765,-0.13339074553920804,0.2698930288502512,0.1417214795180558,-0.0014324782570925274,0.03226121056538474,0.08819444444444445,0.03875716572558816,0.0,0.00283830740325286,0.9971616925967471,0.5499999999999997,0.0012818712113302072,0.44871812878866985,-11.505513136704646,-26.156084475325724,0.06950651748383155,-12.184591529000002,5.461442584998563,-28.665843429206355,1.8462490533922415,-4.049347774731047,-0.06734379312257716,0.06734109806670958,-0.06831896043109473,0.06688917722986977,0.0,-0.027168526663158197,0.04026981453700718,-0.027561607813177336,0.039999760100320705,0.0067217704043923765,0.030811486867596827,0.02065059167453276,0.0726974859800591,0.007038073128264433,0.06258819097748769
V2_GRU64_NO_CASH,STATIC50,2024-05-10,0.44401549020039965,-14.70114252719759,15.14515801739799,15.186901989775013,0.07008711708504345,-0.045562925032054835,-0.06626816442861583,0.29121917317490814,0.1527402943142115,-0.0005927692705458801,0.034585812654981576,0.21666666666666667,-0.04204184571411005,0.0,0.002824703989758204,0.9971752960102418,0.4999999999999997,0.0014221287366418434,0.49857787126335823,-12.952118773330083,28.115894059285267,0.02312670381981133,15.656623199999997,-12.146741657857383,18.44096461518002,-10.508228178002277,3.7442840104546535,-0.07277745587748298,0.0727122904106235,-0.07312851534524402,0.07260091154155761,0.0,-0.029467609798399793,0.043487346632612084,-0.029609631031215163,0.043421027936750574,0.006754678915233879,-0.036034835789316766,-0.04150837378762173,-0.04243272090040906,-0.03599733491108548,-0.05423596318211721
V2_GRU64_NO_CASH,STATIC50,2024-05-11,9.266229908598689,4.5211904253574176,4.745039483241271,4.998674684018803,0.006746425322442795,-0.10606870131643276,-0.1543129247835151,0.3254030872346985,0.17111950963340575,0.0010671883365565337,0.03946221425139447,0.9944444444444445,-0.00017712510310712303,0.0,0.0028419116777272935,0.9971580883222727,0.44999999999999973,0.0015641070307503885,0.5484358929692497,4.486342881441521,0.5732188290230802,-0.060887026445786134,-0.2299801800000385,0.3027303769369424,1.9598701719233504,2.5120842740760176,0.4539700410825553,-0.08136981796727201,0.08149117155562781,-0.08079813148179898,0.08174396622999971,0.0,-0.03303036896813527,0.04866648668375954,-0.03279827872287038,0.04881746293543942,0.0078069123232011525,0.0005051161520350789,0.0009300119119239891,-0.004198816603875222,0.007772020725388629,-0.00589395770100809
V2_GRU64_NO_CASH,STATIC50,2024-05-12,-4.567446060138536,-4.264136422732918,-0.30330963740561856,-0.11817925415730146,0.008637242226690267,-0.07893382429877627,-0.11483380117635367,0.35484631113394804,0.1855875369020448,-8.661377547334094e-05,0.041672265114467054,0.46458333333333335,-0.004797563614212308,0.0,0.0028596836909514645,0.9971403163090485,0.39999999999999974,0.0017080599929949526,0.5982919400070051,-3.5413753083652098,3.515344745241916,-0.09214869103399811,-5.562347473999962,1.9689632022630628,7.113258447722924,-4.6525093022199995,1.0144558720766848,-0.08900999177524646,0.08903758620187134,-0.08845647067946426,0.08834226247736601,0.0,-0.03609105484446095,0.0531638755308331,-0.03586658104932791,0.05274868904887706,0.007717336428545759,0.010638262883003735,0.005555359035634311,-0.013784559294814813,-0.013248961835080175,-0.013147918859804597
V2_GRU64_NO_CASH,STATIC50,2024-05-13,-20.648180428597698,2.0242889425826434,-22.67246937118034,-19.588258704339715,0.19830848275630397,-1.337299635419247,-1.94521951418005,0.2728053015959628,0.14675092514804777,-0.000811984293596502,0.05091660796107564,0.3055555555555556,0.02503490698730033,0.0,0.00288827701918859,0.9971117229808114,0.34999999999999976,0.0018555871212691574,0.6481444128787309,4.632655701930377,-24.117963115012635,-0.10295129125746089,-2.685869115000024,-2.8645705981308174,5.144572301689459,2.918607662288526,-22.100998955186924,-6.218824772646657e-05,-0.06747023426885852,0.06797411839502379,0.06789984843625267,-0.06915352860828798,0.01026566341859871,-0.023610155846769437,0.044284376254741,0.04419156697439835,-0.024214842839892982,0.02378786670723798,0.007561119594361454,0.028949971331915014,0.012032685370741536,0.05284289193224567
V2_GRU64_NO_CASH,STATIC50,2024-05-14,-2.3478205643023102,-15.518511535852667,13.170690971550357,13.048767174615447,0.1536699757908937,-0.012907175531084114,-0.018839003321758696,0.28824129274606836,0.15683911682474883,7.254347112295964e-05,0.062280359023673904,0.5875,-0.02275897331901864,0.0,0.0028566814212902525,0.9971433185787097,0.29999999999999977,0.0019986005927007423,0.6980013994072993,-12.474532177416771,25.36740786174441,0.15589149028779586,2.7083813162346146,11.255014822630766,-8.731069603349386,-2.297022905542505,10.11346354464198,0.0,-0.07154472529145997,0.07152563978152628,0.07263127832706939,-0.07253964934601273,0.012372487412662317,-0.0234284478002509,0.048220752547465225,0.04896649796408382,-0.023850931100286566,-0.02170521560533145,-0.023389840497580305,-0.037639542476488486,-0.009909440178837325,-0.021150827836855624
V2_GRU64_NO_CASH,STATIC50,2024-05-15,25.900842052424196,62.15630103444346,-36.25545898201926,-36.20922073497003,0.11913023073217727,-0.067347381540249,-0.0980210962413417,0.32118998989810443,0.1755397578920759,0.0008072867389025798,0.07350894773550118,0.7131944444444445,0.06967052187105076,0.0,0.002896607726424749,0.9971033922735753,0.24999999999999978,0.0021482684483214104,0.7478517315516787,51.060446154325405,-87.18097159670741,-0.08869529258803273,-10.656785144719674,-27.271048126771795,28.17951543678376,9.014738917381003,-35.47564181764326,0.0,-0.07966702219744674,0.08174837062451028,0.07925026769399322,-0.08052432938215418,0.01469751849448714,-0.02537126768436302,0.0557648185118043,0.054062015807497095,-0.025644137393924335,0.07514351561726529,0.052067378423878985,0.11616747483499212,0.0371999999999999,0.06777424047911751
V2_GRU64_NO_CASH,STATIC50,2024-05-16,55.687577750053606,16.672711525747218,39.01486622430639,38.89626831656789,0.15165792596103728,-0.01348077282545157,-0.01957924539819178,0.34450439437192587,0.18759889255984286,0.003998348083086135,0.07140692852320532,0.9951388888888889,-0.01606475636381206,0.0,0.002827312506650803,0.9971726874933492,0.1999999999999998,0.002284077259987289,0.7977159227400129,14.403009845880465,24.511078725174144,-0.017820254486698606,2.0196230334850624,16.34048867837182,1.5530815852562658,-1.6452350236360047,20.628310043090742,0.0,-0.08497550101894806,0.08789555458353236,0.08635581664397363,-0.08527752212547181,0.01388666197794299,-0.028996591764456427,0.058318654556864837,0.05729759400671627,-0.029099390253862344,-0.014497300053329054,-0.028915581110070532,0.005348644940325276,-0.005784805244890112,-0.03647474035109588
V2_GRU64_NO_CASH,STATIC50,2024-05-17,-10.346114209129155,23.428661698811993,-33.77477590794115,-33.814087372633395,0.18722308930728138,-0.06023916092761672,-0.08767246368775705,0.3700160708124516,0.20030495921469413,0.0006650330497685102,0.0758973809188068,0.6784722222222223,0.03883865406286598,0.0,0.0028478414067193425,0.9971521585932807,0.1499999999999998,0.0024250182966703026,0.8475749817033299,19.64887018221513,-53.47240238555624,0.009444830707720436,-4.010721145359517,-29.769779775295483,18.854863902720105,4.4092750927360544,-23.297725447434573,0.0,-0.0927628788902605,0.09421755973547508,0.09112299219563494,-0.09191263999108101,0.01502018408920545,-0.031244940332843977,0.06256763573145663,0.06051335024608837,-0.0309588488150997,0.027050189321320195,0.05009142867190142,0.0630814427941897,0.014740108611326797,0.03923010091559176
V2_GRU64_NO_CASH,STATIC50,2024-05-18,18.746328272762184,10.284347105891356,8.461981166870828,8.310150690247978,0.2170642499332297,-0.026572550068027834,-0.038661223242888454,0.3863007940145401,0.20828329537772816,0.0016581654224705274,0.07942228037006044,0.9923611111111111,0.0010881847815118917,0.0,0.002834023415276943,0.9971659765847231,0.0999999999999998,0.0025613533362058493,0.8974386466637944,8.81535613341866,-0.5085600292087804,0.003354586038097549,0.210195360397765,-6.45077232414268,5.534594362000069,-1.3227678486969836,10.338901140689917,0.0,-0.09689549639679809,0.0977176344006837,0.09626184531782161,-0.0954258178992367,0.015152489525597593,-0.032014074281701305,0.06482558553893214,0.06387471280936458,-0.03241643322213257,-0.001378604308774678,0.010015502340816163,0.0174076326682453,-0.00420489296636084,-0.016398713826366484
V2_GRU64_NO_CASH,STATIC50,2024-05-19,5.273030341388221,-12.673489663995497,17.946520005383718,17.933317967126744,0.14064155846928322,-0.051902576714986104,-0.07553694349635176,0.4059094923009631,0.22059317636740666,0.0005096835841657393,0.08413798413757896,0.7888888888888889,-0.017845570309198866,0.0,0.002860506063818158,0.9971394939361818,0.0499999999999998,0.002710929700012004,0.9472890702999882,-10.220560615542853,28.122295909378327,0.03158267329128344,1.6674159309617695,11.183406282638122,-4.786100016284381,-7.7020356665978476,17.570631436409123,0.0,-0.10130369202326328,0.10182305403911272,0.10138653390345169,-0.10139621233513542,0.016912102623206155,-0.03409803298584804,0.0678721929290671,0.06758128470021954,-0.0341295631290658,-0.009720675681956448,-0.01653794979650358,-0.014173415109780207,-0.02283961612284069,-0.025956194834913404
V2_GRU64_NO_CASH,STATIC50,2024-05-20,-31.931903395505287,49.83442532662957,-81.76632872213486,-79.40531753633232,-0.0944102688371618,-0.9237392611857613,-1.3428616557791697,0.46200394028784103,0.3026042182017273,0.14880107144941676,0.11250036055746132,1.0,0.10807631207118074,0.0,0.002976156471994451,0.9970238435280055,0.0,0.002976156471994451,0.9970238435280055,28.052282224690718,-107.59543673444313,0.13783697342009651,43.853961741000006,-176.15804831453738,54.90405142364456,18.536067027066736,-20.541349413505614,0.15056350005585173,-0.15309642097468945,0.1546479452261362,-0.00317466056976959,-0.00013929228811209381,0.09342433006533932,-0.05853096857135582,0.09594993047051258,-0.03639387462746018,0.018050943220425456,0.0788367648257684,0.19354250931761996,0.09906610686673778,0.056303611215827276,0.11263256812995026
V2_GRU64_NO_CASH,STATIC50,2024-05-21,-147.58556237728772,-74.70246219904584,-72.88310017824188,-71.17783881413389,0.34391511769460403,-0.8345813141592178,-1.214595167643731,0.5904508943900071,0.3104075684897754,-0.009326030862947239,0.07022002495618508,0.009027777777777777,-0.0004762369730126004,0.0,0.0028247644299070895,0.9971752355700929,0.0,0.0028247644299070895,0.9971752355700929,-63.245708774175334,-7.892925327341034,-0.039204712617578075,-10.153552453764387,-31.246466067028603,-25.918072084429774,0.3486601775539706,-4.208408386464962,0.14687524533600216,-0.15091908070209764,0.14368718642752773,-0.14896938192437947,0.0,0.08856876264159876,-0.06042392366889742,0.08664486674548866,-0.05966984809789773,0.01510016733589283,-0.018189380553724765,0.03493398864657671,-0.04570825566197423,-0.0010501989754775343,0.02763266167953682
V2_GRU64_NO_CASH,STATIC50,2024-05-22,15.144434930209172,-3.8607742078820593,19.00520913809123,19.20723111693479,0.23723599967177716,-0.17897578583238616,-0.2602821926830856,0.5176844086047293,0.27517737758030236,0.0030939486697196855,0.07607101988360157,0.9430555555555555,-0.015132387774497014,0.0,0.0028395197503224834,0.9971604802496775,0.0,0.0028395197503224834,0.9971604802496775,-2.520328554087678,21.759096839485053,-0.03153716846258814,-6.325876233383225,10.52372634536627,-3.0016702356800113,14.521706969859979,3.4893442707717517,0.12952095802900962,-0.12850743767897682,0.13086822060821493,-0.12878779228852805,0.0,0.07999388733085874,-0.04972229441553048,0.08082636543438144,-0.04983088443281992,0.014803945966711786,-0.013467630275785902,-0.013688060406252034,-0.006455198118450078,-0.01880119136262104,-0.023249858709376015
V2_GRU64_NO_CASH,STATIC50,2024-05-23,-48.23810878297991,-31.592379512048865,-16.645729270931042,-16.82609451761054,0.24654540106510725,-0.02695288057619738,-0.03922727381017932,0.5218367733204742,0.27396438846784255,-0.004474851260573607,0.07403178607750076,0.010416666666666666,-0.009215953476049732,0.0,0.0029088742862268813,0.9970911257137731,0.0,0.0029088742862268813,0.9970911257137731,-27.06629051024541,10.256306521986353,-0.016110529351491213,-8.320467956852388,-9.368852335499902,-2.1541931297200243,-2.8070571468610357,5.824476051322775,0.13001268367671998,-0.1326253871970145,0.1286682773532303,-0.13053042509350946,0.0,0.08018918170304998,-0.05050487347895925,0.07934202715779297,-0.04946142771621166,0.014466878411828714,-0.017531136910423628,0.011996492222465793,-0.004570595646352316,0.003604629102637036,-0.039579156148575545
V2_GRU64_NO_CASH,STATIC50,2024-05-24,-49.20877522707087,-27.687891389443394,-21.52088383762748,-21.674026098482194,0.22970857737611622,-0.031201608018647242,-0.0453647085031319,0.5069818875464135,0.26876305271068485,-0.004015046496543913,0.07323782641170845,0.018055555555555554,-0.0030463692844022285,0.0,0.0032506547138236863,0.9967493452861763,0.0,0.0032506547138236863,0.9967493452861763,-23.288398499185355,1.6300025822682134,-0.015630181565025998,3.884070934004434,11.206113325900027,-22.320813077509882,-10.547168632284055,-3.896228648592744,0.12863455445181332,-0.12671412727399686,0.12284886607312144,-0.1287843397474818,0.0,0.0794959111185067,-0.04848533994647212,0.07603126772934618,-0.04927727320301608,0.015473260713343763,0.00841948638021961,-0.014665282302060989,-0.04841727740192514,0.013900737240075456,0.025530489661679923
V2_GRU64_NO_CASH,STATIC50,2024-05-25,-1.5728738463603804,13.427850836424113,-15.000724682784494,-15.166041257081046,0.23392173371032643,-0.027952156190667488,-0.04065300322115828,0.5068851327842294,0.2707277145379234,0.0010230696402343585,0.07851209224778902,0.8194444444444444,0.018719963493742765,0.0,0.005867812679347106,0.9941321873206529,0.0,0.005867812679347106,0.9941321873206529,11.460368842807693,-26.6234607339484,-0.0029493659403335183,4.753956714851061,-4.327306130900057,1.8453326116461057,-7.731693317976919,-9.706331134701227,0.12714173794555042,-0.12659998787170257,0.12681236326668147,-0.126331043700295,0.0,0.07948456453396645,-0.04810503842170287,0.07927897221992575,-0.04800277272336431,0.015856366638963997,0.010710437455137,0.005772706066569766,0.004154894143620469,0.010319071476536879,0.0626427083268497
V2_GRU64_NO_CASH,STATIC50,2024-05-26,-44.06262693766985,-36.89187754079103,-7.1707493968788185,-7.358391905295846,0.23124149389109122,-0.01776838450422602,-0.02583060097158718,0.5024761070988765,0.2685418217007337,-0.002398515446503227,0.07521211672391064,0.12916666666666668,-0.017957786041999935,0.0,0.011421592531917213,0.9885784074680828,0.0,0.011421592531917213,0.9885784074680828,-30.101982797289637,22.706845690475888,0.03674520151791065,-4.977768772855489,-15.11017699699996,-12.64887708501621,18.32796300131006,7.050467948265895,0.1262112197255321,-0.12795076602465463,0.12382757610065451,-0.12448654524803521,0.0,0.07909287527753506,-0.04897598450297254,0.077599508568277,-0.04768886798543899,0.015184585366510097,-0.011340737208947127,0.02036175572824339,-0.028795075832633854,-0.024706500322871028,-0.045308372573791056
V2_GRU64_NO_CASH,STATIC50,2024-05-27,28.92594487268252,30.278429071828214,-1.3524841991456924,1.5477807076343666,0.24373112719767615,-1.2809103421636072,-1.8630856918124303,0.4141651460251361,0.23564345900518802,0.012430949527317683,0.08006805066707637,0.9993055555555556,0.020286760373323044,0.0,0.09556953478922503,0.904430465210775,0.0,0.06142159253191721,0.9385784074680827,23.55166933634332,-23.133530916092916,1.1296422873839638,-1.8064665860000304,6.328517197399904,12.911553292343832,-6.331849830562046,-9.553973365547403,0.002005019667600182,0.10530307279695368,0.10590063761785055,-0.10021430425373458,-0.10056347630135212,0.015668472520123287,0.07088544528249759,0.07125727791264971,-0.03880905137011226,-0.038934093678081975,0.01367835935573214,0.017912335109065092,0.04119201981530196,0.010974456007568634,0.017676631578947388
V2_GRU64_NO_CASH,STATIC50,2024-05-28,11.13968113487681,-3.963952116742803,15.103633251619613,14.982173506803537,0.16731183634079388,-0.018686030677617538,-0.027166060847619633,0.4037144455190872,0.23356663757529314,0.013579722496811964,0.07763188350377088,1.0,-0.013995847646233007,0.0,0.08327577339920844,0.9167242266007916,0.0,0.08327577339920844,0.9167242266007916,-2.582710104616429,17.58001002732871,-0.015126415908748518,1.9927594102464659,-3.9231078691999652,-2.63668346824272,5.637670416708694,13.91153501729117,0.0018911904915305834,0.10342187964433833,0.10333401387208065,-0.09818271512847206,-0.09688464638266557,0.015201008728359418,0.07002895253054382,0.0703692992806288,-0.039728200295850495,-0.038239176739910646,-0.014740755992519783,-0.012597244930173557,-0.008515842839870391,-0.009958656185663495,-0.024166738282937805
V2_GRU64_NO_CASH,STATIC50,2024-05-29,-7.697935431993756,-11.247143025218975,3.549207593225219,3.431398232656199,0.31669124197550574,-0.08104610309616422,-0.1178357783120152,0.38987842654164917,0.23658254778223567,0.01981194111951648,0.07631616393272984,1.0,-0.009936018633239497,0.0,0.619486578704882,0.38051342129511795,0.0,0.13327577339920843,0.8667242266007915,-6.5028483041204135,10.000456157628868,-0.06620962085227133,1.2165039867535459,-5.402154563000018,-0.540589607201039,4.809943971914265,3.347694444189393,0.004086991953385148,0.0995968878670303,0.10116130401016735,-0.09214012033682858,-0.09289312237423773,0.015148083135700199,0.07037113188324613,0.07093014083853642,-0.03969780847102003,-0.04043538345373289,-0.01097324551482004,-0.020005146854310207,-0.0021951108020392684,-0.00960168387752336,-0.006904906117504606
V2_GRU64_NO_CASH,STATIC50,2024-05-30,17.192533384515627,5.882622070681464,11.309911313834164,11.404379558308397,0.1571881163350518,-0.10254456096922482,-0.14911179983959677,0.3665779359275614,0.23487239632570436,0.029401293043228045,0.07763673009051109,1.0,-0.007955172623065065,0.0,0.9315506746069264,0.06844932539307359,0.0,0.18327577339920845,0.8167242266007915,3.305805509556026,8.08535043466161,0.013223614090770042,-0.998997210838743,-1.2247696030858028,-2.0403522184656087,4.105217740839052,11.563280849859472,0.005678425959132857,0.09620603661106342,0.09610515191519846,-0.08482794321223253,-0.08376037822993415,0.015198669832163173,0.07084680027566427,0.0702090931002803,-0.03929770175650977,-0.03932013136108689,0.01049860880202469,-0.005342283057254038,-0.008568286240166367,-0.009406108035884708,-0.026957794584044903
V2_GRU64_NO_CASH,STATIC50,2024-05-31,-0.786559777072398,-3.169632736420681,2.383072959348283,2.2894050811115907,0.10892551161848463,-0.006225956753613815,-0.009031676626655383,0.356375834202374,0.24378910734753972,0.03847630099532999,0.08206545666287537,1.0,-0.004152807424649163,0.0,0.9910491004640453,0.008950899535954751,0.0,0.23327577339920846,0.7667242266007914,-1.0944497420550405,3.4255992248591536,-0.041744401692514234,1.0674821469972922,0.7329244142991631,-1.4444522724544129,0.8505205157595527,1.0829302765099817,0.007598619174238498,0.09521327626419185,0.09461417216042164,-0.07951837338208684,-0.07943139322143516,0.01629078133880579,0.0735498924873629,0.07308660817903885,-0.04045285606637568,-0.0404089692759565,-0.012081997433233682,0.0037345145424714232,-0.007421009887897734,-0.002237615298578577,-0.002757929046007246
V2_GRU64_NO_CASH,STATIC50,2024-06-01,8.15274393967411,8.943027998779144,-0.7902840591050335,-0.729446253465122,0.22353151101915347,-0.11587486587267293,-0.16849445078630154,0.3390693785125058,0.24445285136779388,0.04709477064271909,0.08244870162226761,1.0,0.006244817585117435,0.0,0.995534617811414,0.00446538218858608,0.0,0.28327577339920845,0.7167242266007914,3.2945571840901087,-3.9709337662268527,-0.05306967132837843,-0.2486187811585575,2.276037642586637,0.5520888847616505,-0.6920577264976104,-2.6168962731572116,0.009278436713652628,0.09190147562776169,0.09190216223619814,-0.07292847794354486,-0.07305882599134851,0.016213593281827525,0.07402557432765713,0.07321160888554609,-0.04047910235731684,-0.0405229725154463,0.003379559529997911,0.014252873908417785,0.0032354156210641083,0.002103316175975367,0.008252922690132003
V2_GRU64_NO_CASH,STATIC50,2024-06-02,-4.306568817873995,-7.77416388751044,3.4675950696364453,3.699678968346693,0.10396558676594025,-0.13693018055785355,-0.1991193049197495,0.31371272801902317,0.24205808708511334,0.054417200579362855,0.08129340257864769,1.0,-0.011439390470242094,0.0,0.9939711629734469,0.006028837026553089,0.0,0.33327577339920844,0.6667242266007913,-2.0362414983868753,5.763010349950537,-0.02708988321697342,-0.0047557229999937445,-1.0415270295086323,-2.279711694777479,2.376846382641265,4.648827032991504,0.010915961390817897,0.08670595707249013,0.08644304583588498,-0.06505947275321787,-0.06458829096661228,0.016248529056998622,0.07317420718739824,0.07225300858748367,-0.04022170924870255,-0.04016063300453028,9.734613779177614e-05,-0.008886510724127494,-0.0182334239601859,-0.010082231643862016,-0.020092132160826837
V2_GRU64_NO_CASH,STATIC50,2024-06-03,-13.181854108379412,-8.358907522480877,-4.822946585898535,-4.665202210074176,0.1041964951349299,-0.10673367591811811,-0.15520719504161917,0.33614157595972505,0.2788685977527562,0.0651418068339637,0.08554441669992753,1.0,0.008562727354843336,0.0,0.9943290225198103,0.005670977480189703,0.0,0.3832757733992085,0.6167242266007913,-1.2758911136422764,-3.4139914330706507,0.024680336638761867,-2.721723997000023,-0.3529168764913413,0.9436259248558159,-2.2572340375040802,-0.2769532239345087,-0.06788237082420248,0.09333505107991659,0.09396298277419932,-0.06754204776325268,0.013268191567302919,-0.04842913856042864,0.08211956236514628,0.08267153331445778,-0.048187966140806386,0.017370425721558502,0.0154175374119363,-0.003828384954659425,0.010706933068672209,0.012692625998569795,0.0078249252496978
V2_GRU64_NO_CASH,STATIC50,2024-06-04,26.982159637158475,29.02461655184743,-2.0424569146889553,-1.6954180119510056,0.02955825849439697,-0.15345102226830676,-0.22314613896424618,0.30774383363051727,0.2755196366499505,0.07520425111015148,0.08678201706184076,1.0,0.021779958716283198,0.0,0.9899478968915185,0.010052103108481501,0.0,0.4332757733992085,0.5667242266007912,2.7064057914163504,-4.379532603791592,-0.022291199575767792,-2.3945437610000067,0.4730113702759553,1.787216173880907,-1.0734846495793082,-0.4876171455284952,-0.058278604373538455,0.08784241469997095,0.088604014339884,-0.057991186886644425,0.01502761333047941,-0.04730102504397173,0.08155904698912574,0.08226613228701103,-0.04706778475008314,0.01732564757975887,0.025107732170634334,0.011641715296552224,0.041771743386163074,0.011070687060852569,0.019307915667213793
V2_GRU64_NO_CASH,STATIC50,2024-06-05,16.8041519732069,17.519383539613045,-0.7152315664061462,-0.3806198306542896,0.022814140820616613,-0.14564021262638782,-0.2117856639444735,0.28259144712967904,0.2745329404462897,0.08330989449397824,0.08618803843549117,1.0,0.008956315029676976,0.0,0.984505463894882,0.015494536105118011,0.0,0.48327577339920846,0.5167242266007912,0.1726690116650061,-0.5340344740769704,-0.01925436824233326,-0.19171726868314742,-0.007163998197180277,-0.011079612574155462,-0.043465290989304795,-0.1271936602105046,-0.04993883847728539,0.08285923691324598,0.08338378750550857,-0.04970193784056499,0.01670764639307409,-0.047198140888647155,0.0812799831785487,0.0817944548348392,-0.04697431011675209,0.01728605142750252,0.007867112014168454,0.014417133779526914,0.010235663439623455,0.00030195059399229507,0.01195971532107376
V2_GRU64_NO_CASH,STATIC50,2024-06-06,-24.369950585922197,-24.582780148532038,0.21282956260984065,0.5784478891921587,-0.010945486668148874,-0.1445179953935547,-0.21015484451987376,0.2562478518592197,0.272008326048402,0.09033039762993064,0.08469952535372106,1.0,-0.012990020925341895,0.0,0.9853268442819676,0.01467315571803242,0.0,0.5332757733992085,0.4667242266007912,1.758724849121775,-1.1933653815445942,0.013088421614971812,-0.3255671883168598,0.672776568021229,0.9316490438933247,-0.5489922440175299,-0.15141829038800347,-0.04151319599749919,0.07758978991869277,0.07755889010775305,-0.04144553111714536,0.01814044471812936,-0.04690614292509752,0.0806884685310511,0.0806563480336386,-0.04674825742224293,0.017009109136371815,-0.0042926779584694374,-0.013506280855127173,-0.0194389604873344,-0.008374323505816461,-0.019337861819962
V2_GRU64_NO_CASH,STATIC50,2024-06-07,-52.98660518667384,-48.548804820949954,-4.437800365723888,-4.056422099478482,-0.05683540202199877,-0.13224648561935926,-0.19229637860567905,0.23055735998697205,0.26860280257121993,0.09991674753144011,0.08432286687977333,1.0,-0.044077690815237915,0.0,0.990338883886489,0.009661116113510976,0.0,0.5832757733992086,0.4167242266007912,7.681414748831941,-11.712674662047565,-0.025162186262858367,-2.9018773469999815,3.0448843893999857,4.1950108316544075,-6.195099369417605,-2.1993406041152976,-0.03278801397765691,0.07264006131258134,0.07269922861224715,-0.03253229225010905,0.019897763834377583,-0.04625027213694345,0.07956290246267637,0.08033851312299291,-0.04588969570877984,0.016561419139827352,-0.02051111183271459,-0.03562593035201378,-0.045513286173217815,-0.04360552041403121,-0.07513260530421217
V2_GRU64_NO_CASH,STATIC50,2024-06-08,-19.07169515456735,-19.433195627651003,0.36150047308365174,0.5552078757721546,-0.05963396360296169,-0.054640541442450896,-0.07943289764276074,0.20748729421987733,0.27072546998165087,0.10633963835477377,0.08389470428384652,1.0,-0.011422244681665639,0.0,0.996226110548629,0.003773889451371037,0.0,0.6332757733992086,0.36672422660079124,4.741152235350921,-4.072992915157653,-0.11295144442111195,-0.05740311400001427,-0.10760739559999333,3.9346795611056464,-2.6211202550994255,-0.5933409206340241,-0.025367724981442723,0.06824772855280833,0.06748092234730926,-0.025206102951109057,0.021184815387207956,-0.046856808763171186,0.08074543194131188,0.07983870082255529,-0.046558574085730976,0.016725954368881517,-0.0004410677298417598,0.000625030572147578,-0.028897160869249205,-0.01272870482271804,-0.015669320558666766
V2_GRU64_NO_CASH,STATIC50,2024-06-09,19.215945046413253,20.479548854395034,-1.2636038079817808,-0.9574047019056735,-0.08509345977235361,-0.09010233876110263,-0.13100330754343048,0.18877942144028534,0.27651814626403287,0.11857454704660743,0.0872018885034384,1.0,0.011353547282273491,0.0,0.9973420217027995,0.0026579782972004817,0.0,0.6832757733992086,0.31672422660079125,-6.954527889014557,5.966869296236879,0.030253890872004623,1.3628242969999933,-1.2994196651244696,-5.053552562193051,3.666428748362564,0.36631448004933154,-0.017524585600271293,0.06467914024975337,0.06538630671634965,-0.017577851596567676,0.023611537277343362,-0.046910790206621596,0.0821326770318496,0.0830308201093596,-0.04774733867367564,0.01669652024252643,0.004621718471732539,0.00690842036109629,0.02722388810391263,0.012059744214372614,0.00595396526025338
V2_GRU64_NO_CASH,STATIC50,2024-06-10,-10.674825994008643,-6.32503534641728,-4.349790647591362,-6.049980592851949,-0.07436658147344222,0.7229439652877208,1.051612561446344,0.1829092471030535,0.31342835633832844,0.12978669277058474,0.08945072181886649,1.0,-0.00947157253537243,0.0,0.9970832129297371,0.002916787070262831,0.0,0.7332757733992087,0.26672422660079126,1.2780391542227347,-6.776812792125782,-0.5512069549488979,0.5142876620000323,2.8874413559244667,-7.06354138731316,-1.3460778976608856,-1.042090325802393,0.06580838875242713,0.06448298454245302,-0.013136832322818634,-0.013362488247812573,0.025994640046335803,0.09204753154349431,0.09156103422884476,-0.05552896081823369,-0.05635170010692672,0.017722816971687833,-0.0015531026167338036,-0.010224421717640597,-0.01872412559546266,-0.0032186343568426645,-0.013637578390182425
V2_GRU64_NO_CASH,STATIC50,2024-06-11,-55.564649288136934,-26.926075351635518,-28.638573936501416,-28.08953303169484,-0.17320325228402034,-0.15314746696076398,-0.22269018556042752,0.15227032491873424,0.30412738051159593,0.13581406437578375,0.08579769922059152,1.0,-0.044217950314200595,0.0,0.9965810029130524,0.003418997086947615,0.0,0.7832757733992087,0.21672422660079127,13.581886598706713,-41.72519752985922,0.05377789945766969,10.632666851931251,15.04414587842692,-31.976446458406944,-17.33567248064561,-4.454226823000623,0.05865456710038513,0.05821309039486299,-0.0040817573535157975,-0.004146372917959445,0.02717453715201088,0.08963144936846482,0.08818424950215008,-0.05424674474721484,-0.054918095898287375,0.017146840995478814,-0.03223260665393879,-0.04678606125924811,-0.06185325351779536,-0.03362277972167882,-0.04659505041834189
V2_GRU64_NO_CASH,STATIC50,2024-06-12,34.28817515618539,2.6265890583290457,31.661586097856343,32.006866575763375,-0.1666907075518793,-0.07277959863722572,-0.10581017171816676,0.14483553328561188,0.31932792334085863,0.14482427554173255,0.0859764126058537,1.0,0.03107598841751611,0.0,0.996896513591983,0.0031034864080170302,0.0,0.8332757733992088,0.16672422660079125,-1.738080658871974,33.71796799064233,0.026979243993014244,-5.511824965470343,-6.916657363471646,23.78607981300873,14.2198621474388,6.429406944257915,0.05381484684040239,0.053954654328077674,0.0038453869552797595,0.003779812523510775,0.02942957489446195,0.09246975788641201,0.09270971548978472,-0.05882476735464938,-0.057850988012853106,0.017472694597159444,0.014148212858635878,0.017838227001498286,0.03976232687966319,0.0236983443935046,0.05993283095427859
V2_GRU64_NO_CASH,STATIC50,2024-06-13,-42.643472759566066,-3.001152322263806,-39.64232043730226,-39.16242535087176,-0.17528662140288365,-0.12411271785903288,-0.18049574716941486,0.14791942434903887,0.308349537724321,0.14791942434903887,0.08447499475268168,1.0,-0.0328294580704078,0.0,0.9912284623482541,0.008771537651745907,0.0,0.8832757733992088,0.11672422660079126,1.395263225241541,-40.460887687194415,-0.096800888918888,9.692649374312985,11.375971603644617,-35.2880543267714,-20.624290619401282,-4.3187013826566,0.04688756113122599,0.04664888865713996,0.012331042095520115,0.012569977782242996,0.02948195468290983,0.09010861888627117,0.08964983775881753,-0.055432316568355726,-0.05650495491746394,0.01665380959341265,-0.021779321355884895,-0.025606677048573112,-0.05131514502359702,-0.030023581378538222,-0.03542256554544576
V2_GRU64_NO_CASH,STATIC50,2024-06-14,-24.351335664574435,4.683745167239977,-29.035080831814412,-28.57405541558949,-0.17588628339562895,-0.1161968851242694,-0.16894224770380006,0.1563967527136394,0.31222355454762335,0.1563967527136394,0.08404805849247554,1.0,-0.01706231155135316,0.0,0.9963835913479787,0.0036164086520213204,0.0,0.9332757733992089,0.06672422660079125,-2.6201473563719837,-26.254179357336152,0.3002712981186607,5.610306511226101,-1.658371494463001,-22.459442413863055,-3.903512831439444,-6.163035187050159,0.04117271439818858,0.04144617979060557,0.02127755240865996,0.021454535747875328,0.031045770368309977,0.09065937483126377,0.09126198397261279,-0.05680794371285172,-0.05727980431472219,0.01621444771617292,-0.01111813175594456,0.0033683043822909653,-0.028762040306054004,-0.00488520041170315,-0.04391448966535505
V2_GRU64_NO_CASH,STATIC50,2024-06-15,30.380278545319015,-0.8082790955486416,31.188557640867657,31.709811803300923,-0.15634620828562795,-0.1487102754320695,-0.21619767871737672,0.18228534538414692,0.31857174087428886,0.18228534538414692,0.09238482284829819,1.0,0.018421251106462665,0.0,0.9967670002610604,0.003232999738939676,0.0,0.9832757733992088,0.01672422660079121,0.24383960537746496,31.762859773569577,-0.2968875756461268,-1.4223642473842555,-13.616666935754711,14.86288095314891,29.700573573477445,2.185388459813446,0.03863517230082026,0.03917842565250619,0.033918827134734465,0.03413157807813939,0.036421342217946635,0.0928120801700455,0.09411770230831513,-0.05630388126756181,-0.05678957774543354,0.018548499382932904,0.0026337226601231833,0.025012128065359462,0.017253577287812627,0.033918944008341834,0.013287883510676224
V2_GRU64_NO_CASH,STATIC50,2024-06-16,20.901720060161097,0.2201932191164815,20.681526841044615,20.934281789367567,-0.24160245384282764,-0.00454225446621237,-0.0066102400135008565,0.1827029413535247,0.31602800033234174,0.1827029413535247,0.09183061165442565,1.0,0.01235575833225926,0.0,0.9955799293448151,0.004420070655184876,0.0,0.9955799293448151,0.004420070655184877,-0.3065519294677759,21.242788124693554,-0.0019544058582203552,-3.7467204638758704,-8.625050513247967,35.7423205977601,-2.9554268662275422,0.5191590349588459,0.03726821604815629,0.03724977449562903,0.03602912130443928,0.03581715654963865,0.03633867295566146,0.09286213905581026,0.09281636230637393,-0.0562149541122671,-0.055883740226690945,0.01825080463119951,0.0067121206224893815,0.015474319665033986,0.03983499484358899,-0.003289917810756715,0.0030472743409406533
V2_GRU64_NO_CASH,STATIC50,2024-06-17,-41.76995183656436,34.00752314802412,-75.77747498458848,-77.60891551099726,-0.13939936565673428,0.8029378775595504,1.167902014506522,0.18476397390817345,0.3086257814562332,0.18476397390817345,0.0968382734194983,1.0,-0.023334627197754875,0.0,0.9942527522015092,0.005747247798490746,0.0,0.9942527522015092,0.005747247798490746,-15.289104056722394,-62.55940595656662,0.2395945022917605,1.5384756492601128,17.445939733112034,-47.95559147294997,5.693302421457168,-54.331041841876555,0.03825708735718881,0.03695719127927844,0.035383372814613984,0.038592957026968994,0.035573365430123224,0.09237089976509034,0.09107560235789045,-0.053134263673536096,0.019206992090403545,-0.05268095712034992,-0.0027928321106910348,-0.03129952418034854,-0.05320541641321308,0.03184065439672801,-0.061216017681249735
V2_GRU64_NO_CASH,STATIC50,2024-06-18,-52.19486729140226,16.756311242292213,-68.95117853369447,-69.02988016295848,0.09215772715220893,-0.005500197545764252,-0.007955900342967226,0.18048742069529083,0.2891203977423787,0.18048742069529083,0.09536775403908679,1.0,-0.02933697119410954,0.0,0.9945649933847046,0.005435006615295424,0.0,0.9945649933847046,0.005435006615295424,-6.804428442890461,-62.31633289549339,0.09088117542536411,10.295103734999989,4.0389370784535386,-35.129864888999954,-4.669624077400896,-43.56443201001109,0.037438379906717605,0.037346353346875576,0.03480973430724154,0.03639173333819481,0.0345012197962613,0.08715290991843404,0.08694000408707582,-0.04898517497513254,0.018151161885222884,-0.04789114687651343,-0.01988957756649412,-0.007811935452867957,-0.04076901052396342,-0.027258374099391802,-0.0509559583278304
V2_GRU64_NO_CASH,STATIC50,2024-06-19,4.200970393241732,22.08702817727135,-17.886057784029617,-17.901512064780647,0.020106653202725866,-0.0019093496352020622,-0.0027430228143199287,0.18494327069540853,0.2934382458076784,0.18494327069540853,0.09309969289140667,1.0,0.002564067312424778,0.0,0.9969082989545035,0.003091701045496468,0.0,0.9969082989545035,0.003091701045496468,-8.859271681390455,-9.031484130251314,-0.01075625313887608,1.5838303390964672,-11.169063002897548,-10.986638789729955,0.8095531427009229,1.8608062460494974,0.03719171488527142,0.037853092106366296,0.03651103843483251,0.03650891014099939,0.036878515127938924,0.08674377485735672,0.08828604006175882,-0.04961245942154133,0.018239154430426997,-0.05055681703659454,-0.0031249843995155846,0.0220469681247899,-0.013126187581447124,0.004851570542723671,0.0021729698755730276
V2_GRU64_NO_CASH,STATIC50,2024-06-20,-11.92393010305932,-17.817096137852786,5.893166034793467,6.334398525397358,0.13598290051988648,-0.2352732738156309,-0.3419421173107029,0.27368600236576857,0.30789762792962294,0.27368600236576857,0.1367324320611812,1.0,-0.0045062290383258265,0.0,0.9973276697979672,0.0026723302020327955,0.0,0.9973276697979672,0.0026723302020327955,2.068797584249926,4.724757786950931,-0.45915684580351906,0.6806971259035182,5.987123125933647,-13.937379033820106,-2.267987574907166,15.87194488228743,0.0552060673080598,0.054805957786999177,0.054049986714005654,0.05466733827946365,0.05495665227724032,0.09779288345775987,0.09708468580173242,-0.0424353314199073,0.027437460735909792,-0.04314726651431357,-0.0014228303704222345,-0.013345831289645838,-0.01503437693646914,-0.00929966095735879,0.01657155436226687
V2_GRU64_NO_CASH,STATIC50,2024-06-21,-2.828932256988992,-11.55504184385427,8.726109586865277,8.861716342378296,-0.14883402645599553,0.005393192692828563,0.00783407825132798,0.27017010250189405,0.3024266205499337,0.27017010250189405,0.13563682085681217,1.0,-0.000862425942656908,0.0,0.9973800681231066,0.002619931876893326,0.0,0.9973800681231066,0.002619931876893326,1.6049210733628656,7.255742568608384,0.0010527004070101983,4.921828026000031,-0.7041417904361109,7.145426554769973,0.09549360032702094,-2.5968900482826154,0.05450714036515853,0.054280935432269056,0.05308024054598738,0.054188846107273925,0.05411294005120516,0.09587487185205801,0.09599923833688165,-0.04159871635701548,0.027157610514433283,-0.04179618348954529,-0.011252985556766903,0.0016102018775236981,0.007706826045926318,0.0003868517240444014,-0.0027630238040120547
V2_GRU64_NO_CASH,STATIC50,2024-06-22,-10.677624393138103,-2.078764216763375,-8.598860176374728,-8.44822002336917,-0.17331001739302287,0.009239836437563653,0.013430027950105838,0.2708352399628991,0.3017292165891783,0.2708352399628991,0.13640765360659937,1.0,-0.003933770244506496,0.0,0.9974200922842177,0.00257990771578226,0.0,0.9974200922842177,0.00257990771578226,0.23979352454868408,-8.709488537403779,0.021474989485923416,-0.7986344286139397,2.8597020032000273,-6.311920643129914,-1.2124888413120043,-2.98487811351334,0.054531781527681386,0.05414942987060398,0.05387780748278487,0.0540297923765128,0.05424642870531608,0.09608667921366468,0.09585621979547815,-0.041288149904943804,0.027125536088746,-0.041372631586345646,0.0018467545771403415,-0.006542024189283735,-0.006837759296007939,-0.004909983633387904,-0.0032258386809932427
V2_GRU64_NO_CASH,STATIC50,2024-06-23,-52.391709464471205,-19.61052882482909,-32.781180639642116,-32.777653497570554,-0.004091862371696564,0.0002301802685220622,0.00033454003128063903,0.27117257866764344,0.3018371859482998,0.27117257866764344,0.13753607562678408,1.0,-0.02022038019483925,0.0,0.9974729172666955,0.002527082733304534,0.0,0.9974729172666955,0.002527082733304534,2.7068018664654896,-35.48460378813725,0.0001484241011973945,7.065159228613922,9.258659366599959,-34.079383717720084,-3.3848646819959893,-11.637223693068385,0.05452990774652232,0.05519117033801153,0.053363507406193084,0.05387272183675638,0.054215271340160125,0.09597594141092142,0.0966941234630225,-0.040848176695517366,0.02701656591359798,-0.04130237846524047,-0.016307290733984403,-0.021294984617585944,-0.037125730578401184,-0.013774671052631526,-0.01259922399159319
V2_GRU64_NO_CASH,STATIC50,2024-06-24,-40.259944909488695,-61.889412140400964,21.62946723091227,20.005445831904822,-0.19368471412832022,0.7405393685075996,1.0771667446287658,0.2667428769916456,0.2852833608094763,0.2667428769916456,0.1338838725524271,1.0,-0.015448027414729237,0.0,0.9974644866272572,0.002535513372742859,0.0,0.9974644866272572,0.002535513372742859,6.327045539464406,13.036845041410523,0.6415552510299127,18.974879363850143,-5.395824415309295,24.76370403548798,5.049586557938935,-23.386899710063016,0.052741743227737684,0.05343179906249144,0.05378877499881245,0.05439037407795785,0.052390185624646216,0.09064895807257731,0.026762708326012543,-0.03822604283903526,0.09217195028236184,-0.03747370128948936,-0.046357114687261114,-0.01993553526188374,0.027730792827941997,-0.012334813425057378,-0.02634346652738595
V2_GRU64_NO_CASH,STATIC50,2024-06-25,69.7614911206474,-4.117624421818618,73.87911554246602,74.064599926566,-0.1536417166301085,-0.012977720934499004,-0.018864946535316562,0.28284581688730676,0.2907339768801868,0.28284581688730676,0.13934787237526927,1.0,0.02681616685897681,0.0,0.9974577096580188,0.0025422903419812146,0.0,0.9974577096580188,0.0025422903419812146,0.21680626976126394,73.81573489518746,0.03205876161727974,-9.549163354526662,3.1192654265853768,28.670957514092137,-1.3888475480341682,53.21238788844927,0.05668521397361706,0.05589781668999271,0.05680728231384226,0.05602583682036588,0.057429667089488816,0.09397074511766641,0.02819503036996762,-0.037640051625004875,0.09287514914009402,-0.03805300062745388,0.02513583941610409,0.012413233868847184,0.032548281669865675,0.003642680375671503,0.06034079896439559
V2_GRU64_NO_CASH,STATIC50,2024-06-26,-30.958862022922403,-17.77118266729849,-13.187679355623914,-12.72135381563357,-0.5047578437372451,0.015685874916611553,0.02274642882975897,0.26596780818390153,0.2714920504335605,0.26596780818390153,0.1329828799349668,1.0,-0.011749891800004252,0.0,0.9973316221720562,0.002668377827943794,0.0,0.9973316221720562,0.002668377827943794,0.9225371354193512,-13.698194488334781,0.05430353728186349,5.303716217634539,-1.6224811291736332,1.6762509657674207,4.449563594052252,-22.528403463914145,0.053455291084049054,0.05325367609071366,0.05332174679176653,0.05341741311863256,0.052519681098739765,0.08780479339812419,0.026690201551672153,-0.03488958108169567,0.08774247023446732,-0.03436500416760119,-0.014866753369297991,-0.006665384254321394,0.0019545489900245627,-0.01242633075814803,-0.026745539608278412
V2_GRU64_NO_CASH,STATIC50,2024-06-27,91.8427451578591,-15.867614367434726,107.71035952529382,108.16028541530174,-0.40902093327348865,-0.016678458979370703,-0.02422649775452257,0.27763986247535943,0.27955761911045535,0.27763986247535943,0.13675283302836228,1.0,0.03573669197205147,0.0,0.9973356193597929,0.0026643806402071083,0.0,0.9973356193597929,0.0026643806402071083,0.5413025285799768,107.6947856619605,-0.07580277523872489,-4.8627188209580305,6.130639935149429,80.87619161340658,-4.39437032693194,30.410543014635696,0.05551078163181948,0.05548696997723293,0.05663285900862897,0.05529249088655806,0.05471676097111998,0.0907624047989686,0.02698713062764205,-0.03626982294237265,0.09040569064279814,-0.03513257009867389,0.013479466246710148,0.023637696520615536,0.09408236717189022,0.012181814310051164,0.03530211561099028
V2_GRU64_NO_CASH,STATIC50,2024-06-28,-71.94120351592755,-0.04488673562264012,-71.89631678030491,-71.79978685152189,-0.21498015165979467,0.048304428824764045,0.070145794051367,0.2530808306622862,0.247286593697879,0.2530808306622862,0.1289247472457354,1.0,-0.029184954936089504,0.0,0.9963866242166756,0.0036133757833244407,0.0,0.9963866242166756,0.0036133757833244407,0.0679840023958203,-72.18940050501833,0.3216296511006185,6.242469310354229,-4.864738243982357,-50.76809957507463,2.6202240825609584,-25.029642425380043,0.05127047719114184,0.05090225050788687,0.0489708353124045,0.051743421849643034,0.050193845801209974,0.08096044591883982,0.025438708823621772,-0.02922580662504976,0.08170651572934563,-0.02995511660102203,-0.02029584464779899,-0.020506458824168683,-0.0647129078536447,-0.008458670146367364,-0.03195089320846778
V2_GRU64_NO_CASH,STATIC50,2024-06-29,0.5566888413904962,10.535166043673598,-9.978477202283102,-9.74236595570198,-0.21068161297947618,-0.010364424209036827,-0.015065209391977419,0.25076427798408873,0.2433652362751119,0.25076427798408873,0.12701792819479193,1.0,0.0005626983282261966,0.0,0.9969436395378258,0.0030563604621742057,0.0,0.9969436395378258,0.0030563604621742057,-0.0032278529650568376,-9.767346849136635,0.02820874639971856,-2.7634256303542504,-0.1307701341695543,1.2286728339405568,-0.7061290336090094,-7.370713991509746,0.05063232849275568,0.050000772834502244,0.05012840766342808,0.05052058228239215,0.04948218671101055,0.08013682014010809,0.02509469548124272,-0.028726119977807486,0.0799600666136011,-0.029447534062352485,0.00913930833711829,-0.000574532641162695,0.0016441176704098392,0.0023339698705706624,-0.009729371595805114
V2_GRU64_NO_CASH,STATIC50,2024-06-30,-3.5827473210283642,-3.0587012090618373,-0.524046111966527,-0.5351287269898216,0.0,0.004807353366754086,0.006275261656409015,0.00018963057867100772,0.00025171974284346206,0.00018963057867100772,0.00017184318936247966,0.0020833333333333333,0.02429544203907765,0.0,0.9953087895587753,0.004691210441224704,0.0,0.9953087895587753,0.004691210441224704,-0.047010069285848013,-0.4058978391318222,-0.08222081857215138,-0.03702841600000728,0.022313461499995073,-0.2569996833600097,0.002577285685999714,-0.26599137481579943,3.52402170137334e-05,3.4669431728537566e-05,3.4502894868401415e-05,5.121392043582283e-05,3.4004114624512486e-05,5.567898689328979e-05,1.7370032643164567e-05,-1.9737090483230566e-05,0.00013873244656651648,-2.0201186257260637e-05,0.029251421681629974,0.017494515385048093,0.04546427043217793,0.007620660457239525,0.021646342239292737
V2_GRU64_WITH_CASH,CASH50,2024-05-01,-5.572660541462028,-2.9772960216123465,-2.5953645198496815,-2.4423723099180457,-0.0010267768450294684,-0.06190485943463961,-0.09006057365323775,0.022371914165985527,0.011444197013097665,5.337836209842364e-05,0.0026876310683555593,0.7319444444444444,0.003999903660748871,0.004095496285842826,0.023189020013602367,0.9727154837005548,0.95,0.0011642190554978173,0.04883578094450219,-2.6932998383736386,0.24697255625023562,0.003954972205357163,-0.8470515610681346,-0.3173777451437385,-2.121439255039993,0.0,0.8434962513338277,0.0055667462649712,0.005645899999070775,-0.0056879408728514195,0.0,-0.005471327029092131,0.003508028126757785,0.0035578859139688266,-0.0022316324264710996,0.0,-0.002146650545899954,-0.0385705584240561,-0.01383564725546571,0.062140382171637754,0.03397282174260585,-0.023707479930977438
V2_GRU64_WITH_CASH,CASH50,2024-05-02,-2.2930189337748743,-0.4282941258570645,-1.8647248079178098,-1.7595254887683431,0.006193733026922972,-0.045372011490836306,-0.06602104068346398,0.042685933207914056,0.023149508143156146,0.00017279510239595887,0.007079019539551089,0.5951388888888889,0.01066650584293094,0.005072959810735411,0.013464107492613897,0.9814629326966506,0.8999999999999999,0.0018150570521886765,0.09818494294781133,-0.25358594680709523,-1.6455799882279518,0.13964044626670466,0.4842955450681349,0.17853672524373565,-1.4801672150600003,-0.021965976840000328,-0.9202245671802184,0.010734118498066299,0.010695245657088709,-0.010649211764894572,0.0,-0.010607357287864478,0.006861018727826792,0.006836205756186074,-0.004025533079360174,0.0014170393573407505,-0.004009711222442354,0.012420619505422836,0.004672676277687859,0.022018280448836913,0.0007730962504832739,0.013447856732223817
V2_GRU64_WITH_CASH,CASH50,2024-05-03,-7.73730753530981,2.017034571361364,-9.754342106671174,-9.602439575579197,-0.012850162906992764,-0.05664315058154021,-0.08240921760436445,0.06579968432437489,0.03479507196265939,-8.161456146486882e-06,0.01042624905395194,0.5159722222222223,0.05629528454647712,0.005890960517424992,0.010308173923025346,0.9838008655595497,0.8499999999999999,0.00229000566000902,0.147709994339991,1.9450340767515732,-11.518113637983918,-0.029360014346849157,3.7033166617065003,2.2333210662493856,-4.415989706338326,-0.37067585917499873,-10.752411738021749,0.016535519554782954,0.016360241879331244,-0.016318713314804188,0.0,-0.016585209575456502,0.010642966637384827,0.010530193282322907,-0.00604287909780222,0.0014375005885979286,-0.006141532356551504,0.0646525624048051,0.03910710862740774,0.0443169596387778,0.026071842410196888,0.10732794965119807
V2_GRU64_WITH_CASH,CASH50,2024-05-04,-19.507612315635924,-6.2471264174928365,-13.260485898143088,-13.175659419441091,0.0019548527736019533,-0.035347934018141236,-0.05143339745699843,0.08638165638823025,0.046296882111913656,-0.0012201416626138055,0.013670956730132631,0.022222222222222223,0.026103235398933933,0.012173416375151791,0.003637531412384813,0.9841890522124634,0.7999999999999998,0.002370423599634768,0.19762957640036524,-5.181939562680207,-7.9553296640055535,-0.038390192755334174,1.2363363842935144,0.3648736118671707,-2.2003650911216837,0.06162609826199896,-12.638130422742154,0.021322687309168673,0.021258070053639555,-0.02130168487358557,0.0,-0.022499214151836464,0.013596910401419521,0.01355573901071864,-0.007933550510636468,0.002831270008884985,-0.008379412180254049,0.016078924852925836,0.0045416079518836305,0.016563308369005103,-0.0026350461133068936,0.09596738193416199
V2_GRU64_WITH_CASH,CASH50,2024-05-05,1.1193433243406616,0.8545356506238022,0.2648076737168594,0.33393424359179824,0.02293669053988938,-0.03750001927170016,-0.054563241142969676,0.09869594822627406,0.05130486194730057,0.00028503040223627665,0.018235453504933073,0.9222222222222223,0.0020674980014526055,0.01846634677995518,0.0028412265457409287,0.9786924266743039,0.7499999999999998,0.0024005440521684736,0.24759945594783153,0.8901925574764606,-0.5677325675374443,0.011474253652789234,0.1548128669999994,0.537202965683448,0.44166087719999214,0.02902846278322149,-0.8287709290748567,0.024684544293259687,0.024805945020995472,-0.02454910653350497,0.0,-0.024656352378513904,0.015937831680242896,0.01601618870755582,-0.00793756932562609,0.002816137338318108,-0.008597134895557659,0.0019369193743608015,0.006299783741217535,-0.002280712568575427,-0.001029345159464179,0.005410844619724298
V2_GRU64_WITH_CASH,CASH50,2024-05-06,-19.14688419047343,-9.599376198233585,-9.547507992239844,-8.40558467698432,0.008279455793400392,-0.4685933624311758,-0.6816094086181921,0.17920845089142234,0.09438401683489056,-0.0007700152848436643,0.02085619496472082,0.3763888888888889,0.0007699723618587618,0.02078281891970757,0.002729915242684672,0.9764872658376078,0.6999999999999997,0.0024231279406904263,0.2975768720593096,-7.736566515700467,-1.0292164487627211,0.36019828747886257,3.583743569999993,-4.172450476999974,-12.519470487099955,3.5756639389698073,1.1269287781459003,-0.0440506634156753,0.04413055795970819,-0.04590415849188848,0.04507143697129789,-1.718830828595604e-05,-0.017993508682278225,0.026411193696168737,-0.018753289271121788,0.026975410030208927,0.0042163891917431666,-0.013208726636244283,-0.02351342644718246,0.048773288301275475,0.019732426971676986,-0.027933700380231907
V2_GRU64_WITH_CASH,CASH50,2024-05-07,-1.885084629213452,-7.234418233942051,5.349333604728599,5.509535332301067,0.02283659651109929,-0.07456605874436606,-0.10847226533909238,0.20716779036840297,0.1083020446205714,-0.0005455586571967007,0.02365595341869877,0.2263888888888889,-0.026681232206452087,0.013826846446079788,0.0034029266733609934,0.9827702268805593,0.6499999999999997,0.002494523821423727,0.3475054761785763,-6.335489051318841,11.8479554472872,-0.002931063667281941,4.046354606000003,-3.785582734983141,9.438701178741756,-5.9001182372061685,1.710180519748617,-0.05183133870087293,0.05182906950317108,-0.05202533581192691,0.051482046352432066,0.0,-0.021122026046538976,0.03104189209662826,-0.021201019554397335,0.03083407786368096,0.0041030290593258665,-0.013412455576882865,-0.01847199980401837,-0.031076288298784505,-0.028867358280844746,-0.041578059071729956
V2_GRU64_WITH_CASH,CASH50,2024-05-08,19.08738949689723,2.1942240966654936,16.893165400231737,17.048495618022322,0.050907250307801466,-0.08400962510940035,-0.12222784298961598,0.23486401081097744,0.12394862707205816,0.0008683885039011203,0.02863226043203725,0.8916666666666667,-0.025546625321490678,0.01169902545611945,0.004287427898098832,0.9840135466457817,0.5999999999999996,0.0026349672915246683,0.39736503270847534,2.2730568387664665,14.728126146621987,0.04731263263387091,6.313285152000003,-2.5232049786109547,13.978390770278203,-3.3449436160548283,2.6249682904098313,-0.058849192753493956,0.05900048344602878,-0.05814861840004421,0.0588657162114105,0.0,-0.02397182102085468,0.03536966600490558,-0.02368636229915578,0.03528894768850052,0.0056318300586416115,-0.01814565645572186,-0.010496040648960925,-0.03993885018658305,-0.013958712549411612,-0.04519386676677595
V2_GRU64_WITH_CASH,CASH50,2024-05-09,-50.70373190701139,-13.138492546058842,-37.565239360952546,-37.32827067650953,-0.014460107129435462,-0.09063686508414548,-0.1318717122288966,0.2688197378687265,0.1417214795180558,-0.0012177873010968028,0.03226121056538474,0.2777777777777778,0.03875716572558816,0.008201676352463383,0.007669517015475828,0.9841288066320608,0.5499999999999996,0.0030603275471030233,0.446939672452897,-11.410226641347748,-25.986811559743767,0.0687675245819811,-12.088861239999964,5.418867595380412,-28.44083225321465,1.8319029960557889,-4.049347774731047,-0.06702411610662858,0.06712572400525271,-0.06799464647828303,0.06667525127856211,0.0,-0.027168526663158197,0.04026981453700718,-0.027561607813177336,0.039999760100320705,0.0067217704043923765,0.030811486867596827,0.02065059167453276,0.0726974859800591,0.007038073128264433,0.06258819097748769
V2_GRU64_WITH_CASH,CASH50,2024-05-10,0.3639877125315252,-14.70114252719759,15.065130239729115,15.108353839681651,0.06970032234804951,-0.04600806301379956,-0.06691585928765131,0.29020580364577375,0.1527402943142115,-0.0003945201847050906,0.034585812654981576,0.3541666666666667,-0.04204184571411005,0.011778426595907332,0.004093347529811089,0.9841282258742816,0.4999999999999996,0.0031562935984240916,0.49684370640157594,-12.858875658453227,27.942513412614822,0.024716085520040718,15.54947887500004,-12.064153597586362,18.3152414909181,-10.436496939104753,3.7442840104546535,-0.07247529311887757,0.07250835312711057,-0.07282486879636185,0.07239728860342375,0.0,-0.029467609798399793,0.043487346632612084,-0.029609631031215163,0.043421027936750574,0.006754678915233879,-0.036034835789316766,-0.04150837378762173,-0.04243272090040906,-0.03599733491108548,-0.05423596318211721
V2_GRU64_WITH_CASH,CASH50,2024-05-11,9.230559898142019,4.340348192363308,4.890211705778711,5.363783926079529,-0.00577856553237982,-0.19058077509010474,-0.2772128796779776,0.32378605673594896,0.15504684210619296,0.0013723428919453547,0.03534840004549646,1.0,-0.00017712510310712303,0.005653580501537525,0.014395617964729967,0.9799508015337325,0.4499999999999996,0.004293079860344296,0.5457069201396557,4.982949214386833,0.4828723493111293,-0.10203763761844141,-0.2373285250000338,0.3426982222770767,2.0447182037089213,2.8288639730910115,0.38483205200252374,-0.08088755471876741,0.08116371108850468,-0.0803193022032344,0.08141548872544249,0.0,-0.030030090712098053,0.04424598598223572,-0.0298191303182502,0.04438325607166908,0.006568379021939907,0.0005051161520350789,0.0009300119119239891,-0.004198816603875222,0.007772020725388629,-0.00589395770100809
V2_GRU64_WITH_CASH,CASH50,2024-05-12,-4.530087710905718,-3.4041231700266508,-1.1259645408790675,-0.754155914139667,-0.0096912484362075,-0.14752845041004203,-0.21458892789312967,0.3520385415639805,0.15465777251142848,0.0004533177017604455,0.03485005028927826,0.8576388888888888,-0.004797563614212308,0.004621514701410923,0.023412327062193122,0.971966158236396,0.39999999999999963,0.0064394843043118774,0.5935605156956881,-4.139365393274794,3.507419285239121,-0.12220980610399299,-6.12175163999996,2.4422528727229453,7.789774505277551,-5.717834230255029,0.8534025781148098,-0.0881704556981878,0.08846840329474984,-0.08762215623292223,0.08777752633812062,0.0,-0.030076399596054088,0.04430393725460867,-0.02982746151502101,0.04395798126918734,0.006491992876557363,0.010638262883003735,0.005555359035634311,-0.013784559294814813,-0.013248961835080175,-0.013147918859804597
V2_GRU64_WITH_CASH,CASH50,2024-05-13,-20.0737594340153,1.4113686699074606,-21.48512810392276,-17.84837206197556,0.16506632009096278,-1.5488822532429072,-2.252940108793924,0.26864025888140736,0.11288843239655735,0.0004540465014439519,0.03916675333199566,0.7152777777777778,0.02503490698730033,0.0034027932198112953,0.04833835683830193,0.9482588499418868,0.34999999999999964,0.011721779769041693,0.6382782202309584,5.726614774003697,-23.47331732961807,-0.10166950636118421,-2.1812673510000287,-3.111131697180794,7.6246582473500375,4.030863369410974,-24.211494630555762,-6.16015727685216e-05,-0.0661292968521919,0.06724958788687842,0.06717584214008226,-0.06778048510055631,0.007894679069722929,-0.018158448414080257,0.034061848005915225,0.033994272726725526,-0.01862559805628776,0.02378786670723798,0.007561119594361454,0.028949971331915014,0.012032685370741536,0.05284289193224567
V2_GRU64_WITH_CASH,CASH50,2024-05-14,-2.649963575629954,-10.637389767409331,7.987426191779377,8.018275888118893,0.11211747081827617,-0.05824123186860586,-0.08472593528997585,0.28407700930411095,0.11004317234510977,0.0015136024305733853,0.04237599341902476,0.9923611111111111,-0.02275897331901864,0.005342450999419102,0.014225547289820239,0.9804320017107606,0.29999999999999966,0.012085005168868106,0.6879149948311319,-16.17478767738266,24.168107766501258,0.024955799000289415,1.7272205955961686,12.491908881580708,-13.761721366730002,-3.672226289520977,11.233094067192935,0.0,-0.07015307242721681,0.07085004848410703,0.07194525738323511,-0.07112863100955197,0.007871926641596251,-0.01680000627374342,0.03418430966995101,0.03415334657052,-0.01703358318929908,-0.02170521560533145,-0.023389840497580305,-0.037639542476488486,-0.009909440178837325,-0.021150827836855624
V2_GRU64_WITH_CASH,CASH50,2024-05-15,27.139524486692608,41.52082931673067,-14.381304830038061,-14.21521690928126,0.09609677056878674,-0.1068050522711479,-0.15537963905435026,0.3135086392783833,0.1171202612142937,0.0035883287777033683,0.04904449488122267,1.0,0.06967052187105076,0.0027905921038797743,0.05911458192016989,0.9380948259759503,0.24999999999999967,0.019996863862072643,0.7300031361379274,69.12084654754821,-83.26302796155937,-0.07303549527007981,-7.107746074068892,-30.249553039232534,47.35837259446472,15.135782847017952,-39.352073237462584,0.0,-0.07706543726599979,0.0805042459126648,0.07804423811537853,-0.07789471798434017,0.009805634164094641,-0.01692792152313879,0.03720686866565972,0.03606987521800382,-0.017109961643396714,0.07514351561726529,0.052067378423878985,0.11616747483499212,0.0371999999999999,0.06777424047911751
V2_GRU64_WITH_CASH,CASH50,2024-05-16,54.11873030526476,10.018357681992711,44.10037262327205,44.16491245609737,0.042520304270733944,-0.04362640880638047,-0.06343372829107219,0.3369067249626431,0.11652497197227163,0.005955986191792512,0.04545582075815076,1.0,-0.01606475636381206,0.010268341029214256,0.00450258974449844,0.9852290692262873,0.2030354035599134,0.016961460302158914,0.7800031361379275,19.917258938690445,24.37081301748026,-0.12315950007334049,1.2553781464727105,18.85705986503251,2.6576868475052136,-2.8043295905940044,24.199117187681043,0.0,-0.08259092647089111,0.08647307189836452,0.08495828367885329,-0.08288444291453419,0.008684664609967693,-0.018134204611149427,0.036472198804274734,0.03583353295096877,-0.017400370995911015,-0.014497300053329054,-0.028915581110070532,0.005348644940325276,-0.005784805244890112,-0.03647474035109588
V2_GRU64_WITH_CASH,CASH50,2024-05-17,-9.373051437047252,14.153614741093406,-23.52666617814066,-23.427923942843,0.1683134209388763,-0.10878887256419789,-0.15826678367189118,0.3623309092224523,0.11690658995884201,0.0025423651398219565,0.045480700518459906,0.9993055555555556,0.03883865406286598,0.005727927820942558,0.011393202188602795,0.9828788699904546,0.15440773577723116,0.015589128084841156,0.8300031361379275,29.477059224283632,-52.95004869171944,0.045065524592816875,-2.3282067434623746,-34.90888907901703,33.60874859062001,7.864984123884022,-27.66456083486765,0.0,-0.09036123635487227,0.0927413437854614,0.08969529339567571,-0.08953303568644289,0.008734863740390791,-0.018394155307267346,0.036834134008779905,0.035624647489480264,-0.017318789412923703,0.027050189321320195,0.05009142867190142,0.0630814427941897,0.014740108611326797,0.03923010091559176
V2_GRU64_WITH_CASH,CASH50,2024-05-18,18.390918674140266,5.545194691652796,12.84572398248747,12.759275156751222,0.1801611990213246,-0.038183224964378315,-0.05552914832064726,0.3788295907130799,0.11621143046508577,0.0030078099984289204,0.04468575678096251,1.0,0.0010881847815118917,0.009024477501101469,0.005361377038054995,0.9856141454608436,0.10769405564987017,0.012302808212202176,0.8800031361379276,12.79702568219419,-0.030001223688387313,-0.007749301754584565,0.12201615024836847,-7.622113733310868,10.235288606480022,-2.4205726697429752,12.444656803076658,0.0,-0.0946734383740994,0.0961844003856473,0.09473429997010711,-0.09323745198322607,0.008687380532510648,-0.018296812520758925,0.03625539368548972,0.035505819405023765,-0.017466024321302703,-0.001378604308774678,0.010015502340816163,0.0174076326682453,-0.00420489296636084,-0.016398713826366484
V2_GRU64_WITH_CASH,CASH50,2024-05-19,4.923814924704857,-6.607284880043153,11.53109980474801,11.758334837874948,0.08600215252170096,-0.12761156150554065,-0.18562562414217565,0.3985074957803888,0.11462286889728743,0.0017377550601789863,0.04433988625312237,1.0,-0.017845570309198866,0.006555949892414925,0.010478424795007575,0.9829656253125775,0.05858000131407221,0.011416862548000142,0.9300031361379276,-16.164563684068337,27.884618156519807,0.03828036542346202,0.8454449502140214,13.562461030427958,-9.220339278673032,-14.924733810463435,21.495501946369394,0.0,-0.0991471647320869,0.10027626312649905,0.09984636229378485,-0.09923770562801804,0.008679532003453191,-0.017942739534667112,0.03571460469512981,0.035087240876621885,-0.017198751787415416,-0.009720675681956448,-0.01653794979650358,-0.014173415109780207,-0.02283961612284069,-0.025956194834913404
V2_GRU64_WITH_CASH,CASH50,2024-05-20,-20.244370346774303,19.081808145987452,-39.326178492761755,-35.461158073290036,-0.24372849256951834,-1.475699719711514,-2.1455922071915747,0.4307533842720653,0.16196713818814704,0.14360067225419487,0.045974218275986994,1.0,0.10807631207118074,0.0025764191791279867,0.0886476990588951,0.9087758817619769,0.022322733708894975,0.061416862548000134,0.9162604037431048,35.12215066960079,-70.74268835464484,0.1593796117540382,72.48993843399992,-204.12132975631647,90.85253257869323,13.517846516251744,-8.200145845918195,0.1404801177954098,-0.13855560545710166,0.1442946479941596,-0.004701532281822632,0.0020830442035497166,0.04680456479701973,-0.029323868048492924,0.04807133496693105,-0.02862400097658891,0.009046187537118063,0.0788367648257684,0.19354250931761996,0.09906610686673778,0.056303611215827276,0.11263256812995026
V2_GRU64_WITH_CASH,CASH50,2024-05-21,-142.7814491317822,-36.96285146461378,-105.81859766716843,-104.01466736003707,0.2601355003944856,-0.8405849764512281,-1.2234808310742311,0.5756381358299201,0.15479493999306915,-0.006643569640721457,0.035010249930546876,0.1625,-0.0004762369730126004,0.012741045707314158,0.003894676693444342,0.9833642775992415,0.015183288956329047,0.018556307300566094,0.9662604037431048,-96.30411263680696,-7.772056138186141,0.06150141495598746,-17.94062216347716,-39.79054588331015,-45.116748004930024,0.7613302565065867,-1.9280815648263088,0.1435271957144163,-0.14651542346505736,0.14040594780111582,-0.14462542927026342,0.0005641395790672185,0.044165896359724156,-0.03013032118339132,0.04320702263681188,-0.029762023847869818,0.007529675965271978,-0.018189380553724765,0.03493398864657671,-0.04570825566197423,-0.0010501989754775343,0.02763266167953682
V2_GRU64_WITH_CASH,CASH50,2024-05-22,14.967376934420827,-1.9208161107817432,16.88819304520257,17.38986665955697,0.10867187838694048,-0.2486809436249593,-0.36166454911735,0.5110381625294614,0.13764710097011404,0.0034965830957503887,0.03805183347899672,0.9784722222222222,-0.015132387774497014,0.010757269952575643,0.005209289714644734,0.9840334403327796,0.010757269952575643,0.005209289714644735,0.9840334403327796,-4.043401092878499,21.482176407234313,-0.04890865479880226,-11.544776304580532,13.74483217832665,-5.495764130060044,18.96850048988697,1.7170744259839048,0.12789138289761315,-0.12674711051808835,0.12922173744678414,-0.1270236791987672,0.00015425246820862694,0.0400139403332359,-0.024871636559701853,0.040430428398724315,-0.024925997185856814,0.007405098492595163,-0.013467630275785902,-0.013688060406252034,-0.006455198118450078,-0.01880119136262104,-0.023249858709376015
V2_GRU64_WITH_CASH,CASH50,2024-05-23,-47.68786445702426,-15.646424526179544,-32.04143993084472,-32.09642042695916,0.12637666847322687,-0.0290824357674353,-0.042313736590580575,0.5143860424361737,0.13623156545521933,-0.0034112822010134002,0.036397117718505644,0.22847222222222222,-0.009215953476049732,0.008288323993036806,0.009218089123476833,0.9824935868834863,0.008288323993036806,0.009218089123476833,0.9824935868834863,-42.00975893183831,9.917976730192038,-0.004638225312863972,-15.24758448394229,-12.135653362700042,-3.923089435809982,-3.6359893307060167,2.8458961861991017,0.1282950709805383,-0.1304798552039379,0.1270416255336861,-0.12841880711465561,0.00015068360335571333,0.039471032772269155,-0.025219095405795006,0.03961924108472543,-0.02469812846256183,0.007224067729867886,-0.017531136910423628,0.011996492222465793,-0.004570595646352316,0.003604629102637036,-0.039579156148575545
V2_GRU64_WITH_CASH,CASH50,2024-05-24,-47.96136305075197,-14.02331261645304,-33.93805043429893,-33.783524075969815,0.10476586333516802,-0.10565793810796498,-0.15363428355639908,0.4882572997142736,0.1330125676419465,0.0001294765454843493,0.03538968030767332,0.5506944444444445,-0.0030463692844022285,0.005121906248589991,0.03509625901609325,0.9597818347353168,0.005121906248589991,0.03509625901609325,0.9597818347353168,-36.308307060936016,2.561983571807957,-0.03720058684177627,6.9670103841869775,14.05604763800003,-39.907335950676824,-13.136161172268249,-1.7630849752118072,0.1248287058599115,-0.12104320382839855,0.11921430329772634,-0.12302070775599609,0.00015037897224115637,0.03905485585203623,-0.024208031571761858,0.03796142224372823,-0.024603412095374734,0.007184845879045455,0.00841948638021961,-0.014665282302060989,-0.04841727740192514,0.013900737240075456,0.025530489661679923
V2_GRU64_WITH_CASH,CASH50,2024-05-25,0.6206825353274326,6.387597555511093,-5.76691502018366,-5.479190025057882,0.07659389006867034,-0.1484536461942083,-0.2158652389996547,0.46694297081312935,0.13475396142066065,0.013601298123391368,0.03861243944686585,0.9993055555555556,0.018719963493742765,0.00423569180603689,0.0972126582566892,0.8985516499372739,0.004408556430033607,0.08509625901609325,0.9104951845538731,15.691181934180884,-21.06738015509707,-0.10299180414169032,8.16927657786691,-5.00410532520004,3.1362063361719317,-8.88973512603577,-2.890832487860888,0.11894127875362284,-0.11345586505880766,0.11863297047770531,-0.11321497128606137,0.002697885236932212,0.03963463150370312,-0.024060959524422484,0.039653426037856085,-0.02400980146247492,0.007395142892204045,0.010710437455137,0.005772706066569766,0.004154894143620469,0.010319071476536879,0.0626427083268497
V2_GRU64_WITH_CASH,CASH50,2024-05-26,-42.757923693714474,-18.399981873546494,-24.35794182016798,-24.373497499261003,0.08155311462140102,-0.026890325724453934,-0.039107109804781715,0.4620235499343985,0.1340455955273755,0.010602835122375249,0.03747925018298978,1.0,-0.017957786041999935,0.0046489534666965815,0.09145761554203785,0.9038934309912656,0.0046489534666965815,0.09145761554203785,0.9038934309912656,-43.16227800278035,18.79416697437631,-0.005386470856960145,-8.565623974053905,-17.407171876200003,-21.761862975665196,21.123935412302124,2.237225914356003,0.11789259571668652,-0.11440378976143456,0.11566619702449585,-0.11130656764457704,0.002754399787204489,0.03949196216607056,-0.02447143646027845,0.03874661812986303,-0.023811736211914396,0.007523842559249051,-0.011340737208947127,0.02036175572824339,-0.028795075832633854,-0.024706500322871028,-0.045308372573791056
V2_GRU64_WITH_CASH,CASH50,2024-05-27,28.942270644263772,15.170839684591556,13.771430959672216,17.963610634277522,0.09308318950523353,-1.7458732219727997,-2.5393896421371744,0.37967738781538785,0.1179718554483783,0.024759790424854745,0.040085065117476955,1.0,0.020286760373323044,0.0024954537123340614,0.4818996124911748,0.5156049337964912,0.004373176299897199,0.14145761554203787,0.854169208158065,35.25096900511424,-18.85493161959097,1.5675732487542446,-0.407572777000035,11.674374600600038,24.576570821677436,-7.205635851366049,-10.674126159633873,0.004498549891198525,0.09854154053056187,0.09909675423386911,-0.08853572063444129,-0.08884133359633346,0.007844154247739958,0.03548797237941151,0.03567412113691311,-0.01942923121935925,-0.019491951427228378,0.01367835935573214,0.017912335109065092,0.04119201981530196,0.010974456007568634,0.017676631578947388
V2_GRU64_WITH_CASH,CASH50,2024-05-28,7.00937591578986,-2.0339866922276997,9.04336260801756,9.256178029188575,0.04771050067039828,-0.10615346141728388,-0.1543724604229988,0.35851785511426615,0.11626456517609422,0.030472913588937972,0.039421958138539825,1.0,-0.013995847646233007,0.0046522218794139425,0.21311124569060436,0.7822365324299817,0.004567139319270745,0.1912636525226643,0.8041692081580649,-3.933779666668549,13.227616311395387,-0.037658615538292896,0.287401711727143,-7.2444640563999565,-4.9381442762876055,6.1815651411262476,14.96981950902276,0.005806792313541916,0.09438436584609838,0.09430422619196176,-0.0825569792379027,-0.0814654915247614,0.0075995785043585775,0.035063378109442864,0.03518030504351559,-0.019275029001719124,-0.01914627451705808,-0.014740755992519783,-0.012597244930173557,-0.008515842839870391,-0.009958656185663495,-0.024166738282937805
V2_GRU64_WITH_CASH,CASH50,2024-05-29,-8.725246129981315,-5.631405336835087,-3.093840793146228,-2.856857206226243,0.008830324995455108,-0.10016402824672,-0.14564988366912957,0.34311163141324275,0.11613706720496207,0.03655104340316183,0.039119557088171594,1.0,-0.009936018633239497,0.0022147369830135544,0.9159486448946633,0.08183661812232318,0.004404834154887705,0.2412636525226643,0.754331513322448,-10.15174333616684,7.342069184339497,-0.04718305439889901,0.03048932227285961,-10.832956242199998,-1.1154386727998213,5.300874319552714,3.760174066948034,0.007399645608960222,0.09050503381253178,0.09192665798671026,-0.07632828537023865,-0.0769520086348018,0.007570455765989164,0.034609711011065684,0.03544814536951199,-0.01925307297863215,-0.01925568207976309,-0.01097324551482004,-0.020005146854310207,-0.0021951108020392684,-0.00960168387752336,-0.006904906117504606
V2_GRU64_WITH_CASH,CASH50,2024-05-30,13.155659455611385,2.9017760021797585,10.253883453431627,10.536974212966527,-0.03939369607703225,-0.09930497671283778,-0.14439208674518866,0.320458721217047,0.11696129825265836,0.045787130608316434,0.03927427460344286,1.0,-0.007955172623065065,0.0021219741791097535,0.9866436567656495,0.011234369055240712,0.004251700185450435,0.2912636525226643,0.7044846472918852,5.216584740223055,5.304084350356463,0.016305122386990906,0.12835313774079182,-2.6395373461614335,-4.288368108419968,4.569785795311743,12.766740734495269,0.009026825936523335,0.08709373717041662,0.08700236280574176,-0.06910277186891475,-0.06823302343545051,0.007595860856877184,0.03543353788121628,0.03508838768995713,-0.019059345519630726,-0.019784166304977004,0.01049860880202469,-0.005342283057254038,-0.008568286240166367,-0.009406108035884708,-0.026957794584044903
V2_GRU64_WITH_CASH,CASH50,2024-05-31,-1.7208225882350234,-1.515312512186938,-0.20551007604808547,0.02738835196913847,-0.1106931773695865,-0.04980746570356942,-0.07239778494337745,0.3089416187706028,0.12066401973071958,0.05611931708478161,0.041130127420244425,1.0,-0.004152807424649163,0.0019950847366806412,0.9942581952516352,0.003746720011684189,0.004091199974452368,0.3412636525226643,0.6546451475028833,-1.8707117011971306,1.9619968509576635,-0.06389679779139702,-0.4071048862132691,1.7582601478861053,-3.4859588258639778,0.9493673436294663,1.2128245725307791,0.01111720958651174,0.085977147512817,0.08543611082836346,-0.0632401849819192,-0.06317096586099138,0.007573061354896152,0.03677784951959049,0.03654616270099535,-0.02022758862178856,-0.019539357533449007,-0.012081997433233682,0.0037345145424714232,-0.007421009887897734,-0.002237615298578577,-0.002757929046007246
V2_GRU64_WITH_CASH,CASH50,2024-06-01,8.23181252161703,4.509949095441698,3.7218634261753323,3.9966817931318035,0.015604514759039567,-0.11834129418827999,-0.1720815875288615,0.29113788325061946,0.12101869161175563,0.06475590092264029,0.041333743713925335,1.0,0.006244817585117435,0.0020868620458985854,0.9951010340417584,0.002812103912342937,0.003937925017620059,0.39126365252266426,0.6047984224597156,6.276722185568798,-2.2261614410316177,-0.053878951405368844,0.15874056647247925,6.207679973775264,1.4324205683873823,-0.7816374251812153,-3.0205218903221116,0.012815789299917668,0.08256523875088152,0.08256586403583069,-0.056544968463832244,-0.05664602270015736,0.007538213217162344,0.037022550693885256,0.03661545375179289,-0.02024488451868469,-0.019597589430230464,0.003379559529997911,0.014252873908417785,0.0032354156210641083,0.002103316175975367,0.008252922690132003
V2_GRU64_WITH_CASH,CASH50,2024-06-02,-6.723828093659904,-4.02546874966356,-2.6983593439963443,-2.283909003887808,-0.07612511516945619,-0.1378562058135966,-0.20046901912521875,0.26649973860726744,0.11979906729786063,0.07195959776295416,0.040732896957338366,1.0,-0.011439390470242094,0.003193231957166587,0.9943533485727253,0.002453419470108213,0.003876185191410886,0.44126365252266425,0.5548601622859248,-4.6139364798759885,2.3573969093026865,-0.0273694333145005,0.007016864999991223,-3.4989985088127953,-7.2554983416116094,2.8046115195069103,5.658959462029701,0.014455273900360556,0.07750472606791001,0.07726966821684025,-0.04881179811204594,-0.04845827231011071,0.007553413393288902,0.036581493480121775,0.03613107525418882,-0.0201133889474752,-0.019419696222785946,9.734613779177614e-05,-0.008886510724127494,-0.0182334239601859,-0.010082231643862016,-0.020092132160826837
V2_GRU64_WITH_CASH,CASH50,2024-06-03,-8.387592099597896,-4.1133642561999295,-4.274227843397966,-3.293507649724585,-0.13554256261184472,-0.34435719755875827,-0.5008204335015609,0.28118103229937513,0.13943779960990343,0.08403100939602698,0.04278175640099168,1.0,0.008562727354843336,0.002601423526284563,0.9953195531174993,0.0020790233562160343,0.003761146107470282,0.49126365252266424,0.5049752013698654,-3.103946019501946,-0.13653275257290068,-0.05302887764973635,-3.668968528000002,-1.50481910488718,4.2142500383780765,-3.0137174202874513,0.6797473650719881,-0.049389667266784315,0.08247119755704206,0.08302597061000172,-0.04913062712436373,0.017054135620131236,-0.02421519867613695,0.04106023995985284,0.04133619746820126,-0.024094213702364312,0.008694731351438835,0.0154175374119363,-0.003828384954659425,0.010706933068672209,0.012692625998569795,0.0078249252496978
V2_GRU64_WITH_CASH,CASH50,2024-06-04,28.56712259298365,14.533548322104252,14.033574270879399,14.680418732675783,-0.25595763679279493,-0.15927378820577243,-0.2316130367983904,0.25380160476598695,0.13780087098587887,0.09396142036825766,0.04340139936002133,1.0,0.021779958716283198,0.0022366519741339186,0.9953335747696919,0.0024297732561742477,0.0036099275893586957,0.5412636525226643,0.455126419887977,11.856116422713628,2.847905255599319,-0.02360294563716155,-3.840555830999996,3.9838891843494295,14.381756711673148,-1.711683826172028,1.8670124938252912,-0.04005882457893987,0.07722099954387898,0.07789048481988099,-0.03986126761992478,0.018770028203362325,-0.023658253487514408,0.04079271931612295,0.04114648512076209,-0.023541482325414365,0.008661930736065056,0.025107732170634334,0.011641715296552224,0.041771743386163074,0.011070687060852569,0.019307915667213793
V2_GRU64_WITH_CASH,CASH50,2024-06-05,16.107218998242388,8.757040437745673,7.350178560496715,8.056705047907503,-0.3294726888324231,-0.15363217485639602,-0.22342162372296137,0.22897664727079686,0.1373068993582771,0.10187790337276385,0.043106720898726004,1.0,0.008956315029676976,0.0021484718838823413,0.994096660321728,0.0037548677943896407,0.0034485595264849697,0.5912636525226643,0.4052877879508507,5.799051797084651,2.2791213458379938,-0.021468095015148063,-0.6559916951022988,4.354788645624267,3.0878248507701302,-0.06090318739539814,1.3309864340108093,-0.031850228435274804,0.0722652551945422,0.07272271996588137,-0.031699143513741694,0.02043930016135679,-0.02360604390199234,0.04065198836836093,0.04090925571872954,-0.02349404532778322,0.008645566041411094,0.007867112014168454,0.014417133779526914,0.010235663439623455,0.00030195059399229507,0.01195971532107376
V2_GRU64_WITH_CASH,CASH50,2024-06-06,-23.997025277411012,-12.2799264442383,-11.717098833172713,-11.025139760782235,-0.3287815013152473,-0.14798116366568692,-0.21519640740882817,0.20305838806859683,0.13595133308826118,0.10887829223487507,0.042306496840933176,1.0,-0.012990020925341895,0.0023055873966294493,0.991252202991865,0.006442209611505549,0.0033056839206064047,0.6412636525226644,0.35543066355672925,-5.718110797293159,-5.3270262643064825,0.019997300817402416,-0.07034735189769203,-3.422843448173725,-4.965836207923252,-0.05648008038397867,-2.509632672403606,-0.023564245573026554,0.06709099525123366,0.06706426838516734,-0.02352580234383435,0.021813076515334946,-0.023440411541608325,0.040322481803092274,0.04030646379313008,-0.02338200658205568,0.008499969368374828,-0.0042926779584694374,-0.013506280855127173,-0.0194389604873344,-0.008374323505816461,-0.019337861819962
V2_GRU64_WITH_CASH,CASH50,2024-06-07,-58.85311599491615,-23.955361134812847,-34.897754860103305,-34.24757114535114,-0.3017758396500412,-0.14197390816938338,-0.20643396693304794,0.17801332595693498,0.13351812770718471,0.11858295097199645,0.041434902466493534,1.0,-0.044077690815237915,0.002276879789629538,0.9945721004344857,0.0031510197758847424,0.0031600881760017307,0.6912636525226644,0.3055762593013339,-7.307666239231269,-26.913364489983014,-0.02654041613686576,-1.7448975009999903,-7.628621539000012,-9.86822719329762,-3.7365161581309057,-11.269308753922571,-0.014915814901672136,0.06233200531776069,0.062382553848169785,-0.01479937259079714,0.02358357929853526,-0.02311074822550466,0.03970782147277003,0.03950314493775042,-0.022930864394840933,0.008265548676318672,-0.02051111183271459,-0.03562593035201378,-0.045513286173217815,-0.04360552041403121,-0.07513260530421217
V2_GRU64_WITH_CASH,CASH50,2024-06-08,-19.113105876213012,-9.64458503557944,-9.468520840633573,-8.999009865932596,-0.23690445581778619,-0.09478569683092974,-0.13782082205189816,0.15473352538434157,0.1340151179375045,0.12453293866277303,0.04197074677011581,1.0,-0.011422244681665639,0.001837759513569126,0.9957983571385742,0.002363883347856619,0.002942981776896845,0.7412636525226645,0.2557933657004388,-1.236997545130258,-7.645049153057174,-0.11696316774516366,-0.0335202460000103,0.08101696429998168,-4.644388446392295,-1.878212977449127,-2.5239051603911244,-0.007574323622310481,0.05774165566407839,0.05709288012295822,-0.007525969738473797,0.0247986962365207,-0.022749072935431883,0.0403619146634051,0.03990839761555894,-0.02327311264826247,0.007722620074846114,-0.0004410677298417598,0.000625030572147578,-0.028897160869249205,-0.01272870482271804,-0.015669320558666766
V2_GRU64_WITH_CASH,CASH50,2024-06-09,18.7120925364743,10.263809353431498,8.448283183042804,8.985503006031134,-0.2686232265782049,-0.109455751967233,-0.15914084444415177,0.1360136319060664,0.1367102545186444,0.13599273728577696,0.04262400030488255,1.0,0.011353547282273491,0.0020106387972124162,0.9958662725031968,0.0021230886995907547,0.0027598840971173287,0.7912636525226645,0.2059764633802183,-0.3364562673686247,9.302770954089054,0.019188319310708135,1.0939945529999922,0.8329496425559006,3.152700019521159,2.798130258091993,1.107728532862096,-5.256625971340384e-06,0.05403401379909927,0.054624780317926086,-5.190684173369842e-06,0.02734439047889634,-0.02381341862815724,0.04042203635150005,0.04153790873179306,-0.023229708478723677,0.007707182328470364,0.004621718471732539,0.00690842036109629,0.02722388810391263,0.012059744214372614,0.00595396526025338
V2_GRU64_WITH_CASH,CASH50,2024-06-10,-13.267601460458536,-2.675685747333773,-10.591915713124763,-10.955746355928426,-0.20193355854604533,0.23046606753170096,0.3352981338198662,0.14990791826029795,0.15666363992419668,0.14990791826029795,0.04467396399429371,1.0,-0.00947157253537243,0.001969530741864567,0.9957513375377772,0.002279131720358229,0.0025666320303255434,0.8412636525226644,0.15616971544701008,0.03920809992394958,-10.762317822098263,-0.23263663375412755,-0.06468577799998143,-0.6193730067558612,-6.423612041772284,-1.0852051602890018,-2.762870369111275,0.05328334312377832,0.05298749257202694,0.00688452577464297,0.00692619525704666,0.02982636153280305,0.04600449837868705,0.04576119754699278,-0.027785263150887474,-0.028163778983031927,0.008857310202533256,-0.0015531026167338036,-0.010224421717640597,-0.01872412559546266,-0.0032186343568426645,-0.013637578390182425
V2_GRU64_WITH_CASH,CASH50,2024-06-11,-66.56184404209125,-13.821537231604452,-52.7403068104868,-51.91679245709397,-0.41489662972684194,-0.1664976755653491,-0.24212004810086896,0.15461717252906096,0.15127998820274285,0.15461717252906096,0.04333698033837823,1.0,-0.044217950314200595,0.0018079748722191757,0.9956314465897069,0.0025605785380739,0.0023209016424906043,0.8912636525226645,0.10641544583484501,0.09184347314333959,-52.05258242093321,0.043946490695903825,-0.1260667610947479,-0.3918283641819791,-26.540749451946766,-14.589808258357987,-10.268339621512563,0.04646769212838197,0.046118349054468835,0.015422748214620061,0.01566696651729002,0.030941416614300075,0.04473627742112867,0.0440139926636822,-0.02656119209843316,-0.027410311833749153,0.008558214185749664,-0.03223260665393879,-0.04678606125924811,-0.06185325351779536,-0.03362277972167882,-0.04659505041834189
V2_GRU64_WITH_CASH,CASH50,2024-06-12,44.649783060453046,1.3047065667487914,43.345076493704255,43.98052734403916,-0.34968726211480305,-0.11644345824314328,-0.16932012997813217,0.16377642945172874,0.15970568993946668,0.16377642945172874,0.04298893090571783,1.0,0.03107598841751611,0.001791455214605664,0.9957552436641137,0.002453301121280538,0.002067557606812062,0.9412636525226644,0.056668789870523505,-0.06047574259026348,44.01498215652296,0.026020930106459797,-0.8816029872460893,-1.084323452802729,20.281742581073487,12.12621987061659,13.538491332397918,0.04101055325171694,0.04111706299001786,0.02441613279849229,0.024010428098588114,0.03322225231291354,0.04625130117377208,0.046371342653882694,-0.02942260740284733,-0.028935772114027113,0.008724666594937482,0.014148212858635878,0.017838227001498286,0.03976232687966319,0.0236983443935046,0.05993283095427859
V2_GRU64_WITH_CASH,CASH50,2024-06-13,-53.88829066214021,-1.5069989303283364,-52.38129173181187,-51.69648073508924,-0.350627571267613,-0.13615867190981135,-0.198024753543927,0.16584146230237573,0.15412688836861158,0.16584146230237573,0.042224422083521056,1.0,-0.0328294580704078,0.0017096018954335657,0.9945467589678658,0.003743639136700546,0.0017316577923496366,0.9912636525226644,0.007004689684985903,-0.0585477436014068,-51.55525897438684,-0.08267401710098726,2.5677339885910575,2.9972265343847013,-30.743323475539015,-17.96471391975269,-8.553403862773262,0.03442061875100917,0.03424542552489147,0.03172724087692465,0.03234172754759631,0.03310644960195415,0.04504034071865028,0.04481100610385881,-0.027707549689868306,-0.02824368345267696,0.008324308403557204,-0.021779321355884895,-0.025606677048573112,-0.05131514502359702,-0.030023581378538222,-0.03542256554544576
V2_GRU64_WITH_CASH,CASH50,2024-06-14,-27.413913954022064,2.422082308519748,-29.835996262541812,-29.52667788164893,-0.32084960155371434,0.004692816763936847,0.0068384038961299964,0.16483371550039658,0.15431100080762453,0.16483371550039658,0.04208588674650353,1.0,-0.01706231155135316,0.0017162052910582037,0.9942349882231672,0.004048806485774539,0.0017162052910582037,0.9942349882231672,0.004048806485774539,0.09029174645255267,-29.67850440836955,0.06153478026806876,1.2873126557497656,-0.41446290253278417,-17.326383419513167,-2.8427960923295625,-10.230348123023202,0.03394011632838498,0.034165529143632016,0.032534536205417026,0.03183826780637938,0.03235526601658318,0.044451241259707744,0.04563963501801872,-0.028409377205775986,-0.027703179824784513,0.008107567499337557,-0.01111813175594456,0.0033683043822909653,-0.028762040306054004,-0.00488520041170315,-0.04391448966535505
V2_GRU64_WITH_CASH,CASH50,2024-06-15,31.366230186577013,-0.45550112132514187,31.821731307902155,32.269021077707556,-0.24546407170169093,-0.08226425258704939,-0.11956144551566172,0.18410769479150121,0.1583618832770706,0.18410769479150121,0.045865160025962845,1.0,0.018421251106462665,0.0016823768343763312,0.9930723165801945,0.0052453065854291695,0.0016823768343763312,0.9930723165801945,0.0052453065854291695,-0.0002984294082224448,32.47975470505465,-0.21043519793888601,-0.27324096611368687,-2.4182560004362657,10.616843882586569,20.91581759286644,3.4278565688044944,0.03728315117380579,0.03780743136924775,0.03600468874282604,0.03622995822678311,0.03678246527883852,0.04641525351805023,0.046422040464579775,-0.028164400891333995,-0.028083960734219864,0.009276227668886696,0.0026337226601231833,0.025012128065359462,0.017253577287812627,0.033918944008341834,0.013287883510676224
V2_GRU64_WITH_CASH,CASH50,2024-06-16,18.41157361968544,0.12314084463832842,18.288432775047113,19.0945070685052,-0.40526728298860526,-0.1632604232137309,-0.23754658725794364,0.17310941606216382,0.15802629078046085,0.17310941606216382,0.045918862704381246,1.0,0.01235575833225926,0.0014006233137803248,0.8683919478918332,0.13020742879438651,0.0015696412647431316,0.9431850521498276,0.05524530658542918,0.04175021809959972,18.65772528276684,0.3950315676387606,-0.2951069257588075,-0.7397273582918258,21.19536022049007,-1.7933824468017945,0.727363578867579,0.04290852390433212,0.04288722417222835,0.026520217596791747,0.026364329980831127,0.03442912040798048,0.046434875101642625,0.04641154953456373,-0.028109793265074342,-0.027943920772965456,0.009126152106214678,0.0067121206224893815,0.015474319665033986,0.03983499484358899,-0.003289917810756715,0.0030472743409406533
V2_GRU64_WITH_CASH,CASH50,2024-06-17,-27.015720897576102,17.16692930537647,-44.18265020295257,-44.33943766754658,-0.2686427081683478,0.17334154482699304,0.2520886279363035,0.16731085670681975,0.15490704593301208,0.16731085670681975,0.048000883046427946,1.0,-0.023334627197754875,0.0015586903913155092,0.4034652727623093,0.5949760368463752,0.0015686267891154117,0.8931860666254553,0.10524530658542919,0.9054306301631828,-45.40131776860937,0.15644947089960629,-0.023928806127504032,-0.4415055828634298,-23.961230572970035,7.60417564918621,-27.516948354771912,0.04912427619874716,0.04843476959318586,0.017457656079036755,0.03463910044691867,0.017655054388931325,0.04621634695545823,0.04556806213386659,-0.026584701827169616,0.00964380837495759,-0.02684263259068485,-0.0027928321106910348,-0.03129952418034854,-0.05320541641321308,0.03184065439672801,-0.061216017681249735
V2_GRU64_WITH_CASH,CASH50,2024-06-18,-31.359818263978013,8.571655807218121,-39.931474071196135,-39.539103608729484,-0.07739219988312662,-0.1283078647310285,-0.18667039785148276,0.15408152218200902,0.14498531780115206,0.15408152218200902,0.0473850474732829,1.0,-0.02933697119410954,0.0015184761466311425,0.43015845482467296,0.5683230690286959,0.0015632118624495676,0.8431914815521211,0.1552453065854292,0.07953317345990008,-39.45564646748911,-0.16299031470029257,-1.4181475710000395,-0.5740158596757121,-14.109754726529982,-5.7004188001893565,-17.736766651334413,0.05251854300821628,0.052390375032264146,0.0092373794945868,0.030779679606576148,0.009155545040365632,0.04360510219550596,0.04349854613287406,-0.024508631652097514,0.009081534308837463,-0.02429150351183708,-0.01988957756649412,-0.007811935452867957,-0.04076901052396342,-0.027258374099391802,-0.0509559583278304
V2_GRU64_WITH_CASH,CASH50,2024-06-19,10.693924314002288,11.092480600402268,-0.3985562863999803,0.11781329187567913,-0.18376200415091404,-0.1354884754834078,-0.19711909864180477,0.14759473265164624,0.14632957931853224,0.14759473265164624,0.04701405121377896,1.0,0.002564067312424778,0.0013787329467680465,0.7821101479365145,0.21651111911671753,0.001412655697388255,0.7933420377171825,0.20524530658542928,-0.3379411264187345,0.4760415902052877,-0.020287171910865553,-0.35149409460876546,2.5988487742237876,-3.5254232266199854,0.9090210124245194,0.4868608264561294,0.05728757983429473,0.05830637817200309,0.0012664940745045368,0.029455152363045016,0.0012791282077988628,0.04338522715239431,0.044156659422595425,-0.024834253394879685,0.009129928691165867,-0.024823510657496956,-0.0031249843995155846,0.0220469681247899,-0.013126187581447124,0.004851570542723671,0.0021729698755730276
V2_GRU64_WITH_CASH,CASH50,2024-06-20,-13.338769155483533,-8.919835753700681,-4.418933401782851,-3.564002547714532,-0.05650394874223874,-0.325439194460845,-0.4729877108652669,0.2313050181925511,0.15393221922317465,0.2313050181925511,0.0683592920115259,1.0,-0.0045062290383258265,0.0013894550462187905,0.8508808142221197,0.1477297307316615,0.0013924948140859538,0.8433420377171825,0.15526546746873157,-4.044264766681623,1.210083216964783,-0.7298209979976762,-0.19661220039126492,-2.1726325108808364,-6.348581108900041,-2.779554792294802,7.933378064752386,0.06818816097855768,0.06769422512215159,0.024386449308355127,0.04624068158994776,0.02479550119353892,0.04889121175217615,0.04853726673780985,-0.02121546299033361,0.013717277127364256,-0.02157100061549077,-0.0014228303704222345,-0.013345831289645838,-0.01503437693646914,-0.00929966095735879,0.01657155436226687
V2_GRU64_WITH_CASH,CASH50,2024-06-21,-4.823241089055955,-5.784977193976374,0.9617361049204192,1.612567437061342,-0.2668848887689066,-0.15645898215955256,-0.2274874612114548,0.2438370174935941,0.15108836442383822,0.2438370174935941,0.06775895571235716,1.0,-0.000862425942656908,0.0013545815414168771,0.941006061290879,0.05763935716770411,0.0013730847635464798,0.8933420377171826,0.10528487751927104,-3.145556210014578,4.741111819972495,0.017011827103431507,-1.4278084339999761,0.20852590165707585,4.125354290009993,0.14209093170443043,-1.4355952523101605,0.06302335366474746,0.06353380662693942,0.03408881596890942,0.04896923438053675,0.03422180685246107,0.04792121804347049,0.047940391432401835,-0.020773708554672712,0.013562050592225355,-0.020890995801067815,-0.011252985556766903,0.0016102018775236981,0.007706826045926318,0.0003868517240444014,-0.0027630238040120547
V2_GRU64_WITH_CASH,CASH50,2024-06-22,-10.38842771499003,-1.0377379639576247,-9.350689751032405,-8.638648114947387,-0.33270613711265806,-0.1545795572679598,-0.2247559417067606,0.2592734122633123,0.15075241076857548,0.2592734122633123,0.06810971303635162,1.0,-0.003933770244506496,0.0013529918084222992,0.9608957393929174,0.037751268798660316,0.001358212924827242,0.9433420377171825,0.05529974935799025,-0.5717231958549727,-7.866418916310266,-0.2005060027821493,0.18021604555796622,-0.563358090000011,-4.372721223929938,-1.7857683352940175,-2.0970165112813937,0.059693575702685346,0.05923001333504835,0.04426842560752748,0.05172231522143849,0.04435908239661262,0.04800493439086435,0.04788633502754575,-0.020639552679851497,0.013539792484053447,-0.02068179618626044,0.0018467545771403415,-0.006542024189283735,-0.006837759296007939,-0.004909983633387904,-0.0032258386809932427
V2_GRU64_WITH_CASH,CASH50,2024-06-23,-46.38307619380066,-9.678899200102023,-36.70417699369864,-36.23844019958048,-0.07572672757712162,-0.1588610646852473,-0.23114900185497333,0.2457365462110655,0.150222239564866,0.2457365462110655,0.06809283393295566,1.0,-0.02022038019483925,0.0014736246721898105,0.8737521976011906,0.1247741777266196,0.0014411357675656368,0.8933420377171825,0.10521682651525187,-5.473155095008745,-30.85130500936723,0.08601990479549913,-2.176590413557955,-2.869789538699994,-19.811859690810056,-4.609286156091986,-6.770914400420487,0.06378606191415252,0.06368080186010042,0.034463642086744906,0.04907344418554638,0.03473259616452127,0.04794768130585723,0.047724996282189694,-0.02041886927659222,0.013484859160863902,-0.02064583353936295,-0.016307290733984403,-0.021294984617585944,-0.037125730578401184,-0.013774671052631526,-0.01259922399159319
V2_GRU64_WITH_CASH,CASH50,2024-06-24,-43.1833560144114,-31.066395520743754,-12.116960493667648,-12.04421749381613,-0.40357736182261217,0.1347502747645688,0.19608408720537795,0.25318265725357525,0.14244722120233105,0.25318265725357525,0.0668566391916497,1.0,-0.015448027414729237,0.0015369986805524594,0.9495981921222816,0.048864809197165904,0.0015261929825058868,0.9432569805022422,0.05521682651525185,-20.583474275150003,8.150358506736254,0.38889827459761944,-4.420697529244876,-7.2146398649589845,16.992397347218603,-1.1340036728033587,-16.267273774027576,0.057326544146498785,0.05052557580208595,0.043936452194832464,0.0583227040226657,0.04307138108749233,0.04526002152898645,0.013361779847512904,-0.019085233569913384,0.04603012882049102,-0.018710057435427294,-0.046357114687261114,-0.01993553526188374,0.027730792827941997,-0.012334813425057378,-0.02634346652738595
V2_GRU64_WITH_CASH,CASH50,2024-06-25,68.59322990744295,-2.1418018802978622,70.73503178774081,71.29225556329352,-0.28710584007310125,-0.1100920661849365,-0.16002586929363538,0.2797622474339809,0.14464860470794905,0.2797622474339809,0.0689703453757569,1.0,0.02681616685897681,0.001493762376771568,0.9879743131689692,0.01053192445425924,0.001493762376771568,0.9879743131689692,0.01053192445425924,-1.7121939880092314,72.88037668971565,0.12407286158709693,1.869514355816058,4.8660507358950635,22.51166448586144,0.29207823243916464,41.75294775328173,0.05683318652358503,0.05537122745749322,0.055209142936748216,0.05653404895852434,0.05581464155763012,0.04697622229817142,0.01351636883389618,-0.018816345684200604,0.04631688390978538,-0.01902278398189547,0.02513583941610409,0.012413233868847184,0.032548281669865675,0.003642680375671503,0.06034079896439559
V2_GRU64_WITH_CASH,CASH50,2024-06-26,-29.431606183996337,-8.935664064287266,-20.49594211970907,-19.480207681303323,-0.712111799196034,-0.12362789736954749,-0.17999474183909214,0.24967300496324063,0.13567841368487893,0.24967300496324063,0.06645805534413828,1.0,-0.011749891800004252,0.0014131610064819222,0.926336259796576,0.07225057919694222,0.0014284649633511941,0.9380396105823896,0.06053192445425928,-6.595358589499446,-13.00122844222318,0.11637935041930757,-1.6252210201656547,-2.2897174141983587,1.1814157105299041,-1.3930626098038097,-15.353622347665418,0.05692581540747826,0.050088138607209745,0.04298577371150763,0.057333782583546704,0.04233949465349831,0.04388068895271257,0.013338088348438129,-0.017436154659940577,0.04384945721335791,-0.017174024510429757,-0.014866753369297991,-0.006665384254321394,0.0019545489900245627,-0.01242633075814803,-0.026745539608278412
V2_GRU64_WITH_CASH,CASH50,2024-06-27,74.2978850524778,-7.776608771697283,82.07449382417508,82.72402992396204,-0.5201012082271346,-0.05273326464665207,-0.07670162691550608,0.2539936565024674,0.13916729781361623,0.2539936565024674,0.06893469167435866,1.0,0.03573669197205147,0.0014516091523549823,0.9144063153139396,0.08414207553370538,0.0014516091523549823,0.9144063153139396,0.08414207553370538,-5.752260572682495,88.41939002834155,0.05690046830298231,1.8119177595945013,8.127032502279361,51.87476318124885,1.6363822960484322,19.27393418479086,0.0611851538995638,0.050521668935716746,0.04137126505383369,0.06094491854004129,0.03997065007331189,0.04537491228039856,0.013479485488627057,-0.01811581522619586,0.045196596974961825,-0.017000487843432933,0.013479466246710148,0.023637696520615536,0.09408236717189022,0.012181814310051164,0.03530211561099028
V2_GRU64_WITH_CASH,CASH50,2024-06-28,-53.196624418194915,-0.014516632743834634,-53.18210778545108,-52.65541530035025,-0.28515417508764784,-0.09832587421615013,-0.14321243579549048,0.21997956908009186,0.12368863949339359,0.21997956908009186,0.0644866268501841,1.0,-0.029184954936089504,0.0014710261305380667,0.6544226744214897,0.3441062994479722,0.001455343421579852,0.8644063153139395,0.13413834126448054,0.2697799977550783,-53.35566064110106,0.4304653429957276,-3.3527913833400635,-6.106237397344568,-28.011351570896025,-1.388317418385446,-13.796717530384086,0.059025047255115905,0.04411453338533479,0.02828242711279213,0.059569423279392825,0.02898813804745617,0.040495227719095264,0.012724054196729338,-0.01461830555586609,0.04086835125596426,-0.014982700765738668,-0.02029584464779899,-0.020506458824168683,-0.0647129078536447,-0.008458670146367364,-0.03195089320846778
V2_GRU64_WITH_CASH,CASH50,2024-06-29,3.8382249197402416,5.311582471769725,-1.4733575520294835,-0.7779921372531566,-0.4325661238846745,-0.10703564986981728,-0.15576364102127904,0.2050740028985609,0.12173341503227189,0.2050740028985609,0.06353564213448246,1.0,0.0005626983282261966,0.0014251618417551182,0.7677198867734014,0.23085495138484344,0.001439740321043567,0.8144219184144759,0.18413834126448056,3.4945599003250294,-4.093125919073994,-0.17942611850418816,1.7009888553401002,-0.14861909687250338,0.5693191150572275,0.4307730742750009,-3.3304540850529625,0.06130580859366121,0.040860080608671794,0.02096786618831369,0.06117056313472772,0.020769684373186482,0.04008519326967162,0.012552591828870484,-0.014369017743211247,0.03999674348483506,-0.014729868705683472,0.00913930833711829,-0.000574532641162695,0.0016441176704098392,0.0023339698705706624,-0.009729371595805114
V2_GRU64_WITH_CASH,CASH50,2024-06-30,-2.8227226735871227,-1.6037592682168906,-1.218963405370232,-0.2080151169462097,0.0,-0.4115240953026298,-0.5994241931215267,0.00017970919703484982,9.12953986991762e-05,0.00017970919703484982,5.133578059540277e-05,0.002777777777777778,0.02429544203907765,0.0015832695075355119,0.3923930179897541,0.6060237125027104,0.0014567449842724952,0.7644219184144758,0.23412133660125162,0.13019889542570023,-0.15922775007507903,-0.1789862622968309,0.0228673320000045,0.025865234999994297,-0.11591027520000438,-0.020431867940997744,-0.12040554080520632,4.2643310313406974e-05,2.8312250876659774e-05,1.4419151316652696e-05,8.00743895444592e-05,1.4260094983671143e-05,2.7854477436433e-05,8.689684833923551e-06,-9.873818583680542e-06,3.4771427376932925e-05,-1.010599046820617e-05,0.029251421681629974,0.017494515385048093,0.04546427043217793,0.007620660457239525,0.021646342239292737
V2_LATEST_MLP_NO_CASH,STATIC50,2024-05-01,-5.696728802375219,-2.9772960216123465,-2.7194327807628724,-2.559127104532437,-0.0010759004093104634,-0.06486407269460415,-0.09436570312711584,0.0228942734856094,0.011444197013097665,-7.252158863799691e-05,0.0026876310683555593,0.6381944444444444,0.003999903660748871,0.0,0.000496897560102294,0.9995031024398977,0.95,2.4844878005114703e-05,0.04997515512199489,-2.822046544279969,0.25877534730571305,0.004144092441816575,-0.8875483366185248,-0.33254880983223245,-2.2228461741500007,0.0,0.88381621606831,0.005665168931402083,0.005745707017083617,-0.005853151890406262,0.0,-0.0056302456467174355,0.003508028126757785,0.0035578859139688266,-0.0022316324264710996,0.0,-0.002146650545899954,-0.0385705584240561,-0.01383564725546571,0.062140382171637754,0.03397282174260585,-0.023707479930977438
V2_LATEST_MLP_NO_CASH,STATIC50,2024-05-02,-2.358931773060249,-0.4282941258570645,-1.9306376472031843,-1.8224496384991502,0.0062877313446965555,-0.04662776291005227,-0.06784797713677601,0.043453802132650696,0.023149508143156146,-2.8382587492258645e-05,0.007079019539551089,0.42430555555555555,0.01066650584293094,0.0,0.0004927873721218834,0.9995072126278781,0.8999999999999999,4.9473430327049906e-05,0.09995052656967296,-0.26239269799647635,-1.7027109460126433,0.14265400550997095,0.5019809146185256,0.1851050706322288,-1.5340192778600024,-0.021965976840000328,-0.9535503690499055,0.010876040472029374,0.010836669300549844,-0.010891951639755527,0.0,-0.010849140720315951,0.006861018727826792,0.006836205756186074,-0.004025533079360174,0.0014170393573407505,-0.004009711222442354,0.012420619505422836,0.004672676277687859,0.022018280448836913,0.0007730962504832739,0.013447856732223817
V2_LATEST_MLP_NO_CASH,STATIC50,2024-05-03,-8.022142083345898,2.017034571361364,-10.039176654707262,-9.884334675937001,-0.0133263373053547,-0.057646559371779094,-0.08386908209423607,0.06678892751172336,0.03479507196265939,-0.0002824745621844586,0.01042624905395194,0.06597222222222222,0.05629528454647712,0.0,0.000490401137514751,0.9995095988624852,0.8499999999999999,7.396941405969998e-05,0.1499260305859403,2.0067903201865005,-11.861225734737847,-0.029899261385659383,3.816081483609631,2.3014042376985913,-4.550923959564681,-0.37067585917499873,-11.080220578505514,0.016715216468703283,0.016538010006066167,-0.016632043125814646,0.0,-0.01690365791113926,0.010642966637384827,0.010530193282322907,-0.00604287909780222,0.0014375005885979286,-0.006141532356551504,0.0646525624048051,0.03910710862740774,0.0443169596387778,0.026071842410196888,0.10732794965119807
V2_LATEST_MLP_NO_CASH,STATIC50,2024-05-04,-19.81308071690364,-6.2471264174928365,-13.565954299410805,-13.481882805581924,0.0018759607754124386,-0.03500829598366756,-0.05093915862061732,0.08738242216427115,0.046296882111913656,-0.0015013637455839081,0.013670956730132631,0.0,0.026103235398933933,0.0,0.0004571096656038609,0.9995428903343961,0.7999999999999998,9.650707591523886e-05,0.19990349292408477,-5.312070791378015,-8.131974746386327,-0.03783726781757858,1.2646417773903504,0.37283889783448343,-2.250734036775317,0.06162609826199896,-12.930255542293487,0.021502855361568395,0.02143767384777523,-0.021613414941408716,0.0,-0.022828478013518814,0.013596910401419521,0.01355573901071864,-0.007933550510636468,0.002831270008884985,-0.008379412180254049,0.016078924852925836,0.0045416079518836305,0.016563308369005103,-0.0026350461133068936,0.09596738193416199
V2_LATEST_MLP_NO_CASH,STATIC50,2024-05-05,1.124193547108007,0.8545356506238022,0.2696578964842047,0.3371372049911536,0.023197126197078782,-0.036935099048701736,-0.05374133565578726,0.09960548810632486,0.05130486194730057,2.834171222418776e-05,0.018235453504933073,0.6194444444444445,0.0020674980014526055,0.0,0.00045771362156921125,0.9995422863784308,0.7499999999999998,0.00011908248501861214,0.24988091751498143,0.907163526933692,-0.5813381290893338,0.011311807146792904,0.15818768699999208,0.5474900635669289,0.44782145045999555,0.02902846278322149,-0.845390458818987,0.02484737558019111,0.02496953932908341,-0.02484002655850366,0.0,-0.024948546638546676,0.015937831680242896,0.01601618870755582,-0.00793756932562609,0.002816137338318108,-0.008597134895557659,0.0019369193743608015,0.006299783741217535,-0.002280712568575427,-0.001029345159464179,0.005410844619724298
V2_LATEST_MLP_NO_CASH,STATIC50,2024-05-06,-19.31319738218008,-9.599376198233585,-9.713821183946493,-8.55378472284015,0.008242005872968639,-0.47595753090616144,-0.6923209360737486,0.18058648504663669,0.09438401683489056,-0.0010392967132093539,0.02085619496472082,0.16458333333333333,0.0007699723618587618,0.0,0.00045539156395535407,0.9995446084360446,0.6999999999999997,0.00014150309028106162,0.299858496909719,-7.861636481379047,-1.0592028752340692,0.3670546337729622,3.63890090199999,-4.236311912599992,-12.712212707179987,3.6302636153127477,1.125575379627081,-0.04445384518102827,0.04440476859269725,-0.046324317262379455,0.04535148910899301,-1.739197149189797e-05,-0.017993508682278225,0.026411193696168737,-0.018753289271121788,0.026975410030208927,0.0042163891917431666,-0.013208726636244283,-0.02351342644718246,0.048773288301275475,0.019732426971676986,-0.027933700380231907
V2_LATEST_MLP_NO_CASH,STATIC50,2024-05-07,-1.8343369860704115,-7.234418233942051,5.40008124787164,5.560224503608061,0.02299356169725661,-0.07460620698117337,-0.10853061045217993,0.2085596863654631,0.1083020446205714,-0.000817204869223612,0.02365595341869877,0.06944444444444445,-0.026681232206452087,0.0,0.00045538876186557165,0.9995446112381344,0.6499999999999997,0.0001639234953942409,0.34983607650460585,-6.4237673955188095,11.986816275186044,-0.002824376059157937,4.1006687120000125,-3.836095280115993,9.564532768520202,-5.97906221654474,1.710180519748617,-0.05224642391658311,0.05211007347286788,-0.05244202170076024,0.05176116727525186,0.0,-0.021122026046538976,0.03104189209662826,-0.021201019554397335,0.03083407786368096,0.0041030290593258665,-0.013412455576882865,-0.01847199980401837,-0.031076288298784505,-0.028867358280844746,-0.041578059071729956
V2_LATEST_MLP_NO_CASH,STATIC50,2024-05-08,19.263792777443086,2.1942240966654936,17.069568680777593,17.225810857709305,0.05133422688216738,-0.08455506719116535,-0.1230213366226538,0.23630960851934973,0.12394862707205816,0.0005939016621829019,0.02863226043203725,0.7354166666666667,-0.025546625321490678,0.0,0.0004552514008356878,0.9995447485991643,0.5999999999999996,0.00018633333427435224,0.39981366666572576,2.3031116849077717,14.875156510721247,0.04754266208029559,6.390668087999997,-2.5536690265331154,14.149273687449814,-3.385430181617246,2.6249682904098313,-0.05928179105669137,0.059293596732665765,-0.05857606237189205,0.059158158358100545,0.0,-0.02397182102085468,0.03536966600490558,-0.02368636229915578,0.03528894768850052,0.0056318300586416115,-0.01814565645572186,-0.010496040648960925,-0.03993885018658305,-0.013958712549411612,-0.04519386676677595
V2_LATEST_MLP_NO_CASH,STATIC50,2024-05-09,-51.13201418982317,-13.138492546058842,-37.993521643764325,-37.75260174786554,-0.01469539150737098,-0.09215058238692808,-0.13407392200482482,0.2705406347195855,0.1417214795180558,-0.0015620187760075476,0.03226121056538474,0.041666666666666664,0.03875716572558816,0.0,0.0004559967714039548,0.999544003228596,0.5499999999999997,0.00020880528736848578,0.4497911947126316,-11.56348999470849,-26.258963904792388,0.06985215163532289,-12.242891779999987,5.487562139996781,-28.803002710565487,1.8550783774341757,-4.049347774731047,-0.06753667941429514,0.06747105128491207,-0.06851464733350139,0.06701825668687691,0.0,-0.027168526663158197,0.04026981453700718,-0.027561607813177336,0.039999760100320705,0.0067217704043923765,0.030811486867596827,0.02065059167453276,0.0726974859800591,0.007038073128264433,0.06258819097748769
V2_LATEST_MLP_NO_CASH,STATIC50,2024-05-10,0.4982976459505153,-14.70114252719759,15.199440173148105,15.241412625643523,0.07035250288608946,-0.04576414148542751,-0.0665608138960112,0.2919149555237667,0.1527402943142115,-0.0007289216647291887,0.034585812654981576,0.10972222222222222,-0.04204184571411005,0.0,0.0004579911130881964,0.9995420088869118,0.4999999999999997,0.00023145854425209584,0.499768541455748,-13.01687790760795,28.23509231631932,0.023198216932159912,15.731205709999985,-12.20458667404776,18.528785410561742,-10.558275831325208,3.7442840104546535,-0.07298495564286107,0.07285230638962226,-0.07333698295138687,0.07274071053989649,0.0,-0.029467609798399793,0.043487346632612084,-0.029609631031215163,0.043421027936750574,0.006754678915233879,-0.036034835789316766,-0.04150837378762173,-0.04243272090040906,-0.03599733491108548,-0.05423596318211721
V2_LATEST_MLP_NO_CASH,STATIC50,2024-05-11,9.286535857658237,4.5211904253574176,4.765345432300819,5.020304939147709,0.006734720628161162,-0.10660341964041709,-0.1550908078340063,0.3261781092496906,0.17111950963340575,0.0009209256609757096,0.03946221425139447,0.9854166666666667,-0.00017712510310712303,0.0,0.0004787123139415872,0.9995212876860584,0.44999999999999973,0.000256183921221045,0.5497438160787791,4.508786134911855,0.5727162650965152,-0.06119746086065394,-0.2310753070000403,0.3041708848641671,1.969201151445022,2.5240381687560065,0.4539700410825553,-0.08160095406975987,0.08164811798411355,-0.08102763772459756,0.08190139947121959,0.0,-0.03303036896813527,0.04866648668375954,-0.03279827872287038,0.04881746293543942,0.0078069123232011525,0.0005051161520350789,0.0009300119119239891,-0.004198816603875222,0.007772020725388629,-0.00589395770100809
V2_LATEST_MLP_NO_CASH,STATIC50,2024-05-12,-4.573771651865172,-4.264136422732918,-0.3096352291322546,-0.12356436091480338,0.008617355108228364,-0.07930884201798549,-0.11537938130724656,0.35569260609882275,0.1855875369020448,-0.0002493905078707387,0.041672265114467054,0.25277777777777777,-0.004797563614212308,0.0,0.0004885276785689951,0.999511472321431,0.39999999999999974,0.0002819998942597061,0.5997180001057405,-3.5590248797755417,3.528047363016745,-0.0925868441559981,-5.588824402999936,1.978330892935845,7.147118218708648,-4.6746449416360205,1.0144558720766848,-0.08926304709429324,0.08920913522110835,-0.0887079512090535,0.08851247257436766,0.0,-0.03609105484446095,0.0531638755308331,-0.03586658104932791,0.05274868904887706,0.007717336428545759,0.010638262883003735,0.005555359035634311,-0.013784559294814813,-0.013248961835080175,-0.013147918859804597
V2_LATEST_MLP_NO_CASH,STATIC50,2024-05-13,-20.745381585726136,2.0242889425826434,-22.76967052830878,-19.669500070373026,0.19911620438702626,-1.3441307652334815,-1.9551558970913745,0.27345836773529925,0.14675092514804777,-0.001010509945958495,0.05091660796107564,0.24027777777777778,0.02503490698730033,0.0,0.0005029593502640095,0.999497040649736,0.34999999999999976,0.00030961982626024405,0.6496903801737399,4.656305021996393,-24.22276826237494,-0.10303682999446773,-2.6875325310000244,-2.8782152121689943,5.168660280487655,2.932495439927763,-22.204908047619448,-6.236504332109564e-05,-0.06768035289073486,0.06808753786330289,0.06801340716626887,-0.0693687370414743,0.01026566341859871,-0.023610155846769437,0.044284376254741,0.04419156697439835,-0.024214842839892982,0.02378786670723798,0.007561119594361454,0.028949971331915014,0.012032685370741536,0.05284289193224567
V2_LATEST_MLP_NO_CASH,STATIC50,2024-05-14,-2.2987370167611516,-15.518511535852667,13.219774519091516,13.097607445673635,0.15425400185387272,-0.013045906109049099,-0.019041022324585377,0.28892492870296993,0.15683911682474883,-0.000164026595961732,0.062280359023673904,0.4444444444444444,-0.02275897331901864,0.0,0.000541346640397955,0.999458653359602,0.29999999999999977,0.00034272365685134563,0.6996572763431488,-12.539038824607838,25.480152947928048,0.15649332235342106,2.7083813162346146,11.308120994468954,-8.772325168187582,-2.3078769171857294,10.161307220343353,0.0,-0.07177318794495705,0.07163655009999784,0.07274390095350627,-0.07277128970450877,0.012372487412662317,-0.0234284478002509,0.048220752547465225,0.04896649796408382,-0.023850931100286566,-0.02170521560533145,-0.023389840497580305,-0.037639542476488486,-0.009909440178837325,-0.021150827836855624
V2_LATEST_MLP_NO_CASH,STATIC50,2024-05-15,25.779341121660764,62.15630103444346,-36.376959912782695,-36.33035322928915,0.11968016894787448,-0.06772143813169862,-0.09856541431045285,0.3219535869992155,0.1755397578920759,0.0005308046557798668,0.07350894773550118,0.6166666666666667,0.06967052187105076,0.0,0.0005326145111466118,0.9994673854888534,0.24999999999999978,0.00037437213256722335,0.7496256278674329,51.326752290975314,-87.56802739627187,-0.08907812399259056,-10.656785144719674,-27.40007658291797,28.312666776053362,9.057334339136023,-35.64349261684087,0.0,-0.0799256496146877,0.08187204188955821,0.07937015393793947,-0.0807857415570301,0.01469751849448714,-0.02537126768436302,0.0557648185118043,0.054062015807497095,-0.025644137393924335,0.07514351561726529,0.052067378423878985,0.11616747483499212,0.0371999999999999,0.06777424047911751
V2_LATEST_MLP_NO_CASH,STATIC50,2024-05-16,55.86208460294438,16.672711525747218,39.18937307719716,39.07038295775651,0.1522719796279185,-0.013571196125256701,-0.019710664062642103,0.34531540978145037,0.18759889255984286,0.0037442406980176743,0.07140692852320532,0.9951388888888889,-0.01606475636381206,0.0,0.0004612862576408583,0.9995387137423591,0.1999999999999998,0.0003917549575819504,0.7996082450424182,14.47692289631795,24.611423038528052,-0.01796297708948978,2.0196230334850624,16.41764836831795,1.560417596996635,-1.6530069080600063,20.725700867016904,0.0,-0.08524130778175484,0.08803601372010636,0.08649381151962765,-0.08554427675996149,0.01388666197794299,-0.028996591764456427,0.058318654556864837,0.05729759400671627,-0.029099390253862344,-0.014497300053329054,-0.028915581110070532,0.005348644940325276,-0.005784805244890112,-0.03647474035109588
V2_LATEST_MLP_NO_CASH,STATIC50,2024-05-17,-10.487659358710516,23.428661698811993,-33.91632105752251,-33.95567874457733,0.18810433254417847,-0.06057926312983364,-0.08816738235805133,0.37089826458605996,0.20030495921469413,0.0003773546291963239,0.0758973809188068,0.5965277777777778,0.03883865406286598,0.0,0.00046237949229066544,0.9995376205077093,0.1499999999999998,0.00040941109125912915,0.8495905889087411,19.750717930155307,-53.71590728917688,0.00951061444426946,-4.010721145359517,-29.911221159999812,18.944448546289884,4.430226719916018,-23.408411705424037,0.0,-0.09305669512355011,0.094368672642628,0.09126913696500016,-0.0922037598548817,0.01502018408920545,-0.031244940332843977,0.06256763573145663,0.06051335024608837,-0.0309588488150997,0.027050189321320195,0.05009142867190142,0.0630814427941897,0.014740108611326797,0.03923010091559176
V2_LATEST_MLP_NO_CASH,STATIC50,2024-05-18,18.7860121830945,10.284347105891356,8.501665077203143,8.349119528751165,0.21800817989371668,-0.02666578294262445,-0.03879684849980869,0.38721789140744717,0.20828329537772816,0.0013641992525415866,0.07942228037006044,0.9611111111111111,0.0010881847815118917,0.0,0.00046012782034265953,0.9995398721796573,0.0999999999999998,0.000426316667620306,0.8995736833323799,8.860503220998243,-0.5147734600352702,0.0033897677881975403,0.210195360397765,-6.480843627143396,5.560893204680079,-1.329045182561996,10.387919773378812,0.0,-0.09720057429339594,0.09787476413527153,0.09641628119472284,-0.09572627178405682,0.015152489525597593,-0.032014074281701305,0.06482558553893214,0.06387471280936458,-0.03241643322213257,-0.001378604308774678,0.010015502340816163,0.0174076326682453,-0.00420489296636084,-0.016398713826366484
V2_LATEST_MLP_NO_CASH,STATIC50,2024-05-19,5.350330508656043,-12.673489663995497,18.02382017265154,18.010932453207186,0.14118589639557882,-0.05225232271777802,-0.07604585423309107,0.406879414481923,0.22059317636740666,0.00018971661898873823,0.08413798413757896,0.6486111111111111,-0.017845570309198866,0.0,0.00046256597427440926,0.9995374340257256,0.0499999999999998,0.0004444413209473577,0.9495555586790528,-10.273911023679773,28.253075032728475,0.03176844415849466,1.6674159309617695,11.236807906243248,-4.808957663188812,-7.7388135690650195,17.65447984825605,0.0,-0.10162601635141025,0.1019858921950027,0.10154867335545315,-0.1017188325800569,0.016912102623206155,-0.03409803298584804,0.0678721929290671,0.06758128470021954,-0.0341295631290658,-0.009720675681956448,-0.01653794979650358,-0.014173415109780207,-0.02283961612284069,-0.025956194834913404
V2_LATEST_MLP_NO_CASH,STATIC50,2024-05-20,-32.19857831807349,49.83442532662957,-82.03300364470306,-79.66148561850447,-0.09509705219679337,-0.9277414915290514,-1.3486794824735169,0.46277304254250995,0.3026042182017273,0.14905302109938418,0.11250036055746132,1.0,0.10807631207118074,0.0,0.0007856301266624399,0.9992143698733376,0.0,0.0007856301266624399,0.9992143698733376,28.188000361715915,-107.98792552910803,0.13843954888763488,44.046392026000106,-176.9306391774996,55.145016885148905,18.624569067992848,-20.546824420146617,0.15081508713070968,-0.15351294708072433,0.15490633309098562,-0.0030152834374029625,-0.00014016860418382922,0.09342433006533932,-0.05853096857135582,0.09594993047051258,-0.03639387462746018,0.018050943220425456,0.0788367648257684,0.19354250931761996,0.09906610686673778,0.056303611215827276,0.11263256812995026
V2_LATEST_MLP_NO_CASH,STATIC50,2024-05-21,-147.82350562412103,-74.70246219904584,-73.12104342507519,-71.32517859282687,0.3445869555213668,-0.8717665956418941,-1.2686851921275313,0.589191235971928,0.3104075684897754,-0.009558729945516225,0.07022002495618508,0.007638888888888889,-0.0004762369730126004,0.0,0.0004926313136417448,0.9995073686863583,0.0,0.0004926313136417448,0.9995073686863583,-63.159356442642476,-8.03672480237296,-0.1290973478114138,-9.995085523903086,-31.40115796281088,-25.779012342779843,0.05848562313203376,-4.208408386464962,0.14649583668858665,-0.15065833014931027,0.14332041632461928,-0.14871665280941185,0.0,0.08856876264159876,-0.06042392366889742,0.08664486674548866,-0.05966984809789773,0.01510016733589283,-0.018189380553724765,0.03493398864657671,-0.04570825566197423,-0.0010501989754775343,0.02763266167953682
V2_LATEST_MLP_NO_CASH,STATIC50,2024-05-22,15.280109132099824,-3.8607742078820593,19.140883339981883,19.26376482193653,0.23805443149996142,-0.14706653137893344,-0.21386938207720263,0.518821284414804,0.27517737758030236,0.002835419871355475,0.07607101988360157,0.9125,-0.015132387774497014,0.0,0.0006249317409091626,0.9993750682590908,0.0,0.0006249317409091626,0.9993750682590908,-2.574782336812037,21.85999442349754,-0.021447264748978123,-6.366261361213477,10.579496640110357,-3.0298568952200036,14.59104216748799,3.4893442707717517,0.12973941584091614,-0.1288558886475227,0.1310889363021636,-0.12913704362420156,0.0,0.07999388733085874,-0.04972229441553048,0.08082636543438144,-0.04983088443281992,0.014803945966711786,-0.013467630275785902,-0.013688060406252034,-0.006455198118450078,-0.01880119136262104,-0.023249858709376015
V2_LATEST_MLP_NO_CASH,STATIC50,2024-05-23,-48.34190295704866,-31.592379512048865,-16.749523444999795,-16.92995049281563,0.24744758952883256,-0.027295170482733333,-0.03972537122837938,0.5230449194676338,0.27396438846784255,-0.00477945838000385,0.07403178607750076,0.003472222222222222,-0.009215953476049732,0.0,0.0005932618542950907,0.9994067381457049,0.0,0.0005932618542950907,0.9994067381457049,-27.197794556557717,10.284112390327646,-0.01626832658556241,-8.359152184883408,-9.411788142400065,-2.1636928203100068,-2.819793396545034,5.824476051322775,0.13024527479870326,-0.13300658953518962,0.12888745574511173,-0.13090559938862922,0.0,0.08018918170304998,-0.05050487347895925,0.07934202715779297,-0.04946142771621166,0.014466878411828714,-0.017531136910423628,0.011996492222465793,-0.004570595646352316,0.003604629102637036,-0.039579156148575545
V2_LATEST_MLP_NO_CASH,STATIC50,2024-05-24,-49.252398013797574,-27.687891389443394,-21.56450662435418,-21.709515966354196,0.23010361501031873,-0.034676402960372776,-0.050417870051028935,0.5075406585437204,0.26876305271068485,-0.004151372763885745,0.07323782641170845,0.016666666666666666,-0.0030463692844022285,0.0,0.0021588577359755723,0.9978411422640244,0.0,0.0021588577359755723,0.9978411422640244,-23.34848637050915,1.6549255560911948,-0.01595515193622679,3.8914837588330773,11.23200708960001,-22.370641249389188,-10.566136916805451,-3.896228648592744,0.12874261604779003,-0.12688649572069113,0.1229520268421273,-0.12895951993311197,0.0,0.0794959111185067,-0.04848533994647212,0.07603126772934618,-0.04927727320301608,0.015473260713343763,0.00841948638021961,-0.014665282302060989,-0.04841727740192514,0.013900737240075456,0.025530489661679923
V2_LATEST_MLP_NO_CASH,STATIC50,2024-05-25,-1.606767898390899,13.427850836424113,-15.034618734815012,-15.218194813086775,0.23577377354105594,-0.021266378382887474,-0.03093131688482753,0.5094685701014094,0.2707277145379234,0.0003906419270734195,0.07851209224778902,0.6145833333333334,0.018719963493742765,0.0,0.0007966037115414437,0.9992033962884586,0.0,0.0007966037115414437,0.9992033962884586,11.587562717378452,-26.811678014645604,0.005920484180373321,4.802314000020372,-4.369821102400028,1.8674857018560442,-7.811842277861929,-9.706331134701227,0.12763012081245864,-0.12740481462202113,0.12729948520178275,-0.12713414946514684,0.0,0.07948456453396645,-0.04810503842170287,0.07927897221992575,-0.04800277272336431,0.015856366638963997,0.010710437455137,0.005772706066569766,0.004154894143620469,0.010319071476536879,0.0626427083268497
V2_LATEST_MLP_NO_CASH,STATIC50,2024-05-26,-44.353836673897604,-36.89187754079103,-7.461959133106575,-7.6925848582881144,0.23530376627446697,-0.0019098804539510184,-0.002768160640211015,0.5080475373823312,0.2685418217007337,-0.003793429513961233,0.07521211672391064,0.004166666666666667,-0.017957786041999935,0.0,0.0005060067222002473,0.9994939932777998,0.0,0.0005060067222002473,0.9994939932777998,-30.829033024702156,23.097215580568985,0.03923258584508476,-5.09357970285348,-15.45177365299989,-12.935797777306817,18.738098326606455,7.050467948265895,0.12726530522408833,-0.1297162833678901,0.12486174871009664,-0.1262042000802561,0.0,0.07909287527753506,-0.04897598450297254,0.077599508568277,-0.04768886798543899,0.015184585366510097,-0.011340737208947127,0.02036175572824339,-0.028795075832633854,-0.024706500322871028,-0.045308372573791056
V2_LATEST_MLP_NO_CASH,STATIC50,2024-05-27,29.07238636553484,30.278429071828214,-1.206042706293374,1.757776842247054,0.2767930128227479,-1.3202523074879133,-1.9203602538744233,0.43888808752211245,0.23564345900518802,0.0030593710185798945,0.08006805066707637,0.9986111111111111,0.020286760373323044,0.0,0.0006066738557568563,0.9993933261442431,0.0,0.0006066738557568563,0.9993933261442431,26.73821533452277,-26.215452872644605,1.2350143803688707,-2.054016666000032,7.184985624599985,14.745190085932009,-7.255125726366073,-10.863256475918828,0.00010676231326705033,0.11007882697186554,0.1106975895846064,-0.10871942142538767,-0.10910438642577144,0.015668472520123287,0.07088544528249759,0.07125727791264971,-0.03880905137011226,-0.038934093678081975,0.01367835935573214,0.017912335109065092,0.04119201981530196,0.010974456007568634,0.017676631578947388
V2_LATEST_MLP_NO_CASH,STATIC50,2024-05-28,13.950760623400129,-3.963952116742803,17.91471274014293,17.759072784648858,0.19799026545775011,-0.017252534172699896,-0.02509777579136596,0.437803081855631,0.23356663757529314,0.0017997080325066926,0.07763188350377088,0.9986111111111111,-0.013995847646233007,0.0,0.0008171375027296035,0.9991828624972704,0.0,0.0008171375027296035,0.9991828624972704,-3.0933017436310344,20.84407674374708,0.0082977845328014,2.265756026529968,-4.735155837999997,-3.1639603047109377,6.758299022678896,16.634133878150998,1.867760974714637e-05,0.10993807716917497,0.1098446401651467,-0.10972617761625034,-0.1082755092953118,0.015201008728359418,0.07002895253054382,0.0703692992806288,-0.039728200295850495,-0.038239176739910646,-0.014740755992519783,-0.012597244930173557,-0.008515842839870391,-0.009958656185663495,-0.024166738282937805
V2_LATEST_MLP_NO_CASH,STATIC50,2024-05-29,-6.2637880007969216,-11.247143025218975,4.983355024422053,4.601733345508847,0.42367225579627865,-0.01713019434663199,-0.024920382537748864,0.4445258069964584,0.23658254778223567,-0.0006379430393976638,0.07631616393272984,0.2,-0.009936018633239497,0.0,0.0014724705198373433,0.9985275294801627,0.0,0.0014724705198373433,0.9985275294801627,-8.955400673964235,13.55680047465076,0.00033354482232853325,1.6616936884700486,-7.468995959200008,-0.8538248997708653,6.561996043837068,4.700864472172556,1.8620670263724732e-05,0.11009797530199851,0.11182733600626814,-0.11083793513188639,-0.11174393988604163,0.015148083135700199,0.07037113188324613,0.07093014083853642,-0.03969780847102003,-0.04043538345373289,-0.01097324551482004,-0.020005146854310207,-0.0021951108020392684,-0.00960168387752336,-0.006904906117504606
V2_LATEST_MLP_NO_CASH,STATIC50,2024-05-30,23.95192061564194,5.882622070681464,18.069298544960475,17.851897763273513,0.24175500340856693,-0.009921570050257955,-0.01443265167147878,0.44030297953451325,0.23487239632570436,0.002273265787909963,0.07763673009051109,0.9888888888888889,-0.007955172623065065,0.0,0.0010383749275051368,0.9989616250724949,0.0,0.0010383749275051368,0.9989616250724949,5.225013858828501,12.619800105880607,0.007083798564402366,-1.5723733250600376,-1.9999933755026298,-3.2379302562162895,6.473656151657437,18.18853856839506,1.8649344420037853e-05,0.11077602405322516,0.11049344926356637,-0.11054861085287288,-0.10846624602042874,0.015198669832163173,0.07084680027566427,0.0702090931002803,-0.03929770175650977,-0.03932013136108689,0.01049860880202469,-0.005342283057254038,-0.008568286240166367,-0.009406108035884708,-0.026957794584044903
V2_LATEST_MLP_NO_CASH,STATIC50,2024-05-31,0.7817056649982987,-3.169632736420681,3.9513384014189796,3.7293419537558634,0.17786849907863805,0.01797586881963298,0.02615207976691991,0.4332749473366653,0.24378910734753972,0.00870393974329995,0.08206545666287537,1.0,-0.004152807424649163,0.0,0.5239136212772797,0.47608637872272025,0.0,0.05103837492750514,0.9489616250724948,-1.9126934737036088,5.658068628835506,-0.016033201376034673,1.7701338994598155,1.2718572047377528,-2.5162020485243177,1.4299585442109826,1.7735943538715606,0.0016615312988960543,0.1100100680064811,0.10931784423460544,-0.10620102094452448,-0.10608448285215819,0.01629078133880579,0.0735498924873629,0.07308660817903885,-0.04045285606637568,-0.0404089692759565,-0.012081997433233682,0.0037345145424714232,-0.007421009887897734,-0.002237615298578577,-0.002757929046007246
V2_LATEST_MLP_NO_CASH,STATIC50,2024-06-01,7.993605550049324,8.943027998779144,-0.9494224487298197,-1.083068408581065,0.407252036750835,-0.11148962334883095,-0.16211645355082638,0.41690474589997106,0.24445285136779388,0.017284464438786777,0.08244870162226761,1.0,0.006244817585117435,0.0,0.2553979249512085,0.7446020750487915,0.0,0.10103837492750514,0.8989616250724948,6.1651984767791825,-7.196501409162876,-0.051765476197379055,-0.44415535439978665,4.355783603964905,1.0227216573703126,-1.24150631159243,-4.775912003924015,0.0033087913417101053,0.10689251273194482,0.106893301095724,-0.09981585337367734,-0.09999428735691479,0.016213593281827525,0.07402557432765713,0.07321160888554609,-0.04047910235731684,-0.0405229725154463,0.003379559529997911,0.014252873908417785,0.0032354156210641083,0.002103316175975367,0.008252922690132003
V2_LATEST_MLP_NO_CASH,STATIC50,2024-06-02,-0.26403818936887546,-7.77416388751044,7.5101256981415645,7.640108961953687,0.21268198510883396,-0.13962552094892633,-0.20303972797330339,0.3903900174171842,0.24205808708511334,0.024821882136037764,0.08129340257864769,1.0,-0.011439390470242094,0.0,0.4961079946423237,0.5038920053576763,0.0,0.15103837492750516,0.8489616250724947,-4.382840037071523,12.050619887578174,-0.027670888552965334,-0.010397837999986602,-2.339718861164111,-4.943189911876262,5.019422397211403,9.913993175782633,0.0049452443311104955,0.10148416582665033,0.10117653961885013,-0.09172414500232454,-0.09105992263824866,0.016248529056998622,0.07317420718739824,0.07225300858748367,-0.04022170924870255,-0.04016063300453028,9.734613779177614e-05,-0.008886510724127494,-0.0182334239601859,-0.010082231643862016,-0.020092132160826837
V2_LATEST_MLP_NO_CASH,STATIC50,2024-06-03,-21.15434783736964,-8.358907522480877,-12.795440314888765,-12.094878655140693,0.2570339120484285,-0.3901442978159846,-0.5674512739805735,0.4257002252853441,0.2788685977527562,0.03324472705886595,0.08554441669992753,0.9986111111111111,0.008562727354843336,0.0,0.9393313734814251,0.06066862651857489,0.0,0.20103837492750515,0.7989616250724947,-3.180983504103051,-8.870076754528757,-0.0438183965088752,-7.238663714000005,-1.0019992497359005,2.799709474186473,-5.944371902504544,-0.7095532630867075,-0.0982930073556256,0.11086518175674659,0.11161119615409591,-0.097790992711098,0.00685234921474703,-0.04842913856042864,0.08211956236514628,0.08267153331445778,-0.048187966140806386,0.017370425721558502,0.0154175374119363,-0.003828384954659425,0.010706933068672209,0.012692625998569795,0.0078249252496978
V2_LATEST_MLP_NO_CASH,STATIC50,2024-06-04,23.129671396853155,29.02461655184743,-5.894945154994275,-5.823307616918235,0.10767017025880254,-0.07303136800973142,-0.1062763403248681,0.443890661184915,0.2755196366499505,0.026161547123612083,0.08678201706184076,1.0,0.021779958716283198,0.0,0.06334559176162591,0.9366544082383741,0.0,0.15103837492750516,0.8489616250724947,17.142393603227084,-22.981067253602287,0.01536603345697113,-13.610752116999947,3.5285518623981122,12.582806314289272,-5.9852434917993005,-2.338670184806319,-0.10469046685831021,0.11439590014174877,0.1153878063450163,-0.10417409017234126,0.00524239766749844,-0.04730102504397173,0.08155904698912574,0.08226613228701103,-0.04706778475008314,0.01732564757975887,0.025107732170634334,0.011641715296552224,0.041771743386163074,0.011070687060852569,0.019307915667213793
V2_LATEST_MLP_NO_CASH,STATIC50,2024-06-05,19.521274563137922,17.519383539613045,2.001891023524877,1.9061317154204218,0.2621472350678643,-0.06776746966139946,-0.09862045730148417,0.46595405224363606,0.2745329404462897,0.01740572425914511,0.08618803843549117,1.0,0.008956315029676976,0.0,0.010418880787874674,0.9895811192121253,0.0,0.10103837492750517,0.8989616250724948,12.007442725047596,-10.118314902617994,0.01700389299082491,-4.837466806526347,4.98682211098267,3.533266460228379,-0.15231563572498782,-1.6241744135392757,-0.11240350155723906,0.11879681890417802,0.11938749384249785,-0.11187066243500642,0.003495575504714688,-0.047198140888647155,0.0812799831785487,0.0817944548348392,-0.04697431011675209,0.01728605142750252,0.007867112014168454,0.014417133779526914,0.010235663439623455,0.00030195059399229507,0.01195971532107376
V2_LATEST_MLP_NO_CASH,STATIC50,2024-06-06,-25.619639551421642,-24.582780148532038,-1.036859402889604,-1.0489610146252382,0.309084617639231,-0.12097074597644664,-0.17601225992749647,0.48624335673066027,0.272008326048402,0.007510393008866114,0.08469952535372106,1.0,-0.012990020925341895,0.0,0.016405317610787673,0.9835946823892123,0.0,0.05103837492750518,0.9489616250724948,-17.888376116392934,16.85181384775047,-0.012398745982772779,3.0672027845263887,-5.348570894480748,-7.664419186137682,5.9147839307004,2.982042350766392,-0.11978067777411268,0.12259397870585524,0.12254511248697698,-0.11958580408678442,0.0017377836769309658,-0.04690614292509752,0.0806884685310511,0.0806563480336386,-0.04674825742224293,0.017009109136371815,-0.0042926779584694374,-0.013506280855127173,-0.0194389604873344,-0.008374323505816461,-0.019337861819962
V2_LATEST_MLP_NO_CASH,STATIC50,2024-06-07,-26.938476628585704,-48.548804820949954,21.61032819236425,21.63728679071089,0.2880272415254159,-0.12835125800771952,-0.18663458186518866,0.45796013408440267,0.26860280257121993,0.016606878765233056,0.08432286687977333,1.0,-0.044077690815237915,0.0,0.3890226364167355,0.6109773635832645,0.0,0.10103837492750518,0.8989616250724948,-32.272518173032424,53.93423556175366,-0.024430598010346673,12.710580123999868,-12.470702357400011,-15.625777406882214,26.99087466719416,10.032311763799092,-0.11076883207239929,0.11687089151437628,0.11696792869009304,-0.1099077955871855,0.0034446862203485577,-0.04625027213694345,0.07956290246267637,0.08033851312299291,-0.04588969570877984,0.016561419139827352,-0.02051111183271459,-0.03562593035201378,-0.045513286173217815,-0.04360552041403121,-0.07513260530421217
V2_LATEST_MLP_NO_CASH,STATIC50,2024-06-08,-18.692157910118112,-19.433195627651003,0.7410377175328904,0.5799941203140015,0.17708706144496178,-0.006553556564735885,-0.009489907660395147,0.43597092141231214,0.27072546998165087,0.02476527702866334,0.08389470428384652,1.0,-0.011422244681665639,0.0,0.9776809825229967,0.022319017477003312,0.0,0.1510383749275052,0.8489616250724947,-11.062899125715358,11.72090422205867,-0.07801097602929875,0.2709676360000511,0.1756447513999837,-8.670786440457746,6.946506737856925,1.8576614355147956,-0.10312966430859581,0.11347346247305871,0.11184396226797574,-0.10247315788322861,0.005050674479453296,-0.046856808763171186,0.08074543194131188,0.07983870082255529,-0.046558574085730976,0.016725954368881517,-0.0004410677298417598,0.000625030572147578,-0.028897160869249205,-0.01272870482271804,-0.015669320558666766
V2_LATEST_MLP_NO_CASH,STATIC50,2024-06-09,20.85160961323345,20.479548854395034,0.3720607588384155,0.3540160118253688,0.1565190682665778,-0.056433272396828826,-0.08204104885680863,0.422381306195494,0.27651814626403287,0.03508788610955991,0.0872018885034384,1.0,0.011353547282273491,0.0,0.9953810687408953,0.004618931259104768,0.0,0.2010383749275052,0.7989616250724947,10.395091962538913,-10.061845007084735,0.020769056371193056,-2.1858695669999975,1.7898436645174476,6.937653174836306,-5.601026768183044,-0.5865844923452408,-0.09667608244957578,0.11061181858247807,0.11117732290556467,-0.09697062759339127,0.006945454664484185,-0.046910790206621596,0.0821326770318496,0.0830308201093596,-0.04774733867367564,0.01669652024252643,0.004621718471732539,0.00690842036109629,0.02722388810391263,0.012059744214372614,0.00595396526025338
V2_LATEST_MLP_NO_CASH,STATIC50,2024-06-10,-1.903354820999084,-6.32503534641728,4.421680525418196,6.209518872703303,0.08928862019263684,-0.7647747278401376,-1.11235223963768,0.4516932688759169,0.31342835633832844,0.04539901222102232,0.08945072181886649,1.0,-0.00947157253537243,0.0,0.5376712226883992,0.4623287773116008,0.0,0.2510383749275052,0.7489616250724946,-1.412182438531864,7.111269081307567,0.5104322299276047,-0.5077618140000499,-2.6121020423174173,6.685421862642773,1.4119107786663132,1.2320500877116967,0.12003639557366033,0.11942893591723076,-0.10072742239546888,-0.10223521631266547,0.008896319438265564,0.09204753154349431,0.09156103422884476,-0.05552896081823369,-0.05635170010692672,0.017722816971687833,-0.0015531026167338036,-0.010224421717640597,-0.01872412559546266,-0.0032186343568426645,-0.013637578390182425
V2_LATEST_MLP_NO_CASH,STATIC50,2024-06-11,-7.038587556520724,-26.926075351635518,19.887487795114794,20.095633691443965,0.14528711086530532,-0.14401450819871897,-0.20941849899389098,0.41255536588243447,0.30412738051159593,0.05214642822107673,0.08579769922059152,1.0,-0.044217950314200595,0.0,0.694171365056193,0.30582863494380697,0.0,0.3010383749275052,0.6989616250724946,-8.821875588237962,28.877332395655877,0.04017688402605322,-6.492760687624447,-9.815020945261665,21.424032709240677,11.694110603354797,3.2852720117345626,0.11138689189904648,0.11055096429326813,-0.08939577065588386,-0.09080869817479498,0.01041304085944097,0.08963144936846482,0.08818424950215008,-0.05424674474721484,-0.054918095898287375,0.017146840995478814,-0.03223260665393879,-0.04678606125924811,-0.06185325351779536,-0.03362277972167882,-0.04659505041834189
V2_LATEST_MLP_NO_CASH,STATIC50,2024-06-12,-11.719964732032167,2.6265890583290457,-14.346553790361213,-14.41862755960468,0.0815013344747606,-0.0038600734227252076,-0.005567491809989278,0.4047335734369467,0.31932792334085863,0.05991145980714331,0.0859764126058537,1.0,0.03107598841751611,0.0,0.927566994262992,0.0724330057370079,0.0,0.35103837492750517,0.6489616250724946,0.8056667341970505,-15.24913874638945,0.024844452587721423,2.128440227612405,2.702844794752405,-10.19228353742141,-6.0379156883823875,-3.0197133561656218,0.10980214005274737,0.11008758160811709,-0.0869250279803235,-0.08548602883457825,0.01243279496118059,0.09246975788641201,0.09270971548978472,-0.05882476735464938,-0.057850988012853106,0.017472694597159444,0.014148212858635878,0.017838227001498286,0.03976232687966319,0.0236983443935046,0.05993283095427859
V2_LATEST_MLP_NO_CASH,STATIC50,2024-06-13,17.324762758569705,-3.001152322263806,20.32591508083351,20.429820750742557,0.0988783801016564,-0.0825975516978037,-0.12018649831366623,0.417138034673005,0.308349537724321,0.05165258381068826,0.08447499475268168,1.0,-0.0328294580704078,0.0,0.08889242249409257,0.9111075775059074,0.0,0.3010383749275052,0.6989616250724946,-0.9115322875864096,21.210953618844954,0.13039941948400263,-4.477231290414096,-5.242783933590768,17.50927342302262,10.220029986977373,2.4205325647474005,0.1124752010933039,0.11190255418374002,-0.09049587047270904,-0.0922468549584493,0.010017553964802667,0.09010861888627117,0.08964983775881753,-0.055432316568355726,-0.05650495491746394,0.01665380959341265,-0.021779321355884895,-0.025606677048573112,-0.05131514502359702,-0.030023581378538222,-0.03542256554544576
V2_LATEST_MLP_NO_CASH,STATIC50,2024-06-14,13.913825340614494,4.683745167239977,9.230080173374517,9.280732523703161,0.06626281460704897,-0.04765044489453096,-0.0692647200392571,0.3956371961873934,0.31222355454762335,0.05974596371252482,0.08404805849247554,1.0,-0.01706231155135316,0.0,0.8994710678912656,0.10052893210873441,0.0,0.35103837492750517,0.6489616250724946,1.2305773336245336,7.866726831579699,0.1834283584989294,-1.6699699145739562,0.5344661661631749,7.205719140733137,1.154325252432765,2.0561918789479554,0.10765816983260687,0.10837379353960992,-0.08362567249105529,-0.08431994374637902,0.011659616577742327,0.09065937483126377,0.09126198397261279,-0.05680794371285172,-0.05727980431472219,0.01621444771617292,-0.01111813175594456,0.0033683043822909653,-0.028762040306054004,-0.00488520041170315,-0.04391448966535505
V2_LATEST_MLP_NO_CASH,STATIC50,2024-06-15,-7.7575872480938415,-0.8082790955486416,-6.9493081525452,-6.710144571300312,0.036454731287456354,-0.1123023858899792,-0.163315926644108,0.37464997813084705,0.31857174087428886,0.07378158890827552,0.09238482284829819,1.0,0.018421251106462665,0.0,0.9865789905587442,0.013421009441255757,0.0,0.4010383749275052,0.5989616250724945,-0.11991370261739509,-6.470304778936031,-0.11992608974688006,0.26223000781963,2.369717743661475,-3.0867546191240454,-5.747068167871429,-0.508269535786001,0.10393594597548489,0.10539811850256454,-0.07498128864008193,-0.07545290597120387,0.014881719041511858,0.0928120801700455,0.09411770230831513,-0.05630388126756181,-0.05678957774543354,0.018548499382932904,0.0026337226601231833,0.025012128065359462,0.017253577287812627,0.033918944008341834,0.013287883510676224
V2_LATEST_MLP_NO_CASH,STATIC50,2024-06-16,-2.2955961335301254,0.2201932191164815,-2.515789352646607,-2.1288794590680284,0.040434887303297806,-0.17412872332151963,-0.25321605756002796,0.3434337610384806,0.31602800033234174,0.08284919784731094,0.09183061165442565,1.0,0.01235575833225926,0.0,0.9905563494411845,0.009443650558815447,0.0,0.45103837492750526,0.5489616250724945,0.12099597027344583,-1.893404109010239,-0.356471320331244,0.2319785749791885,0.5942532189280172,-3.2039628541599754,0.30329560908378306,-0.0544440078990478,0.09836332559581984,0.09831500272620393,-0.06533864421902452,-0.06495363737656029,0.01646315112087198,0.09286213905581026,0.09281636230637393,-0.0562149541122671,-0.055883740226690945,0.01825080463119951,0.0067121206224893815,0.015474319665033986,0.03983499484358899,-0.003289917810756715,0.0030472743409406533
V2_LATEST_MLP_NO_CASH,STATIC50,2024-06-17,31.600094791692754,34.00752314802412,-2.4074283563313656,-2.170899960305917,0.024466987940313434,-0.10633574448430494,-0.15465963948124717,0.30226322588762616,0.3086257814562332,0.08930292710153107,0.0968382734194983,1.0,-0.023334627197754875,0.0,0.7633794847289108,0.23662051527108924,0.0,0.5010383749275052,0.4989616250724945,-1.3661840772075051,-0.774341948094573,-0.030373935003829386,0.03244869120113103,0.5175751019312074,-0.5146613836099796,-2.138698463225951,-0.06756390660228817,0.09227590907828664,0.09098200485031796,-0.05296388505813307,0.012424472189377466,-0.05341557395831791,0.09237089976509034,0.09107560235789045,-0.053134263673536096,0.019206992090403545,-0.05268095712034992,-0.0027928321106910348,-0.03129952418034854,-0.05320541641321308,0.03184065439672801,-0.061216017681249735
V2_LATEST_MLP_NO_CASH,STATIC50,2024-06-18,8.894022801370738,16.756311242292213,-7.862288440921475,-7.408104032614016,0.013639226099124713,-0.19063671450897246,-0.2771869198985861,0.26440030880635473,0.2891203977423787,0.10349080496836144,0.09536775403908679,1.0,-0.02933697119410954,0.0,0.9640871186763462,0.035912881323653736,0.0,0.5510383749275053,0.4489616250724945,-1.8052617757406462,-5.848715043755358,0.2458727868819808,1.3322657639999989,0.5383344823160057,-4.114394735549965,-0.48059631031105354,-4.683713233068982,0.08206562213923498,0.08186505977294896,-0.04040636571546938,0.020014874975174166,-0.04004838620352729,0.08715290991843404,0.08694000408707582,-0.04898517497513254,0.018151161885222884,-0.04789114687651343,-0.01988957756649412,-0.007811935452867957,-0.04076901052396342,-0.027258374099391802,-0.0509559583278304
V2_LATEST_MLP_NO_CASH,STATIC50,2024-06-19,18.08580854343745,22.08702817727135,-4.001219633833898,-3.648923548760738,0.0017735421492557357,-0.14427704380971562,-0.20979258341192342,0.24223314867907658,0.2934382458076784,0.11179550014065484,0.09309969289140667,1.0,0.002564067312424778,0.0,0.998295801647887,0.0017041983521130439,0.0,0.6010383749275053,0.3989616250724945,-4.305504077141038,0.6472513541047324,0.009329174275579923,0.3384786452627546,-2.5067708650075886,-2.156377157279966,0.2002042156771774,0.4755416125868671,0.07666579180308974,0.07802893368689039,-0.03244624353523283,0.022319598919885594,-0.03277258073397807,0.08674377485735672,0.08828604006175882,-0.04961245942154133,0.018239154430426997,-0.05055681703659454,-0.0031249843995155846,0.0220469681247899,-0.013126187581447124,0.004851570542723671,0.0021729698755730276
V2_LATEST_MLP_NO_CASH,STATIC50,2024-06-20,-15.691505321008663,-17.817096137852786,2.1255908168441238,2.376955520900591,0.04378049329677003,-0.12030132581313957,-0.1748438715400571,0.2312498554835079,0.30789762792962294,0.17834788295824555,0.1367324320611812,1.0,-0.0045062290383258265,0.0,0.9994705669697603,0.000529433030239678,0.0,0.6510383749275054,0.3489616250724945,4.446063177702312,-1.682631910222181,-0.38647574657953765,0.17873309173723717,1.8760498934499736,-4.202216797140039,-0.6846491736731788,5.209038506526575,0.084850755856869,0.08423631666066513,-0.01311551950618468,0.03571179670334261,-0.013335466756446507,0.09779288345775987,0.09708468580173242,-0.0424353314199073,0.027437460735909792,-0.04314726651431357,-0.0014228303704222345,-0.013345831289645838,-0.01503437693646914,-0.00929966095735879,0.01657155436226687
V2_LATEST_MLP_NO_CASH,STATIC50,2024-06-21,-8.246764381154208,-11.55504184385427,3.3082774627000617,3.759526905196333,-0.06327362767967948,-0.1581008397917536,-0.22987497502521137,0.20353868576729878,0.3024266205499337,0.19133196952082823,0.13563682085681217,1.0,-0.000862425942656908,0.0,0.9994238215216542,0.0005761784783457519,0.0,0.7010383749275054,0.2989616250724945,3.8594955347372593,-0.11602546703081451,0.016056837489877043,2.0413247569999697,-0.2834404660424492,2.9658040977899818,0.05357147737200495,-1.017732960923217,0.07918982747032531,0.07983128051032155,-0.003045636710773299,0.03841421966341664,-0.003057721412461976,0.09587487185205801,0.09599923833688165,-0.04159871635701548,0.027157610514433283,-0.04179618348954529,-0.011252985556766903,0.0016102018775236981,0.007706826045926318,0.0003868517240444014,-0.0027630238040120547
V2_LATEST_MLP_NO_CASH,STATIC50,2024-06-22,-7.107553813422783,-2.078764216763375,-5.028789596659408,-4.546172973195984,-0.09503139511379821,-0.1579395753047752,-0.22964565304505236,0.20633744693537334,0.3017292165891783,0.20632890058278533,0.13640765360659937,1.0,-0.003933770244506496,0.0,0.9994316235715389,0.0005683764284611365,0.0,0.7510383749275055,0.24896162507249453,0.5381978913596659,-4.883836338782969,-0.20053452577268366,-0.38549308984160535,1.4616356969999993,-3.3458116383499554,-0.6645983166380025,-1.6119056253664308,0.07581474698486344,0.07522601418253044,0.00704775560569603,0.04117812310214916,0.007062260707546208,0.09608667921366468,0.09585621979547815,-0.041288149904943804,0.027125536088746,-0.041372631586345646,0.0018467545771403415,-0.006542024189283735,-0.006837759296007939,-0.004909983633387904,-0.0032258386809932427
V2_LATEST_MLP_NO_CASH,STATIC50,2024-06-23,-40.784620492158865,-19.61052882482909,-21.174091667329776,-20.796560508768327,-0.004888453230166512,-0.15185115033932384,-0.22079155499116787,0.2203087261089299,0.3018371859482998,0.2203087261089299,0.13753607562678408,1.0,-0.02022038019483925,0.0,0.9995801902342553,0.00041980976574479184,0.0,0.8010383749275055,0.19896162507249454,5.477403867904686,-26.179070397692605,-0.09489397898041531,4.149278769841603,5.600936425399983,-21.148834297140066,-2.24004886597598,-7.1578925408938705,0.07170584508810152,0.07158749289618754,0.016444672762729835,0.04399769291648874,0.016573022445422286,0.09597594141092142,0.0966941234630225,-0.040848176695517366,0.02701656591359798,-0.04130237846524047,-0.016307290733984403,-0.021294984617585944,-0.037125730578401184,-0.013774671052631526,-0.01259922399159319
V2_LATEST_MLP_NO_CASH,STATIC50,2024-06-24,-47.75551372823065,-61.889412140400964,14.13389841217031,13.361041944834852,-0.136190971810902,0.3703163247686927,0.5387311143772493,0.22832213300037807,0.2852833608094763,0.22832213300037807,0.1338838725524271,1.0,-0.015448027414729237,0.0,0.9995787163890291,0.0004212836109709759,0.0,0.8510383749275056,0.14896162507249452,12.638711693102039,0.07579987038494806,0.6465303813478201,13.019168122018577,-3.929343146042714,17.83251694444815,3.4977497823908923,-17.05904975798017,0.06442885234095004,0.04557382062007142,0.02665181600830992,0.06554074692795171,0.02612689710309499,0.09064895807257731,0.026762708326012543,-0.03822604283903526,0.09217195028236184,-0.03747370128948936,-0.046357114687261114,-0.01993553526188374,0.027730792827941997,-0.012334813425057378,-0.02634346652738595
V2_LATEST_MLP_NO_CASH,STATIC50,2024-06-25,56.755108844494316,-4.117624421818618,60.872733266312935,61.25807063695954,-0.1311779871707479,-0.10358324374526795,-0.15057613973085893,0.25516507800610283,0.2907339768801868,0.25516507800610283,0.13934787237526927,1.0,0.02681616685897681,0.0,0.9992923744754096,0.0007076255245903382,0.0,0.9010383749275055,0.09896162507249451,0.47933063308954693,60.65794124939301,0.12079875447696999,-7.532405798758992,2.6460983177774877,23.54991836951185,-1.0847713835950445,43.67923113202424,0.0638791821675714,0.050553622339448996,0.03858668834132175,0.0631354242619874,0.039010160895773284,0.09397074511766641,0.02819503036996762,-0.037640051625004875,0.09287514914009402,-0.03805300062745388,0.02513583941610409,0.012413233868847184,0.032548281669865675,0.003642680375671503,0.06034079896439559
V2_LATEST_MLP_NO_CASH,STATIC50,2024-06-26,-30.542034911481096,-17.77118266729849,-12.770852244182606,-12.238655355083594,-0.4634106513292835,-0.02803346339680779,-0.04075277437264191,0.25335655650950567,0.2714920504335605,0.25335655650950567,0.1329828799349668,1.0,-0.011749891800004252,0.0,0.9992718253220129,0.0007281746779871315,0.0,0.9510383749275055,0.048961625072494505,1.3480894914584862,-13.563625063857026,-0.02311978268503547,4.684133741181874,-1.5329516216732202,1.508032913220429,3.909031201378162,-20.80690158919083,0.05665729607499419,0.050555010861685075,0.045102925613588016,0.05661709152515099,0.04442423243408742,0.08780479339812419,0.026690201551672153,-0.03488958108169567,0.08774247023446732,-0.03436500416760119,-0.014866753369297991,-0.006665384254321394,0.0019545489900245627,-0.01242633075814803,-0.026745539608278412
V2_LATEST_MLP_NO_CASH,STATIC50,2024-06-27,94.0740466496427,-15.867614367434726,109.94166101707742,110.64171487648899,-0.428022536091202,-0.11087442483295007,-0.16115689848659187,0.27808161434511697,0.27955761911045535,0.27808161434511697,0.13675283302836228,1.0,0.03573669197205147,0.0,0.9989215762494463,0.0010784237505537153,0.0,0.9989215762494463,0.0010784237505537184,0.20073761518897176,110.76665226409673,-0.32567500279672057,-4.730016810441503,6.436217523813496,82.22289081302816,-4.275505568853279,30.98812891894216,0.05540236632258087,0.0555737463365591,0.05692349249372748,0.05518445037695197,0.05499755881529757,0.0907624047989686,0.02698713062764205,-0.03626982294237265,0.09040569064279814,-0.03513257009867389,0.013479466246710148,0.023637696520615536,0.09408236717189022,0.012181814310051164,0.03530211561099028
V2_LATEST_MLP_NO_CASH,STATIC50,2024-06-28,-66.79084351353231,-0.04488673562264012,-66.74595677790967,-66.48580278856994,-0.20413406534758494,-0.02274229300564201,-0.033277630987431195,0.24118098874242522,0.247286593697879,0.24118098874242522,0.1289247472457354,1.0,-0.029184954936089504,0.0,0.7347752962713863,0.26522470372861373,0.0,0.9489215762494463,0.051078423750553714,0.026864735408674734,-67.03579732822008,0.5231298042414334,5.438101029450367,-4.6036166029410275,-46.635297497788585,2.293847707479282,-22.97883742476999,0.054118813565877076,0.04846150820431948,0.04147371272613735,0.05461804288723976,0.04250891135885153,0.08096044591883982,0.025438708823621772,-0.02922580662504976,0.08170651572934563,-0.02995511660102203,-0.02029584464779899,-0.020506458824168683,-0.0647129078536447,-0.008458670146367364,-0.03195089320846778
V2_LATEST_MLP_NO_CASH,STATIC50,2024-06-29,0.3530055936516874,10.535166043673598,-10.182160450021911,-9.668899190568682,-0.21730039293032277,-0.12060870258160605,-0.17535216394201214,0.25005566543763147,0.2433652362751119,0.25005566543763147,0.12701792819479193,1.0,0.0005626983282261966,0.0,0.9934424276361626,0.006557572363837321,0.0,0.9934424276361626,0.006557572363837319,0.24521858428717955,-10.11935831989396,0.20524054503810968,-2.63686127745037,-0.1390917477339882,1.2241758642099783,-0.6697971439240056,-7.447324885670302,0.05084326170857364,0.04982521772486314,0.04956266518783252,0.05073107389569651,0.049093446920665626,0.08013682014010809,0.02509469548124272,-0.028726119977807486,0.0799600666136011,-0.029447534062352485,0.00913930833711829,-0.000574532641162695,0.0016441176704098392,0.0023339698705706624,-0.009729371595805114
V2_LATEST_MLP_NO_CASH,STATIC50,2024-06-30,-3.65327440114379,-3.0587012090618373,-0.5945731920819526,-0.5396653133318736,0.0,-0.02206491297024371,-0.032842965779352085,0.00019074602611953494,0.00025171974284346206,0.00019074602611953494,0.00017184318936247966,0.002777777777777778,0.02429544203907765,0.0,0.9236318073400793,0.0763681926599207,0.0,0.9434424276361627,0.05655757236383735,-0.03909582418338903,-0.4112244618108748,-0.08934502733760977,-0.03540974000000696,0.023235085499994874,-0.2589399283200098,2.7755575615628914e-17,-0.26855073051185174,3.5385409314669724e-05,3.454844126421508e-05,3.411640161557709e-05,5.295570711982437e-05,3.3740066805248655e-05,5.567898689328979e-05,1.7370032643164567e-05,-1.9737090483230566e-05,0.00013873244656651648,-2.0201186257260637e-05,0.029251421681629974,0.017494515385048093,0.04546427043217793,0.007620660457239525,0.021646342239292737
V2_LATEST_MLP_WITH_CASH,CASH50,2024-05-01,-5.695863563607418,-2.9772960216123465,-2.7185675419950712,-2.558312701158644,-0.0010755110048067864,-0.06484352287428172,-0.09433580695824001,0.022890646260797162,0.011444197013097665,-7.167265452914975e-05,0.0026876310683555593,0.6430555555555556,0.003999903660748871,0.006862738935929924,0.0006497484776362574,0.9924875125864339,0.95,3.271191722985511e-05,0.049967288082770143,-2.821152517024349,0.2586971104627023,0.004142705403002277,-0.8872606153002232,-0.3324439479185931,-2.222145956659996,0.0,0.8835378187201554,0.005664469653065155,0.005745017150068851,-0.005852011100129068,0.0,-0.005629148357534087,0.003508028126757785,0.0035578859139688266,-0.0022316324264710996,0.0,-0.002146650545899954,-0.0385705584240561,-0.01383564725546571,0.062140382171637754,0.03397282174260585,-0.023707479930977438
V2_LATEST_MLP_WITH_CASH,CASH50,2024-05-02,-2.358572269900833,-0.4282941258570645,-1.9302781440437684,-1.822098068528947,0.006287206664806111,-0.04662431757976862,-0.06784296459888797,0.04344943019746512,0.023149508143156146,-2.7255214522449523e-05,0.007079019539551089,0.425,0.01066650584293094,0.011141686262023054,0.0005355712730496638,0.9883227424649272,0.8999999999999999,5.949228166086925e-05,0.09994050771833912,-0.26235108124113826,-1.702392597475957,0.14264561018815136,0.5018792653002283,0.18506758411858737,-1.5337156556599938,-0.021965976840000328,-0.9533632854477653,0.010875222226804716,0.010835865264666615,-0.01089057411857532,0.0,-0.010847768587418464,0.006861018727826792,0.006836205756186074,-0.004025533079360174,0.0014170393573407505,-0.004009711222442354,0.012420619505422836,0.004672676277687859,0.022018280448836913,0.0007730962504832739,0.013447856732223817
V2_LATEST_MLP_WITH_CASH,CASH50,2024-05-03,-8.020796462848011,2.017034571361364,-10.037831034209376,-9.882993011812786,-0.013324079436265103,-0.05764586762319951,-0.08386807533838889,0.06678423343769661,0.03479507196265939,-0.0002811721761099237,0.01042624905395194,0.06736111111111111,0.05629528454647712,0.013783700181014935,0.0005024651499172041,0.9857138346690678,0.8499999999999999,8.448464911940136e-05,0.1499155153508806,2.0064986050788476,-11.85959303124566,-0.029898585645972777,3.815547120354175,2.3010809658748643,-4.550281443939422,-0.37067585917499873,-11.078663794927412,0.01671436416283805,0.016537166467955295,-0.016630556119772457,0.0,-0.016902146687130814,0.010642966637384827,0.010530193282322907,-0.00604287909780222,0.0014375005885979286,-0.006141532356551504,0.0646525624048051,0.03910710862740774,0.0443169596387778,0.026071842410196888,0.10732794965119807
V2_LATEST_MLP_WITH_CASH,CASH50,2024-05-04,-19.812118625892253,-6.2471264174928365,-13.564992208399417,-13.480897401827475,0.0018761982031217164,-0.03501788908796494,-0.050953115685839656,0.08737917617417472,0.046296882111913656,-0.001500442901501254,0.013670956730132631,0.0,0.026103235398933933,0.03404279412112676,0.0004012563014066114,0.9655559495774666,0.7999999999999998,0.00010389569482160906,0.1998961043051784,-5.311642368655293,-8.131407195813921,-0.037847837358262686,1.2645536806458182,0.37281637108124177,-2.2505755134805763,0.06162609826199896,-12.929318038335975,0.021502275646457573,0.021437090989879157,-0.0216124017111202,0.0,-0.02282740782671779,0.013596910401419521,0.01355573901071864,-0.007933550510636468,0.002831270008884985,-0.008379412180254049,0.016078924852925836,0.0045416079518836305,0.016563308369005103,-0.0026350461133068936,0.09596738193416199
V2_LATEST_MLP_WITH_CASH,CASH50,2024-05-05,1.1241809336133883,0.8545356506238022,0.2696452829895861,0.337192985974611,0.023197665528342334,-0.03696317931261628,-0.053782189201952046,0.09960731664909699,0.05130486194730057,2.779836968194922e-05,0.018235453504933073,0.6166666666666667,0.0020674980014526055,0.3597893863399628,0.00019667117055129868,0.6400139424894858,0.7499999999999998,0.00011443331850113915,0.2498855666814989,0.9071984301254213,-0.5813247498702598,0.011319305719447403,0.1581813279999959,0.5475023816439049,0.4478668305299941,0.02902846278322149,-0.8453860169825095,0.024847685926271432,0.024969871583118027,-0.02484061825363674,0.0,-0.024949140886070767,0.015937831680242896,0.01601618870755582,-0.00793756932562609,0.002816137338318108,-0.008597134895557659,0.0019369193743608015,0.006299783741217535,-0.002280712568575427,-0.001029345159464179,0.005410844619724298
V2_LATEST_MLP_WITH_CASH,CASH50,2024-05-06,-19.313606925850763,-9.599376198233585,-9.714230727617178,-8.554150039084766,0.008241847687536066,-0.4759754848961507,-0.6923470513230845,0.1805897680490004,0.09438401683489056,-0.0010399232762849711,0.02085619496472082,0.1638888888888889,0.0007699723618587618,0.05781290474039347,0.0004135002442560943,0.9417735950153504,0.6999999999999997,0.0001360363596299823,0.29986396364037005,-7.861942569198641,-1.059276903355289,0.36706943346916077,3.639033482000002,-4.236470786399978,-12.712684563890004,3.6303992671307554,1.125572562074464,-0.04445479263252097,0.04440542559363401,-0.04632532396158628,0.04535216011074578,-1.7392386557512798e-05,-0.017993508682278225,0.026411193696168737,-0.018753289271121788,0.026975410030208927,0.0042163891917431666,-0.013208726636244283,-0.02351342644718246,0.048773288301275475,0.019732426971676986,-0.027933700380231907
V2_LATEST_MLP_WITH_CASH,CASH50,2024-05-07,-1.834064063094047,-7.234418233942051,5.400354170848004,5.560573522235136,0.022994612557348026,-0.07463763412420044,-0.10857632981963228,0.20856874466043918,0.1083020446205714,-0.0008190074755695818,0.02365595341869877,0.06875,-0.026681232206452087,0.06422558138982293,0.00029858568863812653,0.9354758329215389,0.6499999999999997,0.00014881992910447314,0.34985118007089555,-6.424353255715281,11.987755547364975,-0.0028287694145657325,4.101027054999992,-3.836431618256002,9.565378769238066,-5.979581203495552,1.710180519748617,-0.05224915482143666,0.052111892922815796,-0.05244472124656772,0.051762975669619,0.0,-0.021122026046538976,0.03104189209662826,-0.021201019554397335,0.03083407786368096,0.0041030290593258665,-0.013412455576882865,-0.01847199980401837,-0.031076288298784505,-0.028867358280844746,-0.041578059071729956
V2_LATEST_MLP_WITH_CASH,CASH50,2024-05-08,19.26442126372058,2.1942240966654936,17.070197167055085,17.226382052805796,0.05133550609566975,-0.08453224973939844,-0.12298814210682885,0.2363142062556425,0.12394862707205816,0.0005930524876316736,0.02863226043203725,0.7340277777777777,-0.025546625321490678,0.012999714767030213,0.0005269745103361127,0.9864733107226337,0.5999999999999996,0.00017850237901839564,0.3998214976209816,2.303246547428821,14.875600290424824,0.04753521495216249,6.39091072799999,-2.553753696533576,14.14980335219192,-3.3855466212624235,2.6249682904098313,-0.05928314696112129,0.059294535481492675,-0.05857742992288413,0.059159093890144426,0.0,-0.02397182102085468,0.03536966600490558,-0.02368636229915578,0.03528894768850052,0.0056318300586416115,-0.01814565645572186,-0.010496040648960925,-0.03993885018658305,-0.013958712549411612,-0.04519386676677595
V2_LATEST_MLP_WITH_CASH,CASH50,2024-05-09,-51.13205408005888,-13.138492546058842,-37.99356153400004,-37.75269754225434,-0.014695499345615537,-0.0921277646163906,-0.13404072778481924,0.2705409633402368,0.1417214795180558,-0.001562083635391276,0.03226121056538474,0.041666666666666664,0.03875716572558816,0.00817148999581152,0.0005307814143225387,0.991297728589866,0.5499999999999996,0.00020826429732321422,0.44979173570267683,-11.5635042839614,-26.259031176268117,0.06983791797517491,-12.242927172000016,5.487589303780512,-28.803103276347862,1.8550913770440318,-4.049347774731047,-0.06753677698496022,0.06747111790849024,-0.06851474650285382,0.06701832194393251,0.0,-0.027168526663158197,0.04026981453700718,-0.027561607813177336,0.039999760100320705,0.0067217704043923765,0.030811486867596827,0.02065059167453276,0.0726974859800591,0.007038073128264433,0.06258819097748769
V2_LATEST_MLP_WITH_CASH,CASH50,2024-05-10,0.4985314016430493,-14.70114252719759,15.199673928840639,15.241685288956958,0.07035374080844897,-0.04578049560795261,-0.06658460531655375,0.2919182332030501,0.1527402943142115,-0.0007295590260599107,0.034585812654981576,0.10972222222222222,-0.04204184571411005,0.02960445787251964,0.0003911149981750764,0.9700044271293052,0.4999999999999996,0.00022583273191282776,0.4997741672680872,-13.017190932892117,28.23564216719249,0.023234054656585443,15.731572044000023,-12.204877917490997,18.529229735259324,-10.55852258326605,3.7442840104546535,-0.07298592855491405,0.07285296623420498,-0.07333796755964099,0.07274137085429012,0.0,-0.029467609798399793,0.043487346632612084,-0.029609631031215163,0.043421027936750574,0.006754678915233879,-0.036034835789316766,-0.04150837378762173,-0.04243272090040906,-0.03599733491108548,-0.05423596318211721
V2_LATEST_MLP_WITH_CASH,CASH50,2024-05-11,9.286352835082653,4.340348192363308,4.946004642719345,5.429069806803184,-0.00580974357800218,-0.194435226065647,-0.28282019443972795,0.32616059583979323,0.15504684210619296,0.0009242572794793887,0.03534840004549646,0.9854166666666667,-0.00017712510310712303,0.006522304525846678,0.0008166075800641722,0.9926610878940891,0.4499999999999996,0.00028569104502095157,0.5497143089549791,5.052776281660401,0.4805319146409963,-0.10423838949820868,-0.2404382640000368,0.347122829231829,2.072296996990864,2.865256192578011,0.38483205200252374,-0.08159570772798302,0.08164457850449974,-0.0810224615521739,0.08189784805513656,0.0,-0.030030090712098053,0.04424598598223572,-0.0298191303182502,0.04438325607166908,0.006568379021939907,0.0005051161520350789,0.0009300119119239891,-0.004198816603875222,0.007772020725388629,-0.00589395770100809
V2_LATEST_MLP_WITH_CASH,CASH50,2024-05-12,-4.572724421537714,-3.4041231700266508,-1.1686012515110633,-0.7805091787973693,-0.009774111505624128,-0.15412806805267332,-0.22418989315625937,0.3556347395616959,0.15465777251142848,-0.0002382671562717387,0.03485005028927826,0.2701388888888889,-0.004797563614212308,0.006297200131847536,0.0011183374427126361,0.9925844624254399,0.39999999999999963,0.0003795203377298446,0.5996204796622702,-4.213265803147482,3.5622227337581016,-0.1294661094079928,-6.235487086999967,2.4827092281681775,7.929483712617582,-5.8106176106980225,0.8534025781148098,-0.08924574773646707,0.08919740380801677,-0.08869075562251673,0.08850083239469528,0.0,-0.030076399596054088,0.04430393725460867,-0.02982746151502101,0.04395798126918734,0.006491992876557363,0.010638262883003735,0.005555359035634311,-0.013784559294814813,-0.013248961835080175,-0.013147918859804597
V2_LATEST_MLP_WITH_CASH,CASH50,2024-05-13,-20.735557806667202,1.4113686699074606,-22.146926476574663,-18.427468940408815,0.17044713577646087,-1.5847657893264466,-2.3051388826148234,0.27338867061033656,0.11288843239655735,-0.0009893241933776585,0.03916675333199566,0.2423611111111111,0.02503490698730033,0.004577866890133175,0.0011321303678683405,0.9942900027419985,0.34999999999999964,0.0004746857277169278,0.6495253142722831,5.895038247434439,-24.217342360998924,-0.10516482684431627,-2.188326975000029,-3.213201816293679,7.81677889190043,4.126166974959024,-24.968886015974604,-6.235295211763415e-05,-0.06765791773018537,0.06807541859525741,0.06800129072682738,-0.06934576283315946,0.007894679069722929,-0.018158448414080257,0.034061848005915225,0.033994272726725526,-0.01862559805628776,0.02378786670723798,0.007561119594361454,0.028949971331915014,0.012032685370741536,0.05284289193224567
V2_LATEST_MLP_WITH_CASH,CASH50,2024-05-14,-2.303473523545108,-10.637389767409331,8.333916243864223,8.360635556324445,0.11620630128928044,-0.058223793661531076,-0.08470182008812088,0.28886095553374946,0.11004317234510977,-0.0001418869867530072,0.04237599341902476,0.4576388888888889,-0.02275897331901864,0.006570035798757479,0.0006325614982907402,0.9927974027029518,0.29999999999999966,0.0004976708756409018,0.6995023291243592,-16.62033190454298,24.95264635310918,0.028321107758226625,1.7272205955961686,12.86426618669361,-14.051909808580392,-3.7485819176590054,11.569640500274014,0.0,-0.07175180801677607,0.07162617184009842,0.07273336243339978,-0.07274961324347516,0.007871926641596251,-0.01680000627374342,0.03418430966995101,0.03415334657052,-0.01703358318929908,-0.02170521560533145,-0.023389840497580305,-0.037639542476488486,-0.009909440178837325,-0.021150827836855624
V2_LATEST_MLP_WITH_CASH,CASH50,2024-05-15,25.788277640274828,41.52082931673067,-15.732551676455842,-15.526533600130115,0.10214879071149585,-0.1255350744542918,-0.18263179258335738,0.32189670544800003,0.1171202612142937,0.0005514026515667558,0.04904449488122267,0.6236111111111111,0.06967052187105076,0.009049464636261662,0.0005490063467607227,0.9904015290169776,0.2499999999999997,0.0005064929029067465,0.7494935070970934,72.0608543909354,-87.49769924775902,-0.08968874330651246,-7.107746074068892,-31.6648696085505,48.8320176464888,15.603319314000954,-41.18925487800039,0.0,-0.07990638232955646,0.08186283008924164,0.07936122396054177,-0.08076626906866018,0.009805634164094641,-0.01692792152313879,0.03720686866565972,0.03606987521800382,-0.017109961643396714,0.07514351561726529,0.052067378423878985,0.11616747483499212,0.0371999999999999,0.06777424047911751
V2_LATEST_MLP_WITH_CASH,CASH50,2024-05-16,55.84641611841653,10.018357681992711,45.82805843642382,45.881538993812256,0.04797244122465938,-0.041344084661222524,-0.06010891395244178,0.34524313125234773,0.11652497197227163,0.003766887724117591,0.04545582075815076,0.9951388888888889,-0.01606475636381206,0.005029016494468852,0.0007707163347112666,0.9942002671708199,0.1999999999999997,0.0005604224393815336,0.7994395775606187,20.65359072183834,25.344901320734554,-0.11695304876064436,1.2553781464727105,19.621892102550504,2.739321267371248,-2.8907309041179956,25.155678381535786,0.0,-0.08521761819789418,0.08802349608563677,0.08648151340259588,-0.0855205035662209,0.008684664609967693,-0.018134204611149427,0.036472198804274734,0.03583353295096877,-0.017400370995911015,-0.014497300053329054,-0.028915581110070532,0.005348644940325276,-0.005784805244890112,-0.03647474035109588
V2_LATEST_MLP_WITH_CASH,CASH50,2024-05-17,-10.46755915380163,14.153614741093406,-24.621173894895037,-24.529271569287992,0.17563031917386596,-0.10898328495736598,-0.1585493598238319,0.3707765828272457,0.11690658995884201,0.0004170293078749841,0.045480700518459906,0.5993055555555555,0.03883865406286598,0.0028452806507640593,0.0010612416570922082,0.9960934776921437,0.14999999999999972,0.0006874341638190132,0.8493125658361812,30.49167138143076,-55.06610113256035,0.045158181841618336,-2.3282067434623746,-36.1910507626705,34.56918730603999,8.08947266882808,-28.668674038023276,0.0,-0.0930161691129619,0.09434782814230291,0.09124897792525742,-0.09216360764672346,0.008734863740390791,-0.018394155307267346,0.036834134008779905,0.035624647489480264,-0.017318789412923703,0.027050189321320195,0.05009142867190142,0.0630814427941897,0.014740108611326797,0.03923010091559176
V2_LATEST_MLP_WITH_CASH,CASH50,2024-05-18,18.780839539218505,5.545194691652796,13.235644847565709,13.137520521646252,0.1864713780616195,-0.03599885971405348,-0.05234819242609401,0.3870428792585538,0.11621143046508577,0.0014334941954124633,0.04468575678096251,0.9638888888888889,0.0010881847815118917,0.0026862920172600058,0.0011867354775675664,0.9961269725051725,0.09999999999999973,0.0008569028848857093,0.8991430971151145,13.18856823719705,-0.04337380584150985,-0.007673909709284256,0.12201615024836847,-7.861555648813575,10.517070297440029,-2.488141237575965,12.848130960347433,0.0,-0.09713903160716224,0.09785307492302119,0.09638511180396192,-0.09566566092440841,0.008687380532510648,-0.018296812520758925,0.03625539368548972,0.035505819405023765,-0.017466024321302703,-0.001378604308774678,0.010015502340816163,0.0174076326682453,-0.00420489296636084,-0.016398713826366484
V2_LATEST_MLP_WITH_CASH,CASH50,2024-05-19,5.336231772796964,-6.607284880043153,11.943516652840117,12.16888809700542,0.08882098443715314,-0.1280009065441554,-0.18619152205998324,0.4067022650765758,0.11462286889728743,0.0002481662238212344,0.04433988625312237,0.6673611111111111,-0.017845570309198866,0.005540635633416002,0.0008596920837279834,0.9935996722828561,0.04999999999999975,0.0008583792863314408,0.9491416207136688,-16.62683216549673,28.757426341363924,0.0382939211382205,0.8454449502140214,13.96297867558404,-9.457517409559099,-15.306770177907692,22.124752058674094,0.0,-0.10156714249821586,0.10195615684726703,0.10151905880293154,-0.10165990692816144,0.008679532003453191,-0.017942739534667112,0.03571460469512981,0.035087240876621885,-0.017198751787415416,-0.009720675681956448,-0.01653794979650358,-0.014173415109780207,-0.02283961612284069,-0.025956194834913404
V2_LATEST_MLP_WITH_CASH,CASH50,2024-05-20,-21.769105891538857,19.081808145987452,-40.85091403752631,-36.885057482311666,-0.25176170331408,-1.5135205811894004,-2.200574270709934,0.43796775035055646,0.16196713818814704,0.14689948138649808,0.045974218275986994,1.0,0.10807631207118074,0.001091813370581618,0.06505360664139986,0.9338545799880185,0.011906680103410394,0.050858379286331426,0.9372349406102581,36.05275005657967,-73.10208428572199,0.16427674683059737,74.63216558399992,-210.83349935404073,93.53358537821913,14.437722397509681,-8.655031487999596,0.14325852891421348,-0.14215791606035236,0.14714825651387775,-0.0030447057670197706,0.0016953177857789337,0.04680456479701973,-0.029323868048492924,0.04807133496693105,-0.02862400097658891,0.009046187537118063,0.0788367648257684,0.19354250931761996,0.09906610686673778,0.056303611215827276,0.11263256812995026
V2_LATEST_MLP_WITH_CASH,CASH50,2024-05-21,-143.45067918720088,-36.96285146461378,-106.4878277225871,-104.53004615617712,0.2684038765210765,-0.9066194547405901,-1.3195659881902904,0.5770034357740867,0.15479493999306915,-0.009073878164976389,0.035010249930546876,0.009027777777777777,-0.0004762369730126004,0.028120497428530067,0.002622606381178761,0.9692568961902912,0.028120497428530067,0.0026226063811787617,0.9692568961902912,-96.64242506411381,-7.9649759534762685,0.07735486141298292,-17.910496839975636,-40.21055263079901,-45.11205699545979,0.762587509418907,-2.0595271993614293,0.14350227706342594,-0.1474722080834688,0.1403816116040272,-0.1455664488860627,8.089013710199998e-05,0.044165896359724156,-0.03013032118339132,0.04320702263681188,-0.029762023847869818,0.007529675965271978,-0.018189380553724765,0.03493398864657671,-0.04570825566197423,-0.0010501989754775343,0.02763266167953682
V2_LATEST_MLP_WITH_CASH,CASH50,2024-05-22,14.4986448831296,-1.9208161107817432,16.419460993911343,17.010884871406976,0.10371323216639433,-0.28323609099383296,-0.41190101866927264,0.5060772342377515,0.13764710097011404,0.005055676802800367,0.03805183347899672,0.9993055555555556,-0.015132387774497014,0.006343861189246902,0.019105655058752148,0.9745504837520009,0.006343861189246902,0.019105655058752148,0.9745504837520009,-3.9383285209963645,20.998808221030103,-0.049594828626748015,-11.423629794373328,13.499973709739667,-5.432702372680043,18.64458162926202,1.722661699458725,0.1270819670643991,-0.12511891651275195,0.12840387948231752,-0.12539186220472365,8.06089735593518e-05,0.0400139403332359,-0.024871636559701853,0.040430428398724315,-0.024925997185856814,0.007405098492595163,-0.013467630275785902,-0.013688060406252034,-0.006455198118450078,-0.01880119136262104,-0.023249858709376015
V2_LATEST_MLP_WITH_CASH,CASH50,2024-05-23,-47.913455643649286,-15.646424526179544,-32.26703111746974,-32.22415506955917,0.1269726580161194,-0.06918831500057188,-0.10066039092687973,0.5168522302501981,0.13623156545521933,-0.0035899985662768913,0.036397117718505644,0.175,-0.009215953476049732,0.012123087854255976,0.0020595164278789193,0.9858173957178651,0.012123087854255976,0.0020595164278789206,0.9858173957178651,-42.31211860133368,10.096407538418536,-0.008444006643940603,-15.2813702436511,-12.197795890000004,-3.9860363217899915,-3.640364135776034,2.8814115216578937,0.1285139260463645,-0.13114635862142132,0.12805545385074985,-0.12907475578681615,6.173594484625491e-05,0.039471032772269155,-0.025219095405795006,0.03961924108472543,-0.02469812846256183,0.007224067729867886,-0.017531136910423628,0.011996492222465793,-0.004570595646352316,0.003604629102637036,-0.039579156148575545
V2_LATEST_MLP_WITH_CASH,CASH50,2024-05-24,-47.11497893268279,-14.02331261645304,-33.09166631622975,-32.76120466797389,0.09430791625862511,-0.17308399542907216,-0.25168556908401474,0.4813101792538611,0.1330125676419465,0.003704093840082321,0.03538968030767332,0.9993055555555556,-0.0030463692844022285,0.0012507976517682762,0.07456698463715512,0.9241822177110766,0.004625728981437991,0.05205951642787891,0.943314754590683,-35.694716341799115,2.977684076426195,-0.04417240260096644,6.820994697345059,13.707651134300045,-39.20243611070293,-12.71628964494586,-1.371124743970231,0.12321809526887395,-0.11843412148206564,0.11767671474411222,-0.12036892122482372,0.0016123265339855392,0.03905485585203623,-0.024208031571761858,0.03796142224372823,-0.024603412095374734,0.007184845879045455,0.00841948638021961,-0.014665282302060989,-0.04841727740192514,0.013900737240075456,0.025530489661679923
V2_LATEST_MLP_WITH_CASH,CASH50,2024-05-25,-1.4962441838506493,6.387597555511093,-7.883841739361742,-7.751035048131687,0.11227771307713613,-0.09983690355738961,-0.14524750075054627,0.504425888088227,0.13475396142066065,0.0015389711043094574,0.03861243944686585,0.99375,0.018719963493742765,0.003211378245513319,0.007948461083977471,0.9888401606705092,0.003211378245513319,0.007948461083977468,0.9888401606705092,17.476855753725733,-25.325608968251686,0.09771816639426488,8.921145325245064,-5.649433340100093,3.508877593148773,-10.142404548384587,-4.3892200780408555,0.12652843275292536,-0.12585549097848972,0.12620086536065175,-0.125587967513469,0.00025313148269107117,0.03963463150370312,-0.024060959524422484,0.039653426037856085,-0.02400980146247492,0.007395142892204045,0.010710437455137,0.005772706066569766,0.004154894143620469,0.010319071476536879,0.0626427083268497
V2_LATEST_MLP_WITH_CASH,CASH50,2024-05-26,-43.1532724386434,-18.399981873546494,-24.753290565096904,-24.69842969014952,0.12296076702402098,-0.0724437298433025,-0.10537791212885494,0.4912910021205473,0.1340455955273755,-0.0036125084682939396,0.03747925018298978,0.009722222222222222,-0.017957786041999935,0.03267915098940899,0.0007472148804351408,0.9665736341301558,0.03267915098940899,0.000747214880435141,0.9665736341301558,-47.01536952214375,22.326658044854398,-0.009718212860153449,-9.12521520859012,-19.53654666699999,-23.21408835376598,23.71496569610256,3.4624548431039974,0.12307030964368318,-0.1254237129652542,0.12074605689850103,-0.12202804232916643,2.288028394253682e-05,0.03949196216607056,-0.02447143646027845,0.03874661812986303,-0.023811736211914396,0.007523842559249051,-0.011340737208947127,0.02036175572824339,-0.028795075832633854,-0.024706500322871028,-0.045308372573791056
V2_LATEST_MLP_WITH_CASH,CASH50,2024-05-27,28.831334780123143,15.170839684591556,13.660495095531587,18.212592258501168,0.16772665171894424,-1.9228981516155832,-2.7969256630704527,0.4321777149018755,0.1179718554483783,0.0034649633084353907,0.040085065117476955,0.9993055555555556,0.020286760373323044,0.012629565414558064,0.0034807027488201617,0.9838897318366218,0.012629565414558064,0.0034807027488201617,0.9838897318366218,42.12857285834622,-25.762072851418985,1.846092251573929,-0.9683327340000403,13.502427093100012,28.40772072531312,-9.178212051500058,-13.55101077441193,0.00019362997895751183,0.10846685569426669,0.10907328649543449,-0.10694434626112115,-0.10732446259910214,0.007844154247739958,0.03548797237941151,0.03567412113691311,-0.01942923121935925,-0.019491951427228378,0.01367835935573214,0.017912335109065092,0.04119201981530196,0.010974456007568634,0.017676631578947388
V2_LATEST_MLP_WITH_CASH,CASH50,2024-05-28,13.330372569691463,-2.0339866922276997,15.364359261919162,15.288805489966741,0.11507883136215608,-0.01610233026914365,-0.02342272914127097,0.42925690733682154,0.11626456517609422,0.004396141582345641,0.039421958138539825,1.0,-0.013995847646233007,0.0025467298588380816,0.016676955246189312,0.9807763148949726,0.0025467298588380816,0.016676955246189312,0.9807763148949726,-5.03381007964715,20.324899065242327,-0.002283495628434451,1.1191193449702168,-8.990674027199997,-6.067555515333674,8.577935984408743,20.649979703121403,0.0001071736031650669,0.10840574163178955,0.108313609224629,-0.10722793957902124,-0.10520244329821675,0.0075995785043585775,0.035063378109442864,0.03518030504351559,-0.019275029001719124,-0.01914627451705808,-0.014740755992519783,-0.012597244930173557,-0.008515842839870391,-0.009958656185663495,-0.024166738282937805
V2_LATEST_MLP_WITH_CASH,CASH50,2024-05-29,-7.030396365618799,-5.631405336835087,-1.398991028783712,-1.329475187811462,0.1535795945287639,-0.0909063366732159,-0.13218909882872154,0.416410287684201,0.11613706720496207,0.00949245676092105,0.039119557088171594,1.0,-0.009936018633239497,0.0013957728522314694,0.8133619748046202,0.18524225234314834,0.0024744957275094582,0.06667695524618932,0.9308485490263012,-13.471029250940457,12.17668304909325,-0.03512898596424989,0.6047905750297891,-13.60950767100002,-1.424420481689403,7.640328964910194,5.459333424938031,0.00204418449722385,0.10463185076852746,0.10627533695680974,-0.1013156524119082,-0.10214326304973176,0.007570455765989164,0.034609711011065684,0.03544814536951199,-0.01925307297863215,-0.01925568207976309,-0.01097324551482004,-0.020005146854310207,-0.0021951108020392684,-0.00960168387752336,-0.006904906117504606
V2_LATEST_MLP_WITH_CASH,CASH50,2024-05-30,21.279121149091225,2.9017760021797585,18.377345146911466,18.32656724334331,0.06323683609061409,-0.0050801571445093785,-0.0073787753765977016,0.40866463565656885,0.11696129825265836,0.012873724961980476,0.03927427460344286,1.0,-0.007955172623065065,0.0029866840245630355,0.07646135224328181,0.9205519637321552,0.0029866840245630355,0.07646135224328181,0.9205519637321552,7.517597775426282,10.803700848098273,0.005268619818775212,-0.5794790737308249,-3.5562158520648754,-5.732751811746864,7.364363840670466,20.830650140215432,0.0020492112065344102,0.10441472396241933,0.10430524514032094,-0.09957427034453795,-0.09832118500275627,0.007595860856877184,0.03543353788121628,0.03508838768995713,-0.019059345519630726,-0.019784166304977004,0.01049860880202469,-0.005342283057254038,-0.008568286240166367,-0.009406108035884708,-0.026957794584044903
V2_LATEST_MLP_WITH_CASH,CASH50,2024-05-31,0.12135912767735135,-1.515312512186938,1.6366716398642893,1.7370056787261365,-0.029495486819186567,-0.028873581346763544,-0.04196497069693894,0.40009376112569933,0.12066401973071958,0.02102387082079257,0.041130127420244425,1.0,-0.004152807424649163,0.00293323258385747,0.9942034100988685,0.0028633573172740373,0.0029837719077951464,0.1264613522432818,0.8705548758489231,-2.8054507250630447,4.583782349578996,-0.04132594578981214,0.4210276416662769,2.3980792770728163,-4.758428106394247,1.63548534087047,2.0408415255108077,0.004118420032949924,0.10354593918487774,0.10289445675541828,-0.09481930336502159,-0.09471564178743179,0.007573061354896152,0.03677784951959049,0.03654616270099535,-0.02022758862178856,-0.019539357533449007,-0.012081997433233682,0.0037345145424714232,-0.007421009887897734,-0.002237615298578577,-0.002757929046007246
V2_LATEST_MLP_WITH_CASH,CASH50,2024-06-01,8.051241264758573,4.509949095441698,3.5412921693168755,3.586647002753579,0.23263904587041395,-0.11327737871895849,-0.16471650058796783,0.3833782320714611,0.12101869161175563,0.02962017474936524,0.041333743713925335,1.0,0.006244817585117435,0.0007212550420562236,0.998193814466069,0.001084930491874698,0.002854000621088108,0.1764613522432818,0.8206846471356302,9.740401067075421,-6.101379169859667,-0.05237489446216782,-0.07195816293545362,8.675826713691958,1.9909676774795642,-1.432044073294903,-5.576145152187612,0.005779490681522955,0.10035948490751109,0.10036022782137907,-0.08836054150483673,-0.08851848715621115,0.007538213217162344,0.037022550693885256,0.03661545375179289,-0.02024488451868469,-0.019597589430230464,0.003379559529997911,0.014252873908417785,0.0032354156210641083,0.002103316175975367,0.008252922690132003
V2_LATEST_MLP_WITH_CASH,CASH50,2024-06-02,-1.941478852322689,-4.02546874966356,2.083989897340871,2.377729451174379,0.052486067107821666,-0.14107469148305007,-0.2051509294585827,0.35734643188935156,0.11979906729786063,0.03698121251037507,0.040732896957338366,1.0,-0.011439390470242094,0.011601392374434916,0.9863586817629915,0.0020399258625736095,0.003388261181624303,0.2259270916827456,0.7706846471356301,-7.522831428184535,9.92859812204011,-0.028037242681189824,0.00033650400000091035,-5.037580672296878,-10.41226330733564,5.933699889933401,11.89353703687345,0.007398534029590617,0.09502668998835126,0.09473859818192142,-0.08038236456505335,-0.07980024512443491,0.007553413393288902,0.036581493480121775,0.03613107525418882,-0.0201133889474752,-0.019419696222785946,9.734613779177614e-05,-0.008886510724127494,-0.0182334239601859,-0.010082231643862016,-0.020092132160826837
V2_LATEST_MLP_WITH_CASH,CASH50,2024-06-03,-17.806249284876685,-4.1133642561999295,-13.692885028676756,-12.069674260475926,0.04528012974013551,-0.6797760744281627,-0.9887148235127565,0.38712327866562285,0.13943779960990343,0.04636670659033185,0.04278175640099168,0.9993055555555556,0.008562727354843336,0.002428882287878298,0.9967660658162888,0.0008050518958328723,0.0033260316547101773,0.2759270916827456,0.7207468766625442,-5.437490079999687,-6.481826257836648,-0.15035792263957826,-9.014576769000023,-2.2735110144031028,6.412161429687138,-7.379364575950104,0.18561666919018016,-0.08535131735347191,0.10322454053890195,0.10391908476170628,-0.08491808467481891,0.009492483318014451,-0.02421519867613695,0.04106023995985284,0.04133619746820126,-0.024094213702364312,0.008694731351438835,0.0154175374119363,-0.003828384954659425,0.010706933068672209,0.012692625998569795,0.0078249252496978
V2_LATEST_MLP_WITH_CASH,CASH50,2024-06-04,25.36777899527442,14.533548322104252,10.834230673170168,11.458626470548833,-0.19651417013853834,-0.17434721367630512,-0.2535344135628792,0.3578760056906218,0.13780087098587887,0.05655226881443007,0.04340139936002133,1.0,0.021779958716283198,0.001570632713352782,0.9960926975085336,0.002336669778113614,0.0032041569826099636,0.3259270916827456,0.6708687513346444,22.84715939498133,-11.36099523659472,-0.027537687837761695,-12.42222956799997,6.279483719788191,22.624969889646533,-5.496494507782598,0.47289693689667756,-0.07551716049512147,0.09753123143593179,0.09837687558825377,-0.07514470794297436,0.011306030228340343,-0.023658253487514408,0.04079271931612295,0.04114648512076209,-0.023541482325414365,0.008661930736065056,0.025107732170634334,0.011641715296552224,0.041771743386163074,0.011070687060852569,0.019307915667213793
V2_LATEST_MLP_WITH_CASH,CASH50,2024-06-05,17.432963507169916,8.757040437745673,8.675923069424243,9.278717507528864,-0.19520543751948272,-0.1660735640537414,-0.2415154365322305,0.3325814929573069,0.1373068993582771,0.06484732884702749,0.043106720898726004,1.0,0.008956315029676976,0.0007318377072889071,0.9954792343186329,0.0037889279740781438,0.0030195321328120037,0.3759270916827456,0.6210533761844423,12.551889276485678,-3.2505593781683704,-0.022612390788436083,-3.3533891690976523,7.211718448885535,5.117514297376102,-0.16585472791152084,0.4687286582764294,-0.06709262839710926,0.09256550068053458,0.09315152145283108,-0.06677445365803043,0.01299738876880151,-0.02360604390199234,0.04065198836836093,0.04090925571872954,-0.02349404532778322,0.008645566041411094,0.007867112014168454,0.014417133779526914,0.010235663439623455,0.00030195059399229507,0.01195971532107376
V2_LATEST_MLP_WITH_CASH,CASH50,2024-06-06,-24.673715934726715,-12.2799264442383,-12.393789490488416,-11.83650721247189,-0.1858958282763048,-0.15132512383875074,-0.22006132590125826,0.30599162581424855,0.13595133308826118,0.07189773555879415,0.042306496840933176,1.0,-0.012990020925341895,0.0009440990381343051,0.9917524250702948,0.007303475891570803,0.00285102387388239,0.42592709168274556,0.571221884443372,-14.642962616165544,2.7850098596916952,0.02144554400195394,1.399591042097706,-6.104560555873726,-8.827421522742707,2.8128808568308434,-1.1169970327839986,-0.05857118069543353,0.08724516546069999,0.08721042622704354,-0.05847576443229366,0.014489088998777806,-0.023440411541608325,0.040322481803092274,0.04030646379313008,-0.02338200658205568,0.008499969368374828,-0.0042926779584694374,-0.013506280855127173,-0.0194389604873344,-0.008374323505816461,-0.019337861819962
V2_LATEST_MLP_WITH_CASH,CASH50,2024-06-07,-47.22836560565884,-23.955361134812847,-23.27300447084599,-22.78143048901923,-0.14765018188889245,-0.14014633146467226,-0.20377746847320566,0.27983215153979213,0.13351812770718471,0.08136840582876093,0.041434902466493534,1.0,-0.044077690815237915,0.0010005357579719876,0.9951912496808847,0.00380821456114334,0.002688490532382568,0.4759270916827456,0.5213844177848718,-25.082399242715162,2.327169791093287,-0.026201037397355877,5.249805985999935,-14.59349473819999,-18.765669929890237,11.131508303323608,-5.803580110252591,-0.049810015811221194,0.08214943010720595,0.08221663002530598,-0.04942185704429441,0.016234218551764584,-0.02311074822550466,0.03970782147277003,0.03950314493775042,-0.022930864394840933,0.008265548676318672,-0.02051111183271459,-0.03562593035201378,-0.045513286173217815,-0.04360552041403121,-0.07513260530421217
V2_LATEST_MLP_WITH_CASH,CASH50,2024-06-08,-19.000457404155895,-9.64458503557944,-9.355872368576456,-9.042110679345633,-0.13187439438116266,-0.07412265733532397,-0.1077646375150092,0.257177152772909,0.1340151179375045,0.08825726650438986,0.04197074677011581,1.0,-0.011422244681665639,0.0004968159498319746,0.9990675167740946,0.00043566727607340496,0.002479017656895275,0.5259270916827457,0.47159389066035906,-8.316112736637828,-0.6232402474453905,-0.1027576952624183,0.1136397060000172,0.20760405389996944,-10.33028973358972,2.39816719605741,-1.4312319017132629,-0.04236488293312362,0.07800046971529226,0.07712409845716486,-0.04209506020113593,0.017592641466192296,-0.022749072935431883,0.0403619146634051,0.03990839761555894,-0.02327311264826247,0.007722620074846114,-0.0004410677298417598,0.000625030572147578,-0.028897160869249205,-0.01272870482271804,-0.015669320558666766
V2_LATEST_MLP_WITH_CASH,CASH50,2024-06-09,19.605764638143228,10.263809353431498,9.34195528471173,9.752282757731159,-0.16510883450792013,-0.09993260512867064,-0.14528603338225832,0.2397106724003199,0.1367102545186444,0.10012876043411707,0.04262400030488255,1.0,0.011353547282273491,0.001166678607946725,0.9975690996177781,0.0012642217742752106,0.0023398931697981335,0.5759270916827457,0.4217330151474562,7.43142565250679,2.305139498970914,0.015717606253455977,-0.4655912060000038,2.2152019651163393,8.59258639797159,-1.2730415144703926,0.6831271151136592,-0.03484243083514943,0.07460141535634249,0.07541707745064012,-0.034948525147952,0.01990122361023589,-0.02381341862815724,0.04042203635150005,0.04153790873179306,-0.023229708478723677,0.007707182328470364,0.004621718471732539,0.00690842036109629,0.02722388810391263,0.012059744214372614,0.00595396526025338
V2_LATEST_MLP_WITH_CASH,CASH50,2024-06-10,-8.673832320817382,-2.675685747333773,-5.998146573483609,-4.907241684923826,-0.12977224902800888,-0.3915983510217096,-0.5695342885097778,0.2414442207146197,0.15666363992419668,0.11254400298400288,0.04467396399429371,1.0,-0.00947157253537243,0.0006289285518797927,0.9968489302858387,0.002522141162281609,0.002136652988248455,0.6259270916827457,0.37193625532900587,-0.6937188574611579,-4.540589074269741,0.3270662468070693,-0.5209623080000221,-3.0371918129163005,0.2557544674996972,0.14498031344386375,-1.749822344951062,0.07756396967274427,0.07715457255789646,-0.031529941814329054,-0.03283194496607393,0.02218734753376514,0.04600449837868705,0.04576119754699278,-0.027785263150887474,-0.028163778983031927,0.008857310202533256,-0.0015531026167338036,-0.010224421717640597,-0.01872412559546266,-0.0032186343568426645,-0.013637578390182425
V2_LATEST_MLP_WITH_CASH,CASH50,2024-06-11,-44.94352126651029,-13.821537231604452,-31.121984034905836,-30.464053414077434,-0.2735244791567917,-0.15663057298804262,-0.2277755686848728,0.20922671173739446,0.15127998820274285,0.11714814581626166,0.04333698033837823,1.0,-0.044217950314200595,0.0006455677128099913,0.9949182275668437,0.004436204720346336,0.0019346040593675698,0.6759270916827458,0.32213830425788675,-4.750341729627982,-25.74624112752457,0.032529443075108855,-7.778395924774262,-11.498065920693882,-2.7226981994428954,-1.639814058782484,-6.825079310383847,0.0701397435832639,0.06961276462975777,-0.022838653560473137,-0.023200629400093264,0.023434920563806392,0.04473627742112867,0.0440139926636822,-0.02656119209843316,-0.027410311833749153,0.008558214185749664,-0.03223260665393879,-0.04678606125924811,-0.06185325351779536,-0.03362277972167882,-0.04659505041834189
V2_LATEST_MLP_WITH_CASH,CASH50,2024-06-12,24.245242883034734,1.3047065667487914,22.940536316285943,23.400068674851987,-0.2398365194626768,-0.08952673334935213,-0.13016910575217366,0.18964936090049594,0.15970568993946668,0.1259673360467778,0.04298893090571783,1.0,0.03107598841751611,0.0005852157946825143,0.9984922930513322,0.0009224911539852592,0.0017254388643992591,0.7259270916827458,0.27234746945285504,0.24536901247814302,23.129410415816384,0.025289246557459445,2.513954782758951,3.1913387610673567,5.202598177222127,3.1358884380712526,9.356288515732363,0.06599127236910768,0.06616278587976467,-0.016052380754242427,-0.01578863167261666,0.02565429022476452,0.04625130117377208,0.046371342653882694,-0.02942260740284733,-0.028935772114027113,0.008724666594937482,0.014148212858635878,0.017838227001498286,0.03976232687966319,0.0236983443935046,0.05993283095427859
V2_LATEST_MLP_WITH_CASH,CASH50,2024-06-13,-31.715321828072774,-1.5069989303283364,-30.208322897744438,-29.585510520217923,-0.2493914079489361,-0.15214877521585457,-0.22127219436264856,0.15598436014639452,0.15412688836861158,0.12997548772719805,0.042224422083521056,1.0,-0.0328294580704078,0.0013794648878888705,0.9978023537387178,0.0008181813733932543,0.0016618115277497111,0.7759270916827458,0.22241109678950458,0.05338340541226294,-29.529278312024537,-0.10961561360564814,-2.651057037422161,-3.1400691949733854,-11.232622156288993,-6.5468187242049325,-6.014943407328424,0.05876923809306011,0.05847003386848056,-0.006440004453602809,-0.006564431755995435,0.025740651975255633,0.04504034071865028,0.04481100610385881,-0.027707549689868306,-0.02824368345267696,0.008324308403557204,-0.021779321355884895,-0.025606677048573112,-0.05131514502359702,-0.030023581378538222,-0.03542256554544576
V2_LATEST_MLP_WITH_CASH,CASH50,2024-06-14,-17.45765638397461,2.422082308519748,-19.879738692494357,-19.2800944668329,-0.25649124303298265,-0.13982927945171575,-0.20332370317767268,0.13857127010173775,0.15431100080762453,0.138553513452517,0.04208588674650353,1.0,-0.01706231155135316,0.0005426736621022554,0.9986999230183234,0.0007574033195743279,0.0014106278760140057,0.8259270916827458,0.17266228044124027,-0.4140857586516212,-19.11605420990848,0.2500455017272045,-0.792893811562509,0.24274117158143826,-8.95243134457301,-1.543485737974043,-8.234024744304783,0.053237277059030835,0.05359090258648472,0.002120293347162881,0.002137850510597856,0.027467189949240745,0.044451241259707744,0.04563963501801872,-0.028409377205775986,-0.027703179824784513,0.008107567499337557,-0.01111813175594456,0.0033683043822909653,-0.028762040306054004,-0.00488520041170315,-0.04391448966535505
V2_LATEST_MLP_WITH_CASH,CASH50,2024-06-15,23.52647965142023,-0.45550112132514187,23.981980772745374,24.599017306641056,-0.20798912519979762,-0.16669881079433946,-0.24234859790044627,0.16231198325079071,0.1583618832770706,0.16231198325079071,0.045865160025962845,1.0,0.018421251106462665,0.0009899094709079348,0.9984220544173993,0.0005880361116927712,0.0012886769510605462,0.8759270916827457,0.12278423136619372,0.034768868096179906,24.88575615260708,-0.32150771406220857,0.08160635747887657,0.8283541396806076,6.8973515626414965,13.889219161116586,2.902486085723475,0.05046506202435178,0.05117469420139053,0.014064039381688046,0.014152207033476838,0.03245598060988349,0.04641525351805023,0.046422040464579775,-0.028164400891333995,-0.028083960734219864,0.009276227668886696,0.0026337226601231833,0.025012128065359462,0.017253577287812627,0.033918944008341834,0.013287883510676224
V2_LATEST_MLP_WITH_CASH,CASH50,2024-06-16,17.754187897679003,0.12314084463832842,17.631047053040675,18.39790573546867,-0.3811337796071479,-0.15716347424929733,-0.22856142857157558,0.16993209007395674,0.15802629078046085,0.16993209007395674,0.045918862704381246,1.0,0.01235575833225926,0.0006667810943731256,0.9984314334758891,0.0009017854297378243,0.0010348509039243832,0.9259270916827458,0.0730380574133299,-0.010457976902727428,18.69378094680865,-0.2854172344372584,-0.20586801877938798,-0.41810610625367595,19.90656342992004,-1.6129562305838632,0.7282726611655632,0.044932084075201294,0.04490992057571393,0.023215056413491482,0.023078324476248073,0.03379670453330194,0.046434875101642625,0.04641154953456373,-0.028109793265074342,-0.027943920772965456,0.009126152106214678,0.0067121206224893815,0.015474319665033986,0.03983499484358899,-0.003289917810756715,0.0030472743409406533
V2_LATEST_MLP_WITH_CASH,CASH50,2024-06-17,-39.9095871152731,17.16692930537647,-57.07651642064957,-57.35992387290315,-0.2962518212301566,0.23612812388421212,0.34353114959920905,0.1823841726487877,0.15490704593301208,0.1823841726487877,0.048000883046427946,1.0,-0.023334627197754875,0.0006908339330110591,0.9976901148423911,0.0016190512245978748,0.0007951613285925178,0.9759270916827458,0.02327774698866176,2.732129221072089,-60.28182086452432,0.18976777054907948,0.19062910630051189,2.2621484054121694,-31.779290934680013,8.567388581234818,-36.60079903117074,0.0401601898424274,0.03959651250517644,0.032197790866440514,0.03786997181632706,0.03255970761841627,0.04621634695545823,0.04556806213386659,-0.026584701827169616,0.00964380837495759,-0.02684263259068485,-0.0027928321106910348,-0.03129952418034854,-0.05320541641321308,0.03184065439672801,-0.061216017681249735
V2_LATEST_MLP_WITH_CASH,CASH50,2024-06-18,-53.14523280086178,8.571655807218121,-61.7168886080799,-61.49286907620646,-0.05244742218260878,-0.06991907505654016,-0.10165303463458031,0.1810306305374426,0.14498531780115206,0.1810306305374426,0.0473850474732829,1.0,-0.02933697119410954,0.001010294763370112,0.9977054541394086,0.0012842510972213021,0.001010294763370112,0.9977054541394086,0.0012842510972213006,1.8477745764041518,-63.49206950057993,0.15142584796935027,1.6211208150000118,0.6406234311793977,-25.12989588962999,-7.262593799481501,-31.362123633274365,0.036982741664574874,0.03689234123651897,0.035480406931546256,0.036509055834194594,0.03516608487060789,0.04360510219550596,0.04349854613287406,-0.024508631652097514,0.009081534308837463,-0.02429150351183708,-0.01988957756649412,-0.007811935452867957,-0.04076901052396342,-0.027258374099391802,-0.0509559583278304
V2_LATEST_MLP_WITH_CASH,CASH50,2024-06-19,4.117513423734636,11.092480600402268,-6.974967176667633,-6.762316394761843,-0.18718481525691555,-0.010382386608712935,-0.015083580040572642,0.18526262326468823,0.14632957931853224,0.18526262326468823,0.04701405121377896,1.0,0.002564067312424778,0.0007980789275660038,0.9986563076550998,0.0005456134173341608,0.0007980789275660038,0.9986563076550998,0.0005456134173341608,2.514208121959701,-9.276100865816673,-0.0004236509048803612,0.2444766543306176,-1.7084356238973823,-7.864938077309981,1.2579670717169344,1.3086135803979717,0.03685152368617676,0.03756490426637425,0.03692272997026403,0.03662692621596139,0.037296539125911785,0.04338522715239431,0.044156659422595425,-0.024834253394879685,0.009129928691165867,-0.024823510657496956,-0.0031249843995155846,0.0220469681247899,-0.013126187581447124,0.004851570542723671,0.0021729698755730276
V2_LATEST_MLP_WITH_CASH,CASH50,2024-06-20,-11.937020761022723,-8.919835753700681,-3.017185007322041,-2.1280924019972165,-0.018092598781281666,-0.3550200257702514,-0.5159799807721104,0.27386241799305056,0.15393221922317465,0.27386241799305056,0.0683592920115259,1.0,-0.0045062290383258265,0.0013585596087662966,0.9979638721694335,0.0006775682218002205,0.0013585596087662966,0.9979638721694335,0.0006775682218002205,-6.288805095021427,4.798655617061598,-0.6379429240373937,0.038068432669381536,-0.42440844337464956,-10.777595233560028,-3.529948034216185,12.565790876484282,0.054960767781740534,0.05456247828580917,0.05436257507105055,0.054702112534602006,0.055274484319848244,0.04889121175217615,0.04853726673780985,-0.02121546299033361,0.013717277127364256,-0.02157100061549077,-0.0014228303704222345,-0.013345831289645838,-0.01503437693646914,-0.00929966095735879,0.01657155436226687
V2_LATEST_MLP_WITH_CASH,CASH50,2024-06-21,-2.8029352446155826,-5.784977193976374,2.9820419493607915,3.281110916408343,-0.2985586604145567,-0.00020446931857520667,-0.0003058373148991933,0.2703131524746305,0.15108836442383822,0.2703131524746305,0.06775895571235716,1.0,-0.000862425942656908,0.0009516677796125306,0.9981736942430384,0.0008746379773490898,0.0009516677796125306,0.9981736942430384,0.0008746379773490898,-4.050399705442381,7.331356194456605,0.0001544273941383184,-0.4794256359999647,0.06427343937204055,5.578611153779988,0.14863967072594764,-2.030987711469611,0.054265104796265846,0.0540399095230573,0.0533871235632218,0.05422328891917734,0.05439772567290824,0.04792121804347049,0.047940391432401835,-0.020773708554672712,0.013562050592225355,-0.020890995801067815,-0.011252985556766903,0.0016102018775236981,0.007706826045926318,0.0003868517240444014,-0.0027630238040120547
V2_LATEST_MLP_WITH_CASH,CASH50,2024-06-22,-10.740560532269228,-1.0377379639576247,-9.702822568311603,-9.365373123027265,-0.34769099415805993,0.004174460295830684,0.006067088577619728,0.2709823856029957,0.15075241076857548,0.2709823856029957,0.06810971303635162,1.0,-0.003933770244506496,0.0007092441641074476,0.9983190958998269,0.0009716599360656536,0.0007092441641074476,0.9983190958998269,0.0009716599360656536,-0.6086531436976408,-8.767149918407593,0.01042993907797235,0.07779817233425668,-0.2615544399000167,-4.951668271819933,-1.8872881692000165,-2.342660414441575,0.054289321428494304,0.05390867520832215,0.05418898782212719,0.05406382059161828,0.054531580552433775,0.04800493439086435,0.04788633502754575,-0.020639552679851497,0.013539792484053447,-0.02068179618626044,0.0018467545771403415,-0.006542024189283735,-0.006837759296007939,-0.004909983633387904,-0.0032258386809932427
V2_LATEST_MLP_WITH_CASH,CASH50,2024-06-23,-52.670563322848466,-9.678899200102023,-42.99166412274644,-42.899807017692225,-0.07644835550768114,-0.006280613800090151,-0.009128135746081512,0.2713453913592115,0.150222239564866,0.2713453913592115,0.06809283393295566,1.0,-0.02022038019483925,0.002613924987614147,0.9956830927871397,0.0017029822252461245,0.002613924987614147,0.9956830927871397,0.0017029822252461245,-7.048054748676131,-35.847702423804634,-0.004049845211456233,-0.6882454043342552,-1.09301407730001,-26.72156467508013,-5.2686794723499855,-9.12830338862793,0.05428761736624379,0.05497866734054564,0.053671875190053994,0.05390681071382091,0.05450042074854713,0.04794768130585723,0.047724996282189694,-0.02041886927659222,0.013484859160863902,-0.02064583353936295,-0.016307290733984403,-0.021294984617585944,-0.037125730578401184,-0.013774671052631526,-0.01259922399159319
V2_LATEST_MLP_WITH_CASH,CASH50,2024-06-24,-40.17929076385917,-31.066395520743754,-9.112895243115418,-9.577300391233297,-0.43375184371587405,0.36591301570723367,0.5322439761263453,0.26568640078306194,0.14244722120233105,0.26568640078306194,0.0668566391916497,1.0,-0.015448027414729237,0.0033811266852166177,0.9957421679134134,0.0008767054013699256,0.0033811266852166177,0.9957421679134134,0.0008767054013699256,-22.986968374328796,13.127756703186343,0.2819112799091853,-2.279394359419861,-7.831643294726327,19.58858384029515,-0.5230631438295372,-18.53178343355253,0.05250701116451909,0.05328821351044508,0.053911815136932294,0.05331401513037758,0.052665345840787886,0.04526002152898645,0.013361779847512904,-0.019085233569913384,0.04603012882049102,-0.018710057435427294,-0.046357114687261114,-0.01993553526188374,0.027730792827941997,-0.012334813425057378,-0.02634346652738595
V2_LATEST_MLP_WITH_CASH,CASH50,2024-06-25,70.17461575255584,-2.1418018802978622,72.3164176328537,72.71837573732564,-0.291180898572712,-0.04515153909635927,-0.06562566680422144,0.2829826447593647,0.14464860470794905,0.2829826447593647,0.0689703453757569,1.0,0.02681616685897681,0.0009706943983470717,0.9979204327389524,0.0011088728627005493,0.0009706943983470717,0.9979204327389524,0.0011088728627005493,-1.7483558367034249,74.42309748243125,0.04363409159781712,1.8196148393954505,4.9221365354285,23.01152351724497,0.2602376362072938,42.704863209049506,0.056523952222251574,0.055923030321331564,0.05702246611281328,0.05586587699525137,0.057647319107716914,0.04697622229817142,0.01351636883389618,-0.018816345684200604,0.04631688390978538,-0.01902278398189547,0.02513583941610409,0.012413233868847184,0.032548281669865675,0.003642680375671503,0.06034079896439559
V2_LATEST_MLP_WITH_CASH,CASH50,2024-06-26,-30.88117955375128,-8.935664064287266,-21.945515489464015,-21.060095279286035,-0.7575107202473088,-0.052068635647958494,-0.0758408542813207,0.2639878711001642,0.13567841368487893,0.2639878711001642,0.06645805534413828,1.0,-0.011749891800004252,0.00315832390098969,0.9899165037472628,0.0069251723517474275,0.00315832390098969,0.9899165037472628,0.0069251723517474275,-7.466343081795681,-13.653126918161046,0.059374720670690245,-1.1418173515393377,-2.476148065534862,1.3302684665975117,-0.952632067630744,-17.81976626117858,0.05358081489758205,0.05285776757011098,0.05239729403795633,0.053542820520767365,0.051609174073747474,0.04388068895271257,0.013338088348438129,-0.017436154659940577,0.04384945721335791,-0.017174024510429757,-0.014866753369297991,-0.006665384254321394,0.0019545489900245627,-0.01242633075814803,-0.026745539608278412
V2_LATEST_MLP_WITH_CASH,CASH50,2024-06-27,80.02783546961655,-7.776608771697283,87.80444424131383,88.64465257894084,-0.5438024206585785,-0.12074193237779074,-0.17566398459118737,0.26172066097711666,0.13916729781361623,0.26172066097711666,0.06893469167435866,1.0,0.03573669197205147,0.0013079290399582444,0.835329939758514,0.1633621312015277,0.002566905199604584,0.9405079224486479,0.05692517235174745,-6.1861765096947865,94.64663208580103,0.18419700283458318,1.5703272875638827,8.541384181649132,56.23828335242774,1.4203074615900837,20.874350295710038,0.05920016068547029,0.052352195452069074,0.046385473975843944,0.058967387216199305,0.044815443647534044,0.04537491228039856,0.013479485488627057,-0.01811581522619586,0.045196596974961825,-0.017000487843432933,0.013479466246710148,0.023637696520615536,0.09408236717189022,0.012181814310051164,0.03530211561099028
V2_LATEST_MLP_WITH_CASH,CASH50,2024-06-28,-66.88304974744642,-0.014516632743834634,-66.86853311470259,-66.51374309377329,-0.3286701735800399,-0.01060441659907152,-0.015515430748429537,0.24408854264526084,0.12368863949339359,0.24408854264526084,0.0644866268501841,1.0,-0.029184954936089504,0.0009651850523888506,0.9606149697350315,0.03841984521257963,0.0009651850523888506,0.9606149697350315,0.03841984521257963,0.38421755853905815,-67.07776442284714,0.17980377053479007,-2.234042285681687,-7.088133243579415,-37.677500325482676,-0.9333594788810915,-18.580707760148385,0.05331091465102853,0.04905905816341352,0.04341573028935634,0.05380267062414558,0.044500168917316875,0.040495227719095264,0.012724054196729338,-0.01461830555586609,0.04086835125596426,-0.014982700765738668,-0.02029584464779899,-0.020506458824168683,-0.0647129078536447,-0.008458670146367364,-0.03195089320846778
V2_LATEST_MLP_WITH_CASH,CASH50,2024-06-29,1.9783258890474826,5.311582471769725,-3.3332565827222425,-2.5957562627726913,-0.47776893664748954,-0.10578677665873837,-0.15394460664416165,0.22925489905467758,0.12173341503227189,0.22925489905467758,0.06353564213448246,1.0,0.0005626983282261966,0.0016239992566723371,0.6637505707669857,0.33462542997634187,0.0010761471964811774,0.9106149697350314,0.0883088830684873,4.578043631233329,-7.001224423426338,-0.17257547057968967,1.210320171681698,-0.17479407893701177,0.8072516458174577,0.30536644516299516,-4.743900446497823,0.05563606079531597,0.04567957564164304,0.036385011956397526,0.055513310608047324,0.03604094005327375,0.04008519326967162,0.012552591828870484,-0.014369017743211247,0.03999674348483506,-0.014729868705683472,0.00913930833711829,-0.000574532641162695,0.0016441176704098392,0.0023339698705706624,-0.009729371595805114
V2_LATEST_MLP_WITH_CASH,CASH50,2024-06-30,-3.2321336194781907,-1.6037592682168906,-1.6283743512613,-0.3109436503897442,0.0,-0.5363280866662148,-0.7811026142054249,0.00018458960860263316,9.12953986991762e-05,0.00018458960860263316,5.133578059540277e-05,0.002777777777777778,0.02429544203907765,0.002020950912362429,0.3633831208717255,0.634595928215912,0.00116247292092903,0.8606149697350314,0.13822255734403946,0.18286926630089217,-0.29304043986389156,-0.2007724768267449,0.016293172000003214,0.03033717389999331,-0.16572752832000626,-0.020431867940997744,-0.17141460002873676,3.871269712818215e-05,3.1662511414864067e-05,2.5032272736319775e-05,6.442598329963716e-05,2.4756144023629975e-05,2.7854477436433e-05,8.689684833923551e-06,-9.873818583680542e-06,3.4771427376932925e-05,-1.010599046820617e-05,0.029251421681629974,0.017494515385048093,0.04546427043217793,0.007620660457239525,0.021646342239292737
