fold,decision_date,terminal_paid_close,model_net_PnL,primary_net_PnL,PnL_excess,utility_excess,model_price_PnL,primary_price_PnL,model_funding,primary_funding,model_execution_cost,primary_execution_cost,exposure_magnitude_price_excess,signed_composition_price_excess,own_NAV_scale_price_excess,model_allocated_gross,model_actual_fill_gross,model_actual_long_gross,model_actual_short_gross,model_net_target,request_CASH,request_VOL,request_CS,request_SHORT,mapped_CASH,mapped_VOL,mapped_CS,mapped_SHORT,price_PnL_CASH,price_PnL_VOL,price_PnL_CS,price_PnL_SHORT,return_BTCUSDT,return_ETHUSDT,return_SOLUSDT,return_XRPUSDT,return_DOGEUSDT,target_BTCUSDT,target_ETHUSDT,target_SOLUSDT,target_XRPUSDT,target_DOGEUSDT,fixed_CASH_net_PnL,fixed_CASH50_VOL25_CS25_net_PnL,fixed_CS_net_PnL,fixed_SHORT_net_PnL,fixed_VOL_net_PnL,fixed_VOL50_CS50_net_PnL
FOLD_20230703,2023-07-03,False,0.36067996420570125,-0.25230413310055155,0.6129840973062528,6.130126045709289e-05,0.5064339292971665,-0.05118508484237416,-0.026035213327317546,-0.012165758168702072,0.11971875176291857,0.1889532900888508,-0.13714461521020538,0.694763629349746,0.0,0.009418043743010824,0.00886527243254272,0.00886527243254272,0.0,0.008954713432937127,0.008910076342520279,0.969613237024578,0.011060761013217697,0.010415925619683927,0.95,0.04891651170492962,0.0005580099620223913,0.0005254783330479944,0.0,0.5143278419746204,-0.007009612248044872,-0.0008843004294090758,0.01736792764071213,0.00818805173899354,-0.010740531373657415,0.008042895442359279,0.005879758929884044,0.0018815119577648238,0.001734057823864727,0.0018534416173859069,0.0017059874834858102,0.0017797145504358585,0.0,-0.25230413310055155,-0.9787058880010591,-0.16839416848961264,0.37531279752147384,-0.25230413310055155
FOLD_20230703,2023-07-04,False,-1.0320229566405033,-1.192683591723835,0.16066063508333173,1.6092461564938798e-05,-0.8860181705097456,-0.9778606201241237,-0.04839476636223859,-0.02755852116263868,0.09761001976983799,0.18726445043882395,0.5300515347284462,-0.43815195893439685,-5.712617967097081e-05,0.018690063925738507,0.016143401044159254,0.016143401044159254,0.0,0.016306306539467665,0.016820815749084006,0.8760220569223675,0.009541767281629783,0.09761536004691881,0.8999999999999999,0.09323305665022724,0.0010393621755749717,0.005727581174197794,0.0,-0.8877781382471642,-0.010431321619811699,0.012191289357230153,-0.012614944004931607,-0.009390704481950354,-0.00753246753246751,-0.0030687397708674333,0.006576063130205934,0.003581866650976309,0.0033077679694573352,0.0032759399804374928,0.003001841298918519,0.003138890639678006,0.0,-1.192683591723835,-1.3534371242512861,0.15367354612681083,-1.1298195774179476,-1.192683591723835
FOLD_20230703,2023-07-05,False,-3.9907341553498554,-0.6742983836029453,-3.31643577174691,-0.0003325116774805149,-3.845527526249511,-0.45624494559921125,-0.03722715008561415,-0.02690495515559871,0.10797947901515295,0.1911484828484098,1.5225887781055922,-4.911704944037548,-0.00016641471834474118,0.02804590410258543,0.024052972278105506,0.024052972278105506,0.0,0.02429566923022878,0.012450075201509647,0.9107183564253651,0.007822456877600708,0.06900911149552458,0.8499999999999999,0.13928597586830616,0.001421486860198531,0.009292537271495321,0.0,-4.1709532127436955,0.03391882611517504,0.29150686037900947,-0.008890276300942728,-0.013901875797511032,-0.008060717089767072,-0.021342089062179395,-0.029471544715447013,0.005346540630387768,0.004971929640033278,0.004846371815113157,0.004471760824758667,0.004659066319935912,0.0,-0.6742983836029453,3.2082629122051003,4.607649787416449,-4.658150974557429,-0.6742983836029453
FOLD_20230703,2023-07-06,False,-5.609592785838686,7.553297213022233,-13.16288999886092,-0.0013181579045711132,-5.404136600245062,7.8148501541827,-0.04210007037742438,-0.045366284229032064,0.1633561152151441,0.21618665693047828,0.1601110290636071,-13.378791396309444,-0.00030638718193006724,0.04059671666347296,0.03578032099095034,0.03578032099095034,0.0,0.03614114770192331,0.008955536629526528,0.9545570650064787,0.0068887560474873225,0.029598642316507412,0.7999999999999998,0.18775375163077807,0.0017465154065716198,0.01049973296265032,0.0,-5.526039835106964,0.18785695443118477,-0.06595371956928231,-0.019331152618334436,-0.03201487845766969,0.037781647406469374,-0.030195009435940383,-0.02991772625280481,0.007815002978827808,0.007344281171200535,0.006936471642254033,0.00646574983462676,0.007579642075014171,0.0,7.553297213022233,21.082810047586463,-1.53712145078498,-6.107941309126545,7.553297213022233
FOLD_20230703,2023-07-07,False,12.925646281113586,20.15225209748678,-7.226605816373194,-0.0007190477731310139,13.084569728005555,20.254508604663243,0.005925688550390126,0.05170223250723818,0.16484913544185525,0.15395873968375734,-5.964479356522172,-1.179276946911125,-0.026182573224398726,0.053089401149498616,0.04747926206788768,0.04747926206788768,0.0,0.04795805916320788,0.006044759517539133,0.978919875330664,0.012769693049739203,0.002265672102057671,0.750513224300474,0.2370666832776654,0.002433583759684295,0.009986508662176175,0.0,13.413377660828425,0.2560157076983354,-0.5848236405212069,0.014278975312896342,0.010954218510680909,0.09198149183912123,0.011891891891891902,0.0067848882035465834,0.010290949679167142,0.009184022811139572,0.009804701637461208,0.009184022811139572,0.00949436222430039,0.0,20.15225209748678,26.1999083667597,-15.124761584635053,13.978018066596633,20.15225209748678
FOLD_20230703,2023-07-08,False,2.6982974425682187,3.5127802415936458,-0.8144827990254271,-8.059838659101639e-05,2.8715965021202248,3.6645981607931883,-0.0343546421875858,0.012500784864825042,0.13894441736383817,0.1643187040644852,-1.1068271708756452,0.3213084095248697,-0.0074828973221877145,0.06611914580861256,0.05901215114280878,0.05901215114280878,0.0,0.0596074054742077,0.006835285021326243,0.9512873347953765,0.041210454380543944,0.0006669258027533379,0.7011320565399848,0.2844918493983499,0.005008417638999752,0.009367676422665313,0.0,2.9107039280812215,0.07083672481374761,-0.10994415077474415,-0.0012666202679034286,-0.001611409421123913,0.015459117154032443,0.004700854700854657,0.006586000918976869,0.012959215139333643,0.011670681769161589,0.012959215139333643,0.010687013370646401,0.011331280055732428,0.0,3.5127802415936458,4.016862820502865,-4.31941182954688,2.883830511422275,3.5127802415936458
FOLD_20230703,2023-07-09,False,-5.8618084131448995,-7.600632709094498,1.7388242959495983,0.0001732618810995816,-5.6404356563065114,-7.355315512261958,-0.08217997835473846,-0.06213413141921258,0.13919277848207773,0.18318306541242715,2.13585270498432,-0.4363742827604158,0.015401433731542978,0.07747612514350682,0.06958509405888715,0.06958509405888715,0.0,0.0702869959623828,0.007088128587439235,0.9619949008085292,0.02984800200490398,0.0010689685991275672,0.651722844241088,0.3327235113322395,0.006776755705110224,0.00877688872156215,0.0,-5.5702445719717675,-0.17070304661135713,0.1005119622766128,-0.0043066862625295655,-0.0016837183364434398,-0.022010271460014694,-0.004891535516801412,-0.00608642726719412,0.01530008173806336,0.01355418297981537,0.01530008173806336,0.012629850063658361,0.013502799442782357,0.0,-7.600632709094498,-9.235155776252213,3.9272596811169933,-6.089485952445102,-7.600632709094498
FOLD_20230703,2023-07-10,False,5.541645317220173,-0.7168563592349528,6.258501676455126,0.0006255992580238951,5.776929798044917,0.19498970700807305,-0.0858040156576382,0.008846775247046943,0.14948046516703345,0.9206928414900375,-1.450974357105449,7.039485795679602,-0.006571347537309896,0.08883262017592193,0.08013162593058559,0.08013162593058559,0.0,0.08093982632149291,0.006531195789811761,0.9721115473791155,0.020007598935254205,0.0013496578958184608,0.6022918770304835,0.38170983829501437,0.007790428742335357,0.008207855932166625,0.0,6.058904926790225,-0.11607939146621425,-0.1658957372790932,0.00842175792172646,0.009780962304891038,-0.00018754688672157648,0.02051720453088266,-0.0015309246785058612,0.017631581339315416,0.016541020190025527,0.017631581339315416,0.014567821726418274,0.014567821726418274,0.0,-0.7168563592349528,-7.685984189878582,-8.130039556794145,6.1028949521023605,-0.7168563592349528
FOLD_20230703,2023-07-11,False,8.279792244147757,18.884264514403185,-10.604472270255428,-0.001055516140524986,8.84233518619632,19.126286617735346,-0.17456789985109605,-0.02935857140380302,0.38797504219925627,0.21266353192647783,-2.9396447072641334,-7.322316949778792,-0.021989774496094374,0.11770385484239916,0.1093827675909107,0.1093827675909107,0.0,0.1104833595423896,0.00674188157745248,0.9620014599079217,0.030404065754724825,0.0008525927599010155,0.5529018620212461,0.4298344493604452,0.009665817676904574,0.007597870941404015,0.0,8.158149828651654,0.6369036151482868,0.04728174239638149,0.0071343990526939495,-0.000829791647827885,0.03559369724254346,-0.005235602094240842,0.00030665440049074095,0.023628272379589768,0.022279020811071616,0.023628272379589768,0.02001802472958498,0.020929769242553464,0.0,18.884264514403185,29.527732340531657,2.2165018735995545,7.960365856457429,18.884264514403185
FOLD_20230703,2023-07-12,False,-7.880757294657087,-5.381761576689314,-2.498995717967773,-0.00025280463487915167,-7.607059363298897,-5.079717184489719,-0.12541714619016178,-0.09391268715596085,0.14828078516860824,0.20813170504341097,1.518079606125115,-4.062099325738297,0.016677540804005377,0.13188990714389706,0.12113852091682963,0.12113852091682963,0.0,0.1223603303568725,0.009241448856686652,0.9332908463255801,0.05575885140461182,0.0017088534131213641,0.5034376661909328,0.4756407380077107,0.013859529029639092,0.007062066771717396,0.0,-7.62258205827369,-0.05875897948402092,0.07428167445881272,-0.008204083099000968,-0.00405657916451511,-0.006883122764117081,-0.008842105263157856,-0.003218884120171702,0.02660022586434882,0.024641555673895716,0.02660022586434882,0.021835437470836525,0.022682885483442612,0.0,-5.381761576689314,-2.5878105964548013,5.195114682779604,-8.306053488991893,-5.381761576689314
FOLD_20230703,2023-07-13,False,273.97999164264183,-79.74628996700267,353.7262816096445,0.03530985122361075,274.3631438540713,-79.62355549616628,-0.21935760910409297,0.15130433474093774,0.16379460232463647,0.2740388055780765,-31.720456377603746,385.9882735526087,-0.28111782476732355,0.1464323970626344,0.13259641432252334,0.13259641432252334,0.0,0.1339335794381366,0.00803024688963383,0.9269184280927422,0.06431132181670807,0.0007400032009159416,0.45406769330580465,0.5206129496766101,0.01888731736073962,0.006432039656845511,0.0,296.1731900138343,-16.197780230037598,-5.612265929725343,0.035313836741010934,0.07115634404348925,0.1854908576900277,0.7340696686491079,0.08380747347378127,0.029679866866105326,0.026941084839391616,0.029679866866105326,0.023430458053856445,0.024202302812677906,0.0,-72.30969625601938,-474.30998311957956,-478.81164464246467,312.4421296527562,-79.74628996700267
FOLD_20230703,2023-07-14,False,-20.176597467097963,2.1221799895229196,-22.298777456620883,-0.0021971730340011315,-18.597219181493614,4.2228521616534325,-0.19520142125078058,-0.11870223419809141,1.3841768643531522,1.9819699379317688,0.48195275994552644,-23.077056139386478,-0.22496796370609098,0.06877989389614492,0.055981098245397154,0.055981098245397154,0.0,0.05653894959150994,0.3236303647163654,0.03437771756321602,0.6397420071753367,0.002249910545081833,0.4435630349107468,0.4814544122530951,0.06888731736073962,0.006095235475418407,0.0,-22.87094927720648,4.273730095712871,0.0,-0.03698461518888296,-0.033858468110163596,0.023154736720643113,-0.12126408623223907,-0.02979568671963684,0.014368025994460732,0.011307789918301989,0.014368025994460732,0.008247553842143245,0.008247553842143245,0.0,1.5605692853878281,30.679299909388646,-1.528087447037251,-30.204911774546417,2.1221799895229196
FOLD_20230703,2023-07-15,False,7.810187031585883,3.435293757604086,4.374893273981797,0.00041602876598724275,8.043720970577235,3.568708114933184,-0.12910529176211893,-0.062291834024246664,0.10442864722901067,0.07112252330363665,-0.8187768192362319,5.120948308485091,0.1728413663951925,0.07663563860973709,0.05539007144423531,0.05539007144423531,0.0,0.055948997605297174,0.048228411211613365,0.4154793814960053,0.5357885828972929,0.0005036243950884793,0.4012270366087478,0.474389210718326,0.11888731736073962,0.005496435312186448,0.0,8.93873990474594,-0.8950189341687078,0.0,-0.00012550656762654768,-0.002871782157762048,0.032367204240442114,-0.002927237245609131,0.05220824802573858,0.016361459772169414,0.011189799521059434,0.016361459772169414,0.006018139269949455,0.006018139269949455,0.0,2.67614250751285,-4.671127157067531,0.0,11.96643464191402,3.435293757604086
FOLD_20230703,2023-07-16,False,-1.706826101304614,-2.449430111233596,0.7426040099289821,7.986182697584522e-05,-1.4851518482541335,-2.318255217276484,-0.1104286740623774,-0.07857444451752583,0.11124557898773435,0.05260044943817246,0.5357467474276826,0.35527900910714966,-0.05792238751248253,0.08016940001456893,0.05140482068890766,0.05140482068890766,0.0,0.05192349869385257,0.3185143695043424,0.2967136773922289,0.34528990737693904,0.03948204572648963,0.3853444683956614,0.44027177893141245,0.16236136680727475,0.012022385865651318,0.0,-0.5966105006388491,-0.8885413476152837,0.0,-0.0022263695971724926,-0.005713486521766142,-0.003932707013327527,0.041800643086816615,-0.03558026407227251,0.017446175068949604,0.010384699738770516,0.017446175068949604,0.003323224408591427,0.003323224408591427,0.0,-1.7242271827799414,-3.6481363811217307,0.0,-1.2014234698617656,-2.449430111233596
FOLD_20230703,2023-07-17,False,-5.67342694981744,-7.038652508914311,1.3652255590968707,0.00015524918731165424,-4.974153082653979,-5.763732710080611,-0.14077879730419163,-0.1311455140337595,0.5584950698590986,1.1437742848006023,0.6390886948400217,0.3140881983871491,-0.16359726580054015,0.07954938918279063,0.053062739622235844,0.053062739622235844,0.0,0.05359581080353201,0.21740178331491333,0.48861092797737843,0.25127132529526536,0.04271596341244278,0.3353444683956614,0.4546633402616139,0.18883169459953378,0.02116049674319081,0.0,-3.3901332295003983,-1.5840198531535803,0.0,-0.002423351574681839,-0.004152144580070762,-0.020399210353147613,-0.010198604401502873,0.006052745352356301,0.004230767565891749,0.004230767565891749,0.017207556755521054,0.017207556755521054,0.010719162160706402,0.0,-4.739368452916096,-8.17777552784355,0.0,-5.897602851033298,-7.038652508914311
FOLD_20230703,2023-07-18,False,-2.073642093806484,0.14836883438510995,-2.222010928191594,-0.00021725107768752952,-1.8717208724177472,0.3510172147058588,-0.1625315878476781,-0.1433003302215955,0.039389633540370984,0.059348050099507464,0.112762206464337,-2.3127600198906304,-0.022740273697314205,0.08164945288335304,0.055447558643974965,0.055447558643974965,0.0,0.05600741996541843,0.208545281057399,0.5121788833969555,0.18404737364206944,0.09522846190357609,0.2871624473428072,0.47651848908698136,0.18701371565238797,0.0493053479178234,0.0,-3.3593269611436116,1.4876060887258649,0.0,-0.009527791881962976,-0.007705909433330553,-0.04888789371547988,0.0545010845986985,-0.01790574416272742,0.004790975763600033,0.004790975763600033,0.01761199222256734,0.01761199222256734,0.011201483993083686,0.0,0.12437552607480029,5.824886490525387,0.0,-6.0008563771079935,0.14836883438510995
FOLD_20230703,2023-07-19,False,19.296924470876547,23.487494108148894,-4.190569637272347,-0.00047812534777083864,19.53559229287207,23.699645113126984,-0.170123937558256,-0.15715000577752697,0.06854388443808714,0.05500099920102829,-2.4868378396034596,-2.3347928105061846,0.6575778298547255,0.08765505003068369,0.060224694630830765,0.060224694630830765,0.0,0.06083261837756474,0.03317714335692057,0.7272962818162012,0.23886043750223554,0.000666137324642768,0.24519867842290244,0.5179523089938116,0.19557989574555776,0.04126911683772817,0.0,13.324275398266433,6.2113168946056385,0.0,0.001775794249107077,-0.004254556382098143,0.03319469512673625,0.05554127024942132,0.021586931155192664,0.005460915762233211,0.005460915762233211,0.018872131588792685,0.018872131588792685,0.012166523675512948,0.0,13.839204864405474,25.12416425587253,0.0,21.58757439452529,23.487494108148894
FOLD_20230703,2023-07-20,False,-14.138088620489725,-17.479490730027464,3.3414021095377393,0.0003832287810732666,-13.938122765135333,-17.351960399695596,-0.12336032302414543,-0.10526544345717119,0.0766055323292374,0.022264886874461858,2.8994244086549963,0.9828975973568618,-0.4684843714515968,0.0935160400154345,0.05930683005231033,0.05930683005231033,0.0,0.05990544239384065,0.11408076537309109,0.4870299512329345,0.39480469668420853,0.004084586709765789,0.21229165268312325,0.5101916392340262,0.24557989574555775,0.031936812337292765,0.0,-8.061774750306824,-5.8763480148285065,0.0,-0.003628908183606031,0.001074801982294873,-0.0370651678566003,-0.034226552984165534,0.00770988006853225,0.003578439073369667,0.003578439073369667,0.020383737884166593,0.020383737884166593,0.01198108847876813,0.0,-9.716808885308637,-20.24175029266371,0.0,-14.536682466310594,-17.479490730027464
FOLD_20230703,2023-07-21,False,-0.37622161767103535,-2.788043047874453,2.4118214302034175,0.00024377990378900738,-0.18627406370101074,-2.6353460068375325,-0.09345841001610647,-0.07867708763857761,0.09648914395353769,0.07401995339913056,0.19766045628844914,2.2946824370911396,-0.043270950243065924,0.09883830312477088,0.06499265935804327,0.06499265935804327,0.0,0.06564853364125192,0.0474821824003403,0.7155771489404459,0.23424461271930166,0.0026960559399121925,0.17216967170248748,0.5601916392340263,0.24282038193115602,0.024818307132330242,0.0,2.1222103142947653,-2.308484377995777,0.0,0.003363510941480976,5.288906518572474e-06,0.005245306830730364,-0.029259679656955476,0.03655426466421081,0.004832264357370648,0.004832264357370648,0.02142714909913012,0.02142714909913012,0.013129706728250385,0.0,-1.4432078475801973,-8.577427091700883,0.0,3.3584718268139113,-2.788043047874453
FOLD_20230703,2023-07-22,False,-24.061490546917412,-28.71260400959909,4.651113462681678,0.0005554357943115189,-23.765917239884352,-28.45931245013105,-0.15713623934158089,-0.19193085354880154,0.13843706769127026,0.06136070591802145,8.362712595320467,-2.871349919194713,-0.7979674658790525,0.100811099208438,0.057859200150368106,0.05679973295331408,0.001059467197054022,0.05630253922509049,0.19208069745479428,0.5061423701029149,0.2676482410797518,0.03412869136253903,0.1905890010221931,0.5101916392340262,0.26578818477819266,0.03343117496558797,0.0,-17.31786947209723,-6.575134036281809,0.1270862684946829,-0.0031180475401883785,-0.01326450739385217,-0.03809486445133195,-0.04923996362219052,-0.03758884636413344,-0.0010701544495799525,0.0029415865462906043,0.021184125542093812,0.021184125542093812,0.01206285604419221,0.0,-14.347565826135906,-23.419220361513,2.0426697106486245,-34.36724700147897,-28.71260400959909
FOLD_20230703,2023-07-23,False,6.310395945854907,5.750911731551241,0.5594842143036658,3.6907538772095274e-05,6.541978491301531,5.889536077236892,-0.12192405839053433,-0.10648853150989417,0.10965848705501308,0.032135814174684654,-1.9455119405404937,2.405059958855553,0.1928943957495818,0.10621944027426132,0.05831701177454723,0.05831701177454723,0.0,0.05890544158003007,0.03812333647282318,0.8037799682107917,0.15480952443288992,0.0032871708834952915,0.16462310771152336,0.5601916392340263,0.24688779784317835,0.02829745521127201,0.0,7.634192621778244,-0.3647104723757968,-0.7275036581009147,0.009286076255231203,0.011850906907936998,0.009217717595236116,0.007652364033889108,0.019315438147990343,0.0013108664925892545,0.0013108664925892545,0.021572171214352245,0.021572171214352245,0.01313936616614707,0.0,2.881355448578688,-1.372594015472714,-24.858274332176734,13.356679244570842,5.750911731551241
FOLD_20230703,2023-07-24,False,-15.895156052443781,-24.00015186456949,8.104995812125708,0.0008840111937386719,-15.597432354722445,-23.876146989411502,-0.08924085753272946,-0.11387780755090912,0.20848284018907726,0.010127067608587226,5.138600916405669,3.755837054649665,-0.6157233363662765,0.11113737180895933,0.06085231086095892,0.0523464558481435,0.008505855012815425,0.04428253399865212,0.2111427598281871,0.19955259516735635,0.04042766500784763,0.5488769799966089,0.16872465238055245,0.5283948161424463,0.22868462093475828,0.07419591054224292,0.0,-15.738917850962393,-4.4533965281242285,4.5948820243641775,-0.03043160204828093,-0.02045248677024452,-0.05706433882961522,-0.050040683482506156,0.03302215410338578,-0.0042957989468187215,-0.0042957989468187215,0.020228110693265737,0.020228110693265737,0.012417910505758082,0.0,-12.024484295057846,-18.232383955115438,57.70086207370878,-30.118640156199035,-24.00015186456949
FOLD_20230703,2023-07-25,False,12.76748481330469,13.20821066292774,-0.4407258496230497,-8.490980190357586e-05,12.956538462119507,13.310013214771304,-0.008117818787699436,-0.05545449992372419,0.18093583002723604,0.04634805192042435,-1.733242241032514,0.9599030921713738,0.4198643962093419,0.1174969945672267,0.06929549727124712,0.04928587909535888,0.020009618175888234,0.029571457628333287,0.08872975774819836,0.3094120851690092,0.01299153547472061,0.5888666216080719,0.16095318871335706,0.5071207542748157,0.2077301464695842,0.12419591054224294,0.0,13.745466702253957,0.07884364370668973,-0.8677718838411397,0.0018725050413598017,0.0038773943045024525,-0.0030001714383679186,0.00985010706638118,0.10169948745616408,-0.010105689003029036,-0.010105689003029036,0.01895357020134852,0.01895357020134852,0.011875695231694319,0.0,6.625042456213123,0.3843516338547488,-6.018812312144291,26.881225669159903,13.20821066292774
FOLD_20230703,2023-07-26,False,9.609187559759448,20.56413423275808,-10.95494667299863,-0.001132985065380311,9.828762556522387,20.68130719991819,-0.014191487069746843,-0.09619343835193468,0.20538350969450375,0.02097952880798212,-0.613438147718893,-10.72815804397578,0.48905154829887204,0.12074316290399215,0.07587385434381455,0.04575940872781574,0.03011444561599882,0.015802676128129016,0.30603500814835116,0.01211470303734302,0.00048414986039417096,0.6813661389539116,0.17128294281516873,0.4718765671802159,0.192974333564184,0.1638661564404313,0.0,6.741965548613935,5.483290016383307,-2.396493008474853,0.004128242518844042,0.007891830743124998,0.08301091909552064,0.011309018942606738,-0.046033300685602345,-0.015209010959199278,-0.015209010959199278,0.017597293655880534,0.017597293655880534,0.011026110734766505,0.0,10.30842711351579,26.558066375751878,-13.10983275743638,14.051767911230854,20.56413423275808
FOLD_20230703,2023-07-27,False,-1.8736039321574935,-2.7894686021118105,0.9158646699543169,9.808686403679385e-05,-1.405104473219923,-2.615505274718421,-0.0795986011912078,-0.1321230266164187,0.38890085774592154,0.04184030077665066,0.34857330300373607,0.9239185530211642,-0.06209105452640218,0.09982865499336072,0.06640973016291365,0.04677486269404818,0.019634867468865478,0.02741309656834367,0.34965618357511086,0.006545801119674407,0.0003775970693178398,0.6434204182358969,0.1848386339868507,0.4365131901931478,0.17833771055125208,0.20031046526874932,0.0,-2.5348582528132217,0.0736097516639046,1.0561440279293939,-0.004329447058021409,-0.005836451095670803,-0.005199857103163586,-0.003774112384679949,-0.0051334702258726585,-0.019832447042260507,0.0042048087899894115,0.016375332170248023,0.016375332170248023,0.010290070480118717,0.0,-1.3972785017103888,0.30283305514058156,3.4725504583329894,-6.096864500024822,-2.7894686021118105
FOLD_20230703,2023-07-28,False,-5.629743527144456,-5.180908680824359,-0.4488348463200964,-2.8125919985456352e-05,-5.129554140625709,-5.003586248575123,0.014522957328813372,-0.17268368549577004,0.5147123438472856,0.004638746753837198,-0.5590655706662212,0.589331146511761,-0.1562334678961272,0.1271375877589104,0.08845490303355379,0.03912469218480457,0.0493302108487492,-0.010308087016949763,0.31273126637042825,0.006593912395870619,0.0002854297479906688,0.6803893914857104,0.1953566122190864,0.4011563324820003,0.16369456826239964,0.23979248703651362,0.0,-0.8207830917416052,-1.3544955666518037,-2.9542754822323003,0.003091724586571687,0.007026579501956993,-0.01125209480488389,-0.002525606847200819,-0.004901960784313794,-0.024912996719602336,-0.024912996719602336,0.015034742223946105,0.015034742223946105,0.009448421974362702,0.0,-2.5948557020765293,-7.775647239015598,-12.400273371178628,-2.387162407003416,-5.180908680824359
FOLD_20230703,2023-07-29,False,5.174401299120291,9.1806530538488,-4.00625175472851,-0.000418840634378187,5.716884797557753,9.37543135888563,-0.05216391051903241,-0.17567797053116987,0.49031958791703234,0.019100334505180488,-1.0918931201323492,-2.800049468256982,0.2333960270614543,0.09699860365169544,0.06861942167488276,0.039706439571569385,0.02891298210331338,0.01090196043358316,0.3743694014043194,0.0020816145135572287,9.525530715406047e-05,0.6234537287749693,0.21126393860585466,0.36569399585049445,0.14915690489390546,0.2738851606497454,0.0,5.611780787546399,0.5954326358940992,-0.49032862588274584,0.0014711253255420187,0.0037583749299308455,0.015496368038740932,0.0012660008440005795,0.0412237490277418,-0.029203634501202273,0.0036625847767671766,0.013844687107853868,0.013844687107853868,0.008753635942310522,0.0,4.59909182849151,3.6677394038488274,-2.9794034273963916,15.063986620727519,9.1806530538488
FOLD_20230703,2023-07-30,False,-8.60080795464819,-17.624875931955103,9.024067977306913,0.0009469799556499686,-8.460192503952774,-17.439686883567116,-0.048377109671498636,-0.174237856509222,0.09223834102259543,0.01095119188010098,2.127865311828987,7.247316271130058,-0.39568720334470653,0.0933882080495235,0.06753991598058762,0.03610823342860993,0.031431682551977695,0.004723746250467984,0.5349076355246348,0.00035568570299232056,2.3510020334896487e-05,0.464713168752038,0.24271792273754988,0.33018783423053344,0.13466306651386645,0.2924311765180502,0.0,-7.565313521232204,-1.756476395233265,0.8615974125126981,-0.00241987157639296,-0.010536169216940812,-0.038904784612939225,-0.01152008991289686,-0.030253984063745038,-0.031748888554320086,0.0033428526278459327,0.012583342345207669,0.012583342345207669,0.0079630974865268,0.0,-8.825454047619132,-12.333626030811502,2.8699420532866498,-23.25468664913751,-17.624875931955103
FOLD_20230703,2023-07-31,False,-1.9506152951744298,-6.601368921154062,4.6507536259796325,0.00047691491557690167,-1.2942744918714881,-5.945303419119134,0.08180698285605471,-0.08180251044690368,0.7381477861607192,0.574262991587515,-0.5255559534957658,5.291134866570171,-0.11454998582676022,0.13163651108018373,0.10223565259976226,0.030349009681846333,0.07188664291791592,-0.04195418086595093,0.4268590412260199,0.0005811264144240296,2.6782973549564416e-05,0.5725330493860065,0.262550329679273,0.2946884606316921,0.12016244011270784,0.32259876957632705,0.0,-2.7750434993346604,-0.34271590254838336,1.8234849100115555,-0.0018620128871791016,-0.00278437738526541,-0.022079801529873846,-0.00980670835702106,-0.0020541789703428857,-0.03630376822006015,-0.03630376822006015,0.007093904766473512,0.011779725403847934,0.011779725403847934,0.0,-3.308601980941603,-3.760304140561857,4.1091956127675076,-9.655689623599756,-6.601368921154062
FOLD_20230703,2023-08-01,False,-8.88264051162696,5.0989918652885535,-13.981632376915513,-0.001385730803512058,-8.826629316739302,5.273731007093045,0.1361163425180201,-0.16807156518182848,0.1921275374051119,0.006667576623540641,-0.19460559630496188,-13.852819106721956,-0.052935620805427366,0.13488206991858068,0.10886958464958527,0.026647257603668578,0.08222232704591668,-0.05613538033998815,0.33649528465035417,0.0010846660568049529,4.07505061040237e-05,0.6623792987867368,0.2714868054099586,0.25920553707481364,0.10564536366958627,0.3636622938456414,0.0,3.877719023373964,-0.43016200210118977,-12.274186338012075,0.01787444078192967,0.009874946097455765,0.016236099953490353,0.013061576001148266,0.004374115528110215,-0.04152564852804905,-0.04152564852804905,0.006228714036593156,0.010343601339758394,0.010343601339758394,0.0,2.5561648906586925,-3.8474337554944213,-30.82112291010344,14.674522010456712,5.0989918652885535
FOLD_20230703,2023-08-02,False,7.800609792810064,-27.4777033625669,35.27831315537696,0.00357359188108043,7.704775628077879,-27.367286006980777,0.22794309086839123,-0.09757273865918711,0.1321089261345778,0.012844616927503544,-2.8244051037404385,38.20367378209247,-0.307207043293375,0.13467690027737506,0.11204066465342463,0.022992543027419238,0.08904812162600538,-0.06672194495983055,0.4438593059719994,0.0003165131596944493,1.6663512053783553e-05,0.5558075173562523,0.29513071751334996,0.22369436617444882,0.09115653456995108,0.39001838174225006,0.0,-8.679610708412671,-1.606530701698915,17.99091703818947,-0.01941009715136974,-0.018547973867372645,-0.03877678385687533,-0.031311986398413164,-0.0513641603688997,-0.0449732179776395,-0.0449732179776395,0.005376493331661894,0.008923998831893282,0.008923998831893282,0.0,-13.77244939623597,-16.45033970100303,43.39311569540405,-39.24954869594512,-27.4777033625669
FOLD_20230703,2023-08-03,False,-3.3357505230251263,-14.590517431150147,11.25476690812502,0.0011600027190827086,-3.373497004719411,-14.417477743157818,0.2520092980780586,-0.13740469447678227,0.21426281638326686,0.03563499351486748,-3.21957825810026,14.568831462736478,-0.30527246619780823,0.14238261470866487,0.12193103143472232,0.020584430002907102,0.10134660143181523,-0.08157624351619687,0.09578037911568837,0.007788071475209502,0.000473791479925431,0.8959577579291766,0.27542970709782455,0.20235719566931407,0.08219471549061128,0.44001838174225005,0.0,-3.0423787006403313,-1.216162308213989,0.885044004134909,0.0005486987266760173,-0.002202559319545106,-0.02151235770246288,-0.03173906684218216,-0.007561436672967931,-0.051184080935826805,-0.051184080935826805,0.004805633620388629,0.007993142367534057,0.007993142367534057,0.0,-7.3239683647971106,-13.84063988640628,2.458075143626047,-15.35270377564484,-14.590517431150147
FOLD_20230703,2023-08-04,False,0.6023967425171577,-11.601118684060566,12.203515426577724,0.0012405512557881436,0.5692493081238797,-11.446571769256485,0.2228957390773736,-0.13769779835666227,0.1897483046850002,0.01684911644746611,-2.7993633139079477,15.00983865025412,-0.19465425896580496,0.15080750431211515,0.13204337508937428,0.01859318843066618,0.11345018665870807,-0.09581337318558651,0.0512919876684218,0.02325578985829467,0.00130944805506301,0.9241427744182206,0.25228093347473834,0.18385973835043715,0.07384094643257441,0.49001838174225004,0.0,-1.7515695170692849,-1.0473873279484018,3.368206153141567,-0.0026014621656915964,-0.0030522368535799123,0.007874015748031375,-0.040936555891238686,-0.0009523809523809608,-0.05729701168791472,-0.05729701168791472,0.0043582076865107,0.007211221251866115,0.007211221251866115,0.0,-5.8273343505643425,-13.24665903629284,6.918632347422317,-9.802387072028068,-11.601118684060566
FOLD_20230703,2023-08-05,False,-0.07389044130468392,5.288507394066983,-5.362397835371667,-0.0005429363743406897,-0.22313936703417703,5.439136719903809,0.3421758536852113,-0.1321348583925298,0.19292692795796706,0.01849446744425435,1.6570906572609199,-7.416022721127494,0.0966559769285866,0.159474464939854,0.14224543089513894,0.016740613323135204,0.1255048175720037,-0.10986076157074717,0.041396935894619125,0.029784882057513732,0.0018211755886179464,0.9269970064592492,0.22815114935581327,0.16623017393035744,0.06560029497157918,0.54001838174225,0.0,0.6710446138654146,0.4752073909583298,-1.3693913718579216,-0.001457044673539569,0.0035426871938418576,-0.005925210674157216,-0.010710348086312849,0.031322347814245005,-0.06338507661817172,-0.06338507661817172,0.003948730009478573,0.006480330828058857,0.006480330828058857,0.0,2.6578188334897277,6.729481095104347,-1.7032523796133319,3.7235562273908727,5.288507394066983
FOLD_20230703,2023-08-06,False,1.510258780355798,-5.031606108259439,6.541864888615237,0.0006585412189513215,1.3773114889381324,-4.863709383327565,0.32542642857746656,-0.14791481566447245,0.19247913715869985,0.01998190926650756,-1.5136449368329783,7.819073847371637,-0.06440803827296142,0.1680847414889069,0.1524324997775958,0.014854825304205725,0.13757767447339006,-0.12396014252163284,0.05068359730066929,0.02615992564147563,0.0013112898609594938,0.9218451871968956,0.20491187574800157,0.14788805568618407,0.05718168682356427,0.5900183817422501,0.0,-0.18535181347797358,-0.5048331080578726,2.0674964104739773,0.000560954793238358,-0.003443015907605108,0.023135679279438267,-0.006686833306798251,-0.018750825300409408,-0.06948236718333349,-0.06948236718333349,0.0035288538193014385,0.005737869012866357,0.005737869012866357,0.0,-2.528108575652368,-8.231688969575771,3.845107258959615,-1.5874755026761704,-5.031606108259439
FOLD_20230703,2023-08-07,False,-3.189106149580766,-3.627520528574678,0.43841437899391167,5.619672237558985e-05,-3.369139204652015,-2.017642495146383,0.3761641816584459,-0.1559187545605144,0.19613112658809465,1.4539592788677007,-1.7691823451352933,0.5154350099980335,-0.09774937436837271,0.175629523526867,0.1518805115189145,0.0075559503955453565,0.1443245611233691,-0.13814746472350922,0.04959191599375423,0.01858108344630769,0.0013869148882898095,0.9304400856716483,0.18209900013498542,0.12889588057700035,0.0489867375457641,0.6400183817422501,0.0,-0.46738853815553993,-0.02738333442324714,-2.8743673320732275,0.004502319950195805,-0.0008090614886731491,-0.003668061968670319,-0.0025645135438372266,-0.012380567891266372,-0.07206877517661982,-0.07371081643014385,0.001449348125402126,0.001449348125402126,0.004733430632450205,0.0,-1.8229411269949196,-3.331627496956571,-3.5845568841396016,-3.95660284708174,-3.627520528574678
FOLD_20230703,2023-08-08,False,-25.79768509124915,9.109793311030444,-34.907478402279594,-0.0034790190807475205,-25.981067756761956,9.26925982520105,0.37361217285742104,-0.15265548973461446,0.190229507345941,0.006811024435109831,-1.4998760965983935,-33.45708158336516,-0.2933699019994437,0.18425628219817652,0.1638434597849284,0.006463802130848424,0.15737965765407996,-0.15243742417367337,0.047509348365692206,0.016776140659399197,0.0014830408311925975,0.9342314701437159,0.1592261815767505,0.10984170788081336,0.040913728800186004,0.69001838174225,0.0,3.6040273689761797,-0.5557430988792855,-29.02935202685885,0.019332438503259813,0.015275194222562684,0.05002598752598742,0.029889121002731903,0.020575010219375904,-0.07879758753628421,-0.08016880832017667,0.0012621767050008754,0.0012621767050008754,0.0040046182727857945,0.0,4.579144927673042,-12.65717270800269,-38.67168645298443,32.427404520514756,9.109793311030444
FOLD_20230703,2023-08-09,False,6.848446774014519,-0.9543450194323668,7.802791793446886,0.0007674347505628795,6.630419420942125,-0.7643927142502864,0.38230800333811094,-0.16841149940898437,0.16428065026558689,0.02154080577151527,1.325178358334473,5.974672286608248,0.09496149024969078,0.19198981232438994,0.1757539860458742,0.004992591745114515,0.17076139430075968,-0.167440539884898,0.09192852552367181,0.003562729323965128,0.0005131852466432777,0.9039955599057198,0.14350075313838076,0.08500752241556353,0.03147334270380558,0.7400183817422501,0.0,0.13237982298759826,-0.09874582508399644,6.596785423038523,-0.006677998212930153,-0.0006735929989438061,0.005692364806335919,0.0024964893119050315,0.005607476635514069,-0.08571404921916964,-0.0867694314624216,0.0009773921033964645,0.0009773921033964645,0.003088156589900369,0.0,-0.479740921928169,-3.051948368565718,8.743249498944351,1.254343148715634,-0.9543450194323668
FOLD_20230703,2023-08-10,False,6.080868024753727,0.5173250195730361,5.563543005180691,0.0005427950009936699,5.83384776564681,0.6871747776451986,0.4674257167709572,-0.16459795717087483,0.22040545766489572,0.0052518009007052335,2.1616699454407993,2.8761608467871853,0.10884219577362662,0.19917833066240564,0.18767215599866974,0.003336247442759414,0.18433590855591034,-0.18282399520452153,0.11120296163917631,0.0023907224651644986,0.0003869044835087254,0.8860194114121505,0.13243994364538342,0.05671429731393558,0.020827377298430892,0.7900183817422501,0.0,-0.06881305731851155,0.054879374240372814,5.847781448724948,-0.0044233123440173445,-0.0016770290163767153,0.010007792953529378,-0.015564202334630364,0.006638343069569842,-0.09274774686868455,-0.09344612252634632,0.000657707625061934,0.000657707625061934,0.002054458940385472,0.0,0.2599329520326137,2.4297078996551136,7.449540812282066,-1.5519457058890112,0.5173250195730361
FOLD_20230703,2023-08-11,False,2.652317383324771,-0.8385096864603838,3.490827069785155,0.00034445030318651945,2.493246866539988,-0.689450037106691,0.3801625061068828,-0.1430214079616128,0.22109198931970764,0.006038241392824632,0.20090981308866845,2.9517228586082718,0.030064231949739926,0.20619427853510908,0.19958936203282865,0.0016188453533928645,0.1979705166794358,-0.19833073081754712,0.11448577851209596,0.0022507087701874695,0.00037713864376178835,0.8828863740739548,0.12277344570432801,0.027391175764577752,0.009816996788844113,0.8400183817422502,0.0,-0.04014985313914176,0.00037970780784255496,2.5330170118712876,-0.0008254132161223674,-0.0016582404286578172,-0.00020304568527914742,-0.002055335968379396,-0.0013189132155104573,-0.09981842311985742,-0.10014746964895144,0.0003256896310245667,0.0003256896310245667,0.0009837826892126113,0.0,-0.42130202705993725,0.03112570583652996,3.2264712197320478,-1.7894018251136004,-0.8385096864603838
FOLD_20230703,2023-08-12,False,-0.3901810200550244,3.2895088255882,-3.6796898456432245,-0.0003712815136034868,-0.6841598805996519,3.4526028807989264,0.49872334894906395,-0.1616076316985044,0.20474448840374218,0.0014864235134368037,2.7756898420212894,-6.961760940705092,0.04930833728522475,0.21366044146242114,0.21121392058688615,0.00015801883013530696,0.21105590175675085,-0.21302389784683515,0.108345114357278,0.002422804499941285,0.0004251291790190244,0.8888069519637617,0.108345114357278,0.0024228044999412834,0.0004251291790190251,0.8888069519637617,0.0,0.011542291035569727,0.0010139771166686295,-0.6967161487518903,0.000180177117506052,0.00046529494830363597,0.012428919577579097,-0.0063371356147021605,0.012942419440042376,-0.10658462951909518,-0.10659888011075787,4.370353323085331e-05,4.370353323085331e-05,7.220471655620564e-05,0.0,1.6528441153004678,2.1998130632637185,-0.21143269623098604,4.450155428627113,3.2895088255882
FOLD_20230703,2023-08-13,False,27.62102910925387,-24.489829780673972,52.11085888992784,0.005211769707355342,29.811815073950292,-21.898105175437184,0.7263443105822104,-0.43050894752751967,2.9171302752786823,2.1612156577097847,0.23827412908600676,51.3509777757916,0.12066834450987628,0.28360974521404086,0.2797211767531355,0.00016725058757548704,0.27955392616556,-0.28212822752534433,0.12366358931957977,0.0019899869962563327,0.0003302717767135709,0.8740161519074503,0.12366358931957977,0.0019899869962563327,0.0003302717767135709,0.8740161519074503,0.0,-0.0924383744505454,0.00037166065075500306,29.903881787750088,-0.00464637263432676,-0.005234837628099431,-0.02888550108320625,-0.003029336734693898,-0.026205997392438042,-0.07053107147717316,-0.07056563815570073,-0.07060020483422828,-0.07060020483422828,0.00016889177598619433,0.0,-12.3031497463071,-2.555080825171899,29.5808999583478,-50.42540015089435,-24.489829780673972
FOLD_20230703,2023-08-14,False,-48.883892705673134,30.512614839184607,-79.39650754485774,-0.007986622288600982,-49.12583171322617,34.05212760585947,0.8487919359010506,-0.3811698413174851,0.6068529283477956,3.1583429253561444,-0.546546983148791,-82.36593619292258,-0.26547614301426625,0.3248841378613694,0.3198607196787061,0.00026911974247746374,0.31959159993622865,-0.32252886267237874,0.09485437239660321,0.0028405704522501407,0.0005149770189930542,0.9017900801321536,0.09485437239660321,0.0028405704522501407,0.0005149770189930542,0.9017900801321536,0.0,0.12726675598453394,0.013413439064117745,-49.2665119082748,0.004312920663431791,0.0026420653775271682,0.03994877303147975,0.013113705421397706,-0.0006694336591244928,-0.08074553931293497,-0.08068504846280661,-0.08062455761267825,-0.08074553931293497,0.0002718220289760808,0.0,15.347758835145214,18.353574893113546,-50.51762532236353,43.076538484911,30.512614839184607
FOLD_20230703,2023-08-15,False,87.28121391326022,-94.69466282728717,181.9758767405474,0.01860675220162989,86.62251605743135,-94.32422412888779,0.8044844136450556,-0.22807738133455058,0.14578655781827712,0.14236131706394822,-1.0973835701243364,182.21134982843625,-0.16722607199274095,0.32094594016059164,0.3156947957127529,0.0003118345177163574,0.3153829611950365,-0.3182491149251509,0.08843631006331698,0.003198646722751853,0.0006067391743406985,0.9077583040395903,0.08843631006331698,0.003198646722751853,0.0006067391743406985,0.9077583040395903,0.0,-0.38644818642485673,-0.04483725931217117,87.05380150316839,-0.0076741560808421755,-0.008913806097607169,-0.05299328645771262,-0.03835832675611679,-0.05184887459807072,-0.07969764536636002,-0.07962214980615305,-0.07954665424594608,-0.07969764536636002,0.0003149798596682573,0.0,-47.55561518062859,-69.018535651825,89.9337404964408,-122.01528798513573,-94.69466282728717
FOLD_20230703,2023-08-16,False,84.87293778316052,-82.00379200335556,166.87672978651608,0.016979782321603243,84.20881784360863,-81.63859472417246,0.7475736595537126,-0.10315940852383476,0.08345372000059276,0.26203787066004536,-0.2711100893547382,166.15734276464136,-0.03882010750549317,0.3162983271116338,0.3105345093180592,0.00040526031206278973,0.31012924900599637,-0.31284997606643083,0.07231179221684791,0.004327253210184083,0.0008367422367918468,0.9225242123361762,0.07231179221684791,0.004327253210184083,0.0008367422367918468,0.9225242123361762,0.0,-0.48444192869364444,-0.04992230152089629,84.74318207382316,-0.016244813206920138,-0.011226058460848414,-0.044255212047485205,-0.03414313854235051,-0.051716829164900335,-0.07839547593097644,-0.07828795022182237,-0.07818042451266832,-0.07839547593097644,0.00040935053001272853,0.0,-41.390366989173344,-54.80410598180242,86.27772807324618,-110.94842834401425,-82.00379200335556
FOLD_20230703,2023-08-17,False,267.7572349900929,-94.29663425932813,362.05386924942104,0.03571994006227601,269.22352053419735,-94.6160769608971,0.20560178387350084,0.377855317766151,1.6718873279762043,0.058412616194889765,5.0900169162266575,353.34744782791614,5.402132750951636,0.3079995392320086,0.3003298994104893,0.0,0.3003298994104893,-0.3033146393023456,0.06326656091495952,0.006294771240132313,0.0010931296687713985,0.9293455381761367,0.06326656091495952,0.006294771240132313,0.0010931296687713985,0.9293455381761367,0.0,-1.8353116010104542,0.09765141943073988,270.961180715777,-0.07393436570465253,-0.07075474307972351,-0.0524929775280898,-0.14140040788579206,-0.09342869915064826,-0.06079992139181894,-0.06066292786046912,-0.06052593432911929,-0.06079992139181894,-0.06052593432911929,0.0,-47.7942648446533,81.77269934496508,270.40992701561845,-281.5469453657661,-94.29663425932813
FOLD_20230703,2023-08-18,False,2.018375727078819,27.819788283277376,-25.801412556198557,-0.002700435719092964,3.154071802911826,28.387072876866085,-0.13630950899967162,0.0826062233292533,0.9993865668323164,0.6498908169178284,-5.749658913394059,-21.15486196051578,1.671519799955577,0.22754582579005816,0.19789408652916696,0.0,0.19789408652916696,-0.19987424251402314,0.020907571335384012,0.20172505734898827,0.00784752999615599,0.7695198413194717,0.05279123997789797,0.054624417157822874,0.002763483751080844,0.8898208591131983,0.0,-0.1942835616375116,0.18351490083548994,3.164840463713844,-0.020607118275606625,-0.011479675377644388,-0.01375764313507507,0.0,0.03879026955950046,-0.040356549090528375,-0.03997484850280463,-0.03959314791508088,-0.040356549090528375,-0.03959314791508088,0.0,14.161506747357635,57.9006950521416,2.4702410014251655,-4.004109125697141,27.819788283277376
FOLD_20230703,2023-08-19,False,-28.115038749447194,21.931427125431583,-50.04646587487878,-0.004952612671987797,-27.61773297822661,21.86073837698746,-0.2437653742504123,0.1633538979737966,0.2535403969700671,0.09266514952874275,3.9376645079232055,-53.25204342734492,-0.16409243579235877,0.2346245656652447,0.1799050539188434,0.0,0.1799050539188434,-0.1817179475334433,0.015062589319675301,0.467587279783548,0.01005760437787094,0.5072925265189058,0.04830248046149119,0.10375660045072876,0.0036313004581749603,0.8443096186296051,0.0,3.8749928625339103,0.03966565766842048,-31.53239149842894,0.0012749615975422707,0.00508971756585013,0.028180921516133477,0.02850356294536811,0.009177215189873373,-0.0368402733190283,-0.036343589506688666,-0.035846905694349035,-0.0368402733190283,-0.035846905694349035,0.0,11.152358458961317,9.688126076545814,-35.314298707691705,34.30129396141092,21.931427125431583
FOLD_20230703,2023-08-20,False,-14.690398748689404,-20.383070647370914,5.69267189868151,0.0007396366621972685,-14.151490963328715,-20.449903193424586,-0.13350583834458007,0.1355916465741668,0.4054019470167677,0.06875910052015857,11.21459283651817,-3.2725775297019566,-1.6436030767203427,0.23273848393682106,0.1547032567710683,0.0,0.1547032567710683,-0.15625994768846088,0.014629210301091544,0.5032676772792063,0.010029529321792803,0.47207358309790937,0.04415459943385805,0.15296846517347656,0.004419435735427172,0.7984574996572382,0.0,3.284085965774382,-0.29346161848738006,-17.142115310615715,0.0037893315741834247,0.009234954993827295,-0.0066237266456534456,0.03579676674364908,0.0,-0.03185632505167582,-0.031251989537692176,-0.030647654023708528,-0.03185632505167582,-0.030647654023708528,0.0,-10.355456738356224,-59.749665617267965,-20.3424964022106,19.83648040789194,-20.383070647370914
FOLD_20230703,2023-08-21,False,23.087885608692886,-16.973083356248026,40.06096896494091,0.003953246397592128,23.417308707407347,-13.546270995634126,0.03534232560593027,0.11442200968100937,0.364765424319295,3.5412343702954616,-6.898223157970889,43.47637448484562,0.3854283761667359,0.23192903153855077,0.13076914466773626,0.0,0.13076914466773626,-0.1320854996200851,0.009978095044841928,0.8656153111045042,0.008260598062377984,0.1161459957882758,0.04176959759187952,0.20270041028053495,0.004687490628368783,0.7508425014992167,0.0,-8.637380710965191,0.060119054915497724,31.994570363457036,-0.002044169341280758,-0.010035212313027288,-0.025751862411477915,-0.026198439241917504,-0.020225776105362282,-0.026417099924017015,-0.025878520389091966,-0.025878520389091966,-0.026955679458942065,-0.026955679458942065,0.0,-8.629085687181941,4.722527855505177,39.77046352836442,-39.378186881778674,-16.973083356248026
FOLD_20230703,2023-08-22,False,13.08836868619801,-37.545976856999914,50.634345543197924,0.005216177466625587,13.405887028401743,-37.59224203988868,-0.041704617543582484,0.12360401255404076,0.2758137246602739,0.07733882966402628,2.8103534262417837,49.50794144881196,-1.3201658067633202,0.23589248555790754,0.1090526764339521,0.0,0.1090526764339521,-0.11015135859477036,0.00784911758074791,0.9505046431597244,0.006132790030716247,0.03551344922881152,0.03950596721577235,0.2526039604770932,0.004783940431810528,0.7031061318753239,0.0,-7.65818105504991,-0.25196373428903535,21.316031817740686,-0.0030055324769799187,-0.01964406749161753,-0.02997262343056743,-0.006487311581759127,0.00016002560409670446,-0.022030271718954074,-0.021476827180653867,-0.021476827180653867,-0.022583716257254277,-0.022583716257254277,0.0,-19.110424431924912,-47.060910361824426,28.139247293218432,-27.774359747301787,-37.545976856999914
FOLD_20230703,2023-08-23,False,-25.226233748557206,57.793397068333434,-83.01963081689064,-0.008413019993079033,-24.91117265319796,57.812665153522964,-0.00764708536349369,0.04092778415223387,0.30741400999561547,0.0601958693413364,2.44095736438031,-87.0997770832217,1.9349819121204561,0.23874303654215762,0.08625513239022448,0.0,0.08625513239022448,-0.08712387814615077,0.007774423854837731,0.9510257423847572,0.005434599993179715,0.035765233767225395,0.03723642106585877,0.30255742312825984,0.004830477780643925,0.6553756780252374,0.0,21.59812327646333,0.27483033646007715,-46.78412626612136,0.014665898617511577,0.027287967597068016,0.05780740596564656,0.017668523141924304,0.01984000000000008,-0.017424775629230154,-0.016876295828508234,-0.016876295828508234,-0.017973255429952074,-0.017973255429952074,0.0,29.469962117475006,50.50538851843703,-66.94017803124007,65.09248598411978,57.793397068333434
FOLD_20230703,2023-08-24,False,10.898372950454359,-24.919096692769017,35.817469643223376,0.003647020290790711,11.298244893582238,-25.03542084072449,-0.00026769426327913175,0.22252121284956738,0.3996042488637722,0.10619706489348894,-7.131490586245048,44.20481571713563,-0.7396593965838474,0.23377344224673502,0.060920541699322706,0.0,0.060920541699322706,-0.0615335832687864,0.00831574427568127,0.9352902038562549,0.006602736955307747,0.04979131491275617,0.03495742602473078,0.3524177663041836,0.004970134604720193,0.6076546730663654,0.0,-15.672868990635177,-0.05275662716928539,27.0238705113867,-0.009609452764562784,-0.010958773570297013,-0.03247619485716912,-0.022834497074919795,-0.011923438970819118,-0.01230671665375728,-0.01172792801223035,-0.01172792801223035,-0.012885505295284209,-0.012885505295284209,0.0,-12.671840152126606,-9.148412400812958,41.259314855607954,-41.0791384037675,-24.919096692769017
FOLD_20230703,2023-08-25,False,1.1552791685862758,-39.18112812601612,40.336407294602395,0.004273031371233717,1.4630368500528599,-38.99201876220393,-0.0027562414361125744,0.33490920055627776,0.3050014400313188,0.5240185643677383,13.232709513892141,29.184174345562784,-1.9618282471981454,0.24033043785879357,0.03852988556330955,0.0,0.03852988556330955,-0.03891795877398088,0.00729952977633419,0.963590271887599,0.006370625914731229,0.022739572421335563,0.032699907623767996,0.40230345410652607,0.005084446802377731,0.5599121914673282,0.0,-4.700360640912627,-0.3784037296705434,6.54180122063603,-0.004356465912564965,-0.0044079921956859105,-0.03099890648029292,0.015836230204712216,0.001429025087329418,-0.007783591754796176,-0.007100399881390534,-0.007100399881390534,-0.008466783628201819,-0.008466783628201819,0.0,-19.94830576932145,-66.85635211126464,10.74184282231181,-10.782289065671648,-39.18112812601612
FOLD_20230703,2023-08-26,False,0.3619284907090332,-5.1492915164217266,5.51122000713076,0.0005731338579001086,0.6990458706216033,-5.49796382450737,0.0008067814067617262,0.7709318219585696,0.3379241613210804,0.42225951387196525,-4.112727270357902,10.5745374520771,-0.26480048659022226,0.24391651554558444,0.014831405171628658,0.0,0.014831405171628658,-0.014980740779499107,0.006968610148695542,0.9699502802251028,0.006537536987797242,0.016543572638404287,0.030439206406116828,0.4521757884590896,0.005212112449814175,0.5121728926849793,0.0,-5.2880004602618005,-0.0025943384706275732,5.989640669354032,-0.0021110002302909344,-0.0043972660739127695,-0.005838771404739697,-0.006273764258555075,-0.0036467417155542727,-0.0029961481558998214,-0.002214331288427695,-0.002214331288427695,-0.003777965023371948,-0.003777965023371948,0.0,-2.6306318225142604,0.19433838304939854,10.770974720900995,-10.638423528072963,-5.1492915164217266
FOLD_20230703,2023-08-27,False,0.6537878113340412,28.016285269848595,-27.362497458514554,-0.002860055583908158,0.9925962682051463,27.75183919570272,0.006570005008869262,0.2823605511049181,0.34537846187940663,0.017914476958400736,-30.04409660926499,1.717355033354162,1.5674986484132492,0.24452183329906385,0.00931041112424239,0.00931041112424239,0.0,0.009404149928253554,0.00713791948148923,0.9674369306834836,0.006082816431928604,0.0193423334030985,0.02818190654214907,0.5020914394706951,0.005296461438208708,0.4644301925489471,0.0,10.339003332387206,0.21708064133786695,-9.563487705519927,0.0034193622831647933,0.00674957321555508,0.02413384660941668,0.0007652573177730169,0.004137492043284696,0.0018808299856507109,0.0026752992013820177,0.0026752992013820177,0.001086360769919404,0.001086360769919404,0.0,14.294845614396763,36.76750666887165,-19.408391148968803,18.896434650980154,28.016285269848595
FOLD_20230703,2023-08-28,False,-0.8116540209812229,-7.745584054795472,6.933930033814249,0.0007336941401554701,-0.4327776253203044,-5.797909442186851,-0.03886811480452634,0.016850469391229014,0.3400082808574636,1.9645250820005442,4.533698213940301,1.1602883171493685,-0.32885471422312285,0.24355047495741663,0.033102969490606884,0.033102969490606884,0.0,0.03343627279100224,0.009305342170136566,0.9013106242130335,0.008983227270325923,0.08040080634650411,0.025839354347884046,0.551633917581671,0.005753983327232771,0.41677274474321213,0.0,-1.5337431525144478,-0.057814459009142775,1.1587799862032864,0.0008471360285802438,-0.002625004525869954,-0.00814418582237003,-0.0009558401835214221,0.005546751188589589,0.007550352057285364,0.007550352057285364,0.006687254558200448,0.005824157059115532,0.005824157059115532,0.0,-3.9471870435118035,-12.481384274275115,2.8271219350026513,-2.8645756994374096,-7.745584054795472
FOLD_20230703,2023-08-29,False,30.051426002319204,77.8577436018677,-47.80631759954849,-0.005256245958195868,30.36128647387578,77.73220760950035,0.04331388647359259,0.15125451439146917,0.3531743580300942,0.02571852202555994,-99.76674598371527,46.76587295399799,5.6299518940926845,0.24715327899091538,0.05768413268215121,0.05768413268215121,0.0,0.058264863561046557,0.007929837606041823,0.9495851338464215,0.009167121686690647,0.033317906860845924,0.023608274714690083,0.6012087255684623,0.006179175340441511,0.3690038243764061,0.0,77.92954538884548,0.26255101415881493,-47.83080992912852,0.060723860589812335,0.04580739234869526,0.05946943931590711,0.03310371220819,0.046493301812450656,0.012579849013275541,0.012579849013275541,0.011652972712209313,0.010726096411143086,0.010726096411143086,0.0,39.684931429792414,37.563426661834455,-121.4767160828942,118.76380716109816,77.8577436018677
FOLD_20230703,2023-08-30,False,-17.278758339762135,-22.021545821984546,4.742787482222411,0.0006685821848073802,-17.003788812734918,-21.586356958997847,-0.07899838923782174,-0.1894511407943288,0.19597113778928205,0.24573772219263598,35.62446060937474,-29.166995169454502,-1.8748972936572992,0.22488992307753097,0.07399274657801706,0.07399274657801706,0.0,0.07473877317092387,0.008452406769736132,0.9389622336156491,0.012452681748297983,0.04013267786631683,0.021405559912051453,0.6502969503089243,0.007090950599979492,0.32120653917904474,0.0,-33.65928488569724,0.02988771936281226,16.62560835359951,-0.014962719575382335,-0.014272490598785116,-0.046913693478859014,-0.022411557695869604,-0.009487951807228999,0.016011397224181698,0.016011397224181698,0.014947754634184773,0.01388411204418785,0.01388411204418785,0.0,-11.18305423115271,3.538442424709501,47.39552899078262,-48.46902964053879,-22.021545821984546
FOLD_20230703,2023-08-31,False,-41.380054160976215,-57.512491504416175,16.13243734343996,0.0021804215432538855,-40.97488779668007,-57.46142773032825,-0.08251218242686995,0.009351387493743701,0.32265418186897177,0.06041516158282503,67.36390416796453,-46.05072521454311,-4.826639019773224,0.22398788947868492,0.0949798067870853,0.0949798067870853,0.0,0.0959362883290917,0.008745246813655294,0.9296269741571973,0.012833737097843285,0.04879404193130417,0.019185019643229613,0.6992897012326461,0.008098199676257738,0.2734270794478666,0.0,-66.87053587206617,-0.2511910563543566,26.146839131740467,-0.049888017711895785,-0.034492877810579685,-0.0524467112543906,-0.03372489579386138,-0.031017181085601343,0.020401987617257002,0.020401987617257002,0.01918725766581834,0.01797252771437968,0.01797252771437968,0.0,-29.232677598542068,-27.58379349238203,88.81466357489262,-88.2627351067731,-57.512491504416175
FOLD_20230703,2023-09-01,False,-14.12516985574075,-5.507734131137113,-8.617435724603638,-0.0007671352655590557,-13.721857797445631,-5.323347425592366,-0.08980959004943079,-0.05219582839076223,0.31350246824549466,0.13219087715390238,13.637760740326472,-21.11074397936251,-0.9255271328172273,0.21832447848583145,0.11339582185873519,0.11339582185873519,0.0,0.11453784480789558,0.007353824050333135,0.963062236468309,0.00949738287455573,0.020086556606802,0.016954164169129923,0.7490258753603847,0.00836202554851916,0.22565793492196629,0.0,-19.814117879472583,0.12288963693929647,5.96937044508766,-0.0045833156507883565,-0.010036108105479431,-0.019042299294165437,-0.024901960784313705,0.0009414718343010277,0.02416187279385699,0.02416187279385699,0.022907568961579115,0.021653265129301238,0.021653265129301238,0.0,-2.813741504900463,12.90749901687741,24.951883966015885,-24.41406672920857,-5.507734131137113
FOLD_20230703,2023-09-02,False,3.4144975584113126,10.005099311469166,-6.590601753057854,-0.0007202406182171858,3.7126377665856243,10.13353109877158,0.055899053151855956,-0.07339893883441745,0.35403926132751273,0.055032848470339325,-5.390861479318958,-1.7282208733742996,0.6981890205072996,0.22280145351686123,0.13702999784887102,0.13702999784887102,0.0,0.13840950764838883,0.00720457908389982,0.9662328827122922,0.00890939761053185,0.017653140593276113,0.014715498496487463,0.7989001896994382,0.008487711209465664,0.17789660059460874,0.0,4.594791181313656,0.14100034357224786,-1.023153758300279,0.002387476600016363,0.004709711092689861,0.008696552438140555,0.002010858636637846,-0.005486753409625382,0.028955058211097617,0.028955058211097617,0.02768190152967777,0.02640874484825792,0.02640874484825792,0.0,5.101322454978799,14.556098677143382,-5.606551618244339,5.2700608920076775,10.005099311469166
FOLD_20230703,2023-09-03,True,-1.961577854830466,-4.138628178714498,2.177050323884032,0.00024667189118425764,0.0,0.0,0.0,0.0,1.9615778548301162,4.138628178714135,0.0,0.0,0.0,0.0,0.0,0.0,0.0,0.0,0.007716072899341397,0.9580994381503631,0.00922309470107117,0.02496139424922425,0.012527284001561443,0.8486702884320662,0.008717612476837746,0.13008481508953473,0.0,0.0,0.0,0.0,0.0,0.0,0.0,0.0,0.0,0.0,0.0,0.0,0.0,0.0,0.0,-2.110336289713814,-7.600543998132707,-2.980445197517838,-2.889815096741586,-4.138628178714498
FOLD_20231002,2023-10-02,False,-4.282799171702209,-2.130083030084279,-2.1527161416179297,-0.00021603091846033137,-4.037290773746947,-1.9061700250139617,-0.02361240014334332,-0.0009859977731359717,0.22189599781168168,0.22292700729933962,0.014269495887565821,-2.145390244620552,-0.0,0.016850721751968542,0.01643174977817047,0.01643174977817047,0.0,0.016597358751736555,0.00219414460943268,0.9881575080642423,0.007612606514160754,0.002035740812164269,0.95,0.04951652181262514,0.0003814673201722684,0.00010201086720258956,0.0,-4.041662022992932,0.0020506513446328055,0.00232059790135113,-0.017483042306675172,-0.04125370654544195,-0.02152780675038599,-0.023482245131729834,-0.019148599461940113,0.0033791401091860136,0.0033219200111601734,0.0033791401091860136,0.003264699913134333,0.0032524586090700225,0.0,-2.130083030084279,-0.11009255656972528,1.0726862780793454,-4.329397330575375,-2.130083030084279
FOLD_20231002,2023-10-03,False,2.0700966509666614,-1.8537299425079254,3.923826593474587,0.0003926784878859254,2.2771106152063942,-1.674076579032929,-0.0007539909283759538,0.045966172220519685,0.2062599733122018,0.2256195356943988,-0.016855703602520956,3.968107872522557,-6.497468071380031e-05,0.032095362733900935,0.03131525218823287,0.03131525218823287,0.0,0.031630915154723965,0.0019909286690262817,0.9898261765091937,0.006365750433786738,0.0018171443879932195,0.8999999999999999,0.09911043832317101,0.0006970910464944613,0.00019247063033453086,0.0,2.3142518148143534,-0.03961188871572126,0.0024706891077614277,-0.003179083521871711,-0.0032552905993706526,0.004135931437342827,0.05004887585532761,-0.010809938689899918,0.00643536598304699,0.0063308023260728215,0.00643536598304699,0.006226238669098653,0.006203142193458509,0.0,-1.8537299425079254,-6.000563316945772,1.2130037505903601,2.12548424502711,-1.8537299425079254
FOLD_20231002,2023-10-04,False,-2.295202936975329,-0.9915715197475947,-1.3036314172277343,-0.00013061017057161214,-2.1101708906487646,-0.8252988874247986,0.021444226100819662,0.052946727852480086,0.2064762724277493,0.21921936017560514,0.07567112525695399,-1.3602831059361342,-0.00026002254478631025,0.04798924801742509,0.04682979004716852,0.04682979004716852,0.0,0.04730184132234433,0.0020084076711386345,0.9895396930527105,0.006778611064428131,0.0016732882117227242,0.8499999999999999,0.14868936881294822,0.0010357089171897642,0.0002749222698620138,0.0,-2.113118239204763,0.003320166647054035,-0.0003728180910557448,0.012975829051845012,-0.006513733776033784,-0.01991507430997882,-0.010240178737665351,0.0011417387049419943,0.00962232273652402,0.009466966398945556,0.00962232273652402,0.009311610061367092,0.00927861938898365,0.0,-0.9915715197475947,0.17330570872036333,-0.30152875173371285,-2.3189874290819716,-0.9915715197475947
FOLD_20231002,2023-10-05,False,-9.628510101758366,-5.35701649659859,-4.271493605159776,-0.00043084079279284183,-9.430002639408507,-5.262072941980401,0.012619435474833659,0.12911905608215646,0.21112689782427102,0.22406261070114306,0.395550319954576,-4.563136444885332,-0.0003435724973488013,0.0638229891558178,0.06227076373355427,0.06227076373355427,0.0,0.0628984327649636,0.0020240644079103642,0.9892281132621223,0.0072496501079622345,0.0014981722220051537,0.7999999999999998,0.19825084273981605,0.001402107356694634,0.0003470499034893183,0.0,-9.426309995225845,-0.007116818303379284,0.0034241741207166818,-0.012802409187187556,-0.020647623214296574,-0.01642043239027762,-0.017494356659142167,-0.008308895405669543,0.012798331854180656,0.012588015750676461,0.012798331854180656,0.012377699647172266,0.012336053658753548,0.0,-5.35701649659859,-1.1732832700690778,1.92383045357019,-9.711646665593435,-5.35701649659859
FOLD_20231002,2023-10-06,False,12.457737916138285,12.856607662071838,-0.3988697459335526,-3.940323986433101e-05,12.770191220725312,13.078678217090452,-0.10816747215509584,0.010321374847630169,0.2042858324318845,0.23239192986637736,-0.8890687598746383,0.5855042486821936,-0.004922485172694564,0.0785932262604165,0.07653548844043911,0.07653548844043911,0.0,0.07730699264188745,0.0020729646404936686,0.9885881024641876,0.008064857797572088,0.0012740750977465738,0.7499999999999998,0.2477752494024055,0.001819611097364077,0.0004051395002304278,0.0,12.68664199057547,0.09714424504046457,-0.013595014890621013,0.018766648421820808,0.02040043927953186,0.030481895868205294,0.0053609036951943806,0.007885657959586024,0.015753786888993163,0.015432228484360898,0.015753786888993163,0.015207903559783938,0.015159286819756286,0.0,12.856607662071838,13.064767861895234,-8.744215008817264,12.483110500506882,12.856607662071838
FOLD_20231002,2023-10-07,False,-3.6125351070968463,-1.3955606296985934,-2.216974477398253,-0.00022240428373017002,-3.3561666281484195,-1.3035621810694673,-0.07761188483281481,0.10838303596887042,0.178756594116034,0.2003814845994991,0.18442752348186842,-2.238011234901198,0.0009792643403780724,0.09382913618034475,0.09095655982680723,0.09095655982680723,0.0,0.09187367034882733,0.0026703473232381203,0.9759849377086451,0.020895331526513915,0.00044938344160289046,0.6999999999999997,0.29649603049933915,0.0030958698648855467,0.00040809963577529687,0.0,-3.3640836447054405,0.00823306609655132,-0.00031604953952999864,0.000848875150881316,-0.007108068174217491,-0.005642472428827815,-0.0072367168158446495,0.0006519967400162734,0.018848908940756907,0.018384528461024074,0.018848908940756907,0.01792014798129124,0.017871176024998204,0.0,-1.3955606296985934,0.7245928776246728,-0.6261164787447342,-3.6689030328670924,-1.3955606296985934
FOLD_20231002,2023-10-08,False,-4.507162862111727,0.8545703991876508,-5.361733261299378,-0.0005375171538817591,-4.1731928156013405,1.0702087509871119,-0.12393180636734086,0.009766845440069985,0.2100382401449349,0.22540519723967253,0.12736783062480328,-5.37176618112572,0.0009967839124657239,0.10976478492196975,0.10621579948738345,0.10621579948738345,0.0,0.10728643168521396,0.0023443776260414495,0.9841935123440588,0.012674010554618314,0.0007880994752814059,0.6499999999999997,0.34578234453380835,0.0037823217748651867,0.0004353336913264482,0.0,-4.24704566033795,0.06957194282273946,0.004280901913869296,-0.0013670686755180449,-0.00030007593758421054,-0.0022783939472100774,-0.008056781124112759,-0.007981755986316947,0.022045530620456236,0.021425942311267286,0.022045530620456236,0.020910834087996683,0.02085859404503751,0.0,0.8545703991876508,6.184313667610695,2.9634276918259275,-4.639861180903608,0.8545703991876508
FOLD_20231002,2023-10-09,False,-39.07240506493508,-18.424852923695653,-20.64755214123943,-0.002134437637756402,-39.02502558540503,-17.599462671290468,0.16533197101546446,0.09992021818831574,0.21271145054509913,0.9253104705928086,2.166063514633646,-23.625003251536153,0.03337682278792953,0.12580257009927223,0.12161306612473043,0.12161306612473043,0.0,0.12283886539230542,0.002426462466069479,0.9828317727691978,0.014069345999341008,0.000672418765391679,0.5999999999999996,0.3949697642870445,0.004576596372901616,0.0004536393400538569,0.0,-39.11344193376412,0.05096174245481411,0.037454605904280056,-0.011951348871878674,-0.03278547931611155,-0.050109871170666564,-0.02920131502610714,-0.036781609195402395,0.02527603722271891,0.023848621590041964,0.02527603722271891,0.024589547766783668,0.023848621590041964,0.0,-18.424852923695653,2.6867569991827622,32.78643854394977,-39.65969726482581,-18.424852923695653
FOLD_20231002,2023-10-10,False,-4.5803131139855395,-3.6775230042203475,-0.902790109765192,-9.234175332098249e-05,-4.514829594217799,-3.4593224566409884,0.077447449382348,0.044959903271305335,0.14293096915030395,0.26316045084998707,0.5250940953588698,-1.5935761688672114,0.012974935931530068,0.13347717665122202,0.12880416226035873,0.12880416226035873,0.0,0.13010334566529022,0.0022436543515553797,0.9862983508303159,0.01053562402552765,0.0009223707926009842,0.5499999999999996,0.4444321071670519,0.005075045924797355,0.0004928469081507417,0.0,-4.495282510596862,-0.026441795642356058,0.006894712021418686,-0.007010913522394638,-0.0076951821193102145,0.002267985122017632,-0.011553784860557824,0.0064780088646438005,0.02681480636488298,0.02523749201560155,0.02681480636488298,0.025998748904321155,0.02523749201560155,0.0,-3.6775230042203475,-2.85655388824307,5.486257618480522,-4.6179823618167575,-3.6775230042203475
FOLD_20231002,2023-10-11,False,-16.378218591897166,-13.36276216314036,-3.0154564287568064,-0.00031270571717985276,-16.013715423304312,-13.106678996078593,-0.09940092536228336,-0.024817342349695765,0.2651022432307528,0.23126582471160978,1.4483397310926605,-4.404095567022947,0.048719408704562074,0.1536070289501938,0.14814796180396284,0.14814796180396284,0.0,0.14964041743725096,0.0024961856932043114,0.9812711914039249,0.015648935998765896,0.0005836869041048013,0.4999999999999996,0.4934581660006853,0.006040691258917661,0.0005011427403970498,0.0,-15.908862321077272,-0.12088679239876515,0.01603369017172527,-0.01921615895974865,-0.0013211978860833415,-0.006154960173787076,-0.016727126158806883,-0.010501355013550177,0.030868406852047066,0.02899916668143972,0.030868406852047066,0.02990527037027737,0.02899916668143972,0.0,-13.36276216314036,-10.426011128809478,16.003774918695854,-16.489734954091546,-13.36276216314036
FOLD_20231002,2023-10-12,False,-25.588384024700645,-16.939337654830524,-8.64904636987012,-0.0008978442625638264,-25.088070006099578,-16.63368713591416,-0.15684019430389579,-0.05095223841557312,0.34347382429780904,0.2546982804993862,1.0034043510627055,-9.534033246777916,0.07624602552978794,0.1784686336236155,0.17239475361788292,0.17239475361788292,0.0,0.1741300915863636,0.002521601239237281,0.9810474742847453,0.015860689362296253,0.0005702351137212583,0.4499999999999996,0.5424642444051611,0.00702766859580712,0.0005080869990318287,0.0,-24.994193780364423,-0.09972445701778629,0.005848231282637587,-0.004163578741169262,-0.016386632495893817,-0.03160291438979975,-0.011067841770854715,-0.009756932557343393,0.03589236269462055,0.03378406211587842,0.03589236269462055,0.03483821240524949,0.033723091675994604,0.0,-15.24254457405732,-8.236826195874528,4.777500206135301,-25.846437084299396,-16.939337654830524
FOLD_20231002,2023-10-13,False,18.12669815404479,15.150080661942411,2.9766174921023776,0.0003069323376245713,18.41466505569782,15.204436138234072,-0.06102965193194396,0.2002739685730444,0.22693724972065143,0.25462944486466643,-0.8716002646615665,4.158038643308752,-0.07620946118343443,0.19406239881939524,0.18727205082994397,0.18727205082994397,0.0,0.18915935352252053,0.002425267423421973,0.9834001286952083,0.013485565251704572,0.0006890386296651131,0.39999999999999963,0.5917225975020493,0.007749100815485935,0.0005283016824648713,0.0,18.273010581428494,0.15165925846765643,-0.010004784198331554,0.0038668516572489056,0.007797017640752413,0.025533715790463787,0.003730569948186578,0.00829732065687124,0.039019594307585316,0.036631467861043744,0.039019594307585316,0.03785722918526242,0.036631467861043744,0.0,12.80828778367868,11.854530991289721,-12.404142255107217,18.22712322910411,15.150080661942411
FOLD_20231002,2023-10-14,False,15.536434736230149,-1.4602897453041805,16.99672448153433,0.0017111847504124866,15.774490904019524,-1.610958805189009,-0.04957430383807622,0.34509072664076235,0.1884818639519938,0.1944216667555026,-0.3820197854048544,17.797473121242604,-0.030003626629214863,0.21147374210446,0.2028511111097776,0.2028511111097776,0.0,0.20489622015433331,0.0030143199524786946,0.9665873502371227,0.030127900633083328,0.0002704291773152588,0.35003245773323316,0.6389058368933758,0.010565861424159398,0.0004958439492313758,0.0,16.10951445600167,-0.3185619640317551,-0.01646158795039234,-9.313241566859761e-05,0.002275877631282017,0.007794947040212671,0.004129671691100561,0.025887193553917325,0.04258792375405367,0.03935866405289809,0.04258792375405367,0.041003044540429766,0.03935866405289809,0.0,-0.9967734500169172,-19.35742940133059,-21.7117047618176,16.123893994163154,-1.4602897453041805
FOLD_20231002,2023-10-15,False,-1.2662422575576784,6.879537684315437,-8.145779941873116,-0.000817752093637901,-0.8270907310852538,7.008115057927803,-0.2267068271832563,0.07633168915677432,0.21244469929011262,0.2049090627701507,-0.1385409637603197,-7.688905511694238,-0.007759313558498569,0.23049696102799785,0.21995137025655917,0.21995137025655917,0.0,0.2221683519905192,0.003004708772370246,0.9669994038390041,0.02971582152457845,0.0002800658640472922,0.3000635278711015,0.6861484118287065,0.013323286488828728,0.00046477381136305067,0.0,-1.1195397598552694,0.28784329091327904,0.004605737856735145,0.010338661003688387,0.0012221950623320067,-0.0045042995586696485,0.0004112687641373185,-0.010026737967914378,0.04646562708584629,0.04241286828183411,0.04646562708584629,0.04441136125515842,0.04241286828183411,0.0,5.041107407583695,15.24644980688754,6.204708507319083,-1.6060771783995733,6.879537684315437
FOLD_20231002,2023-10-16,False,100.19649311463218,109.96674351525871,-9.770250400626537,-0.000936519221730157,100.6051700284033,111.43442543493764,-0.1900009335408279,0.15555978155874986,0.21867598023024787,1.623241701238078,-4.74553256250902,-5.73045560459616,-0.35326723942918103,0.250151412837565,0.23619229926449703,0.23619229926449703,0.0,0.23857282984830697,0.003429156453187532,0.9505567468524334,0.04584414657972966,0.00016995011464937738,0.25011317332556754,0.7306722140303817,0.018799484287153417,0.0004151283568970696,0.0,97.57854921503198,3.0572399046154595,-0.030619091244166546,0.05098364585061853,0.027414422286184258,0.09428702010968933,0.022404933196300145,0.012660364618501023,0.050564377854431,0.04769463980853034,0.050564377854431,0.04487471716545732,0.04487471716545732,0.0,73.36707321294307,120.06507728534962,-55.61189233647565,99.69893575328206,109.96674351525871
FOLD_20231002,2023-10-17,False,-22.351792704926993,1.997536910843337,-24.34932961577033,-0.0024523257314709303,-21.750004090132073,1.9540618468250148,-0.18805001682800793,0.22084823405828857,0.4137385979658286,0.17737317003878866,2.132449995607541,-25.87887734451184,0.04236141194721463,0.25886034902978317,0.21564764221488986,0.21564764221488986,0.0,0.21781692230861088,0.005896548798636436,0.7345595584010971,0.25952560043033207,1.829236993437733e-05,0.20019428823766788,0.7314668032493373,0.0680048950681978,0.00033401344479677,0.0,-24.366818451829005,2.5961965797952695,0.020617781901669484,-0.004199837900993193,-0.02166150767595291,-0.00029236102409896207,-0.013268998793727371,-0.01683613935655949,0.05378816768997721,0.04354735181637193,0.05378816768997721,0.033346617556142266,0.033346617556142266,0.0,1.1653822536864027,31.26551720531461,49.54822582435554,-27.110288638035854,1.997536910843337
FOLD_20231002,2023-10-18,False,-21.678758480635224,-18.7501083343941,-2.928650146241125,-0.0003116774620779265,-21.254025242120825,-18.529260005151393,-0.20898630871461552,0.02838817806225455,0.21574692980077548,0.24923650730492966,3.7910032785792698,-6.649002739047592,0.1332342234988927,0.27371931225781126,0.2299056021148146,0.2299056021148146,0.0,0.23222287809496395,0.0038843925245097832,0.9247623847114109,0.07125159459290886,0.0001016281711704531,0.15025340663002085,0.7806408487757223,0.06883084954181291,0.00027489505244384353,0.0,-20.046181037211085,-1.213360407398342,0.005516202488604461,-0.0032944111284150886,-0.0020709359479965032,-0.023353943850267424,-0.007334963325183358,-0.00746015598507962,0.056788995494040685,0.046431380656475486,0.056788995494040685,0.03610675322520355,0.03610675322520355,0.0,-10.856929212624891,-15.358230728657873,17.18715537620301,-22.29165633190678,-18.7501083343941
FOLD_20231002,2023-10-19,False,77.99649859640886,46.19944748692433,31.797051109484528,0.0031943484165401007,78.05314883389876,45.952273601361405,0.20251661712596702,0.5064682733713813,0.25916685461615424,0.25929438780746894,-11.013018867279575,43.54843136661461,-0.4345372667976545,0.28838921010007434,0.24748339938757138,0.24748339938757138,0.0,0.24997674852369856,0.0035708980022914893,0.9441004300431871,0.05218589164089741,0.00014278031362398275,0.10538527853059898,0.8306408487757223,0.06373938969227379,0.0002344830014048516,0.0,77.56306730215843,0.5115893425411998,-0.02150781080086398,0.014564531124615117,0.00317049581430505,0.06493562048167005,0.06999178981937595,0.004099760847283859,0.059573140934681926,0.049984094520672276,0.059573140934681926,0.04042318606683121,0.04042318606683121,0.0,25.704348245017172,7.724662792901654,-82.95233170598294,83.87458258526203,46.19944748692433
FOLD_20231002,2023-10-20,False,88.74456988254133,122.28023192536784,-33.535662042826516,-0.003249765223226399,88.84743165447676,121.55515065860911,0.21252271530141215,0.8490033502130149,0.3153844872361946,0.12392208345372448,-25.76162813562966,-6.545643204068433,-0.4004476644342904,0.3064242961978897,0.24171024451039383,0.24171024451039383,0.0,0.24414411635717018,0.004681886096571386,0.8509205937634804,0.14435730457597393,4.021556397441287e-05,0.055481548076234635,0.8406905094980791,0.10368972896991707,0.0001382134557692382,0.0,71.2025502099743,17.651903749284294,-0.007022304781838394,0.03335900125087536,0.023751452541788537,0.08479614380397674,-0.014387109150201326,0.018713848247703363,0.06438891686279852,0.04881887190261865,0.06438891686279852,0.0332819981718234,0.03326541255713109,0.0,63.997822203453325,164.37470350227886,-48.88537402855218,80.38794524241348,122.28023192536784
FOLD_20231002,2023-10-21,False,75.91958295954464,79.90679746343449,-3.987214503889845,-0.0003345798848500194,76.45004473511644,80.07268802967889,-0.16046226154912027,0.1463427637269586,0.3699995140234743,0.3122333299708772,-22.83629013657989,19.765925965846076,-0.5522791238286351,0.30681215840868037,0.2213595795978885,0.2213595795978885,0.0,0.22358739211607423,0.006284812279665042,0.668256693283881,0.325445469861653,1.302457480084464e-05,0.04438899741695135,0.8018112869082156,0.15368972896991706,0.00010998670491602976,0.0,64.35179091832246,12.104775714549856,-0.0065218977558712445,0.008173367096802523,0.015597909468511051,0.0844997407983411,0.013234721681588004,0.02154308617234468,0.06551208565854423,0.04471232982862722,0.06551208565854423,0.02392544548517928,0.02392544548517928,0.0,39.39519647381894,80.0289979800109,-58.72737234337728,79.78041528337053,79.90679746343449
FOLD_20231002,2023-10-22,False,3.6479862439246062,-6.0188418781363,9.666828122060906,0.000941892804054286,4.212001139522161,-5.861904596225623,-0.23754459164405195,0.0010854930142884939,0.32647030395265986,0.158022774924684,0.003592596127325355,10.064352692465418,0.005960447155040757,0.32377635518380016,0.2127403224683706,0.2127403224683706,0.0,0.21488236073816575,0.006806497380146936,0.6188818479564177,0.374298330933299,1.3323730136366424e-05,0.03587108385820385,0.7603511087184817,0.20368972896991705,8.807845339741761e-05,0.0,8.991989395100163,-4.779287882137205,-0.0007003734407980218,0.0022843038558915062,0.02067021609771366,-0.010960120185741652,0.0021129466000770285,0.006539153179663194,0.07019679993471944,0.04297858603051468,0.07019679993471944,0.015760372126309923,0.015749802711902232,0.0,-2.972031831592176,-23.650514370539895,-10.521068725971418,11.324168626386381,-6.0188418781363
FOLD_20231002,2023-10-23,False,192.812356911576,157.79066522269022,35.02169168888577,0.0034603054411004135,194.54548756283702,160.30235252519668,-0.41261340630220916,-0.2280732506101048,1.320517244957061,2.283614051898228,-87.69139343855086,123.07958992564022,-1.1450614494490297,0.3562437518981235,0.20288023173300562,0.20288023173300562,0.0,0.20490309854499655,0.006376347598474386,0.6893159093118089,0.30428708769577656,2.065539394025276e-05,0.021211287302259303,0.7250444166212007,0.25368972896991704,5.456710662294552e-05,0.0,174.9478956130532,19.59759194978382,0.0,0.10451147891083823,0.0631734743605942,0.10639693444264166,0.05041211424190145,0.09663797303881756,0.07881578304728105,0.0031454563707175726,0.07881578304728105,0.040980619708999313,0.0031454563707175726,0.0,77.76352783617222,73.166167496036,-1.5904626189385453,240.68436748054955,157.79066522269022
FOLD_20231002,2023-10-24,False,-21.97301770165359,-28.89583148917518,6.922813787521591,0.0006728717714228308,-20.560770359379,-27.963539760665533,-0.4686444273426087,-0.3468118559513449,0.9436029149311895,0.5854798725570329,10.050557795852768,-2.7203511592934513,0.0725627647272105,0.3319158786308374,0.2080306272785345,0.1793876992441723,0.028642928034362143,0.15225367301115927,0.020943177311153804,0.23831124162305037,0.7407300269525542,1.555411324167362e-05,0.02118376288670108,0.6750759461461454,0.303689728969917,5.0561997236425855e-05,0.0,-6.592910529397731,-13.967859829981268,0.0,0.024788519637462234,0.009450565619181846,-0.05981465880370676,0.018978102189780955,-0.01436611374407581,0.07536628600715137,-0.014464816802687665,0.07536628600715137,0.030450734602231855,-0.014464816802687665,0.0,-14.141367110118154,-46.19230691368466,0.0,-11.546996215241961,-28.89583148917518
FOLD_20231002,2023-10-25,False,64.08469223536304,71.43523330648532,-7.350541071122279,-0.0006856259244294189,64.94862613937289,71.98188573997508,-0.4581464336140374,-0.3745643392728481,0.405787470395008,0.1720880942172745,-20.275655447139936,13.402221030535273,-0.15982518399753162,0.3457403765041791,0.22986649930244413,0.18520188462486542,0.04466461467757871,0.14195130493151292,0.028356065639195793,0.2909894669860864,0.6805962064987121,5.8260876005696626e-05,0.02211744620304425,0.6250759461461454,0.3527550434211097,5.1564229700597345e-05,0.0,32.784928127752515,32.16369801162038,0.0,0.016226175911322104,0.0014799948424422719,0.07400769945572815,-0.0071633237822349635,0.02749812171299772,0.07933752887946913,-0.022557006906863956,0.07933752887946913,0.02839026098630259,-0.022557006906863956,0.0,34.98953311546211,90.71655793755417,0.0,51.95947218704896,71.43523330648532
FOLD_20231002,2023-10-26,False,-17.21029579050446,-27.884011246964292,10.673715456459831,0.0010349023545436504,-16.556011444682753,-27.392410304519185,-0.35421613729169793,-0.2931813942751291,0.3000682085286428,0.1984195481683063,4.295396939291967,6.47466084994055,0.06634107060391571,0.35399683841302965,0.24776268416459477,0.18807148332056556,0.05969120084402922,0.129673338040262,0.05792015828776842,0.3192837167692281,0.6206028932035756,0.002193231739427818,0.027971537420089863,0.5750759461461453,0.3965507687618473,0.0004017476719174067,0.0,16.439496705284494,-32.99550814996724,0.0,-0.009608104227043807,0.009269884630240168,0.012885482973858277,-0.0021645021645021263,0.05074583211465342,0.08201554270124431,-0.03014620748513952,0.08201554270124431,0.025934667608052395,-0.03014620748513952,0.0,-13.61729780749556,-83.51843882813228,0.0,27.94575008955144,-27.884011246964292
FOLD_20231002,2023-10-27,False,-23.204248167572587,-10.091116075051104,-13.113132092521482,-0.001277903355647394,-22.17849404048862,-9.46430564516692,-0.42299914671456407,-0.35133304261841697,0.6027549803686123,0.2754773872648577,5.286751649709966,-18.032706135701783,0.03176609067012072,0.32278449472825027,0.21063163616968503,0.17340546435724113,0.03722617181244391,0.1375469122427288,0.05267388537537798,0.6644535414621117,0.2531582653419079,0.029714307820602377,0.036585079748360956,0.6062413115537828,0.3465507687618473,0.010622839936008849,0.0,-36.492343408202665,14.313849367714045,0.0,-0.0070914507157355975,-0.012706670586082054,-0.033100460660789054,-0.017895878524945806,-0.05734168406402225,0.07381877806992612,-0.018800013172834598,0.07381877806992612,0.027509382448545762,-0.018800013172834598,0.0,-4.929874913448657,40.4495078385753,0.0,-61.48059642714543,-10.091116075051104
FOLD_20231002,2023-10-28,False,0.26216660450700147,-5.144321876085087,5.406488480592088,0.0005178833966611478,1.0254314058968093,-4.702589859467106,-0.4480966227148249,-0.3424804121673858,0.31516817867534425,0.09925160445050685,0.5397635771002686,5.182270158434005,0.005987529829641226,0.3041044222809908,0.18726944748192412,0.16476161422097332,0.022507833260950776,0.14368634751908171,0.010046745178182825,0.9429087726824054,0.028819764742602817,0.018224717396808924,0.0327307814424308,0.6551372519398847,0.3004050670677775,0.011726899549906982,0.0,7.094833537580422,-6.0694021316836135,0.0,0.005198008118568995,-0.002387533144577772,-0.001861551082223686,0.0025768452052272353,0.020375018455632752,0.06884178819429362,-0.011367249186660936,0.06884178819429362,0.028737269503816342,-0.011367249186660936,0.0,-2.5158241462104343,-20.44158712238277,0.0,10.13213525728679,-5.144321876085087
FOLD_20231002,2023-10-29,False,41.20175003126133,46.25316903084422,-5.051418999582893,-0.00046998772047013044,42.08579305501546,46.62295034225887,-0.4817504298138607,-0.304944304721702,0.4022925939398908,0.06483700669250685,-25.414794449811573,20.999524658749912,-0.12188749618174216,0.28754323507235424,0.16300292525839405,0.15754887093026887,0.005454054328125181,0.15362520461761447,0.012607205150799383,0.8705272881167733,0.025107052714605012,0.09175845401782234,0.02932487325411786,0.691591939579127,0.2538109752560904,0.0252722119106647,0.0,29.2002759784252,12.885517076590265,0.0,0.01397261238840395,0.011673414684964224,0.03973447131341873,0.021846888195336926,0.004774996382578453,0.06420454853720783,-0.0027544666901620357,0.06420454853720783,0.0307250409235229,-0.0027544666901620357,0.0,22.62422983338365,50.69719694264131,0.0,41.6973730378013,46.25316903084422
FOLD_20231002,2023-10-30,False,35.787966587085975,31.549924494827792,4.238042092258183,0.0004129217468988515,37.485913934389615,33.989109709407785,-0.544216826938416,-0.37715812721475905,1.1537305203657615,2.0620270873667144,-22.66904657964188,26.28087106626539,-0.11502026164167331,0.25977700795056374,0.14572668086556723,0.14572668086556723,0.0,0.14718245554385134,0.023580918792080574,0.4119710668760848,0.01899338387036457,0.54545463046147,0.02877276362322726,0.664714745855236,0.23124027861087193,0.0752722119106647,0.0,33.45562739393898,4.030286540450639,0.0,-0.0021273578215855907,0.0072861468584406565,0.06238599051441078,0.03916636722960841,0.0028801843317971176,0.05758512921044836,0.0012878530070921795,0.05758512921044836,0.0012878530070921795,0.02943649110877027,0.0,15.39366374627025,13.454264650405094,0.0,49.731762793868256,31.549924494827792
FOLD_20231002,2023-10-31,False,54.97592065260869,73.20410248385815,-18.228181831249458,-0.0017042808177865354,55.53543714543981,73.57594915582209,-0.3973107495399345,-0.2765576933327823,0.16220574329021106,0.09528897863070254,-44.2840330703889,26.424583477268687,-0.18106241726204017,0.24540186496296135,0.13734831803487363,0.13734831803487363,0.0,0.13873353385770393,0.034654551739553785,0.24363261115354098,0.022566958586325403,0.6991458785205799,0.029239753473984758,0.6312825515374637,0.21467247292864422,0.12480522205990721,0.0,36.41904396844324,19.116393176996574,0.0,0.005612534951445047,0.0037078993175474863,0.10173420329670328,0.03475103734439835,-0.01967260195290058,0.05441378954785514,0.0010796239952264239,0.05441378954785514,0.0010796239952264239,0.027746706771540782,0.0,35.67397697891647,88.7766506488806,0.0,57.37605401753717,73.20410248385815
FOLD_20231002,2023-11-01,False,55.31584305494289,73.5745246690567,-18.25868161411381,-0.0016864392480861806,55.56164400354439,73.47593544966576,-0.12181068356476875,0.2818258753628986,0.12399026503682452,0.1832366559725708,-48.98869177806528,31.36526252427169,-0.29086219232778115,0.23990629971644897,0.13519035028852866,0.13519035028852866,0.0,0.13655430695028442,0.03011516954805471,0.24160726435703947,0.022816230414919706,0.7054613356799861,0.029315021626214643,0.597778324571011,0.19817669989509695,0.17472995390767734,0.0,39.74737175760207,15.81427224594233,0.0,0.022988240519874588,0.018245281772335937,0.07114470505727413,0.017376775271512053,0.0093745422586788,0.053148859581598026,0.00147286319851574,0.053148859581598026,0.00147286319851574,0.027310861390056885,0.0,35.73317745951863,80.6939691731477,0.0,66.2881867345568,73.5745246690567
FOLD_20231002,2023-11-02,False,-27.46650381285326,-28.785649918987474,1.3191461061342125,0.0001105765415403857,-26.775786673114695,-28.24541191579521,-0.48495635721327035,-0.34636836785554803,0.20576078252397156,0.19386963533675516,22.661877166776318,-21.36269495900737,0.17044303491157092,0.22534946510918064,0.12955091163866708,0.12955091163866708,0.0,0.13085697168364763,0.05361022003396154,0.07073266700674322,0.007396940099290306,0.8682601728600049,0.031007299290127452,0.5610670543360722,0.18488797013003572,0.22303767624376453,0.0,-24.4541993936367,-2.321587279478002,0.0,-0.01531850824289698,-0.026115166261151637,-0.026383432756195764,-0.0062407620298900075,-0.01480191554201122,0.04979451769311277,0.002548270980346278,0.04979451769311277,0.002548270980346278,0.026171394336729527,0.0,-13.937288790906678,-12.663392147185732,0.0,-44.981344796682606,-28.785649918987474
FOLD_20231002,2023-11-03,False,-8.583385073370664,-34.36050972436169,25.777124650991027,0.0024670433411862532,-7.9675199595860375,-33.858708616698294,-0.4041205624411275,-0.3163865207504431,0.21174455134383705,0.18541458691275423,14.572357654701129,11.191745382772927,0.12708561963818582,0.2044227173632452,0.12472929034737111,0.12472929034737111,0.0,0.125986664005846,0.012553483029302481,0.5158743828251434,0.014770662138185515,0.45680147200736854,0.027060191869035057,0.5514007432284638,0.14850138865873658,0.2730376762437645,0.0,2.7748983171185175,-10.742418276704557,0.0,-0.006296601724908127,0.01810459693537636,-0.016264009962640068,0.011568335812262447,0.003387833259684697,0.044806346140518996,0.0055883194618194,0.044806346140518996,0.0055883194618194,0.0251973328011692,0.0,-16.654062117344438,-72.88839950709735,0.0,4.264497642703645,-34.36050972436169
FOLD_20231002,2023-11-04,False,41.94827893267575,74.0647224605982,-32.116443527922456,-0.002992029846825131,42.54686113352903,74.69318733630998,-0.43904454681236954,-0.4243110993781741,0.15953765404145376,0.20415377633426066,-49.047049468594686,17.115745669722646,-0.21502240390890906,0.18585586814603075,0.1169575925539834,0.1169575925539834,0.0,0.11813720185793415,0.020068408814779226,0.15095084680932336,0.005148390025793303,0.8238323543501042,0.0264254922856718,0.5150487310961109,0.13548810037445266,0.32303767624376456,0.0,30.370032329341672,12.176828804187352,0.0,0.010800001152614936,0.012874834361247964,0.07691723422032044,0.006208135925502411,0.015854374633000552,0.04055710694361098,0.006697773799562684,0.04055710694361098,0.006697773799562684,0.02362744037158683,0.0,35.954794126922934,89.27339405563544,0.0,58.56083663491336,74.0647224605982
FOLD_20231002,2023-11-05,False,-1.022558710505109,-63.0222459640172,61.99968725351209,0.005985444033855501,-0.4158109774250178,-62.55402669735919,-0.43963869319210536,-0.30163699774949004,0.16710903988884465,0.16658226890873204,18.603781579682654,43.32537143035451,0.2090627098969917,0.17150856165062706,0.10952371687190626,0.10952371687190626,0.0,0.11062827745722746,0.02902773676775472,0.04927340102106069,0.0018970420744672107,0.9198018201367174,0.02664257523631389,0.4761930879445296,0.12434374352603403,0.37282059329312245,0.0,20.351491573097796,-20.767302550522814,0.0,-0.002075345296976864,0.018498777874686338,-0.03329023157399781,0.07582399740217562,0.028468208092485542,0.03734572653979539,0.006905584443095596,0.03734572653979539,0.006905584443095596,0.022125655491445493,0.0,-30.491213435612735,-167.32650597781503,0.0,42.05548777983131,-63.0222459640172
FOLD_20231002,2023-11-06,False,41.299979811210505,54.66374180915227,-13.363761997941765,-0.001247601256350824,42.53789251287662,58.594596225437684,-0.36618363095813944,-0.4102912452991225,0.871729070708629,3.5205631709850453,-46.536544536132546,30.52281698751129,-0.04297616393980461,0.15116492199802875,0.10043657251256052,0.10043657251256052,0.0,0.10144276086594685,0.03381387362009769,0.029418738171241163,0.001227575589777713,0.9355398126188834,0.027271757347696095,0.4369948265338181,0.11354200493674549,0.42219141118174025,0.0,39.508609936499674,3.029282576376941,0.0,0.0017197199313255947,0.0053600312932793985,0.02434397723680045,0.07893148204044675,0.07475059716172552,0.02028855217318937,0.007858011890168895,0.032719092456209846,0.032719092456209846,0.007858011890168895,0.0,26.526218114684525,19.28563478815522,0.0,90.70994889100984,54.66374180915227
FOLD_20231002,2023-11-07,False,-8.76684733329239,0.6561774865840562,-9.423024819876446,-0.0008869084273112249,-8.170562538394002,1.4394667115721926,-0.38824163422189767,-0.6378266136947218,0.20804316067515827,0.14546261129282362,6.427433593069276,-16.044532846477818,0.007070003442346656,0.13582392429355045,0.08957804355107687,0.08957804355107687,0.0,0.09048110765977183,0.06067207877049008,0.008570150070808533,0.00045440187604843416,0.930303369282653,0.030355742945600873,0.3974366583571116,0.10310017311345197,0.4691074255838355,0.0,-11.432495205425386,3.261932667031385,0.0,0.00994413375957831,-0.00823904265163628,0.020845204178537517,-0.042103790739963655,-0.040266701529611704,0.018096221531954365,0.006760517373509706,0.029431925690399024,0.029431925690399024,0.006760517373509706,0.0,0.3141997178008751,30.529822228154444,0.0,-30.347852955581402,0.6561774865840562
FOLD_20231002,2023-11-08,False,3.200776871866765,-5.769197671168513,8.969974543035278,0.0008414921470848067,3.5917021995825267,-5.2839873162700055,-0.2620051411111898,-0.375079628252326,0.1289201866058013,0.11013072664580309,-1.8569619835114803,10.730148789259568,0.0025027101044464836,0.12154819995981059,0.07992216966164181,0.07992216966164181,0.0,0.08072848787728018,0.038217103156090615,0.016292225387046118,0.0006212070480125485,0.9448694644088507,0.03116849934098701,0.3580315723201058,0.0925052591504578,0.5182946691884494,0.0,6.157243527075792,-2.5655413274932655,0.0,0.0044868500561915554,0.0010390987408880246,0.0011395878878087235,0.002774532710280393,0.02669935976025069,0.016145697575456034,0.005940769554823429,0.02635062559608864,0.02635062559608864,0.005940769554823429,0.0,-2.7917392853960337,-27.638194878261857,0.0,16.665544403660533,-5.769197671168513
FOLD_20231002,2023-11-09,False,15.899993204662678,-8.494021739727032,24.39401494438971,0.0022885760371370266,16.46920440803989,-7.8726720970857915,-0.4880375657795064,-0.5136421768141705,0.08117363759835701,0.10770746582647445,-15.323536166573357,39.674643387601925,-0.009230715902873424,0.11231827483693177,0.0755587882822975,0.0755587882822975,0.0,0.07632142730543676,0.054993880951774265,0.006793781482820467,0.0002885980000679561,0.9379237395653374,0.03385483854718912,0.3184291070316248,0.0821077244389388,0.5656083299822473,0.0,23.929545676047944,-7.460341268008053,0.0,0.03129857899841178,0.12441412766588465,0.04992217808441938,-0.03058103975535171,-0.02653575693246652,0.01526428546108735,0.0062650735782135945,0.024263497343961105,0.024263497343961105,0.0062650735782135945,0.0,-4.1116235177833005,-89.01760709319569,0.0,74.55640140654032,-8.494021739727032
FOLD_20231002,2023-11-10,False,55.39917197674731,194.8868720437731,-139.4877000670258,-0.012914517464861087,55.94667753724776,195.92654751691356,-0.389170508979611,-0.7695370044051362,0.1583350515215473,0.27013846873456215,-137.95536856635186,-2.042682862546905,0.018181449232970933,0.09619823480045259,0.06600164594516872,0.06600164594516872,0.0,0.06666734067068775,0.08845412106737527,0.005448770186739049,0.0002350085067012848,0.9058621002391845,0.040768712219454356,0.27879659885629243,0.07174023261427118,0.6086944563099821,0.0,37.47377870404433,18.47289883320344,0.0,0.01685070147654877,-0.021237512540447426,0.25216833348083917,-0.009313504581643359,0.027395393212484638,0.01333346813413755,0.005950744601696341,0.02071619166657876,0.02071619166657876,0.005950744601696341,0.0,94.37050524367078,250.56723954917288,0.0,135.97728789079883,194.8868720437731
FOLD_20231002,2023-11-11,False,2.921680049630595,-1.0579715163148649,3.97965156594546,0.0003695364637643524,3.567872384435979,0.6762519648360463,-0.4056162552541173,-0.88918602151244,0.24057607955208038,0.845037459639671,-4.4701651030009195,7.389003209330371,-0.027217686729519023,0.0753720071176937,0.05482647544409938,0.05482647544409938,0.0,0.055379036946750726,0.09668966114194166,0.004861519266982539,0.0002626362491624304,0.8981861833419135,0.0488635148736955,0.2391432944672174,0.06139353700334619,0.6505996536557409,0.0,4.6898936612871545,-1.1220212768511755,0.0,-0.0034258050507838243,-0.010649458143250422,0.004099446928065296,0.006974981046247231,0.04284956221809494,0.011075807389350144,0.006077564846614398,0.01607404993208589,0.01607404993208589,0.006077564846614398,0.0,-0.5231021632043849,-19.700503282032514,0.0,18.22858698244272,-1.0579715163148649
FOLD_20231002,2023-11-12,False,-3.0426985122649057,-7.544018789614711,4.501320277349805,0.00041280802379945234,-2.5472726075790395,-6.332864906321067,-0.3784399043387298,-1.1631519761782,0.11698600034785923,0.04800190711580444,6.072524335805444,-2.3418477147284142,0.05491567766499694,0.06409288062320129,0.04706921689337499,0.04706921689337499,0.0,0.04754414546931155,0.07208938506949292,0.004472788851425356,0.0001506863310968924,0.9232871397479848,0.05278795250083482,0.19949139964240856,0.05104543182815503,0.6966752160286016,0.0,-2.5650531227895916,0.017780515210552295,0.0,-0.0021357118456693048,-0.004445719900190122,-0.007655081390233211,-0.003764493299202014,-0.007378196158249551,0.00950882909386231,0.005371645305389875,0.013646012882334746,0.013646012882334746,0.005371645305389875,0.0,-3.620496562349217,-0.27825340011804656,0.0,-15.180224652305697,-7.544018789614711
FOLD_20231002,2023-11-13,False,-11.828260599009809,-54.55466828190765,42.72640768289784,0.004052242679609536,-11.341363528296302,-52.284604850574674,-0.28533456097241305,-1.0344296222423706,0.20156250974158252,1.2356338090894692,41.44856372631015,-0.8852933765563047,0.3799709725245333,0.05010272459149009,0.03728523962417226,0.03728523962417226,0.0,0.03766115094729819,0.06836016947116919,0.004130096918360908,0.00014586721131531802,0.9273638663991545,0.05594968443544595,0.1598258805460232,0.040710950924540364,0.7435134840939904,0.0,-9.573576541996424,-1.7677869862998763,0.0,-0.016831141385361473,0.005682123540993912,-0.07884376662528814,0.014207980652962629,-0.04382929642445221,0.004421836778411662,0.004421836778411662,0.010642623600507613,0.010642623600507613,0.007532230189459637,0.0,-26.190034945206207,-45.86142684826882,0.0,-63.527286631720926,-54.55466828190765
FOLD_20231002,2023-11-14,False,-1.187127058086844,24.441482085829193,-25.628609143916037,-0.002369620748173613,-0.9148739001883173,25.1814647289927,-0.1350501249560188,-0.6439880277096062,0.13720303294143993,0.09599461545334147,-8.10814820385431,-17.890846992611984,-0.09734343271474119,0.036123844581087174,0.026785818173166855,0.026785818173166855,0.0,0.027056035751503203,0.05376972803503777,0.007352582753062889,0.00026851837847510047,0.9386091708334241,0.05539099540524722,0.12074933807058628,0.03034618243017599,0.7935134840939904,0.0,-3.2469369689930323,2.3320630688047137,0.0,-0.024897528342495198,-0.03755343956471054,0.09691205914061295,-0.06244411326378546,-0.02854845195014064,0.0031442549429046476,0.0031442549429046476,0.007678159357696633,0.007678159357696633,0.00541120715030064,0.0,11.763410379462584,75.68049311729192,0.0,-28.825633874243067,24.441482085829193
FOLD_20231002,2023-11-15,False,15.181530133453634,111.79962792348852,-96.61809779003488,-0.008852576795610429,15.389095135982451,112.66917785202165,-0.10151129603439066,-0.7203463288681445,0.10605370649431521,0.14920359966561453,-108.71128115648067,12.096212078570279,-0.6650136381287769,0.025557777333780837,0.019372894789727636,0.019372894789727636,0.0,0.01956838700739969,0.03263486548699157,0.025241766601914007,0.000833139794213483,0.9412902281168808,0.04769149909115508,0.08843452016734493,0.02036049664750948,0.8435134840939904,0.0,14.093457040979215,1.2956380950032358,0.0,0.0647989337952054,0.03877138963202259,0.15537575906490225,0.029725003973931092,0.05063465783664449,0.0024163298198846537,0.0024163298198846537,0.005411024983075224,0.005411024983075224,0.003913677401479939,0.0,53.747593644940935,62.842867060697245,0.0,161.89310731960904,111.79962792348852
FOLD_20231002,2023-11-16,False,-5.753408936736378,-85.56767759432478,79.8142686575884,0.007617217390355367,-5.544414054091052,-84.74463612094452,-0.050818048363255194,-0.5864171040068242,0.15817683428239546,0.23662436937420728,83.4844200191105,-5.147268965319788,0.8630710130627246,0.013105689273479467,0.009861264471824763,0.009861264471824763,0.0,0.00996072643984468,0.09999255650044725,0.003288973676971704,0.00017731479233343853,0.8965411550302474,0.07251903580920481,0.04801556333201771,0.010779453482836685,0.8686859473759406,0.0,-4.8385494284253285,-0.705864625665724,0.0,-0.04506469500924211,-0.04685822023314909,-0.12004982455074366,-0.05634455078728016,0.03978988837820099,0.001205904579560239,0.001205904579560239,0.0027783859963776327,0.0027783859963776327,0.001992145287968936,0.0,-40.93055272797028,-65.98366577062916,0.0,-105.96481971935282,-85.56767759432478
FOLD_20231002,2023-11-17,False,0.6044287558615906,22.115801437750633,-21.511372681889043,-0.001978254203716009,0.7069165741237663,22.556773936725943,-0.010114314384049975,-0.32786196467378137,0.09237350387697296,0.1131105343019789,-29.61892448609328,7.907483878804581,-0.13841675531348166,0.003709264226208891,0.002970481123323372,0.002970481123323372,0.0,0.003000460151565118,0.06068964182174641,0.006470150414911963,0.00021403373416595403,0.9326261740291757,0.06326868230982453,0.015527867329298103,0.002517502984936637,0.9186859473759407,0.0,0.7097672832151573,-0.002850709091390965,0.0,0.012460111604550416,-0.0006117829394131194,0.007716475624913733,0.00261737281203999,0.08916393028542557,0.00042289101165208034,0.00042289101165208034,0.0007772930489739668,0.0007772930489739668,0.0006000920303130236,0.0,10.616351114724239,-1.2328337075741729,0.0,46.16191851205622,22.115801437750633
FOLD_20231002,2023-11-18,False,-0.0966750158713694,-16.080697351982963,15.984022336111593,0.0014808738171058914,-0.05685531820796593,-15.741117851316643,-0.001159917094121796,-0.3081525768824914,0.03865978057091943,0.03142692378163946,20.22973057137019,-4.654860697630631,0.10939265936911928,0.00038863512853691296,0.0003665167424460638,0.0003665167424460638,0.0,0.0003702175979177958,0.10822421586725406,0.0018975162502989176,6.502004018398321e-05,0.889813247842263,0.10822421586725406,0.0018975162502989171,6.502004018398315e-05,0.889813247842263,0.0,-0.05678238674733052,-7.293146063541105e-05,0.0,-0.0009422625225323646,0.0009590466668027574,0.0022783725910064698,-0.0037526513297437896,-0.07073283858998139,6.943913692877986e-05,6.943913692877986e-05,7.864790223833845e-05,7.864790223833845e-05,7.404351958355916e-05,0.0,-7.713077129908925,-1.1310166720832058,0.0,-31.578195175216024,-16.080697351982963
FOLD_20231002,2023-11-19,False,0.18981763795636653,34.568956166503995,-34.37913852854763,-0.003158964693058932,0.19764773922595028,34.952613427303305,-0.0023965979699465375,-0.3177750054060313,0.0054335032986513945,0.06588225539498795,-39.18206793986704,4.645006813563603,-0.2179045617739383,0.0007804623348319869,0.0007361902051139503,0.0007361902051139503,0.0,0.0007436260932588734,0.06323388808183894,0.0038603047696998084,0.0001268557371741727,0.9327789514112871,0.06323388808183894,0.0038603047696998084,0.0001268557371741727,0.9327789514112871,0.0,0.19530792872522923,0.002339810500721023,0.0,0.022034199483317158,0.02544644677294402,0.04568606002597926,0.0257124140189976,0.004741702021462334,0.00013951615825849632,0.00013951615825849632,0.00015793427904505305,0.00015793427904505305,0.0001487252186517747,0.0,16.59373039790262,18.246038769788356,0.0,51.36407577546379,34.568956166503995
FOLD_20231002,2023-11-20,False,-0.12879719241209386,-68.49717516799865,68.36837797558655,0.006489740149949999,-0.12260560059002407,-66.87874747272551,-0.0014851459880321565,-0.37066167719118687,0.004706445834075562,1.2477660180823946,53.968435481020485,12.268013366686363,0.5196930244286356,0.00045500944989807656,0.00042959536967513985,0.00042959536967513985,0.0,0.00043393452651616283,0.07963725837498181,0.0022427836698737376,8.246906417299298e-05,0.9180374888909714,0.07963725837498181,0.0022427836698737376,8.246906417299298e-05,0.9180374888909714,0.0,-0.11601171021585388,-0.006593890374170179,0.0,0.002190688903451912,0.00505444587468755,-0.07579150389826908,-0.022513172600989943,-0.03477396920019867,8.151817445775415e-05,8.151817445775415e-05,9.205563614871099e-05,8.678690530323257e-05,9.205563614871099e-05,0.0,-32.830826202774915,-82.2156926356638,0.0,-54.21348453978135,-68.49717516799865
FOLD_20231002,2023-11-21,False,-0.6464023482294579,-83.35754263048148,82.71114028225202,0.007961876132981828,-0.6352894427940148,-83.01041384497778,-0.0030434905901750666,-0.29089799521876364,0.008069414846020471,0.05623079028605004,86.74350517507311,-4.757288773156796,0.3889080002674555,0.0010393059814024623,0.0009750475280776605,0.0009750475280776605,0.0,0.0009848957523428978,0.0636177374636222,0.005214821563888658,0.00022083975519694845,0.9309466012172922,0.0636177374636222,0.005214821563888658,0.00022083975519694845,0.9309466012172922,0.0,-0.6254533531465684,-0.009836089647446429,0.0,-0.04662987023385659,-0.042160750843116115,-0.08184776457272214,-0.053250571708591904,-0.0750128667009779,0.00018337659320368847,0.00018337659320368847,0.0002105817077334707,0.00019697915046857958,0.0002105817077334707,0.0,-40.077249453548575,-44.17470891053017,0.0,-124.07530221399247,-83.35754263048148
FOLD_20231002,2023-11-22,False,6.417148071042902,76.15894744715115,-69.74179937610825,-0.006463229597368142,6.56685283473482,76.54817595173813,-0.03070472042769528,-0.287310578122817,0.11900004326408248,0.1019179264638723,-81.72017583170786,11.80845546920911,-0.06960275450458031,0.009536792135951,0.009128719170636965,0.009128719170636965,0.0,0.009220826187832456,0.017948613690260462,0.14053709561658437,0.003211717517241851,0.8383025731759133,0.04710841670339115,0.05413362367243617,0.0013020376466494343,0.8974559219775232,0.0,6.524785473583823,0.04206736115099592,0.0,0.04810989829312743,0.0657563242127,0.11044764619770403,0.05521048999309874,0.053554040895813136,0.0017651737505368552,0.0017651737505368552,0.0019231567245961273,0.0018441652375664913,0.0019231567245961273,0.0,36.75633654257945,31.6749632571682,0.0,121.9157443536169,76.15894744715115
FOLD_20231002,2023-11-23,False,-0.13515060325153172,-3.9422601411297364,3.8071095378782047,0.00035236215565782636,-0.02385095346008905,-3.5305351035375887,-0.008466937928241538,-0.28164620865497353,0.10283271186356814,0.13007882893715522,2.33507110033624,1.1572059226068987,0.014407127134364223,0.0027614713092444375,0.002637525895419276,0.002637525895419276,0.0,0.0026641420530255527,0.11355591354963823,0.002309260926189353,0.00010638879872190261,0.8840284367254505,0.09710841670339117,0.015137148857016662,0.00040234322272392144,0.8873520912168682,0.0,-0.021607328978931917,-0.002243624481157146,0.0,-0.004054617135164666,-0.0010366358743829221,-0.020104076322636583,0.01504251144538912,0.0063374702931079255,0.0005084960965503892,0.0005084960965503892,0.0005571607246598318,0.0005328284106051105,0.0005571607246598318,0.0,-1.8997037429744523,-5.744839996983501,0.0,-2.0969069610491715,-3.9422601411297364
FOLD_20231002,2023-11-24,False,0.03670509019320889,10.860279931244804,-10.823574841051595,-0.0009998148078112278,0.06751701417765109,11.22138515054984,-0.002145705202795662,-0.2880829862508386,0.0286662187826044,0.07302223305305985,-12.81778692269523,1.7077066518719757,-0.043787865548933776,0.0007048729600408108,0.0006567993146680957,0.0006567993146680957,0.0,0.0006634318797296097,0.07031194305286004,0.003766252767281677,0.00016567502511722723,0.925756129154741,0.07031194305286004,0.003766252767281677,0.00016567502511722723,0.925756129154741,0.0,0.06676458176773395,0.0007524324099171297,0.0,0.011172794807841837,0.008839945107965657,0.002442867005363653,0.00048324742268035915,0.024403043820519558,0.00012232610586812164,0.00012232610586812164,0.00014304664602372223,0.00013268637594592193,0.00014304664602372223,0.0,5.224209199855977,4.3496626414107595,0.0,17.61261161808943,10.860279931244804
FOLD_20231002,2023-11-25,False,0.043449150762171485,26.198942611881648,-26.155493461119477,-0.0024119827511158262,0.048759335575027686,26.522935836714602,-0.0012708640627031786,-0.30356540659402265,0.004039320750362652,0.02042781823880183,-22.23050734573293,-4.12743093311148,-0.1162382222951613,0.0004129896534570892,0.0003842952780369528,0.0003842952780369528,0.0,0.00038817690247344944,0.10607965429978261,0.002194622504042133,9.818030743230781e-05,0.8916275428887429,0.10607965429978261,0.002194622504042133,9.818030743230781e-05,0.8916275428887429,0.0,0.045638561835838656,0.0031207737391890336,0.0,0.0015436191769487362,0.0009949722657489996,0.03911423475604379,0.002898084044437327,0.01075819672131157,7.143219274877993e-05,7.143219274877993e-05,8.383856824059984e-05,7.763538049468988e-05,8.383856824059984e-05,0.0,12.596839080026257,31.340460209692537,0.0,20.79740506561575,26.198942611881648
FOLD_20231002,2023-11-26,False,-0.0433410785808519,-13.058504998716671,13.01516392013582,0.0012067037730492981,-0.04166650064074059,-12.745406283098804,-0.0011183744431783095,-0.28065537785971306,0.0005562034960400341,0.0324433377589463,14.852367976012223,-2.2198348769161957,0.07120668336203621,0.0003731873915110236,0.0003504469263354614,0.0003504469263354614,0.0,0.0003539867759391196,0.08321404268524857,0.0020009247283301512,7.571245331910107e-05,0.9147093201331021,0.08321404268524857,0.0020009247283301512,7.571245331910107e-05,0.9147093201331021,0.0,-0.041321578673062485,-0.0003449219676780999,0.0,-0.008288799792382777,-0.010088690198940816,-0.02146353069131939,-0.011398298282228278,-0.003674607197161665,6.59972012948479e-05,6.59972012948479e-05,7.559750908079994e-05,7.079735518782392e-05,7.559750908079994e-05,0.0,-6.271833288959897,-4.549912678014152,0.0,-21.904233954204756,-13.058504998716671
FOLD_20231002,2023-11-27,False,-0.14520139809792454,-24.722545947206527,24.577344549108602,0.002294934935450064,-0.13723536776997997,-23.320436745010213,-0.002327375045317641,-0.28320870581549795,0.005638655282091476,1.1189004963797642,26.08715549709011,-3.0206636024591433,0.1167094826092683,0.0007861291804080727,0.0007354872766492143,0.0007354872766492143,0.0,0.0007429160508707544,0.0529141361647375,0.004135026464451939,0.00015498651675787176,0.9427958508540527,0.0529141361647375,0.004135026464451939,0.00015498651675787176,0.9427958508540527,0.0,-0.1351439704279086,-0.0020913973420714194,0.0,-0.005642370383029707,-0.016453878691451002,-0.04506694916726014,-0.019811627151672603,0.0013989571410403024,0.0001377799277898213,0.00014858321017415088,0.00015938649255848046,0.0001377799277898213,0.00015938649255848046,0.0,-11.879962246193827,-15.534979351999937,0.0,-34.29045357398536,-24.722545947206527
FOLD_20231002,2023-11-28,False,0.32999204512452707,45.195224227827566,-44.86523218270304,-0.00413790840028326,0.34160687314797156,45.52966699256651,-0.004049340456271602,-0.29050285149175903,0.007565487567570859,0.043939913246981474,-43.692659531782645,-1.3187598554277695,-0.17664073220811466,0.0013277140301219364,0.0012445423873491531,0.0012445423873491531,0.0,0.0012571126366908865,0.04550939128623599,0.007082162943482261,0.0002541139907543781,0.9471543317795275,0.04550939128623599,0.007082162943482261,0.0002541139907543781,0.9471543317795275,0.0,0.3305043996473398,0.011102473500631722,0.0,0.01546559248069826,0.010041428289603535,0.059233259375113756,0.011762756792577858,0.027178054356108573,0.00023377217898041484,0.0002514225273381773,0.0002690728756959398,0.00023377217898041484,0.0002690728756959398,0.0,21.74154021470531,43.120356119101416,0.0,47.27559178964293,45.195224227827566
FOLD_20231002,2023-11-29,False,-0.01014689052317408,6.321882334008478,-6.332029224531652,-0.0005826699504846344,0.0036491539404655887,6.6837319838319385,-0.0013485621530136484,-0.28826046820231743,0.012447482310752715,0.07358918162134852,-3.9911967568830056,-2.6494346237801594,-0.039451449228311404,0.0004465754835185988,0.00041722672136428003,0.00041722672136428003,0.0,0.0004214406440719844,0.07448540725012975,0.0023819629531058265,9.080054299037553e-05,0.9230418292537741,0.07448540725012975,0.0023819629531058265,9.080054299037552e-05,0.9230418292537741,0.0,0.0025467854792680785,0.0011023684611975097,0.0,0.0007008097658502012,-0.009824410633020234,0.01977920093401784,-0.0026199443261831438,-0.005192878338278807,7.800441895274329e-05,8.428812881439688e-05,9.057183867605048e-05,7.800441895274329e-05,9.057183867605048e-05,0.0,3.0325812899300217,11.934681325981728,0.0,0.45670879189310654,6.321882334008478
FOLD_20231002,2023-11-30,False,0.07035258585710835,24.36546762281796,-24.29511503696085,-0.0022323402965759727,0.07849293131056412,24.68150200551638,-0.002590347181646855,-0.2924303275060462,0.005549998272290056,0.023604055191016472,-19.79145999937785,-4.658348883024037,-0.15320019180393046,0.000859102958920006,0.0008003652948084714,0.0008003652948084714,0.0,0.0008084493748107738,0.05326873695497769,0.004552033874993268,0.00018295128723298028,0.941996277882796,0.05326873695497769,0.004552033874993268,0.00018295128723298028,0.941996277882796,0.0,0.0724869915618129,0.006005939748751236,0.0,-0.002930768844526583,0.012284006627741874,-0.00015152790638943246,-0.004432769660154203,0.037409893114591086,0.00014902647893484674,0.00016168987496215477,0.0001743532709894628,0.00014902647893484674,0.0001743532709894628,0.0,11.69359993020771,32.578536033746786,0.0,15.802005686688062,24.36546762281796
FOLD_20231002,2023-12-01,False,0.06434717465708673,1.7853689976927853,-1.7210218230356986,-0.00015786351733050328,0.06998390189613524,2.095496087366042,-0.0018568149285984328,-0.2793141294760412,0.003779912310742599,0.030812960195714063,-10.968761064346097,8.959039072322927,-0.015790193446735917,0.0005870497620145143,0.0005467918460011878,0.0005467918460011878,0.0,0.0005523148015061958,0.06519990309399504,0.003090752852215351,0.00012557486243695875,0.9315837691913526,0.06519990309399504,0.003090752852215351,0.00012557486243695875,0.9315837691913526,0.0,0.07240713510828263,-0.002423233212147391,0.0,0.02498078401229823,0.01685543782730479,0.004967500757754262,0.010554089709762468,0.0043129268000479115,0.0001017792201741595,0.00011046296030123915,0.0001191467004283188,0.0001017792201741595,0.0001191467004283188,0.0,0.8554708705851226,-19.22742669220679,0.0,23.524873691032553,1.7853689976927853
FOLD_20231002,2023-12-02,False,0.1449061102921405,55.902607831912974,-55.75770172162083,-0.005103578563491326,0.1486934489112673,56.330171877389745,-0.0015966016600563347,-0.40311347966041566,0.0021907369598571516,0.02445056581530193,-56.55052125925344,0.7850862657287664,-0.41604343495378204,0.0004309110799879557,0.00040210925234580207,0.00040210925234580207,0.0,0.00040617087908613935,0.07947684802753374,0.002253267580862538,8.975228108580249e-05,0.918180132110518,0.07947684802753374,0.002253267580862538,8.975228108580249e-05,0.918180132110518,0.0,0.14448606753671644,0.004207381374550869,0.0,0.019613927569398653,0.03702301961817625,0.06864831353362044,0.013544386422976458,0.028510079923655052,7.504912559177379e-05,8.123417581722787e-05,8.741922604268195e-05,7.504912559177379e-05,8.741922604268195e-05,0.0,26.79686039650187,46.47932223576754,0.0,65.58073662771312,55.902607831912974
FOLD_20231002,2023-12-03,True,-0.006026920740623609,-2.3612039900563104,2.355177069315687,0.00021527629945657242,0.0,0.0,0.0,0.0,0.0060269207410437505,2.361203990056013,0.0,0.0,-0.0,0.0,0.0,0.0,0.0,0.0,0.0963151004475874,0.001571675314200886,5.709028011450678e-05,0.9020561339580973,0.0963151004475874,0.001571675314200886,5.709028011450678e-05,0.9020561339580973,0.0,0.0,0.0,0.0,0.0,0.0,0.0,0.0,0.0,0.0,0.0,0.0,0.0,0.0,0.0,-1.1318446303012024,-4.062847640214386,0.0,-2.7640954466605763,-2.3612039900563104
FOLD_20240101,2024-01-01,False,2.5315199244359974,3.02588763761014,-0.4943677131741424,-4.942303812918529e-05,2.793696686761267,3.243212589428521,-0.037277645452389346,-0.07335257507060762,0.22489911687256203,0.14397237674765412,1.4145494037372057,-1.8640653064044597,0.0,0.018031119660016273,0.016659082833224585,0.009074620855566347,0.0075844619776582415,0.0015051771357237798,0.0751186473466895,0.14155011420831526,0.780837877048083,0.0024933613969122417,0.95,0.007652339070424257,0.0422128673482283,0.00013479358134744837,0.0,0.5939584440544667,2.1997382427068004,0.0,0.044921205993588724,0.02964678684174809,0.07443222579282013,0.02273096281863941,0.027566964285714285,0.0003010354271447557,0.004432521058217879,0.004432521058217879,-0.0038304502039283677,-0.0038304502039283677,0.0,3.02588763761014,2.3224691241011897,0.0,3.6241529830040236,3.02588763761014
FOLD_20240101,2024-01-02,False,-0.5220968912126409,-0.6899150800018106,0.16781818878916965,1.6785341465373002e-05,-0.2442387237087491,-0.40327133540704274,-0.03915743233599667,-0.14916452061267574,0.23870073516739215,0.13747922398175189,-0.17723060642289193,0.3362472172611237,1.6000860062146128e-05,0.03687233998814107,0.03499302544925511,0.01844117665167663,0.01655184879757848,0.0019083664314315484,0.11948054147709364,0.04385347039443132,0.8238656409632178,0.012800347165257287,0.8999999999999999,0.00983176611168777,0.08927093236967723,0.0008973015186350197,0.0,-0.058879066938269754,-0.18535965677047916,0.0,0.01812879378751402,0.0028108521857459295,-0.02073519861704375,-0.006985235751706732,-0.008797653958944338,0.00038167328628630945,0.009122666675463692,0.009122666675463692,-0.008359320102891072,-0.008359320102891072,0.0,-0.6899150800018106,-0.4718695735991787,0.0,-1.0077758399511367,-0.6899150800018106
FOLD_20240101,2024-01-03,False,1.8367675766912726,-8.607347208124338,10.44411478481561,0.0010482297623630567,2.0386826558795406,-8.428502255626643,0.046053150697896034,-0.034768343756929276,0.2479682298854486,0.14407660874062872,-2.4012204536215083,12.868301060952058,0.00010430417563887555,0.05555638936052996,0.053073819450558626,0.027742140738970817,0.02533167871158781,0.002434749765243497,0.02977352402738853,0.05772292721190701,0.9049734080254478,0.007530140735256567,0.8499999999999999,0.012583415390497264,0.13613818464122518,0.0012783999682775874,0.0,-1.7657243244574887,3.804406980337033,0.0,-0.049230161162107995,-0.0631326302576955,-0.0808861989090637,-0.0708233413269383,-0.1021257944334867,0.00048694995304869983,0.013767359851870315,0.013767359851870315,-0.012793459945772917,-0.012793459945772917,0.0,-8.607347208124338,3.991461277095368,0.0,-21.31138119255047,-8.607347208124338
FOLD_20240101,2024-01-04,False,11.55992077960218,11.400298035568994,0.15962274403318588,1.478544884038935e-05,11.715429928845229,11.65322177860182,-0.033912853238593464,-0.053816924587691564,0.12159629600500015,0.19910681844549372,3.169385761166804,-3.119000724623907,0.011823113700510939,0.06727342083339792,0.05788818089311317,0.0341828104781512,0.023705370414961967,0.010583144151900224,0.004320827232661584,0.8567594554550746,0.13889878574499223,2.0931567271596172e-05,0.8000742362734047,0.062420439733902766,0.1363011602978197,0.0012041636948728071,0.0,3.4950326921707418,8.267809671015183,-0.047412434340699236,0.03157761984945685,0.02680903260264425,0.06869639445551,0.01049552649690295,0.025628508664876797,0.0021622705923435253,0.016144665754536776,0.016220735357809244,-0.01197226377639466,-0.01197226377639466,0.0,11.400298035568994,11.748425539888558,-8.263957344093797,10.965701214629007,11.400298035568994
FOLD_20240101,2024-01-05,False,-5.148677420711465,-5.660580148145527,0.5119027274340624,5.199910719131057e-05,-5.022799984261084,-5.472726238529704,-0.04993706574237093,-0.061549374854808964,0.07594037070970006,0.12630453476002282,-0.6962878130066757,1.151601880241871,-0.0053878129665774445,0.07790486019640401,0.06301618734782666,0.04013300419724085,0.022883183150585813,0.01742392954785623,0.03196861178983923,0.6862440659985491,0.28168282187373966,0.00010450033787176968,0.7501457167594585,0.1029703186885796,0.14575128134314286,0.0011326832088189357,0.0,-3.2180386504377667,-1.8327761131797788,0.028014779356458713,-0.0009531269809645949,-0.0002865253729238332,-0.05139591495188468,-0.02128384130767932,-0.018086625416468435,0.003527533823600555,0.018469650177282044,0.018540896700664226,-0.011557075576845297,-0.011557075576845297,0.0,-5.660580148145527,-3.382570393036076,6.1932705713097675,-8.013764627439741,-5.660580148145527
FOLD_20240101,2024-01-06,False,-11.369868091318494,-11.511251407069722,0.1413833157512272,1.5557881212318637e-05,-11.169758490645137,-11.249696353072975,-0.06725941709051542,-0.0726702379254167,0.13285018358247414,0.1888848160715612,-0.5534416059854373,0.6454678933379875,-0.012088424924712052,0.09127121900956224,0.07147442382345774,0.04744922454907694,0.024025199274380796,0.023660317580770626,0.007982802883017559,0.6559464102057116,0.33599529675403444,7.549015723642306e-05,0.7002168392332538,0.14017168651773904,0.15854991351398345,0.0010615607350236394,0.0,-5.340405299779494,-5.863154542504062,0.03380135163841751,-0.00382520967270443,-0.012579864280328474,-0.05960364478392925,-0.012874043145441827,-0.024115365971885506,0.0047689473641555945,0.021579463101349824,0.021579463101349824,-0.012133777993042305,-0.012133777993042305,0.0,-11.511251407069722,-11.450498615749893,9.198125302993503,-11.667802120873603,-11.511251407069722
FOLD_20240101,2024-01-07,False,-7.75077314981354,-7.278857058168796,-0.4719160916447436,-4.6784028040234215e-05,-7.524578293793557,-6.9394161807416985,-0.09577781182608315,-0.0886433464587975,0.13041704419378036,0.2507975309692865,0.676019830620515,-1.2532719974903053,-0.007909946182067683,0.1041560072248134,0.07724840574243108,0.05462026068301811,0.022628145059412977,0.03231484681360604,0.009644013255926454,0.8541139002150053,0.13621130772168355,3.0778807384632034e-05,0.6518534834371955,0.19017168651773902,0.1569854587609429,0.000989371284122499,0.0,-7.649765920272347,0.08294719687780194,0.04224042960098878,-0.001726589246920494,-0.00910519876037132,-0.0492362465756345,-0.029256256609094217,-0.029554203402458797,0.006500667750698824,0.024303881236927262,0.024366711883556623,-0.011428207028788336,-0.011428207028788336,0.0,-7.278857058168796,-0.2897013534566213,14.765636556181562,-14.349632480380023,-7.278857058168796
FOLD_20240101,2024-01-08,False,37.374500997608266,37.18723599378973,0.1872650038185384,1.4787670577312041e-05,38.066525459228004,37.944497335607736,-0.13140285616462716,-0.11083910672530689,0.5606216054550345,0.6464222350936324,-9.134836578116028,9.217060345658583,0.03980435607770585,0.10868370182189227,0.07381241858901115,0.05781137420627724,0.016001044382733916,0.04223028663309246,0.007499420560427517,0.9238119294152204,0.06867358892621639,1.5061098135740091e-05,0.6079386308159762,0.24017168651773904,0.15096671383182458,0.0009229688344600621,0.0,25.56152353968851,12.604374141326517,-0.09937222178702676,0.07034290714526614,0.05041032181307718,0.09532031302553978,0.04756717501815542,0.04094689699296236,0.02495379354485638,0.008436455728531031,0.02500180153529368,-0.008080882087794316,-0.008080882087794316,0.0,37.18723599378973,32.100794361665976,-43.25900937047845,42.054297447139106,37.18723599378973
FOLD_20240101,2024-01-09,False,4.821572356593606,6.354582921096153,-1.533010564502547,-0.0001534530309587841,5.1505848484080055,6.515775155987244,-0.12294599486303279,-0.11507076845311043,0.20606649695208662,0.04612146643790463,-0.6377004234739763,-0.7336858045888656,0.006195920483602358,0.1257217661120393,0.09236768305651996,0.06609439582296764,0.02627328723355232,0.040222515497684214,0.008299566447151574,0.27244077322083227,0.7186560552742213,0.0006036050577950005,0.5579652463081239,0.24286096340670943,0.1982774369428542,0.0008963533423123614,0.0,-3.369482777814987,8.498943741553532,0.02112388466946081,-0.01870322862222033,0.005791878499259927,0.014903373730756665,-0.017331022530329306,-0.02667486170866632,0.02936920602226969,0.008022232108045323,0.02936920602226969,-0.013269064327450245,-0.013269064327450245,0.0,6.354582921096153,19.188012981014253,10.254160177155427,-6.463446630110411,6.354582921096153
FOLD_20240101,2024-01-10,False,6.428260288339516,0.24565525988327863,6.182605028456237,0.0006159793978991002,6.65883682889887,0.5413054083734146,-0.1406574638592428,-0.12268168353074702,0.08991907670182138,0.17296846495819374,-0.6439383586331059,6.758199777523805,0.0032700016347556988,0.1365209034450258,0.09737272056633833,0.07216201219630562,0.025210708370032718,0.04742513439097133,0.005237377749177097,0.7123717449497784,0.2823401680242484,5.070927679606117e-05,0.508041626774876,0.28526822918403527,0.2058701711655284,0.0008199728755603355,0.0,22.699351130476884,-15.935332535096242,-0.1051817664817725,0.010505076802915844,0.10100027726235426,0.022934484427949018,0.05784832451499128,0.04786562263197779,0.031712865822641226,0.009464536514164642,0.031712865822641226,-0.012732566884237883,-0.012732566884237883,0.0,0.24565525988327863,-39.111095273823594,-63.714641494325406,39.25630725873998,0.24565525988327863
FOLD_20240101,2024-01-11,False,-10.059927616292043,-10.771836226493178,0.7119086102011352,7.337461934994543e-05,-9.742365897988762,-10.555535972571308,-0.13471731026685344,-0.13892591103274896,0.18284440803449759,0.0773743428896086,0.7018934404334314,0.1267506689331717,-0.015474034784058987,0.15003489352609717,0.11185216017779556,0.07868451947897094,0.033167640698824594,0.04597580790453318,0.0411029277969821,0.039557114007594714,0.9032089347336247,0.01613102346179845,0.47528088722904543,0.2680289687298658,0.25479593734955475,0.001894206691533961,0.0,1.9401499298816698,-11.639311922203802,-0.04320390566663052,-0.005378283329253997,0.015679179274193784,-0.014582059826868842,0.0045015005001667815,0.020850909967458062,0.03510706116535325,0.009263742794869556,0.03510706116535325,-0.016751028610521444,-0.016751028610521444,0.0,-9.857287673514293,-25.108300704638168,-13.007127768056307,3.587572355661905,-10.771836226493178
FOLD_20240101,2024-01-12,False,-39.47199442382589,-44.49360256588079,5.021608142054902,0.0005311736549981775,-39.107073704917376,-44.23338065532493,-0.1204768724965584,-0.14724766572411177,0.2444438464125506,0.11297424483190724,-0.044694003961248875,5.23756274220809,-0.06656178783930052,0.16423343266963572,0.12835903091198128,0.08525619355382884,0.043102837358152464,0.042578109933545785,0.06291112818252842,0.03005459507229235,0.8830806152015183,0.023953661543660916,0.4435769217198996,0.24973293423901166,0.30309995411984486,0.0035901899212438314,0.0,-24.91702786878889,-14.52018568025973,0.3301398441312427,-0.07562540879036894,-0.03647390906316749,-0.07557005212762762,-0.05112033195020755,-0.05147579693034242,0.03873500845501503,0.00864525146385357,0.03873500845501503,-0.021768579220168924,-0.021768579220168924,0.0,-37.01573664606258,-28.813854888339847,54.739132792043165,-60.31960140721458,-44.49360256588079
FOLD_20240101,2024-01-13,False,13.684456121758558,15.1223901673402,-1.4379340455816418,-0.00014691501253492087,14.116508965348821,15.473840837591482,-0.11458770581252911,-0.15902812078228434,0.31746513777841767,0.19242254946834317,0.867956162948094,-2.2564654935699617,0.03117745837920706,0.17564991758817647,0.14281747069605666,0.09023778920449642,0.052579681491560226,0.03803728386873377,0.03388311546854206,0.11308481966444323,0.8503276994208027,0.0027043654462119383,0.40614334769433197,0.23724744572458917,0.35309995411984485,0.0035092524612339486,0.0,5.532245519782164,8.613445418578522,-0.02918197301186388,0.0004436940566013502,0.020688999912904998,0.03813018161352465,0.0054224243484344795,0.007592730893701761,0.04159408195328476,0.007738993589638125,0.041813309979770376,-0.026554550826979745,-0.026554550826979745,0.0,11.73962704286896,15.446919267567864,-5.850226440688857,14.717533741188163,15.1223901673402
FOLD_20240101,2024-01-14,False,-21.521041105341283,-23.324958808663723,1.8039177033224405,0.00018946049748317382,-21.165764647736232,-23.03051610809354,-0.10183593764354197,-0.16988028423017792,0.25344051996288397,0.12456241633944887,-2.3085688976448613,4.216640137010643,-0.04331977900847524,0.19212136265539823,0.16180407287422718,0.09793490691771348,0.06386916595651372,0.034408967611160274,0.1876235776241968,0.05570733380814867,0.7475300624188241,0.009139026148830342,0.3788324650103407,0.21455832840858044,0.40239633774376127,0.00421286883731753,0.0,-6.040158744303936,-15.202129490251563,0.07652358681926492,-0.025169637709406643,-0.03902274419759203,-0.0182970693412012,0.005741127348642953,-0.009882643607164858,0.045809038598956076,0.007039957843601145,0.0460726458012379,-0.03225633731631743,-0.03225633731631743,0.0,-16.59819005319514,-26.60947495950313,12.930560518574566,-20.120915951703864,-23.324958808663723
FOLD_20240101,2024-01-15,False,7.037629268479577,8.675027159210003,-1.6373978907304263,-0.00016576455506755832,9.205928939351306,10.668103188607425,-0.10367202487475635,-0.1888315869364664,2.064627645997431,1.8042444424602753,1.3628970234566589,-2.8463934915987292,0.02132221888595298,0.1882013716181696,0.15790205099058385,0.09574287121388184,0.062159179776701996,0.033915904469992667,0.06207316770170379,0.1608629809399918,0.7750366663295127,0.0020271850287917146,0.3363304499290953,0.20735361338587022,0.45239633774376126,0.00391959894127314,0.0,3.0672766535588827,6.205469173824867,-0.06681688803244085,0.01846850082609015,0.014122366939373425,0.003674518383211799,-0.003978550423802057,0.012476606363069256,0.04487817756752191,0.0451288986799013,-0.03126167155704897,0.00668289244904678,-0.03151239266942836,0.0,5.712910680264031,6.67171063873684,-12.531570336106597,10.543331813345503,8.675027159210003
FOLD_20240101,2024-01-16,False,7.494401252599346,12.80042964616041,-5.306028393561064,-0.0005331614337449222,7.82147409816401,13.121523357337816,-0.09206723108803805,-0.2007736439484542,0.23500561447628385,0.12032006723063149,1.8185565370834473,-7.139342487387733,0.020736691130476617,0.20346192638031105,0.17562828524628682,0.10302666875762691,0.07260161648865991,0.030731653036983428,0.08698741028596846,0.05372425085470751,0.8504612613402295,0.00882707751909449,0.3053924702687309,0.18829159304623458,0.5017874277351176,0.004528508949916712,0.0,5.200140690168707,2.6350515650460054,-0.013718157050702739,0.014545907655703681,0.03014383392633993,0.035256274601092055,0.00017367141368528828,0.003203943314849,0.04908248742885553,0.04908248742885553,-0.0364612775282314,0.005899919093023624,-0.036871963385519846,0.0,8.073035542736761,3.967187889325942,-3.2858081840604427,21.571485074746306,12.80042964616041
FOLD_20240101,2024-01-17,False,-32.27090457781924,-26.060700067035214,-6.210204510784024,-0.0006372706376236931,-31.98207919231511,-25.74310900550418,-0.07732316374857702,-0.20814910536868408,0.21150222175583433,0.10944195616259114,-5.630784563729324,-0.5664351009885201,-0.04175052209308891,0.21958734861171064,0.19354731499900038,0.11060618203684698,0.08294113296215339,0.027943902800765995,0.03911326696565931,0.04248420814066948,0.9080232410981905,0.010379283795480643,0.2730838231394222,0.17060024017554326,0.5510775314399,0.005238405245134371,0.0,-0.5966272537970034,-31.50096194561527,0.1155100070971635,-0.009197506546474207,-0.022798219722140745,0.04579926410466061,-0.013544018058690604,-0.010686647831961623,0.05321063798319186,0.05321063798319186,-0.041647738156622115,0.005299776530455686,-0.0421294115394513,0.0,-15.287517253153055,-48.59214849914679,18.982147966122284,-3.506852645185063,-26.060700067035214
FOLD_20240101,2024-01-18,False,14.690441350145193,-10.96872310217077,25.659164452315963,0.0025815193845745554,14.946975867685412,-10.631584784854418,-0.08309558882693277,-0.22654846987807703,0.17343892871321848,0.11058984743876059,0.16645648946525968,25.410323275703703,0.0017808873708699893,0.23136130589603687,0.20639986210425262,0.11638839007067683,0.09001147203357579,0.026642887814050033,0.017329380446576392,0.11532548966570849,0.8652590753352829,0.002086054552432196,0.2323821257192186,0.1618036142145606,0.6010775314399001,0.004736728626320655,0.0,-10.648292100427843,25.34423993984484,0.2510280282684132,-0.034750596990838635,-0.024286872121295922,-0.07862511116975011,-0.02745995423340971,-0.031040476781723395,0.05624719621474654,0.05624719621474654,-0.0452420599310463,0.005067591694249841,-0.045677036378646584,0.0,-6.066869580783532,37.58630309027649,48.091296175647585,-60.006811060860855,-10.96872310217077
FOLD_20240101,2024-01-19,False,10.62991080453503,8.112226917613953,2.517683886921077,0.0002492841888924273,10.902491941011174,8.518725036845566,-0.09474086431541384,-0.23348773111994225,0.17784027216045797,0.17301038811096575,1.9342256332056396,0.4165044105916028,0.033036860368361565,0.2397391927047836,0.21095756378890101,0.12100310996326423,0.08995445382563678,0.031361720024816686,0.0038124043627563164,0.30856992071494743,0.6872186972057127,0.0003989777165835055,0.18331334335417265,0.1933110418364279,0.6195701038180328,0.0038055109913665997,0.0,0.11165183228822684,10.791494260173463,-0.0006541514505160953,0.009866659559053291,0.00944520081688221,-0.007955365098222242,-0.015746606334841703,0.0061506919528448,0.057902053569783785,0.05814661073040025,-0.045308454127733815,0.006174521140716752,-0.04555301128835028,0.0,4.3403288499612245,16.13097011878017,-0.9431100691763277,-0.047092310849620844,8.112226917613953
FOLD_20240101,2024-01-20,False,-58.68850709828075,-30.81541226011177,-27.87309483816898,-0.00291598192583994,-58.32976067927799,-30.35408358108511,-0.10059961242915391,-0.24942496291349334,0.2581468065729771,0.21190371611396702,-8.622862855010489,-19.19096473274136,-0.1618495104410321,0.2629939254733592,0.2308079770474114,0.13313455605335145,0.09767342099405996,0.03581840275020609,0.006671074258687737,0.26363332784049953,0.7291978678125051,0.0004977300883077238,0.13423242642836064,0.21285043235191836,0.6500307133025424,0.002886427917178612,0.0,8.988444567142851,-67.05665474886914,-0.2615504975517184,0.00033111391038337016,-0.00771105036467931,-0.007751855099116763,0.019676351599852968,0.12035150280183392,0.06359957244087128,0.06378798759348087,-0.04923452831026692,0.007088314488997383,-0.04942294346287651,0.0,-15.370545301382663,-103.28934757406387,-90.50032315939643,41.332991744004175,-30.81541226011177
FOLD_20240101,2024-01-21,False,18.960589162805263,4.923435298842378,14.037153863962885,0.0014113036440383262,19.413747365198684,5.311277382660855,-0.09335246970589578,-0.25931830536328165,0.35980573268765903,0.1285237784562829,3.1008810103235995,10.990950096683537,0.010638875530695665,0.28967170561579936,0.26173094215588655,0.14582056510040162,0.11591037705548489,0.030211216578880977,0.09154581386687033,0.09579249686275428,0.8069624783109848,0.005699210959390621,0.12087152833124544,0.17621133044903356,0.69915031297698,0.0037668282427409236,0.0,-4.005517801088942,23.325774182383434,0.09349098390419214,-0.0022906457702206455,-0.005861603061463816,-0.01751058717039687,-0.01298467087466183,-0.027395703080595763,0.07055975901318956,0.07071776199583331,-0.05853847357469467,0.006010642719247446,-0.05853847357469467,0.0,2.46810678154543,32.84834010958184,23.683202552181683,-23.450331437272325,4.923435298842378
FOLD_20240101,2024-01-22,False,-10.2631348433315,-45.73116193272472,35.46802708939322,0.003685878954586351,-8.036967600003186,-44.109963192412835,-0.07285229825493943,-0.25198092339080924,2.153314945073502,1.3692178169210116,-9.850706759746938,45.98299022851588,-0.059287876359298254,0.31830263803716,0.2941071533548377,0.15912594922146714,0.13498120413337064,0.024383353502099886,0.05119764262493265,0.055630094103250094,0.8812838123221292,0.01188845094968806,0.10256088182806365,0.14452197695221533,0.7470159098083959,0.005901231411325064,0.0,-13.788221536987868,5.217988387122006,0.5332655498626728,-0.04810341428701939,-0.057134602629469546,-0.07759717469509524,-0.03489859309336745,-0.05808789153810195,0.07781189630013836,0.07805943972470501,-0.06815757226912507,-0.06815757226912507,0.004827162015506647,0.0,-22.93205387079979,4.209522809067494,90.87077226408292,-96.0076711414822,-45.73116193272472
FOLD_20240101,2024-01-23,False,-10.13578417025019,-16.539736367893056,6.403952197642866,0.0006637266500572137,-9.226456667411862,-15.933723137734066,-0.064983821305379,-0.24291375076838154,0.8443436815333732,0.36309947939151604,-5.502486541281276,12.283494966051503,-0.07374195444802542,0.3628710044638805,0.3407781769063877,0.18110552289140155,0.15967265401498615,0.0216475235141442,0.008651680400087347,0.11812148478224435,0.8703385761825408,0.002888258635127393,0.0644862909239601,0.13381814895928362,0.797015909808396,0.0046796503083603004,0.0,-3.2777599641457744,-6.025847999965208,0.07715129669912385,0.007250933832387467,-0.032885651153155566,0.0022116264967123704,-0.020636122680802765,-0.030276709269140067,0.08921925580090757,0.0894084008642509,-0.08063590442058723,-0.08063590442058723,0.0042916756901601755,0.0,-8.316268170570766,-8.284241685005327,17.081332556683265,-24.80791999631765,-16.539736367893056
FOLD_20240101,2024-01-24,False,-46.913276868386674,-18.382533470748967,-28.530743397637707,-0.0029648364907254266,-46.33415763788999,-17.98789019352234,-0.04251462172524441,-0.24185490087503625,0.5366046087717585,0.15278837635153425,-13.885679863595811,-14.251450467305714,-0.2091371134661216,0.39521161674996913,0.37590429113748686,0.1965513583198448,0.17935293281764209,0.017371208188687457,0.010546906445060955,0.07980123606737646,0.9045248730757321,0.005126984411830496,0.03950424458087873,0.10880019530236501,0.8468087268490112,0.004886833267745107,0.0,2.295014003991076,-48.526089558678215,-0.10308208320284791,0.004245022817311141,-0.003516412901843934,0.05243987803575863,0.0007732456988209298,0.010236724248240679,0.09752587754996532,0.09752587754996532,-0.09057739427449034,-0.09057739427449034,0.0034742416377374933,0.0,-9.248393714462509,-57.36436352676719,-21.676713022014155,20.36323764298504,-18.382533470748967
FOLD_20240101,2024-01-25,False,18.902080311087047,2.6262996981295146,16.275780612957533,0.001644096571822229,19.672290540296647,3.1480840421736107,-0.03572986120151448,-0.25043741755341453,0.7344803680076544,0.27134692649035624,5.020394937277861,11.462315851837518,0.041495709007660864,0.45095825337753637,0.4348019497680528,0.22256663633243046,0.2122353134356223,0.010434904134395061,0.018604890597109014,0.04473886630971206,0.9229385434511382,0.013717699642040641,0.02720481780392504,0.07109962207931866,0.8916116956665134,0.010083864450242888,0.0,-1.2016694105064043,20.703530473188792,0.17042947761426377,-0.0022920604324953974,-0.006690430981979747,-0.020235156188350274,-0.008112806644775145,-0.013172894236858936,0.11135554777561955,0.11135554777561955,-0.10718158612186153,-0.10718158612186153,0.002086980826879014,0.0,1.3208713672720478,22.60743891475795,17.634531377214444,-17.403110772856962,2.6262996981295146
FOLD_20240101,2024-01-26,False,-30.699660830745415,13.495645360764684,-44.1953061915101,-0.004522508438065178,-30.277788377051515,13.845059688305799,0.006007931094088002,-0.2326435385940741,0.4278803847857704,0.11677078894688318,-1.2979447909552504,-42.78178271411878,-0.043120560283306617,0.47630693418301423,0.4613390716531467,0.23499095304959566,0.226348118603551,0.008729758555478032,0.007410134867773865,0.059716272518214875,0.9232741900790153,0.009599402534995857,0.007410134867773865,0.059716272518214875,0.9232741900790153,0.009599402534995857,0.0,3.828460336610534,-33.490822962679715,-0.61542575098237,0.04553110023899202,0.021292998512240216,0.06042893961708389,0.03583252190847144,0.024643819792067836,0.11780419513801735,0.11780419513801735,-0.11431229171582613,-0.11431229171582613,0.0017459517110955975,0.0,6.794495080714114,-36.313639928941484,-64.70414117816654,63.14865780402215,13.495645360764684
FOLD_20240101,2024-01-27,False,-14.151028561811472,-3.0554265018581646,-11.095602059953308,-0.001134570313135835,-13.75924051820213,-2.5749289395313606,0.061003460071220234,-0.2111740389914626,0.45279150368000015,0.26932352333441517,-3.873848285910321,-7.303840252862479,-0.006623039897968789,0.5274651602251976,0.5119932480245512,0.25416457558140776,0.2578286724431434,-0.0037009381703971694,0.014068925299692059,0.021656590656267034,0.9208476521654964,0.043426831878544445,0.014068925299692059,0.02165659065626703,0.9208476521654964,0.043426831878544445,0.0,0.20707676734369623,-13.551077042789295,-0.4152402427565317,0.007903511102494251,-7.504425403807514e-05,0.02176554837029643,-0.0031960894905057992,0.0023800576224476478,0.12836005908512665,0.12836005908512665,-0.12984043435328552,-0.12984043435328552,-0.0007401876340794451,0.0,-1.5360723096018774,-15.051046766000582,-9.358747802507423,8.986527757215299,-3.0554265018581646
FOLD_20240101,2024-01-28,False,-13.487697662252685,-11.285676749026607,-2.202020913226079,-0.00022684890202203257,-13.41897301161973,-11.056168223332103,0.05841081269293061,-0.1941934929805079,0.12713546332636638,0.03531503271307302,-6.836073301001588,4.4694306754748165,0.0038378372391448114,0.5230428736147534,0.5068088618218082,0.25123665375903886,0.2555722080627694,-0.0043792912966890436,0.015539138457076884,0.02230409649178168,0.9142088209387381,0.04794794411240336,0.015539138457076884,0.02230409649178168,0.9142088209387381,0.04794794411240336,0.0,-0.16113631926647037,-13.604237418942386,0.3464007265891241,-0.0030919682443936608,-0.004891486694096632,0.015376446851438815,-0.012448132780083082,-0.016620844788802772,0.12688556227626127,0.12688556227626127,-0.1286372787949369,-0.1286372787949369,-0.0008758582593378097,0.0,-5.678396531646285,-14.833906852280052,7.750162102302056,-7.7230651632162335,-11.285676749026607
FOLD_20240101,2024-01-29,False,41.26652383561304,49.43502417163472,-8.16850033602168,-0.0008233456590333883,48.34461471927512,53.473022211545455,0.041181073392607924,-0.21170822316109245,7.119271957055742,3.8262898167489143,30.544409242201162,-35.64544629406318,-0.027370440408334015,0.5467326171661947,0.5314899169690004,0.2687639244092295,0.2627259925597709,0.006094510038784482,0.006070762068760671,0.05145958254148761,0.9266978706454322,0.015771784744319554,0.006070762068760671,0.05145958254148761,0.9266978706454322,0.015771784744319554,0.0,2.9286459242272582,46.313565915506445,-0.8975971204586037,0.030398605013471018,0.0266361442362294,0.05990503880022599,0.020626432391138337,0.03342228999872929,-0.13259392777418394,0.13503173178969774,0.13503173178969774,-0.13259392777418394,0.0012189020077568806,0.0,24.888656949848155,42.155926340885344,-57.31907223162125,56.749053033394375,49.43502417163472
FOLD_20240101,2024-01-30,False,86.19437762279267,38.2732131865705,47.92116443622217,0.004822906064620162,86.60844060732215,38.60722760418814,-0.051252256544703355,-0.24404766391473487,0.3628107279850378,0.08996675370412358,31.609665424681218,16.476778433971987,-0.08523085551920039,0.5412115080086787,0.5240236392131924,0.2599175060198917,0.26410613319330056,-0.0042307812463553175,0.014128533630525575,0.01793551346869906,0.8851508508115143,0.08278510208926106,0.011437522881154502,0.029131367005377468,0.8990260861815423,0.06040502393192573,0.0,-0.5178221179170086,85.30395797555968,1.8223047496794997,-0.006521789388509966,0.013586158021191666,0.0013024687703509837,-0.04472305389221563,-0.017953762911952813,-0.13083507870776653,0.13278370898366046,0.12974959000496375,-0.13386919768646324,-0.0020598038407497504,0.0,19.218590182694243,94.19673137141581,29.225288788704347,-18.442849818886316,38.2732131865705
FOLD_20240101,2024-01-31,False,-56.386822361129816,-47.85207379910025,-8.534748562029563,-0.0008876770644691175,-56.337008107615326,-47.56129036864304,0.07914998599024053,-0.16910300159177674,0.12896423950466296,0.12168042886558708,-29.448108476518176,20.852208426132098,-0.17981768858620825,0.5282857833694856,0.5127628370658438,0.25495825811036604,0.2578045789554777,-0.0028750343745832514,0.007048353223074066,0.02708389769106921,0.9165245971061184,0.04934315197973826,0.007048353223074066,0.02708389769106921,0.9165245971061184,0.04934315197973826,0.0,-0.8987983453347441,-57.0690069759339,1.6307972136533273,-0.00815164906254879,-0.025575981855079293,-0.040875854865093875,-0.013516160626836252,-0.012647132481843189,-0.1281901123054978,0.12999729798734225,0.12753296512761078,-0.13065444516522925,-0.0015607400188092364,0.0,-23.98882993550251,-62.12620360653273,33.35071718040308,-33.54349819262643,-47.85207379910025
FOLD_20240101,2024-02-01,False,-2.774417970495051,3.8506837416498456,-6.625101712144897,-0.0006695917367979413,-2.6749672028485882,4.153348124726112,0.05156574281475433,-0.21179274621533647,0.1510165104603373,0.09087163686045055,0.9846761393281648,-7.814938505786604,0.0019470388837353398,0.525687875971844,0.5093317368278065,0.2559175323256732,0.25341420450213326,0.0025285754478966563,0.0041764457876281025,0.04151873215197747,0.9275169614830869,0.02678786057730751,0.0041764457876281025,0.04151873215197747,0.9275169614830869,0.02678786057730751,0.0,0.4730409014660113,-2.842802404163379,-0.30520570015122284,0.01089093579462549,0.00822114395971244,0.004387136545772184,0.003971405877680702,0.006341154090044394,-0.1279850225022177,0.12899645268137636,0.12899645268137636,-0.1279850225022177,0.0005057150895793206,0.0,1.9335150788720057,-3.070037255047282,-12.492017891516298,10.797647107838202,3.8506837416498456
FOLD_20240101,2024-02-02,False,21.112697378423036,18.178630737869753,2.934066640553283,0.0002918606212504724,21.204133834449237,18.43877928581167,0.08473544934357906,-0.20232820191230746,0.17617190537111407,0.05782034602988628,10.738745609031001,-8.012020108563119,0.03862904816968919,0.5237196217557117,0.5033064817934074,0.24727438338894903,0.2560320984044584,-0.008846019551736231,0.0053639366702190605,0.021083931142260155,0.8892230248865711,0.08432910730094967,0.005187442218841128,0.02412111571866554,0.8949145779163988,0.07577686414609448,0.0,0.30228824609150345,21.851488864572836,-0.9496432762150976,0.0023023292516500897,0.0014928223020708807,0.02669885532493836,0.008306962025316418,-0.001512287334593686,-0.1284222403174377,0.12488383249674322,0.12488383249674322,-0.1284222403174377,-0.0017692039103472481,0.0,9.132434859766363,24.25397917151895,-12.175538282150228,12.050421411295247,18.178630737869753
FOLD_20240101,2024-02-03,False,-54.392276089580264,-35.531692772130555,-18.86058331744971,-0.001985041305508405,-54.230926754989476,-35.25580055784184,0.16410352128147074,-0.18280400516236855,0.3254528558718185,0.093088209127164,-23.084861938450253,4.209974813515594,-0.10023907221299386,0.5172992952362586,0.5081788983596103,0.2447567222623522,0.26342217609725804,-0.018853376019516907,0.005349898174715206,0.017678588828652458,0.8601955183971032,0.11677599459952924,0.005349898174715206,0.017678588828652458,0.8601955183971032,0.11677599459952924,0.0,-0.16301656965621497,-52.857856283535384,-1.2100539017978758,-0.004932153938776456,-0.005602738538868311,-0.02539679376687563,0.017653981953707352,-0.0065631705162185125,-0.12227575747924146,0.12361045595063802,0.12361045595063802,-0.13337081857824562,-0.010427711863305862,0.0,-17.832562902376594,-61.10335320786908,-12.843325399915557,-9.928865478674197,-35.531692772130555
FOLD_20240101,2024-02-04,False,17.96705028712495,-4.571811123232692,22.53886141035764,0.002281288481725367,18.401713867900195,-4.219426585694591,0.015341516532741803,-0.28104638594828885,0.4500050973090449,0.07133815159018478,2.3209792034946637,20.297740541654992,0.002420708445134926,0.5329613275717028,0.5156997079568377,0.2539279785175931,0.2617717294392448,-0.007922619806199458,0.004079119309565948,0.024791312039253978,0.9035119234465414,0.06761764520463864,0.004089933042464222,0.024730786096394702,0.9031433211293609,0.06803595973178017,0.0,-0.6724351406989495,16.932555146435707,2.141593862163443,-0.009473390268307973,-0.003028493988766169,-0.02385041607884028,-0.030840400925212053,-0.004827849066192419,-0.13109225657940823,0.12982762673236417,0.12665359660663797,-0.13109225657940823,-0.0022193299863851306,0.0,-2.2997727164256503,18.546234381801696,29.739902393805096,-27.93190906990276,-4.571811123232692
FOLD_20240101,2024-02-05,False,-16.013373292749748,-6.460212700194461,-9.553160592555287,-0.0009756403170780564,-9.280631163044324,-2.4835309432867145,0.0006559292120889443,-0.2685127582278373,6.733398058916501,3.7081689986787136,-2.7923935088124545,-3.989297435765847,-0.015409275179309581,0.4579528609960556,0.4386549395201742,0.2191896898622256,0.21946524965794864,-0.0002781538480578511,0.0035368087244340707,0.035021566652616395,0.9237733375371625,0.03766828708578706,0.0035368087244340707,0.035021566652616395,0.9237733375371625,0.03766828708578706,0.0,0.17886514787911678,-9.318458932659816,-0.14103737826362514,0.002946020171075942,0.005314871149340822,-0.0002304026810494378,0.005966587112171843,-0.0005106600280862807,0.11062654392272506,-0.10968082936594137,0.11062654392272506,-0.11144245619261942,-0.00040795613494718115,0.0,-3.2485166946280515,-17.40154544712641,-3.2994836664001923,4.535269414725917,-6.460212700194461
FOLD_20240101,2024-02-06,False,-5.570443065813379,7.570999833376845,-13.141442899190224,-0.0013327666697212368,-5.388440638628144,7.863098892174761,0.07259951856371849,-0.2522505839024451,0.2546019457502776,0.03984847489565476,1.512673226956552,-14.766272095819728,0.002059338060273973,0.4543488892075482,0.431939957447866,0.20940695155702088,0.22253300589084513,-0.013258299089954888,0.004581557464757413,0.018008986409262476,0.8536521415004253,0.12375731462555481,0.004136317195732849,0.02525923281971383,0.8835356713700651,0.08706877861448828,0.0,0.5503316541404842,-5.3321985891121555,-0.6065737036564649,0.009065078833392283,0.03132064971653158,0.015419586646135242,-0.0017793594306050055,0.0029377953761656403,0.10272558427087264,-0.10681579306627437,0.10879113847377378,-0.11288134726917551,-0.0050778814991514305,0.0,3.808227889792761,-6.022662777264486,-7.9969584454047435,21.255131091158546,7.570999833376845
FOLD_20240101,2024-02-07,False,27.675655121043746,45.45915092504583,-17.783495804002087,-0.0017957279509904817,28.162115322694913,45.78482637602745,0.019981781629861344,-0.28634867515118656,0.5064419832818364,0.03932677583127452,18.12039098370538,-35.75514890405467,0.012046867016741689,0.4457664780488822,0.40994530043628374,0.1923620281649062,0.21758327227137755,-0.0254746975912496,0.004689020399628374,0.017506819997261766,0.8463086566899136,0.13149550291319628,0.004689020399628374,0.017506819997261766,0.8463086566899136,0.13149550291319628,0.0,0.9014725298996257,33.94276886312597,-6.682126070330687,0.03001511201695517,0.02210259177444661,0.04291535565069373,0.01723113487819356,0.02101375445746305,0.08956810514905295,-0.10265139034089404,0.10403513592575925,-0.11711842111760035,0.0006918727924325975,0.0,22.860090317433787,39.73364144624975,-52.777867346236235,51.180297462356975,45.45915092504583
FOLD_20240101,2024-02-08,False,34.4667365122059,30.41090119013097,4.055835322074927,0.00041273345212108556,34.69059449362301,30.62883228645169,0.23976710339955898,-0.16798857073137202,0.4636250848160136,0.04994252558941633,13.907815574670787,-9.798044121329767,-0.04800924616971625,0.4464640554361138,0.4111955438811409,0.18689691500929137,0.2242986288718495,-0.0377777401671794,0.006222701794946217,0.009188968960862435,0.6935961077815657,0.29099222146262577,0.005165229052107682,0.014924124109015401,0.79889135257816,0.18101929426071697,0.0,0.21957838284089903,37.112261469080565,-2.641245358298448,0.021081194375643583,-0.0016456662061001984,0.017053266729314048,0.002141744548286801,-0.003492578271173786,0.08756048382727738,-0.09994058862676913,0.10121544016417741,-0.11359554496366916,-0.013017530568195892,0.0,15.259670876266682,46.36763745812641,-16.09553432246139,14.130228524682025,30.41090119013097
FOLD_20240101,2024-02-09,False,15.278075466521841,49.8030823242334,-34.52500685771156,-0.0034577680654410254,15.638879196405563,50.13756827035514,0.18938388281504231,-0.26041816317937955,0.5501876126978271,0.07406778294180918,13.68116265726938,-48.1450925082199,-0.03475922299904845,0.4407544833155933,0.38769456235978617,0.17201827476486092,0.21567628759492524,-0.044096561214374434,0.005631870378323467,0.013177440540134013,0.7857213703870678,0.19546931869447473,0.005631870378323467,0.013177440540134013,0.7857213703870678,0.19546931869447473,0.0,0.8324739509353495,29.06776775774488,-14.261362512274676,0.04004264269964496,0.027485375285058088,0.039428510294789894,0.021760248688556416,0.02152960320440605,0.07486333970027792,-0.09719322783469508,0.09831965794361489,-0.12064954607803205,0.0005632150544598964,0.0,24.947191307041066,36.84292387484493,-74.2336719340401,62.85265928838817,49.8030823242334
FOLD_20240101,2024-02-10,False,36.43659060334721,31.897592483901462,4.5389981194457505,0.000468905892217401,37.641661946352265,32.83422440946815,0.15694108184290007,-0.34204526852307054,1.3620124248481393,0.5945866570430163,16.050798057919135,-11.084237908095796,-0.15912261293922725,0.5072940139448893,0.4994298696938721,0.22106584366328838,0.27836402603058363,-0.05786903120876556,0.006607303754181837,0.010733967752970086,0.741018200863035,0.241640527629813,0.006607303754181837,0.010733967752970086,0.741018200863035,0.241640527629813,0.0,0.16170571783193874,37.27897148463894,0.2009847438813825,0.013698804564428946,0.005251116766984687,0.021408587763045828,-0.004183304810800493,-0.002083078054160072,0.11163413635128552,-0.13076334468026396,0.11163413635128552,-0.13076334468026396,-0.019610614550808692,0.0,15.944384297330544,49.06697805067779,-2.8246489413395466,14.465461165531451,31.897592483901462
FOLD_20240101,2024-02-11,False,-13.576384107083868,-8.615341440850898,-4.96104266623297,-0.0005062477051663518,-13.289256692403821,-8.183472283845235,0.004023928194289025,-0.3858548385780212,0.2911513428737286,0.04601431842819494,-5.038803326544932,-0.1104419073258986,0.04346082531223953,0.5240263516220165,0.5150892199133459,0.2352204534738039,0.2798687664395418,-0.045097991475836076,0.0052528083046021745,0.019691131703440567,0.8711820047340124,0.10387405525794477,0.006120498827940214,0.013953167594206952,0.7877990010217982,0.1921273325560546,0.0,-0.002927475901454934,-12.676512880782468,-0.6098163357198982,0.011043327527299524,0.0025278483291001374,-0.015353468729674535,0.004009929348863835,-0.002701375245579543,0.11879474610657988,-0.13361911128075518,0.11879474610657988,-0.13361911128075518,-0.015449261127485467,0.0,-4.30025487633975,-16.310434222181357,-2.4904524276698794,-0.8663959304340096,-8.615341440850898
FOLD_20240101,2024-02-12,False,37.89178906588131,70.82463543684571,-32.9328463709644,-0.003251605481283449,41.1382684013526,73.53378812925715,0.07687876494919471,-0.3901603412790005,3.3233581004203154,2.318992351132641,30.98103931738925,-63.11603325566866,-0.2605257896251471,0.4513006539527918,0.44053925213213513,0.2059621651320597,0.23457708700007543,-0.02889433176202938,0.003928124258529286,0.03654097708113765,0.9228332209184169,0.0366976777419161,0.005425045731064994,0.02111834925544755,0.8306338193605576,0.14282278565292983,0.0,1.7654291106541387,52.166700976453384,-12.793861685754909,0.03438322438237541,0.06379888847662263,0.04240591710471235,0.011791555724610086,0.013666584585077565,0.10398663950928846,-0.01606210691941682,0.10398663950928846,-0.11897211906977054,-0.10183338479141896,0.0,35.352074849941346,58.077274078765186,-89.63440118478684,83.12997503214501,70.82463543684571
FOLD_20240101,2024-02-13,False,28.532298878084475,4.938384050523382,23.593914827561093,0.0023562096657020254,28.685511157322736,5.416631032445055,0.19293370198150533,-0.32893764598230246,0.34614598121837403,0.1493093359400565,7.310834178563471,16.09137130005351,-0.13332535373930215,0.4460733904490147,0.43640504231539395,0.21592159961065815,0.2204834427047358,-0.004607763024122108,0.004396092450705713,0.03176959039265315,0.9174404890886516,0.04639382806798961,0.004897149498104779,0.026582883146353084,0.8751692854696521,0.09335068188589007,0.0,-0.5561780583459444,27.717943262326564,1.5237459533421143,-0.005831318162163952,-0.010118587748182936,0.0026775434431423393,-0.013721804511278144,-0.01554718814526908,0.10838811121556773,0.0013188637604369324,0.10838811121556773,-0.11695246552100065,-0.10575038369469385,0.0,2.449650735794421,31.729186975011544,14.526788769982886,-22.246638544158486,4.938384050523382
FOLD_20240101,2024-02-14,False,6.770435366257516,56.350077234063065,-49.57964186780555,-0.0048916751649720714,6.792965315179892,56.866716572057626,0.32461750052286065,-0.407629033548841,0.347147449445563,0.10901030444671979,20.488007633216718,-70.38890630609897,-0.17285258399545445,0.4710349740591779,0.45721340710071157,0.23168409477163007,0.22552931232908152,0.0062167370364830665,0.00351174454640657,0.05689145133024609,0.923875675739539,0.01572112838380834,0.0040204769168563775,0.04576188974016286,0.9059902788758423,0.044227354467138456,0.0,5.017128567528154,3.1534270350678426,-1.3775902874160864,0.04316887185858316,0.05143214366901568,0.0419963860676678,0.026110158185629756,0.05626156693399147,0.11585572190215333,0.002304803914507938,0.11585572190215333,-0.11655339660919407,-0.11124611407313746,0.0,28.021242113212793,3.6565159975361894,-29.93861731407742,109.22017841624438,56.350077234063065
FOLD_20240101,2024-02-15,False,-79.0184358475799,-35.494006613003876,-43.52442923457602,-0.004640847457557055,-79.37597011215604,-35.039544410359674,0.5844930893300883,-0.2764684051978491,0.22695882475537862,0.17799379744688185,-28.42095926154874,-16.507835074730213,0.5923686344825927,0.4691118495585328,0.45957330144813474,0.22941567021206308,0.2301576312360717,-0.0007494386521405411,0.005942056267102869,0.025800441254696403,0.9108988615537076,0.05735864092449316,0.005942056267102869,0.025800441254696403,0.9108988615537076,0.05735864092449316,0.0,0.38577026728818836,-76.79853298544141,-2.9632073940028203,0.0018375895149303587,0.017671116876565217,-0.028720069023842346,0.04327637444279344,-0.0024529844644317466,0.11525052324895847,0.0012267196517597259,0.11525052324895847,-0.11968012085637819,-0.11279708394543901,0.0,-17.604796382878703,-84.14330512555716,-49.26164750297721,13.727758303264636,-35.494006613003876
FOLD_20240101,2024-02-16,False,-38.32293052051864,-27.31090252410104,-11.0120279964176,-0.0011858421658630558,-38.29286468506941,-26.74903938306203,0.5100262947539813,-0.3733829958356695,0.5400921302039616,0.1884801452029726,-16.135782929495438,4.112392120090692,0.4795655073973667,0.43269252108930334,0.42492142416810663,0.2089644589696638,0.21595696519844282,-0.007062754957807407,0.006582980414023276,0.018308169574822106,0.879771162219723,0.09533768779143177,0.006582980414023276,0.018308169574822106,0.879771162219723,0.09533768779143177,0.0,-0.18421855253406627,-37.52568203294973,-0.5829640995856237,0.0049574006496834995,-0.007573853033967216,-0.030070625071460584,0.005162898344311935,0.00620608899297427,0.10509411125972468,0.0008755535154328719,0.10509411125972468,-0.11478352676383073,-0.10334300422885892,0.0,-13.563530779978464,-42.63870417272847,-5.213578441258505,-11.690923830956308,-27.31090252410104
FOLD_20240101,2024-02-17,False,35.15738966079516,-0.5942803559373715,35.75167001673253,0.0035928194431252645,35.69766144526088,0.32909263694491564,-0.35335088830601297,-0.8803321806105799,0.18692089615909144,0.04304081227263035,6.739249546328502,28.91752147943832,-0.2882022174508726,0.41831158072238694,0.41162076319966834,0.19887799652087051,0.21274276667879785,-0.014004554744118367,0.009165602931405448,0.012334760033570912,0.8261216429786407,0.15237799405638297,0.008748776836747327,0.013298847101702382,0.8347804846928426,0.14317189136870767,0.0,-0.49649961192084624,31.706509871494077,4.487651185687642,-0.008840192103068445,-0.005248323105465975,-0.012078346028291692,-0.026567481402763042,-0.026765972303037476,0.10012393482852919,0.0006352144440253113,0.10012393482852919,-0.11603413290472349,-0.09885350594047856,0.0,-0.2964455062519846,37.435910493131814,31.17161602856868,-39.759210677455485,-0.5942803559373715
FOLD_20240101,2024-02-18,False,6.057074568989265,30.786856381761027,-24.729781812771762,-0.002439196459741842,6.5012951085210275,31.6730535211682,0.045368654257386676,-0.7308010381664237,0.4895891937887749,0.15539610124115286,11.37854203221827,-36.3168119939374,-0.23348845092804124,0.4468068292693838,0.4388494745326726,0.21603796169905762,0.22281151283361497,-0.00684163473116868,0.0076900472228002,0.01911138052742072,0.8966236132146987,0.07657495903508038,0.007966337064916017,0.017594521150551684,0.8804848106439933,0.093954331140539,0.0,0.9569830373702173,7.204012220585096,-1.6597001494342818,0.009408414960617765,0.03404481203978353,0.0316573044021002,0.014919941775836946,0.019371039100801273,0.10866143313284499,0.0008865770011392021,0.10866143313284499,-0.11816279886743127,-0.10688827913056659,0.0,15.314551949886663,7.87506215950998,-16.478410406016337,53.94144548327495,30.786856381761027
FOLD_20240101,2024-02-19,False,-59.587914681469556,-18.275781273410757,-41.3121334080588,-0.004348002155632053,-57.38701134856519,-15.8493838039097,1.5148374016544977,-0.13277084501686032,3.7157407345603906,2.2936266244825942,-15.622662668959153,-26.456304689435303,0.5413398137389531,0.5102309293604129,0.5025475016388273,0.2530046280654045,0.24954287357342272,0.003495418802284267,0.011615550508509487,0.014027602920313608,0.8689478967179215,0.10540894985325543,0.011615550508509487,0.014027602920313608,0.8689478967179215,0.10540894985325543,0.0,0.4962617658208792,-57.88327311438608,0.0,-0.007496435743741556,0.022799088452693385,-0.004982339386282572,0.009501613481534749,0.052082111436950136,0.12738296139998903,0.12738296139998903,0.0006990837604568525,-0.12598479387907532,-0.12598479387907532,0.0,-9.07627591569144,-69.43169669376039,-1.5801434869172226,34.16533778584926,-18.275781273410757
FOLD_20240101,2024-02-20,False,97.86703377102822,44.76222941054766,53.10480436048056,0.0054032157075528725,97.87540004491842,45.366450865373224,0.37066068496550053,-0.5315931579472705,0.3790269588552263,0.07262829687700001,35.58586945537476,18.28200060732042,-1.3589208831499826,0.5528349695415842,0.5433870825709652,0.27415633206475004,0.2692307505062153,0.004975144667473674,0.011753487836723697,0.019872905793678463,0.9141193012836486,0.05425430508594925,0.011750374363549107,0.019740967659678088,0.9130997081235174,0.055408949853255424,0.0,-0.3663522114554162,98.24175225637384,0.0,0.00983712273331068,0.023342173267226134,-0.03078587587292218,-0.0008879417510212323,-0.03902330248634188,0.13795998515202235,0.13795998515202235,0.0009950289334947312,-0.13596992728503288,-0.13596992728503288,0.0,22.25171104090805,107.94080871609367,0.0,-20.848534181448485,44.76222941054766
FOLD_20240101,2024-02-21,False,24.466361341163065,-12.08608957231445,36.552450913477514,0.0036400287570360623,24.792252281860943,-11.537919965306356,-0.07512474433056116,-0.47865570650037126,0.25076619636553243,0.06951390050686032,1.0907282389679462,35.33059580445262,-0.09115179625327992,0.5676306114344765,0.5557634107815618,0.28175981288118346,0.2740035979003784,0.007834364329003973,0.009124108986951152,0.030841118862255577,0.9329937451757876,0.027041026975005693,0.009124108986951152,0.030841118862255577,0.9329937451757876,0.027041026975005693,0.0,-1.5736936831763606,26.3659459650373,0.0,-0.008416327139309086,-0.0167253783673619,-0.032049744450799895,-0.025239957340917153,-0.018911706694512198,0.1415159346421689,0.1415159346421689,0.0015668728658007965,-0.13838218891056733,-0.13838218891056733,0.0,-5.996960026392117,28.10123428627594,0.0,-53.29384141315677,-12.08608957231445
FOLD_20240101,2024-02-22,False,10.699748893635842,-10.490438004442694,21.190186898078537,0.0021066862672798827,9.867680668878355,-9.974898701448012,0.9651955051982511,-0.2333794212109136,0.13312728043995542,0.28215988178238083,-1.4353656379890747,21.277899177449605,4.583086583268048e-05,0.5728446730000049,0.5546296619618812,0.28512363594568146,0.26950602601619983,0.0157751542843812,0.007345109975452568,0.053716198113144174,0.9284491978593729,0.010489494052030417,0.007345109975452568,0.053716198113144174,0.9284491978593729,0.010489494052030417,0.0,-1.7322233412844392,11.599904010162797,0.0,-0.010450630412105763,0.0019311785918910782,-0.02984178421654594,-0.01276440554339899,-0.004139072847682156,0.14242241053578217,0.14242241053578217,0.003155030856876231,-0.1361123488220297,-0.1361123488220297,0.0,-5.207238780671105,13.489098747442767,0.0,-35.01739310267658,-10.490438004442694
FOLD_20240101,2024-02-23,False,-27.475130616277966,-29.25205408769034,1.776923471412374,0.00015912307275536657,-28.33942610808893,-28.956803237996073,0.910025962763551,-0.2577968150268868,0.045730470953378045,0.03745403466818976,-15.794116021035233,16.18891390956456,0.22257924137781596,0.5714244647646586,0.551737537333016,0.28460330494632574,0.26713423238669026,0.017645447511235146,0.008337716554958408,0.0599819560112889,0.9229650287557056,0.00871529867804702,0.008337716554958408,0.0599819560112889,0.9229650287557056,0.00871529867804702,0.0,-1.7167207644257063,-26.622705343663227,0.0,-0.010455779224448491,-0.015779577036022865,-0.01577773629763525,-0.012005910602142502,0.005106281914262128,0.14197384381560288,0.14197384381560288,0.003529089502247029,-0.1349156648111088,-0.1349156648111088,0.0,-14.526644764684534,-27.878186866708347,0.0,-30.647262709504503,-29.25205408769034
FOLD_20240101,2024-02-24,False,8.780706770374309,34.15313853432781,-25.3724317639535,-0.002501441142180059,7.619517340864245,34.26915818671313,1.3757763356830974,-0.08422678382377052,0.21458690617321724,0.031792868562050526,12.548682341323648,-39.039219259119136,-0.15910392805340368,0.5639684962420128,0.5366628465502812,0.28188012590123107,0.2547827206490502,0.027370530136191784,0.00723937353443771,0.09405118230658074,0.8943299435097017,0.0043795006492797495,0.00723937353443771,0.09405118230658074,0.8943299435097017,0.0043795006492797495,0.0,6.2535604353616066,1.3659569055026424,0.0,0.015798189597966215,0.023151692459123893,0.03830989289600026,0.019255935688913768,0.01866729678638939,0.1396235975536936,0.1396235975536936,0.0054741060272383655,-0.1286753854992169,-0.1286753854992169,0.0,16.982118085483307,3.0444887291869236,0.0,65.36027528295926,34.15313853432781
FOLD_20240101,2024-02-25,False,68.60631219698735,45.06936966757894,23.536942529408407,0.0023791667051465118,68.21549640276801,46.27659650229693,0.5757838778055,-1.127358483083197,0.1849680835880163,0.07986835163551399,30.11781436629474,-7.599223614253517,-0.5796908515701493,0.56964102611759,0.5526235336803643,0.2833939452495642,0.2692295884308002,0.014307167200864168,0.012583327971046332,0.049372516459780566,0.9255564315278765,0.012487724041296664,0.012583327971046332,0.049372516459780566,0.9255564315278765,0.012487724041296664,0.0,0.934583243925793,67.28091315884222,0.0,0.0034912167113164768,0.040181583746985286,-0.005623864411993672,-0.004218635363169422,-0.0009278589654373767,0.1416948981693543,0.1416948981693543,0.0028614334401728366,-0.13597203128900862,-0.13597203128900862,0.0,22.371764871326377,73.57131143358492,0.0,16.118114481267185,45.06936966757894
FOLD_20240101,2024-02-26,False,-2.5855670266355446,52.33783746365407,-54.92340449028961,-0.0053875453192249135,-0.32670389803785094,55.1010228843803,1.539461602244237,-0.6608928413981038,3.798324730841223,2.102292579327811,18.391061952150576,-73.60771733816097,-0.2110713964077486,0.5672101239761917,0.5478127715199647,0.2826167615277768,0.2651960099921879,0.017590098213932225,0.015577487341961738,0.05725872966059144,0.9160333762704328,0.01113040672701394,0.015577487341961738,0.05725872966059144,0.9160333762704328,0.01113040672701394,0.0,6.700656844404124,-7.027360742441974,0.0,0.05374883853906086,0.02098299587340842,0.06492903824587178,0.014919874746730512,0.03598792663106577,0.14092302608335136,0.14092302608335136,-0.13388698679777847,-0.13388698679777847,0.0035180196427864394,0.0,25.92472339348751,-10.26087540811568,0.0,115.05515523937174,52.33783746365407
FOLD_20240101,2024-02-27,False,26.53176286386588,72.4253206623307,-45.893557798464826,-0.00443198422148647,26.169065687500396,74.34888693920685,0.6832321406854386,-1.7188100403495707,0.32053496431933554,0.20475623652694297,30.203772715835587,-77.72603206532018,-0.6575619022218994,0.5578964544477945,0.5453776309521693,0.2770371905081521,0.2683404404440173,0.008784317042474381,0.021659714245838235,0.030256150817919665,0.9151868956755335,0.03289723926070856,0.021659714245838235,0.030256150817919665,0.9151868956755335,0.03289723926070856,0.0,3.697447738969247,22.471617948531147,0.0,0.046107085176474015,0.020668136596535717,-0.014761420582467906,0.06515426497277664,0.09345584939489018,0.1390348977598249,0.1390348977598249,-0.13552117094283514,-0.13552117094283514,0.0017568634084948844,0.0,35.781122268706895,25.095254593348727,0.0,120.44585664334772,72.4253206623307
FOLD_20240101,2024-02-28,False,77.70942101785295,155.12938610750643,-77.41996508965349,-0.007300763688628487,77.58987404932054,157.09625753770308,0.7056204908558699,-1.7410620274934,0.5860735223241288,0.2258094027034555,60.95510009543513,-138.40738719225064,-2.0540963915669925,0.5283370288320933,0.517131745986022,0.2622860023342205,0.25484574365180146,0.007514977555663626,0.08529210529692832,0.004824056207950889,0.49441941778660037,0.4154644207085204,0.028790199680273146,0.027406294366070266,0.8680367521273828,0.07576675382627365,0.0,6.207252022624271,71.38262202669628,0.0,0.09447955110209207,0.04374422187981505,0.10428837329303575,-0.020787186914295434,0.19051035048165604,0.13170850833024014,0.13170850833024014,-0.1287025173079747,-0.1287025173079747,0.0015029955111327202,0.0,76.37423032684092,82.68513184868425,0.0,229.21862259562113,155.12938610750643
FOLD_20240101,2024-02-29,False,-129.25841949591086,-71.09808150605386,-58.160337989857,-0.006504594214628095,-129.9553475669099,-68.85166641481129,1.4357240411474954,-1.7420964525318245,0.7387959701507664,0.5043186387095263,-40.663626473281795,-22.92063360211495,2.480578923298141,0.4977990648175765,0.48825196956933165,0.24700399246186142,0.24124797710747023,0.005813735685485729,0.19291801121710372,0.0018671850869768376,0.234942780200449,0.5702720234954705,0.04124993000814364,0.025467497939968452,0.8199755485534846,0.11330702349840317,0.0,0.6351291545828768,-130.59047672149276,0.0,-0.01891423667373295,-0.012170241662852951,0.052685157371249354,0.021402470854358757,0.011104415942153736,0.12415907942011983,0.12415907942011983,-0.12183358514592554,-0.12183358514592554,0.0011627471370971505,0.0,-34.75407157059999,-158.14913259938294,0.0,19.681046170260743,-71.09808150605386
FOLD_20240101,2024-03-01,False,-4.42901018453631,63.80486619244584,-68.23387637698215,-0.0065674065120428764,-5.149018222072728,65.13822544350843,1.2644962373358426,-1.2230790666388849,0.544488199799568,0.11028018442373426,13.201192085762797,-82.58142695345589,-0.9070087978880869,0.4686298026745293,0.4596473614945672,0.2325244526609012,0.22712290883366607,0.005455809804117901,0.2273163054100933,0.0023704879517636272,0.26014041607969257,0.5101727905584504,0.05720945272515353,0.02348639170943403,0.7719566547840191,0.1473475007813933,0.0,3.2216241512446855,-8.37064237331743,0.0,0.019582435050257516,0.02784444650345361,0.028274069024556453,0.026405451448041007,0.1941086327260344,0.11688466017842644,0.11688466017842644,-0.11470233625677928,-0.11470233625677928,0.001091161960823578,0.0,31.286492209173957,-9.49106818132168,0.0,141.41397583722755,63.80486619244584
FOLD_20240101,2024-03-02,False,-87.02053233447623,-47.3552724168203,-39.66525991765593,-0.004412422233627485,-88.43717171954047,-46.29526794773282,1.973440990595146,-0.9094945858870263,0.5568016055309718,0.15050988319951789,-19.615849470874814,-25.05787942126552,2.5318251203326736,0.4390289141893981,0.43077671461990114,0.21781708207451853,0.2129596325453826,0.004906243206227321,0.4887001393623762,0.0005271872296595809,0.06887809668710657,0.44189457672085763,0.08692489652699344,0.02190526152150187,0.7235377849719513,0.16763205697955338,0.0,0.7461941992955947,-89.18336591883606,0.0,-0.007004491454072218,-0.0036639729680216318,0.004424744652148871,0.06738589211618252,0.015186082988735156,0.10951191638703815,0.10951191638703815,-0.10754941910454723,-0.10754941910454723,0.0009812486412454674,0.0,-23.158299797345535,-120.4218122930015,0.0,31.470079468765107,-47.3552724168203
FOLD_20240101,2024-03-03,True,-5.940514145666384,-4.543776891534435,-1.3967372541319492,-0.00015941508749017146,0.0,0.0,0.0,0.0,5.940514145666125,4.543776891535165,0.0,0.0,-0.0,0.0,0.0,0.0,0.0,0.0,0.6499960806294458,0.00014800993071032028,0.02370741978329913,0.3261484896565448,0.12594103060475972,0.02039766555637864,0.6750453809370746,0.1786159229017871,0.0,0.0,0.0,0.0,0.0,0.0,0.0,0.0,0.0,0.0,0.0,0.0,0.0,0.0,0.0,-2.2213892913678137,-7.959302582170494,0.0,-3.29614478361691,-4.543776891534435
