block,available_us,label_end_us,symbol,scaled_next_return,trend_seed2001,trend_seed2002,trend_seed2003,cpd_seed2001,cpd_seed2002,cpd_seed2003
2023-01-01,1672531200000000,1672617600000000,BTCUSDT,0.19157611420491763,0.02892833761870861,-0.018828749656677246,-0.008895456790924072,0.01992839202284813,-0.00980435311794281,-0.012011930346488953
2023-01-01,1672531200000000,1672617600000000,ETHUSDT,0.09263360790597025,0.016120953485369682,0.02245005965232849,-0.032651737332344055,-0.00041917338967323303,0.03411044180393219,-0.018979087471961975
2023-01-01,1672531200000000,1672617600000000,DOGEUSDT,-0.00247112530330966,-0.027989162132143974,-0.043782129883766174,-0.0882878452539444,-0.045981429517269135,-0.03503847122192383,-0.10588546097278595
2023-01-01,1672617600000000,1672704000000000,BTCUSDT,0.14843856795278745,0.04063579440116882,-0.019472837448120117,-0.0030929744243621826,0.029986463487148285,-0.004956290125846863,-0.0011813342571258545
2023-01-01,1672617600000000,1672704000000000,ETHUSDT,0.3226852985661295,0.02539731375873089,0.025833919644355774,-0.029933035373687744,0.007057310082018375,0.04041376709938049,-0.012489080429077148
2023-01-01,1672617600000000,1672704000000000,DOGEUSDT,0.2889813541567483,-0.024256570264697075,-0.037860989570617676,-0.08988210558891296,-0.04450074955821037,-0.03307284414768219,-0.11639155447483063
2023-01-01,1672704000000000,1672790400000000,BTCUSDT,0.003238710393044446,0.04783514887094498,-0.01506604254245758,0.0014294981956481934,0.037533797323703766,0.0007429271936416626,0.0033362507820129395
2023-01-01,1672704000000000,1672790400000000,ETHUSDT,0.02440505114798618,0.03806964308023453,0.031128153204917908,-0.026086509227752686,0.01934792473912239,0.05019116401672363,-0.0038784295320510864
2023-01-01,1672704000000000,1672790400000000,DOGEUSDT,-0.2232908990377612,-0.019931674003601074,-0.03715631365776062,-0.0921608954668045,-0.041619881987571716,-0.028671994805336,-0.11375729739665985
2023-01-01,1672790400000000,1672876800000000,BTCUSDT,0.47992331173764374,0.05834120512008667,-0.006880775094032288,0.007032662630081177,0.04714532941579819,0.008741065859794617,0.006449192762374878
2023-01-01,1672790400000000,1672876800000000,ETHUSDT,1.0453190595092126,0.04381980746984482,0.040302783250808716,-0.022327303886413574,0.02535446360707283,0.057183489203453064,-0.0041666179895401
2023-01-01,1672790400000000,1672876800000000,DOGEUSDT,0.6764722349260078,-0.013992201536893845,-0.03259792923927307,-0.08871334791183472,-0.0391550213098526,-0.0307919979095459,-0.12133024632930756
2023-01-01,1672876800000000,1672963200000000,BTCUSDT,-0.05029941399798721,0.07455596327781677,-0.0043327659368515015,0.015575483441352844,0.06008617952466011,0.01848675310611725,0.02152709662914276
2023-01-01,1672876800000000,1672963200000000,ETHUSDT,-0.12701361905597988,0.06964630633592606,0.04491433501243591,-0.015578821301460266,0.048344336450099945,0.07410033047199249,0.019510142505168915
2023-01-01,1672876800000000,1672963200000000,DOGEUSDT,-0.4014364018174717,-0.011409478262066841,-0.03671906888484955,-0.09385630488395691,-0.03703511506319046,-0.023782551288604736,-0.11105075478553772
2023-01-01,1672963200000000,1673049600000000,BTCUSDT,0.3357377163436075,0.06106743961572647,-0.0010811984539031982,0.014638781547546387,0.04756142944097519,0.015828937292099,0.014799542725086212
2023-01-01,1672963200000000,1673049600000000,ETHUSDT,0.42630925705791145,0.03720533102750778,0.05159638822078705,-0.023384302854537964,0.019808463752269745,0.06804312765598297,-0.0017824023962020874
2023-01-01,1672963200000000,1673049600000000,DOGEUSDT,0.2342070147969993,-0.01827595941722393,-0.032767340540885925,-0.090818390250206,-0.04564280807971954,-0.03305716812610626,-0.1294943243265152
2023-01-01,1673049600000000,1673136000000000,BTCUSDT,-0.020574915809770826,0.06640834361314774,-0.010475829243659973,0.025239557027816772,0.05232895165681839,0.0107039213180542,0.03406500071287155
2023-01-01,1673049600000000,1673136000000000,ETHUSDT,-0.11939397137854812,0.03377131372690201,0.04460960626602173,-0.020113274455070496,0.01537593174725771,0.06382700800895691,0.014188505709171295
2023-01-01,1673049600000000,1673136000000000,DOGEUSDT,-0.05219564507296067,-0.027539273723959923,-0.04412827640771866,-0.09451165795326233,-0.054593078792095184,-0.038224056363105774,-0.12389771640300751
2023-01-01,1673136000000000,1673222400000000,BTCUSDT,0.5395861035281468,0.06854911148548126,-0.007606580853462219,0.03679722547531128,0.0577252097427845,0.012803390622138977,0.04480632394552231
2023-01-01,1673136000000000,1673222400000000,ETHUSDT,0.6477477927435868,0.022595232352614403,0.05049234628677368,-0.020006239414215088,0.007559829391539097,0.06573525071144104,0.01268574595451355
2023-01-01,1673136000000000,1673222400000000,DOGEUSDT,0.38052113660021447,-0.0230496097356081,-0.0401625782251358,-0.08908599615097046,-0.04915331304073334,-0.03735308349132538,-0.12421481311321259
2023-01-01,1673222400000000,1673308800000000,BTCUSDT,0.12908147859706712,0.09655074775218964,-0.008943215012550354,0.06725889444351196,0.08280988037586212,0.022022679448127747,0.08540952950716019
2023-01-01,1673222400000000,1673308800000000,ETHUSDT,0.7563752996894653,0.04470062255859375,0.057245656847953796,-0.010056450963020325,0.0288672037422657,0.07906073331832886,0.03756445646286011
2023-01-01,1673222400000000,1673308800000000,DOGEUSDT,0.5423280485254586,-0.023834941908717155,-0.04138155281543732,-0.08961719274520874,-0.048729512840509415,-0.03328990936279297,-0.11795099079608917
2023-01-01,1673308800000000,1673395200000000,BTCUSDT,0.7535294513305121,0.10004247725009918,0.0017019063234329224,0.10108455270528793,0.08578133583068848,0.03727768361568451,0.11949621140956879
2023-01-01,1673308800000000,1673395200000000,ETHUSDT,0.36385476233508157,0.05401144176721573,0.07451678812503815,0.0011675655841827393,0.04124089330434799,0.09644876420497894,0.05688853561878204
2023-01-01,1673308800000000,1673395200000000,DOGEUSDT,0.5701136647934174,-0.03525582700967789,-0.043691352009773254,-0.0911690890789032,-0.05694150924682617,-0.03440538048744202,-0.11725248396396637
2023-01-01,1673395200000000,1673481600000000,BTCUSDT,1.4631150599070966,0.13413769006729126,0.0062010884284973145,0.1402508169412613,0.11475282162427902,0.05182097852230072,0.16828399896621704
2023-01-01,1673395200000000,1673481600000000,ETHUSDT,1.315819126427028,0.04066355526447296,0.08114708960056305,-0.00654950737953186,0.031400687992572784,0.10114215314388275,0.05193191021680832
2023-01-01,1673395200000000,1673481600000000,DOGEUSDT,0.07419689789951525,-0.04260093718767166,-0.03572465479373932,-0.08891481161117554,-0.06229037791490555,-0.025597810745239258,-0.11369974911212921
2023-01-01,1673481600000000,1673568000000000,BTCUSDT,2.4895599706778624,0.14751438796520233,0.004080191254615784,0.1498980075120926,0.12978167831897736,0.05053462088108063,0.19462814927101135
2023-01-01,1673481600000000,1673568000000000,ETHUSDT,0.6178959360734629,0.042286716401576996,0.07455234229564667,-0.018875107169151306,0.03612920641899109,0.0946623831987381,0.05468495190143585
2023-01-01,1673481600000000,1673568000000000,DOGEUSDT,0.5494422703025725,-0.057498812675476074,-0.029564350843429565,-0.08973048627376556,-0.07676079124212265,-0.02511759102344513,-0.12169180810451508
2023-01-01,1673568000000000,1673654400000000,BTCUSDT,2.655016398194976,0.18099604547023773,0.002242758870124817,0.14890310168266296,0.16531994938850403,0.04186926782131195,0.21500353515148163
2023-01-01,1673568000000000,1673654400000000,ETHUSDT,0.8107365921919221,0.014879865571856499,0.07470043003559113,-0.029831111431121826,0.01200224831700325,0.08861561119556427,0.03853430598974228
2023-01-01,1673568000000000,1673654400000000,DOGEUSDT,1.090393999018868,-0.05348576605319977,-0.028980284929275513,-0.0846872478723526,-0.07171420007944107,-0.018683359026908875,-0.10548754036426544
2023-01-01,1673654400000000,1673740800000000,BTCUSDT,2.2186120505737543,0.18470792472362518,0.013865172863006592,0.11049550026655197,0.16847537457942963,0.03853054344654083,0.1840743124485016
2023-01-01,1673654400000000,1673740800000000,ETHUSDT,2.259403121040848,0.00508952746167779,0.06616921722888947,-0.049649834632873535,0.0032634418457746506,0.07441158592700958,0.019482366740703583
2023-01-01,1673654400000000,1673740800000000,DOGEUSDT,0.6754061525280407,-0.05461346358060837,-0.02955193817615509,-0.08416980504989624,-0.07026996463537216,-0.014546886086463928,-0.09525763988494873
2023-01-01,1673740800000000,1673827200000000,BTCUSDT,-0.155246658482829,0.15293172001838684,0.023929819464683533,0.052587732672691345,0.1345590502023697,0.035399988293647766,0.11419588327407837
2023-01-01,1673740800000000,1673827200000000,ETHUSDT,0.06468182931343573,0.034949205815792084,0.05119241774082184,-0.06472904980182648,0.024906840175390244,0.0584913045167923,0.0011787265539169312
2023-01-01,1673740800000000,1673827200000000,DOGEUSDT,-0.27710142157133105,-0.05430404841899872,-0.017217442393302917,-0.08425530791282654,-0.06828726083040237,-0.00787709653377533,-0.09640850126743317
2023-01-01,1673827200000000,1673913600000000,BTCUSDT,0.602811310423471,0.060968466103076935,0.043015822768211365,-0.03142479062080383,0.05268525332212448,0.038568660616874695,0.002604559063911438
2023-01-01,1673827200000000,1673913600000000,ETHUSDT,0.48467852293841884,-0.014909932389855385,0.061303138732910156,-0.11058345437049866,-0.021093271672725677,0.05660490691661835,-0.07013413310050964
2023-01-01,1673827200000000,1673913600000000,DOGEUSDT,-0.5918103222961256,-0.053248435258865356,-0.008796945214271545,-0.08814002573490143,-0.06993434578180313,-0.013179942965507507,-0.10920555889606476
2023-01-01,1673913600000000,1674000000000000,BTCUSDT,-0.11323592374299657,0.032108791172504425,0.0215139240026474,-0.06692290306091309,0.030718281865119934,0.01809149980545044,-0.03440813720226288
2023-01-01,1673913600000000,1674000000000000,ETHUSDT,-0.23114715087846843,-0.02438095025718212,0.046742409467697144,-0.12741312384605408,-0.02722211182117462,0.04089181125164032,-0.09477894008159637
2023-01-01,1673913600000000,1674000000000000,DOGEUSDT,-0.2225811418186699,-0.04671534150838852,-0.013181015849113464,-0.08811326324939728,-0.06783317774534225,-0.024975284934043884,-0.10998126864433289
2023-01-01,1674000000000000,1674086400000000,BTCUSDT,-0.9047297518925896,0.012787813320755959,0.022219285368919373,-0.0986388623714447,0.012556166388094425,0.012304872274398804,-0.06223545968532562
2023-01-01,1674000000000000,1674086400000000,ETHUSDT,-1.1340523776745401,-0.03697863221168518,0.041008174419403076,-0.142913818359375,-0.039355285465717316,0.028701141476631165,-0.11656992137432098
2023-01-01,1674000000000000,1674086400000000,DOGEUSDT,-0.7423892837911995,-0.05245443433523178,-0.02374240756034851,-0.09053179621696472,-0.07460900396108627,-0.03308160603046417,-0.1030336320400238
2023-01-01,1674086400000000,1674172800000000,BTCUSDT,0.7918020484466827,0.008946912363171577,0.018871143460273743,-0.11660611629486084,0.0016084397211670876,-0.000814974308013916,-0.06695206463336945
2023-01-01,1674086400000000,1674172800000000,ETHUSDT,0.8444198406751052,-0.03810342401266098,0.02933649718761444,-0.1499650776386261,-0.04822041094303131,0.007270142436027527,-0.117912158370018
2023-01-01,1674086400000000,1674172800000000,DOGEUSDT,0.4383160568843842,-0.046716220676898956,-0.0282718688249588,-0.09012885391712189,-0.07125458121299744,-0.04553994536399841,-0.10421542823314667
2023-01-01,1674172800000000,1674259200000000,BTCUSDT,3.2241540934993242,-0.019683806225657463,-0.005354017019271851,-0.12769007682800293,-0.016247563064098358,-0.013620719313621521,-0.06628631055355072
2023-01-01,1674172800000000,1674259200000000,ETHUSDT,2.271498377621273,-0.06503911316394806,0.010791853070259094,-0.16649305820465088,-0.06688179075717926,0.0013382285833358765,-0.11776955425739288
2023-01-01,1674172800000000,1674259200000000,DOGEUSDT,1.2449187355803835,-0.06670016795396805,-0.04374144971370697,-0.0928809642791748,-0.08737499266862869,-0.04494428634643555,-0.0893639624118805
2023-01-01,1674259200000000,1674345600000000,BTCUSDT,0.20300160996877592,-0.022654442116618156,-0.06544674932956696,-0.12542039155960083,-0.011263404972851276,-0.04679325222969055,-0.07151730358600616
2023-01-01,1674259200000000,1674345600000000,ETHUSDT,-0.5871802097460913,-0.057845838367938995,-0.016999825835227966,-0.1702602505683899,-0.055804744362831116,-0.011273160576820374,-0.1239011138677597
2023-01-01,1674259200000000,1674345600000000,DOGEUSDT,-0.3815067491213539,-0.07659129053354263,-0.054233357310295105,-0.08933347463607788,-0.09158693253993988,-0.045677363872528076,-0.07750067114830017
2023-01-01,1674345600000000,1674432000000000,BTCUSDT,-0.13136199808995155,-0.006448863074183464,-0.004634842276573181,-0.1315997838973999,0.0029684165492653847,-0.0027643442153930664,-0.08948110044002533
2023-01-01,1674345600000000,1674432000000000,ETHUSDT,0.009777288577395977,-0.03951321542263031,0.02236779034137726,-0.17344877123832703,-0.04398970678448677,0.009663596749305725,-0.12330590188503265
2023-01-01,1674345600000000,1674432000000000,DOGEUSDT,0.9276247327980726,-0.059343352913856506,-0.02399440109729767,-0.09127223491668701,-0.0747365653514862,-0.033097848296165466,-0.09117589890956879
2023-01-01,1674432000000000,1674518400000000,BTCUSDT,0.3603623747162046,-0.013335688039660454,0.006101056933403015,-0.11717775464057922,-0.00761388149112463,0.0035669803619384766,-0.07964248955249786
2023-01-01,1674432000000000,1674518400000000,ETHUSDT,-0.02414599849990609,-0.0572725385427475,0.01819203794002533,-0.176270991563797,-0.06090226024389267,0.008894488215446472,-0.1161489337682724
2023-01-01,1674432000000000,1674518400000000,DOGEUSDT,0.08036768394817272,-0.07507781684398651,-0.03867912292480469,-0.09294643998146057,-0.08891875296831131,-0.03394724428653717,-0.08164362609386444
2023-01-01,1674518400000000,1674604800000000,BTCUSDT,-0.49748605812533847,-0.03781113773584366,-0.002607181668281555,-0.11715614795684814,-0.02864667773246765,-0.0011803507804870605,-0.08321879804134369
2023-01-01,1674518400000000,1674604800000000,ETHUSDT,-1.4036955824353947,-0.0631893128156662,0.016393408179283142,-0.17357951402664185,-0.06814435869455338,0.008818820118904114,-0.11117644608020782
2023-01-01,1674518400000000,1674604800000000,DOGEUSDT,-1.195903123478225,-0.06852263957262039,-0.020863190293312073,-0.09756012260913849,-0.08312016725540161,-0.02369154989719391,-0.0910550057888031
2023-01-01,1674604800000000,1674691200000000,BTCUSDT,0.7685548279280676,-0.03573296219110489,0.011812552809715271,-0.09698903560638428,-0.035547710955142975,0.0033046454191207886,-0.06543390452861786
2023-01-01,1674604800000000,1674691200000000,ETHUSDT,1.1185361032063865,-0.025699472054839134,0.026056215167045593,-0.13538306951522827,-0.04766907915472984,0.002609148621559143,-0.07590050995349884
2023-01-01,1674604800000000,1674691200000000,DOGEUSDT,0.7154278087937279,-0.03601260483264923,-0.011590763926506042,-0.09256070852279663,-0.05933665484189987,-0.03383658826351166,-0.09111206233501434
2023-01-01,1674691200000000,1674777600000000,BTCUSDT,-0.1034866543864834,-0.07498671114444733,-0.012029960751533508,-0.10434868931770325,-0.06374957412481308,-0.00915074348449707,-0.07045064866542816
2023-01-01,1674691200000000,1674777600000000,ETHUSDT,-0.20923285077899054,-0.0807378888130188,-0.004820376634597778,-0.14418521523475647,-0.08819397538900375,-0.005678355693817139,-0.08151803910732269
2023-01-01,1674691200000000,1674777600000000,DOGEUSDT,-0.0546235214845921,-0.06515289098024368,-0.03620930016040802,-0.09644360840320587,-0.08428104966878891,-0.03598693013191223,-0.07450957596302032
2023-01-01,1674777600000000,1674864000000000,BTCUSDT,0.1184777423952115,-0.0656193345785141,0.0029445290565490723,-0.09726934134960175,-0.05981136113405228,-0.0011217296123504639,-0.06445017457008362
2023-01-01,1674777600000000,1674864000000000,ETHUSDT,-0.07193395413427721,-0.04994525760412216,0.015190869569778442,-0.12793302536010742,-0.0627671554684639,0.006102845072746277,-0.07300339639186859
2023-01-01,1674777600000000,1674864000000000,DOGEUSDT,0.24120094127318115,-0.05792167782783508,-0.023339465260505676,-0.09873412549495697,-0.07640421390533447,-0.030550435185432434,-0.07975699007511139
2023-01-01,1674864000000000,1674950400000000,BTCUSDT,-0.09463649592816657,-0.0814819261431694,-0.00013406574726104736,-0.09812352061271667,-0.07426270097494125,-0.002797350287437439,-0.06311056017875671
2023-01-01,1674864000000000,1674950400000000,ETHUSDT,-0.5185052376791945,-0.050280891358852386,0.015728875994682312,-0.11784800887107849,-0.06430230289697647,0.00767160952091217,-0.0640735775232315
2023-01-01,1674864000000000,1674950400000000,DOGEUSDT,0.1199563734018835,-0.05733068287372589,-0.02440570294857025,-0.09486319124698639,-0.07397706806659698,-0.028529122471809387,-0.0719294548034668
2023-01-01,1674950400000000,1675036800000000,BTCUSDT,1.337734756407054,-0.08685331791639328,0.004032149910926819,-0.09619826078414917,-0.08175058662891388,-0.0010910481214523315,-0.06014680862426758
2023-01-01,1674950400000000,1675036800000000,ETHUSDT,1.5421045008960323,-0.037093065679073334,0.020154684782028198,-0.103558748960495,-0.056668564677238464,0.005675718188285828,-0.05309079587459564
2023-01-01,1674950400000000,1675036800000000,DOGEUSDT,0.6552527186864027,-0.05446232855319977,-0.020177766680717468,-0.09531198441982269,-0.07039357721805573,-0.026981830596923828,-0.07244743406772614
2023-01-01,1675036800000000,1675123200000000,BTCUSDT,-1.6450083256896946,-0.12937796115875244,-0.03370635211467743,-0.11739370226860046,-0.1103910356760025,-0.02096669375896454,-0.07903353869915009
2023-01-01,1675036800000000,1675123200000000,ETHUSDT,-1.5609355445255666,-0.07859387993812561,-0.017406359314918518,-0.11687111854553223,-0.08548062294721603,-0.009985491633415222,-0.06326976418495178
2023-01-01,1675036800000000,1675123200000000,DOGEUSDT,-0.49351034178366326,-0.053703390061855316,-0.024054870009422302,-0.08955249190330505,-0.06818857043981552,-0.025837525725364685,-0.062267422676086426
2023-01-01,1675123200000000,1675209600000000,BTCUSDT,0.5332059628864799,-0.05140858143568039,0.01732441782951355,-0.07888269424438477,-0.062360987067222595,-0.0011270791292190552,-0.03920823335647583
2023-01-01,1675123200000000,1675209600000000,ETHUSDT,0.38042000072503107,0.0013072695583105087,0.021270468831062317,-0.08401072025299072,-0.02857319638133049,0.0001042783260345459,-0.04189339280128479
2023-01-01,1675123200000000,1675209600000000,DOGEUSDT,2.1526461825722913,-0.03224671632051468,-0.0058732181787490845,-0.09152638912200928,-0.05043141543865204,-0.02182544767856598,-0.07144922018051147
2023-01-01,1675209600000000,1675296000000000,BTCUSDT,1.0894299870471105,-0.11455459892749786,-0.009852603077888489,-0.10035419464111328,-0.10897668451070786,-0.010158553719520569,-0.05351953208446503
2023-01-01,1675209600000000,1675296000000000,ETHUSDT,1.1348923668740285,-0.04224536567926407,0.007044538855552673,-0.08905503153800964,-0.062429361045360565,0.002514362335205078,-0.04297378659248352
2023-01-01,1675209600000000,1675296000000000,DOGEUSDT,-0.49028499574473594,-0.04126805067062378,-0.04552171379327774,-0.08089275658130646,-0.059170350432395935,-0.0386616587638855,-0.043764278292655945
2023-01-01,1675296000000000,1675382400000000,BTCUSDT,-0.4139000158577404,-0.12736639380455017,-0.026325300335884094,-0.10795894265174866,-0.11435980349779129,-0.015322640538215637,-0.05994051694869995
2023-01-01,1675296000000000,1675382400000000,ETHUSDT,0.03880593497914089,-0.04981733858585358,-0.0035344213247299194,-0.08538047969341278,-0.0642479881644249,0.0037865489721298218,-0.04264816641807556
2023-01-01,1675296000000000,1675382400000000,DOGEUSDT,-0.7652235049352003,-0.01873161457479,0.002399757504463196,-0.08569024503231049,-0.03616353124380112,-0.015561029314994812,-0.06530758738517761
2023-01-01,1675382400000000,1675468800000000,BTCUSDT,-0.12176553655597076,-0.07767640799283981,0.005460336804389954,-0.0925493985414505,-0.0798526406288147,0.006502330303192139,-0.043426886200904846
2023-01-01,1675382400000000,1675468800000000,ETHUSDT,0.3894684306992067,-0.02290877141058445,0.018717065453529358,-0.07668603956699371,-0.04288226738572121,0.017380759119987488,-0.04202905297279358
2023-01-01,1675382400000000,1675468800000000,DOGEUSDT,0.5098543781647056,-0.004364052787423134,0.006656035780906677,-0.08488354086875916,-0.028268177062273026,-0.017399728298187256,-0.0657062977552414
2023-01-01,1675468800000000,1675555200000000,BTCUSDT,-0.18490529230886849,-0.06560409069061279,0.007686212658882141,-0.08248955011367798,-0.07364305108785629,0.012682721018791199,-0.026611223816871643
2023-01-01,1675468800000000,1675555200000000,ETHUSDT,0.05430850257406819,-0.02269417978823185,0.017843469977378845,-0.0704420804977417,-0.04289092868566513,0.020209625363349915,-0.03770717978477478
2023-01-01,1675468800000000,1675555200000000,DOGEUSDT,0.6939769480161754,-0.017320813611149788,-0.00761924684047699,-0.08987168967723846,-0.04177048057317734,-0.016746655106544495,-0.05630329251289368
2023-01-01,1675555200000000,1675641600000000,BTCUSDT,-0.7253129522897059,-0.03924822062253952,0.011767342686653137,-0.0717763900756836,-0.05586855113506317,0.01867195963859558,-0.010461300611495972
2023-01-01,1675555200000000,1675641600000000,ETHUSDT,-0.7480388609603035,-0.005284370854496956,0.026034891605377197,-0.0629844069480896,-0.03161020204424858,0.028025344014167786,-0.03431789577007294
2023-01-01,1675555200000000,1675641600000000,DOGEUSDT,-0.9238158254051698,-0.014064116403460503,-0.005603209137916565,-0.09086427092552185,-0.03840360417962074,-0.009398072957992554,-0.052684977650642395
2023-01-01,1675641600000000,1675728000000000,BTCUSDT,-0.3220662995227671,-0.003347991034388542,0.020218968391418457,-0.05099606513977051,-0.03144475072622299,0.016975492238998413,0.00906495749950409
2023-01-01,1675641600000000,1675728000000000,ETHUSDT,-0.3088087796707075,0.027519183233380318,0.034669533371925354,-0.04374814033508301,-0.009389824233949184,0.023923620581626892,-0.02524089813232422
2023-01-01,1675641600000000,1675728000000000,DOGEUSDT,-0.6483474471518063,0.01083056814968586,0.012253716588020325,-0.08407922089099884,-0.017199724912643433,-0.010373085737228394,-0.06342871487140656
2023-01-01,1675728000000000,1675814400000000,BTCUSDT,0.9122765836738207,-0.0028197932988405228,0.011706814169883728,-0.043168991804122925,-0.03299315646290779,0.010762408375740051,0.017191775143146515
2023-01-01,1675728000000000,1675814400000000,ETHUSDT,1.1855637286222591,0.024407463148236275,0.02681337296962738,-0.04110234975814819,-0.01405578013509512,0.018804028630256653,-0.0231352299451828
2023-01-01,1675728000000000,1675814400000000,DOGEUSDT,0.8031306866269247,0.00961528904736042,0.0036599338054656982,-0.0838947743177414,-0.022101618349552155,-0.019741132855415344,-0.06021244823932648
2023-01-01,1675814400000000,1675900800000000,BTCUSDT,-0.5260657050835073,-0.039932332932949066,-0.02030821144580841,-0.04896038770675659,-0.05968908220529556,-0.003880634903907776,0.011965259909629822
2023-01-01,1675814400000000,1675900800000000,ETHUSDT,-0.4091999716825486,-0.01678808219730854,-0.00635276734828949,-0.05471767485141754,-0.0445573627948761,0.007700070738792419,-0.03093339502811432
2023-01-01,1675814400000000,1675900800000000,DOGEUSDT,-0.6182198818675967,-0.015892820432782173,-0.021476492285728455,-0.09082242846488953,-0.0437789261341095,-0.026930108666419983,-0.05059957504272461
2023-01-01,1675900800000000,1675987200000000,BTCUSDT,-2.241662088773217,-0.010194623842835426,-0.0004940778017044067,-0.034601181745529175,-0.03830358386039734,0.000253334641456604,0.0114421546459198
2023-01-01,1675900800000000,1675987200000000,ETHUSDT,-2.1836650326403153,0.004624800756573677,0.01227039098739624,-0.050474390387535095,-0.02871064841747284,0.009051471948623657,-0.039243876934051514
2023-01-01,1675900800000000,1675987200000000,DOGEUSDT,-2.366220794354907,-0.004471646621823311,-0.005683049559593201,-0.08978459239006042,-0.03281620889902115,-0.025623440742492676,-0.06432738900184631
2023-01-01,1675987200000000,1676073600000000,BTCUSDT,-0.32983088230755353,0.06795970350503922,0.00852404534816742,0.005227819085121155,0.017364732921123505,-0.02063000202178955,0.032978422939777374
2023-01-01,1675987200000000,1676073600000000,ETHUSDT,-0.6698416389001155,0.07400109618902206,0.014903485774993896,-0.015173256397247314,0.02278594672679901,-0.01587115228176117,-0.01840747892856598
2023-01-01,1675987200000000,1676073600000000,DOGEUSDT,-0.1784093935564334,0.04596029967069626,-0.011012747883796692,-0.06601491570472717,0.0076360637322068214,-0.05104093253612518,-0.05756254494190216
2023-01-01,1676073600000000,1676160000000000,BTCUSDT,0.4486454290788463,0.037025198340415955,0.0018285959959030151,0.0013337880373001099,-0.007722585462033749,-0.007917851209640503,0.02889733761548996
2023-01-01,1676073600000000,1676160000000000,ETHUSDT,0.5398881241583238,0.055981650948524475,0.015591546893119812,-0.018890678882598877,0.006180779077112675,-0.004010528326034546,-0.014462277293205261
2023-01-01,1676073600000000,1676160000000000,DOGEUSDT,0.40548970877019025,0.010954136028885841,-0.021360233426094055,-0.08060652017593384,-0.026962630450725555,-0.039917752146720886,-0.05371491611003876
2023-01-01,1676160000000000,1676246400000000,BTCUSDT,-0.15522550700403928,0.007372187450528145,-0.01631118357181549,-0.011843279004096985,-0.02959190309047699,-0.006892189383506775,0.012424975633621216
2023-01-01,1676160000000000,1676246400000000,ETHUSDT,-0.4905196581579471,0.010347472503781319,-0.007691130042076111,-0.043594226241111755,-0.02918727695941925,-0.004080146551132202,-0.03193402290344238
2023-01-01,1676160000000000,1676246400000000,DOGEUSDT,-0.03129616887149748,-0.010285289958119392,-0.03446705639362335,-0.09229651093482971,-0.0428004264831543,-0.037938132882118225,-0.06149761378765106
2023-01-01,1676246400000000,1676332800000000,BTCUSDT,-0.009667666177747947,0.013881953433156013,-0.01028798520565033,-0.014336913824081421,-0.024577803909778595,-0.0033991634845733643,0.0008863061666488647
2023-01-01,1676246400000000,1676332800000000,ETHUSDT,-0.20969458851226094,0.024394890293478966,0.0009077936410903931,-0.04420521855354309,-0.017781086266040802,-0.0038745254278182983,-0.03928731381893158
2023-01-01,1676246400000000,1676332800000000,DOGEUSDT,-0.026070779552020782,-0.008997056633234024,-0.024283036589622498,-0.09362031519412994,-0.039754822850227356,-0.027644440531730652,-0.07111836969852448
2023-01-01,1676332800000000,1676419200000000,BTCUSDT,0.8450121138558244,0.00842067040503025,-0.010536223649978638,-0.019495785236358643,-0.028615642338991165,-3.680586814880371e-05,-0.0073827654123306274
2023-01-01,1676332800000000,1676419200000000,ETHUSDT,1.1137528461851764,0.015499191358685493,-0.0011535733938217163,-0.05238519608974457,-0.02508798986673355,-0.0022789090871810913,-0.04463301599025726
2023-01-01,1676332800000000,1676419200000000,DOGEUSDT,0.45998809682242636,-0.013038242235779762,-0.02058766782283783,-0.09692905843257904,-0.04327209293842316,-0.02269861102104187,-0.07854397594928741
2023-01-01,1676419200000000,1676505600000000,BTCUSDT,4.253616622760044,-0.01891503296792507,-0.02563968300819397,-0.03355377912521362,-0.04757636785507202,-0.00018887221813201904,-0.019139155745506287
2023-01-01,1676419200000000,1676505600000000,ETHUSDT,2.5779987538521967,-0.02505233697593212,-0.025822266936302185,-0.07474340498447418,-0.05447211116552353,-0.0050822049379348755,-0.0574796199798584
2023-01-01,1676419200000000,1676505600000000,DOGEUSDT,1.6623611228966455,-0.02792678214609623,-0.02816350758075714,-0.10321451723575592,-0.05557209998369217,-0.023324742913246155,-0.08215896785259247
2023-01-01,1676505600000000,1676592000000000,BTCUSDT,-1.18308406131742,-0.025089791044592857,-0.07183607667684555,-0.024979323148727417,-0.04641392081975937,-0.02832840383052826,-6.523728370666504e-05
2023-01-01,1676505600000000,1676592000000000,ETHUSDT,-0.6636963896688821,-0.03163541853427887,-0.04116959869861603,-0.07919541001319885,-0.05446615815162659,-0.005303472280502319,-0.05208680033683777
2023-01-01,1676505600000000,1676592000000000,DOGEUSDT,-1.1628680608440654,-0.029466116800904274,-0.03704717755317688,-0.10014699399471283,-0.05440586805343628,-0.018791720271110535,-0.06677480041980743
2023-01-01,1676592000000000,1676678400000000,BTCUSDT,1.5781094560715856,-0.0002309512346982956,-0.005030021071434021,-0.046350181102752686,-0.032287973910570145,-0.008128121495246887,-0.054394811391830444
2023-01-01,1676592000000000,1676678400000000,ETHUSDT,1.0446012331479968,-0.010079147294163704,0.0036206692457199097,-0.08893953263759613,-0.039197374135255814,0.005477115511894226,-0.08749610185623169
2023-01-01,1676592000000000,1676678400000000,DOGEUSDT,0.8001893480972483,-0.017727158963680267,-0.009916484355926514,-0.09921914339065552,-0.04493500292301178,-0.023515209555625916,-0.10627266764640808
2023-01-01,1676678400000000,1676764800000000,BTCUSDT,0.07808667568254293,-0.043368056416511536,-0.038071706891059875,-0.053619951009750366,-0.06289831548929214,-0.009965464472770691,-0.03850176930427551
2023-01-01,1676678400000000,1676764800000000,ETHUSDT,-0.04522247718810388,-0.03962651640176773,-0.016674742102622986,-0.10200756788253784,-0.06157153099775314,0.005643144249916077,-0.08095338940620422
2023-01-01,1676678400000000,1676764800000000,DOGEUSDT,0.30139336835012537,-0.04349870979785919,-0.026954039931297302,-0.10726496577262878,-0.06967040151357651,-0.018035829067230225,-0.08978572487831116
2023-01-01,1676764800000000,1676851200000000,BTCUSDT,-0.5303771609745277,-0.02976938895881176,-0.010264873504638672,-0.05517047643661499,-0.053531013429164886,0.0059684813022613525,-0.051239773631095886
2023-01-01,1676764800000000,1676851200000000,ETHUSDT,-0.2123272799771252,-0.028434088453650475,-0.0006118267774581909,-0.09950298070907593,-0.053549833595752716,0.010343983769416809,-0.08708122372627258
2023-01-01,1676764800000000,1676851200000000,DOGEUSDT,-0.5011381221619737,-0.04321131110191345,-0.017385393381118774,-0.10717979073524475,-0.0683821514248848,-0.009620562195777893,-0.09609059989452362
2023-01-01,1676851200000000,1676937600000000,BTCUSDT,0.8542314013340022,-0.00505305640399456,0.003069862723350525,-0.04272818565368652,-0.03598373383283615,0.00946110486984253,-0.04361747205257416
2023-01-01,1676851200000000,1676937600000000,ETHUSDT,0.4469604957160909,-0.015650322660803795,0.005221918225288391,-0.08950018882751465,-0.04431089758872986,0.013208597898483276,-0.07654324173927307
2023-01-01,1676851200000000,1676937600000000,DOGEUSDT,0.36852153401613125,-0.02953222580254078,-0.006721228361129761,-0.10270342230796814,-0.05771953612565994,-0.009582072496414185,-0.10363230109214783
2023-01-01,1676937600000000,1677024000000000,BTCUSDT,-0.5859843083937484,-0.042734093964099884,-0.029042840003967285,-0.045593976974487305,-0.06261418014764786,-0.0039048045873641968,-0.03665389120578766
2023-01-01,1676937600000000,1677024000000000,ETHUSDT,-0.8514147309815537,-0.03630893677473068,-0.011796966195106506,-0.09049293398857117,-0.059415362775325775,0.004942983388900757,-0.07185344398021698
2023-01-01,1676937600000000,1677024000000000,DOGEUSDT,-0.8129669551827856,-0.04745807498693466,-0.019144758582115173,-0.10893464088439941,-0.0737849622964859,-0.010465025901794434,-0.09663589298725128
2023-01-01,1677024000000000,1677110400000000,BTCUSDT,-0.4012941218688317,-0.010549886152148247,-0.004731997847557068,-0.02937394380569458,-0.040227487683296204,0.0025998950004577637,-0.03395943343639374
2023-01-01,1677024000000000,1677110400000000,ETHUSDT,-0.3377940981575207,0.0010703746229410172,0.005366101861000061,-0.06602595746517181,-0.03231597691774368,0.0022448450326919556,-0.061239272356033325
2023-01-01,1677024000000000,1677110400000000,DOGEUSDT,0.011682659264049218,-0.019906559959053993,-0.004990249872207642,-0.09507152438163757,-0.05125487595796585,-0.010808929800987244,-0.10130295157432556
2023-01-01,1677110400000000,1677196800000000,BTCUSDT,-0.3656831274926392,-0.0029224585741758347,-0.003658100962638855,-0.017701804637908936,-0.03527246043086052,0.0029742568731307983,-0.021533533930778503
2023-01-01,1677110400000000,1677196800000000,ETHUSDT,0.1545280255833099,0.0003450307995080948,0.0026559382677078247,-0.05608999729156494,-0.03424441069364548,0.002997294068336487,-0.048164770007133484
2023-01-01,1677110400000000,1677196800000000,DOGEUSDT,-0.37698119781837275,-0.030751420184969902,-0.015528783202171326,-0.09857311844825745,-0.060925960540771484,-0.012123778462409973,-0.09181807935237885
2023-01-01,1677196800000000,1677283200000000,BTCUSDT,-1.1611849885652847,-0.0010604243725538254,-0.0059904009103775024,-0.011379390954971313,-0.03469808027148247,-0.0003213733434677124,-0.015360161662101746
2023-01-01,1677196800000000,1677283200000000,ETHUSDT,-0.8668483305757708,-0.01500595174729824,-0.0068083107471466064,-0.056875407695770264,-0.04668658226728439,0.0028349608182907104,-0.04609481990337372
2023-01-01,1677196800000000,1677283200000000,DOGEUSDT,-1.0235946117742754,-0.029902564361691475,-0.0177575945854187,-0.09611375629901886,-0.0613853856921196,-0.018260255455970764,-0.09555377066135406
2023-01-01,1677283200000000,1677369600000000,BTCUSDT,-0.04628031723584066,0.032501980662345886,0.00039215385913848877,0.004476010799407959,-0.009912475012242794,-0.009843513369560242,-0.00492800772190094
2023-01-01,1677283200000000,1677369600000000,ETHUSDT,-0.283121227233205,0.01945778913795948,0.005437716841697693,-0.04076731204986572,-0.020197778940200806,-0.0004595071077346802,-0.0396837443113327
2023-01-01,1677283200000000,1677369600000000,DOGEUSDT,-0.05404522256590484,-0.013170547783374786,-0.017719551920890808,-0.08486755192279816,-0.04987814649939537,-0.02961568534374237,-0.09527723491191864
2023-01-01,1677369600000000,1677456000000000,BTCUSDT,0.6393774326936831,-0.0012168679386377335,-0.016193285584449768,-0.005679517984390259,-0.03687575086951256,-0.011596351861953735,-0.006037503480911255
2023-01-01,1677369600000000,1677456000000000,ETHUSDT,1.0042263154934947,0.008638782426714897,-3.223121166229248e-05,-0.04133182764053345,-0.029807068407535553,-0.00026702880859375,-0.036358654499053955
2023-01-01,1677369600000000,1677456000000000,DOGEUSDT,0.45998286801757404,-0.025908632203936577,-0.02588142454624176,-0.08728736639022827,-0.05997838079929352,-0.024152085185050964,-0.08581894636154175
2023-01-01,1677456000000000,1677542400000000,BTCUSDT,-0.10406696419646055,-0.0353657528758049,-0.03784918785095215,-0.02211269736289978,-0.06191417574882507,-0.015947997570037842,-0.015890344977378845
2023-01-01,1677456000000000,1677542400000000,ETHUSDT,-0.16446437909827735,-0.03555590659379959,-0.02879267930984497,-0.0606769323348999,-0.062320247292518616,-0.005410104990005493,-0.04666811227798462
2023-01-01,1677456000000000,1677542400000000,DOGEUSDT,-0.2547208204871267,-0.0442100390791893,-0.03618474304676056,-0.09695562720298767,-0.07354332506656647,-0.021153748035430908,-0.0889541357755661
2023-01-01,1677542400000000,1677628800000000,BTCUSDT,-0.5689133804904377,-0.025986971333622932,-0.025976106524467468,-0.024664461612701416,-0.05415883660316467,-0.010888993740081787,-0.021930411458015442
2023-01-01,1677542400000000,1677628800000000,ETHUSDT,-0.593106543215722,-0.01910577528178692,-0.011064141988754272,-0.058672308921813965,-0.04874000698328018,-0.0004232078790664673,-0.055256038904190063
2023-01-01,1677542400000000,1677628800000000,DOGEUSDT,-0.1686553587254099,-0.045395396649837494,-0.030834347009658813,-0.09728547930717468,-0.07529734075069427,-0.02369733154773712,-0.10249249637126923
2023-01-01,1677628800000000,1677715200000000,BTCUSDT,0.8152121831474644,-0.004952622577548027,-0.015360847115516663,-0.019250452518463135,-0.03798279911279678,-0.009347960352897644,-0.018117636442184448
2023-01-01,1677628800000000,1677715200000000,ETHUSDT,1.304641359300393,0.004144260659813881,-0.0009384006261825562,-0.05029861629009247,-0.03063809871673584,5.595386028289795e-05,-0.050264135003089905
2023-01-01,1677628800000000,1677715200000000,DOGEUSDT,0.3619212723917749,-0.044657617807388306,-0.029163524508476257,-0.0956493616104126,-0.07422055304050446,-0.021269962191581726,-0.10258165001869202
2023-01-01,1677715200000000,1677801600000000,BTCUSDT,-0.2670969431426153,-0.045549824833869934,-0.040884748101234436,-0.032688066363334656,-0.06667329370975494,-0.013784930109977722,-0.021551012992858887
2023-01-01,1677715200000000,1677801600000000,ETHUSDT,-0.3585359454296004,-0.04400324821472168,-0.032654717564582825,-0.06831936538219452,-0.06425019353628159,-0.0038038641214370728,-0.055522337555885315
2023-01-01,1677715200000000,1677801600000000,DOGEUSDT,-0.45373822652274987,-0.059821680188179016,-0.0363745391368866,-0.1019553393125534,-0.08461187034845352,-0.01817794144153595,-0.10346439480781555
2023-01-01,1677801600000000,1677888000000000,BTCUSDT,-1.8683438561425132,-0.03317021578550339,-0.026942983269691467,-0.030494123697280884,-0.05751527100801468,-0.014274999499320984,-0.02850291132926941
2023-01-01,1677801600000000,1677888000000000,ETHUSDT,-1.6766016476047412,-0.02208959124982357,-0.012734144926071167,-0.06279128789901733,-0.047240614891052246,-0.005581334233283997,-0.06713379919528961
2023-01-01,1677801600000000,1677888000000000,DOGEUSDT,-1.3047985388905572,-0.06459155678749084,-0.0395980030298233,-0.10227572917938232,-0.08918653428554535,-0.034425318241119385,-0.12000791728496552
2023-01-01,1677888000000000,1677974400000000,BTCUSDT,-0.011954979455995373,0.030317118391394615,-0.015268266201019287,-0.002791851758956909,-0.011906973086297512,-0.03430384397506714,-0.010827645659446716
2023-01-01,1677888000000000,1677974400000000,ETHUSDT,-0.06102907079012301,0.030843691900372505,-0.0076497942209243774,-0.03477960824966431,-0.009519330225884914,-0.028236329555511475,-0.0493110716342926
2023-01-01,1677888000000000,1677974400000000,DOGEUSDT,-0.8113826354365323,-0.04165879637002945,-0.043692752718925476,-0.08741030097007751,-0.07261437922716141,-0.05657003074884415,-0.12055002152919769
2023-01-01,1677974400000000,1678060800000000,BTCUSDT,0.1433420349294441,-0.019031180068850517,-0.031104296445846558,-0.017362892627716064,-0.04990836977958679,-0.029081478714942932,-0.014285728335380554
2023-01-01,1677974400000000,1678060800000000,ETHUSDT,-0.04401869133162149,-0.010307861492037773,-0.02026478946208954,-0.044340312480926514,-0.04219307005405426,-0.02289046347141266,-0.04974530637264252
2023-01-01,1677974400000000,1678060800000000,DOGEUSDT,0.04886643586228457,-0.03938542306423187,-0.051276229321956635,-0.07954268157482147,-0.06871161609888077,-0.060132429003715515,-0.11000387370586395
2023-01-01,1678060800000000,1678147200000000,BTCUSDT,-0.038680147064665285,-0.036500461399555206,-0.03854835033416748,-0.02777796983718872,-0.062264226377010345,-0.02729158103466034,-0.023087427020072937
2023-01-01,1678060800000000,1678147200000000,ETHUSDT,0.024995288498707195,-0.022123737260699272,-0.02509079873561859,-0.04904443025588989,-0.050151120871305466,-0.02283214032649994,-0.05567179620265961
2023-01-01,1678060800000000,1678147200000000,DOGEUSDT,0.01907132602484607,-0.06196395307779312,-0.0626961886882782,-0.08273464441299438,-0.08269014209508896,-0.0543232262134552,-0.10581965744495392
2023-01-01,1678147200000000,1678233600000000,BTCUSDT,-0.37070258937036266,-0.03808354586362839,-0.035152897238731384,-0.0332086980342865,-0.062825046479702,-0.022949859499931335,-0.028646692633628845
2023-01-01,1678147200000000,1678233600000000,ETHUSDT,-0.08877641953018599,-0.03152293711900711,-0.026282265782356262,-0.05353471636772156,-0.056408099830150604,-0.020660385489463806,-0.06096147000789642
2023-01-01,1678147200000000,1678233600000000,DOGEUSDT,-0.279004340993065,-0.070145383477211,-0.06221821904182434,-0.08156663179397583,-0.08630739897489548,-0.04904729127883911,-0.10870753228664398
2023-01-01,1678233600000000,1678320000000000,BTCUSDT,-0.8884116695046379,-0.024643676355481148,-0.026427090167999268,-0.032208964228630066,-0.052493833005428314,-0.01876913011074066,-0.02855539321899414
2023-01-01,1678233600000000,1678320000000000,ETHUSDT,-0.6871680727226712,-0.026883943006396294,-0.01960982382297516,-0.05444598197937012,-0.05222412943840027,-0.013422653079032898,-0.06234906613826752
2023-01-01,1678233600000000,1678320000000000,DOGEUSDT,-1.1768962448090596,-0.06785917282104492,-0.055321820080280304,-0.07571226358413696,-0.08383627235889435,-0.04552851617336273,-0.1116432398557663
2023-01-01,1678320000000000,1678406400000000,BTCUSDT,-2.4962789459670365,0.017983773723244667,-0.010553732514381409,-0.018412843346595764,-0.01926780492067337,-0.012605682015419006,-0.01738668978214264
2023-01-01,1678320000000000,1678406400000000,ETHUSDT,-2.2861347001731964,0.010182144120335579,-0.0029481351375579834,-0.042121708393096924,-0.02358066290616989,-0.006202250719070435,-0.05257374048233032
2023-01-01,1678320000000000,1678406400000000,DOGEUSDT,-2.13983495790027,-0.03495611250400543,-0.04626515507698059,-0.056467533111572266,-0.05882520228624344,-0.05442926287651062,-0.10946144163608551
2023-01-01,1678406400000000,1678492800000000,BTCUSDT,-0.38028901216110694,0.08685776591300964,-0.014933958649635315,0.006707325577735901,0.03520966321229935,-0.048835769295692444,0.0020305365324020386
2023-01-01,1678406400000000,1678492800000000,ETHUSDT,-0.25486786816728924,0.07814729958772659,-0.006205961108207703,-0.013011857867240906,0.02973157912492752,-0.039128437638282776,-0.027733787894248962
2023-01-01,1678406400000000,1678492800000000,DOGEUSDT,-0.0978090278703909,-0.0025605913251638412,-0.0575842410326004,-0.03575952351093292,-0.03600718080997467,-0.08793923258781433,-0.10358797013759613
2023-01-01,1678492800000000,1678579200000000,BTCUSDT,0.57574308874016,0.04462896287441254,-0.013592138886451721,-0.012338817119598389,0.0006427476182579994,-0.026992902159690857,-0.005326613783836365
2023-01-01,1678492800000000,1678579200000000,ETHUSDT,1.1104987805996487,0.029497483745217323,-0.009808316826820374,-0.034618109464645386,-0.011922969482839108,-0.021934345364570618,-0.03705607354640961
2023-01-01,1678492800000000,1678579200000000,DOGEUSDT,0.14751380249807672,-0.028825363144278526,-0.0587971955537796,-0.04766768217086792,-0.05485772341489792,-0.06129439175128937,-0.09745623171329498
2023-01-01,1678579200000000,1678665600000000,BTCUSDT,2.8694092811476835,-0.002493554726243019,-0.02926236391067505,-0.043380945920944214,-0.03586755692958832,-0.014558985829353333,-0.03251980245113373
2023-01-01,1678579200000000,1678665600000000,ETHUSDT,2.5589223341915557,-0.031443141400814056,-0.032314762473106384,-0.07288676500320435,-0.05833796411752701,-0.01098199188709259,-0.07029873132705688
2023-01-01,1678579200000000,1678665600000000,DOGEUSDT,1.9669699015297615,-0.036515966057777405,-0.057365261018276215,-0.05231943726539612,-0.05936963111162186,-0.0452737957239151,-0.10234010219573975
2023-01-01,1678665600000000,1678752000000000,BTCUSDT,3.3147763860332176,-0.05075664073228836,-0.0566389337182045,-0.07947519421577454,-0.06827659159898758,-0.009617984294891357,-0.057864606380462646
2023-01-01,1678665600000000,1678752000000000,ETHUSDT,1.9150721311310084,-0.06039038300514221,-0.04259622097015381,-0.09905268251895905,-0.07508987188339233,-0.0017665475606918335,-0.09109215438365936
2023-01-01,1678665600000000,1678752000000000,DOGEUSDT,0.8777401891740376,-0.04372827708721161,-0.06021624803543091,-0.07282300293445587,-0.06050228327512741,-0.019477829337120056,-0.0912446528673172
2023-01-01,1678752000000000,1678838400000000,BTCUSDT,0.6950881297921473,-0.03989551216363907,-0.041755616664886475,-0.08392998576164246,-0.05475017428398132,0.002503618597984314,-0.06205227971076965
2023-01-01,1678752000000000,1678838400000000,ETHUSDT,0.47817147272872995,-0.056664854288101196,-0.017682775855064392,-0.10738071799278259,-0.06693510711193085,0.018164828419685364,-0.1080523431301117
2023-01-01,1678752000000000,1678838400000000,DOGEUSDT,0.6968542452568599,-0.04975148290395737,-0.03675560653209686,-0.07152438163757324,-0.06502135843038559,-0.0023591816425323486,-0.10365881025791168
2023-01-01,1678838400000000,1678924800000000,BTCUSDT,-0.48126394382023163,-0.04966380447149277,-0.008461669087409973,-0.09914430975914001,-0.06553336977958679,0.02069057524204254,-0.10388652980327606
2023-01-01,1678838400000000,1678924800000000,ETHUSDT,-0.9196751921278087,-0.04673376679420471,0.006286069750785828,-0.11304143071174622,-0.05895083397626877,0.027217134833335876,-0.13289885222911835
2023-01-01,1678838400000000,1678924800000000,DOGEUSDT,-1.853278144573202,-0.054845958948135376,-0.027171418070793152,-0.07175789773464203,-0.07119137793779373,0.0033252686262130737,-0.10623443126678467
2023-01-01,1678924800000000,1679011200000000,BTCUSDT,0.8798530940372221,-0.027586249634623528,0.006237909197807312,-0.0986437201499939,-0.05052175372838974,0.01752503216266632,-0.11965112388134003
2023-01-01,1678924800000000,1679011200000000,ETHUSDT,0.42974833884601926,-0.006540132686495781,0.018059059977531433,-0.09954936802387238,-0.030673746019601822,0.013632327318191528,-0.13714779913425446
2023-01-01,1678924800000000,1679011200000000,DOGEUSDT,1.1217588093083877,-0.04307961463928223,-0.039332494139671326,-0.05222603678703308,-0.06924192607402802,-0.051846377551555634,-0.13280771672725677
2023-01-01,1679011200000000,1679097600000000,BTCUSDT,2.9347294738276335,-0.03709375113248825,-0.012146756052970886,-0.10078203678131104,-0.056600041687488556,0.01167038083076477,-0.10300333797931671
2023-01-01,1679011200000000,1679097600000000,ETHUSDT,2.2056341185424944,-0.019745683297514915,0.005403041839599609,-0.10839442908763885,-0.043586015701293945,0.012944817543029785,-0.12666825950145721
2023-01-01,1679011200000000,1679097600000000,DOGEUSDT,1.4183098565248347,-0.05446738749742508,-0.0503440797328949,-0.06655651330947876,-0.07620792090892792,-0.027870595455169678,-0.10210372507572174
2023-01-01,1679097600000000,1679184000000000,BTCUSDT,-0.4835122920987224,-0.029857086017727852,-0.052132055163383484,-0.08213281631469727,-0.049021586775779724,-0.019952058792114258,-0.06782674789428711
2023-01-01,1679097600000000,1679184000000000,ETHUSDT,-0.5146592582661886,-0.03047081269323826,-0.026169076561927795,-0.11001648008823395,-0.04977854713797569,-0.003546193242073059,-0.11010105907917023
2023-01-01,1679097600000000,1679184000000000,DOGEUSDT,-1.182210421035806,-0.050777457654476166,-0.044380441308021545,-0.07275593280792236,-0.06689489632844925,-0.015102550387382507,-0.10030189156532288
2023-01-01,1679184000000000,1679270400000000,BTCUSDT,1.0912559247105105,0.010395588353276253,0.012111440300941467,-0.08189862966537476,-0.014733581803739071,0.01186901330947876,-0.08917932212352753
2023-01-01,1679184000000000,1679270400000000,ETHUSDT,0.36972762221554717,0.022517072036862373,0.02000470459461212,-0.0923566222190857,-0.005066859535872936,0.012591719627380371,-0.11192573606967926
2023-01-01,1679184000000000,1679270400000000,DOGEUSDT,0.5520784753025664,-0.04975629597902298,-0.03576786816120148,-0.06271722912788391,-0.06892862915992737,-0.0410306453704834,-0.12959085404872894
2023-01-01,1679270400000000,1679356800000000,BTCUSDT,-0.25283665236042346,-0.00529792346060276,-0.009481996297836304,-0.07835333049297333,-0.028580445796251297,0.003775373101234436,-0.06297332048416138
2023-01-01,1679270400000000,1679356800000000,ETHUSDT,-0.8344222409228229,0.023416226729750633,0.018383696675300598,-0.08767402172088623,-0.006928178481757641,0.016874969005584717,-0.08895772695541382
2023-01-01,1679270400000000,1679356800000000,DOGEUSDT,-1.1101631656405675,-0.050416551530361176,-0.04019053280353546,-0.06666006147861481,-0.06939833611249924,-0.026173263788223267,-0.10767684876918793
2023-01-01,1679356800000000,1679443200000000,BTCUSDT,0.3975382610033529,0.02363971434533596,0.02050061523914337,-0.06973132491111755,-0.004775679670274258,0.018388375639915466,-0.05715937912464142
2023-01-01,1679356800000000,1679443200000000,ETHUSDT,1.216790462093981,0.06643407046794891,0.03506608307361603,-0.06638321280479431,0.026989541947841644,0.015458807349205017,-0.07276509702205658
2023-01-01,1679356800000000,1679443200000000,DOGEUSDT,1.9229250941749598,-0.040596604347229004,-0.03673064708709717,-0.05908842384815216,-0.06323722749948502,-0.0459345281124115,-0.12789078056812286
2023-01-01,1679443200000000,1679529600000000,BTCUSDT,-0.882588427813434,0.010946167632937431,0.007458552718162537,-0.06629863381385803,-0.01567767560482025,0.010892823338508606,-0.04175826907157898
2023-01-01,1679443200000000,1679529600000000,ETHUSDT,-1.1343350438632158,0.021048011258244514,-0.0016340315341949463,-0.08064055442810059,-0.012156757526099682,-0.00023452937602996826,-0.0628214180469513
2023-01-01,1679443200000000,1679529600000000,DOGEUSDT,-0.9028442048292536,-0.04908124357461929,-0.055506959557533264,-0.07015901803970337,-0.0652092695236206,-0.031891509890556335,-0.09173975884914398
2023-01-01,1679529600000000,1679616000000000,BTCUSDT,1.1118031479868151,0.04780081659555435,0.030564531683921814,-0.04606011509895325,0.01274107489734888,0.017310574650764465,-0.02857169508934021
2023-01-01,1679529600000000,1679616000000000,ETHUSDT,1.3962457635019252,0.08504590392112732,0.03658245503902435,-0.04958122968673706,0.04107017070055008,0.012177258729934692,-0.05007621645927429
2023-01-01,1679529600000000,1679616000000000,DOGEUSDT,1.1866922504938313,-0.05180506408214569,-0.03293134272098541,-0.06574246287345886,-0.06722473353147507,-0.038226768374443054,-0.1244690865278244
2023-01-01,1679616000000000,1679702400000000,BTCUSDT,-0.8635941899666252,-0.003200685605406761,-0.015376567840576172,-0.05366508662700653,-0.029899854212999344,-0.00631384551525116,-0.01973317563533783
2023-01-01,1679616000000000,1679702400000000,ETHUSDT,-1.06970538229154,0.030952977016568184,-0.005508825182914734,-0.06511576473712921,-0.005460149608552456,-0.0034203678369522095,-0.04229603707790375
2023-01-01,1679616000000000,1679702400000000,DOGEUSDT,-0.9130484424055518,-0.05753253400325775,-0.042574331164360046,-0.0710955560207367,-0.07088872790336609,-0.025150761008262634,-0.09745828807353973
2023-01-01,1679702400000000,1679788800000000,BTCUSDT,0.008826899137856777,0.037993498146533966,0.01770631968975067,-0.03031603991985321,0.004885115660727024,0.003633558750152588,-0.01140226423740387
2023-01-01,1679702400000000,1679788800000000,ETHUSDT,-0.13229081003488197,0.08705965429544449,0.02770461142063141,-0.03313294053077698,0.043212007731199265,0.0017039626836776733,-0.03286929428577423
2023-01-01,1679702400000000,1679788800000000,DOGEUSDT,-0.1667533739640785,-0.05432206392288208,-0.03244675695896149,-0.0692436695098877,-0.06862832605838776,-0.03956380486488342,-0.12289164960384369
2023-01-01,1679788800000000,1679875200000000,BTCUSDT,0.5412988275926226,0.010291365906596184,0.003219693899154663,-0.03213983774185181,-0.019976042211055756,-0.004185482859611511,-0.004884704947471619
2023-01-01,1679788800000000,1679875200000000,ETHUSDT,0.5505690801206465,0.06560444086790085,0.01786854863166809,-0.03454773128032684,0.022126086056232452,-0.0012093037366867065,-0.025255054235458374
2023-01-01,1679788800000000,1679875200000000,DOGEUSDT,0.11262277656267312,-0.05850429832935333,-0.04059086740016937,-0.07053560018539429,-0.07327277213335037,-0.04172658920288086,-0.11354748904705048
2023-01-01,1679875200000000,1679961600000000,BTCUSDT,-0.8958082004182988,-0.013842301443219185,-0.011057943105697632,-0.03922942280769348,-0.039601653814315796,-0.009994298219680786,-0.003980278968811035
2023-01-01,1679875200000000,1679961600000000,ETHUSDT,-1.0103241399663911,0.0387197807431221,0.002499297261238098,-0.041797980666160583,-0.0002539968118071556,-0.006508663296699524,-0.026093900203704834
2023-01-01,1679875200000000,1679961600000000,DOGEUSDT,-0.5076901473200429,-0.057204753160476685,-0.042653217911720276,-0.07112127542495728,-0.07073142379522324,-0.039258986711502075,-0.10682429373264313
2023-01-01,1679961600000000,1680048000000000,BTCUSDT,0.15060657320827728,0.02224857173860073,0.014176860451698303,-0.02461332082748413,-0.012307721190154552,-0.0016391128301620483,0.003851979970932007
2023-01-01,1679961600000000,1680048000000000,ETHUSDT,1.0308329892651695,0.07998442649841309,0.02310018241405487,-0.01991412043571472,0.03391992300748825,-0.0041261762380599976,-0.01581089198589325
2023-01-01,1679961600000000,1680048000000000,DOGEUSDT,0.33544032260566486,-0.046368226408958435,-0.038330331444740295,-0.06968118250370026,-0.06184174120426178,-0.043532565236091614,-0.11095787584781647
2023-01-01,1680048000000000,1680134400000000,BTCUSDT,1.2047495754114939,-0.011107886210083961,-0.0038007795810699463,-0.03686177730560303,-0.04058849811553955,-0.00934840738773346,0.003120437264442444
2023-01-01,1680048000000000,1680134400000000,ETHUSDT,0.34257547279572154,0.02134454809129238,-0.013144731521606445,-0.046352460980415344,-0.016806896775960922,-0.01614689826965332,-0.026132404804229736
2023-01-01,1680048000000000,1680134400000000,DOGEUSDT,0.6254503569590647,-0.05349717289209366,-0.045319780707359314,-0.07350988686084747,-0.06700941175222397,-0.03975968062877655,-0.10088123381137848
2023-01-01,1680134400000000,1680220800000000,BTCUSDT,-0.3437361165409087,-0.046117790043354034,-0.03570578992366791,-0.050701260566711426,-0.06426821649074554,-0.025951668620109558,7.66366720199585e-05
2023-01-01,1680134400000000,1680220800000000,ETHUSDT,0.0152965879430088,0.028660861775279045,-0.0010503828525543213,-0.043556585907936096,-0.006384215317666531,-0.0075651854276657104,-0.02789612114429474
2023-01-01,1680134400000000,1680220800000000,DOGEUSDT,-0.47941009585041805,-0.06002727150917053,-0.04599729925394058,-0.07450321316719055,-0.06927623599767685,-0.03621010482311249,-0.09532885253429413
2023-01-01,1680220800000000,1680307200000000,BTCUSDT,0.4784940420421902,-0.030308591201901436,-0.005966261029243469,-0.04686325788497925,-0.04975222423672676,-0.012523427605628967,-0.0030755847692489624
2023-01-01,1680220800000000,1680307200000000,ETHUSDT,0.49526488424466475,0.02789396606385708,0.0015686750411987305,-0.042575404047966,-0.00410605501383543,-0.01097029447555542,-0.029260650277137756
2023-01-01,1680220800000000,1680307200000000,DOGEUSDT,0.9927291242452146,-0.06482568383216858,-0.039833590388298035,-0.07401379942893982,-0.07396241277456284,-0.0461604967713356,-0.10714484751224518
2023-01-01,1680307200000000,1680393600000000,BTCUSDT,-0.012068426062968414,-0.06786409020423889,-0.02312593162059784,-0.057277292013168335,-0.07709577679634094,-0.019502684473991394,-0.008866041898727417
2023-01-01,1680307200000000,1680393600000000,ETHUSDT,-0.017464800513881766,0.0033165160566568375,-0.010002732276916504,-0.04775458574295044,-0.02234724536538124,-0.016461297869682312,-0.03250439465045929
2023-01-01,1680307200000000,1680393600000000,DOGEUSDT,1.7288468570869573,-0.07880356162786484,-0.05431726574897766,-0.06891529262065887,-0.08073657006025314,-0.0453476682305336,-0.08668135106563568
2023-01-01,1680393600000000,1680480000000000,BTCUSDT,-0.3123346783276749,-0.06968092918395996,-0.012661278247833252,-0.058771878480911255,-0.0782972127199173,-0.012294650077819824,-0.011363580822944641
2023-01-01,1680393600000000,1680480000000000,ETHUSDT,-0.47112568707925273,0.010688168928027153,0.0027401745319366455,-0.04326160252094269,-0.016202889382839203,-0.007876649498939514,-0.02946677803993225
2023-01-01,1680393600000000,1680480000000000,DOGEUSDT,-0.9049466792688136,-0.07745305448770523,-0.05242989957332611,-0.05883669853210449,-0.07201861590147018,-0.04002012312412262,-0.07379542291164398
2023-01-01,1680480000000000,1680566400000000,BTCUSDT,-0.4240289664914323,-0.05497603118419647,-0.0011236369609832764,-0.05350056290626526,-0.0690871849656105,-0.004555031657218933,-0.003596201539039612
2023-01-01,1680480000000000,1680566400000000,ETHUSDT,0.29659625982542087,0.0364857017993927,0.018795207142829895,-0.027680516242980957,0.0023315036669373512,0.0023369044065475464,-0.014244675636291504
2023-01-01,1680480000000000,1680566400000000,DOGEUSDT,5.623999318435631,-0.05527538061141968,-0.018727362155914307,-0.06804777681827545,-0.056039147078990936,-0.03310947120189667,-0.09693846106529236
2023-01-01,1680566400000000,1680652800000000,BTCUSDT,0.4274820717680537,-0.028170710429549217,0.010957509279251099,-0.04980020225048065,-0.051677972078323364,0.005675852298736572,0.004250749945640564
2023-01-01,1680566400000000,1680652800000000,ETHUSDT,1.1013086425520495,0.02602159045636654,0.01361905038356781,-0.0346512496471405,-0.00926057156175375,0.007293909788131714,-0.015696406364440918
2023-01-01,1680566400000000,1680652800000000,DOGEUSDT,-0.15931608715573842,-0.03710374981164932,-0.07516255229711533,-0.03354668617248535,-0.06762317568063736,-0.06879881024360657,-0.10549072921276093
2023-01-01,1680652800000000,1680739200000000,BTCUSDT,-0.0013928795095725379,-0.038988225162029266,-0.002916201949119568,-0.0581035315990448,-0.06278794258832932,0.0024762898683547974,0.0028736144304275513
2023-01-01,1680652800000000,1680739200000000,ETHUSDT,0.6889995042513876,0.011444328352808952,-0.00403749942779541,-0.041667863726615906,-0.020240113139152527,0.0021341294050216675,-0.01924411952495575
2023-01-01,1680652800000000,1680739200000000,DOGEUSDT,-0.48737148649638057,-0.04142039269208908,-0.0013340562582015991,-0.06449156999588013,-0.0028253449127078056,-0.013785287737846375,-0.11293421685695648
2023-01-01,1680739200000000,1680825600000000,BTCUSDT,-0.15478437256909822,-0.024605287238955498,0.0038073062896728516,-0.05422168970108032,-0.050769247114658356,0.0037580281496047974,0.0036257803440093994
2023-01-01,1680739200000000,1680825600000000,ETHUSDT,-0.6436696633775867,0.02261451818048954,0.004876092076301575,-0.03683166205883026,-0.006759508512914181,0.007467031478881836,-0.019079387187957764
2023-01-01,1680739200000000,1680825600000000,DOGEUSDT,-1.505517173534102,-0.034012362360954285,0.001878976821899414,-0.07025200128555298,0.014690848998725414,-0.0024919360876083374,-0.08650554716587067
2023-01-01,1680825600000000,1680912000000000,BTCUSDT,-0.15894426204692963,-0.01520192064344883,0.007124766707420349,-0.049947336316108704,-0.04514341801404953,0.00433601438999176,0.005183219909667969
2023-01-01,1680825600000000,1680912000000000,ETHUSDT,-0.15442783759921078,0.06014326959848404,0.03020225465297699,-0.017208680510520935,0.022552579641342163,0.014089256525039673,-0.010252699255943298
2023-01-01,1680825600000000,1680912000000000,DOGEUSDT,-0.7023810764292142,9.37003642320633e-05,-0.002565532922744751,-0.07206657528877258,0.0940771996974945,0.0144309401512146,-0.01116056740283966
2023-01-01,1680912000000000,1680998400000000,BTCUSDT,0.04197184955121808,0.0026499275118112564,0.0119687020778656,-0.04231354594230652,-0.032254964113235474,0.010848477482795715,0.008155882358551025
2023-01-01,1680912000000000,1680998400000000,ETHUSDT,-0.27646585051526357,0.06021789461374283,0.02853544056415558,-0.011459693312644958,0.019014708697795868,0.01648448407649994,-0.003014877438545227
2023-01-01,1680912000000000,1680998400000000,DOGEUSDT,-0.19854675503814567,0.00044726766645908356,-0.011086151003837585,-0.07742530107498169,0.10015936195850372,0.0043692439794540405,0.011220291256904602
2023-01-01,1680998400000000,1681084800000000,BTCUSDT,0.4791362810468172,-5.574710667133331e-05,0.0065169185400009155,-0.04635995626449585,-0.036075714975595474,0.0076044052839279175,0.0020489394664764404
2023-01-01,1680998400000000,1681084800000000,ETHUSDT,0.18685609834053804,0.06363517791032791,0.026823803782463074,-0.010138928890228271,0.020105943083763123,0.011442527174949646,-0.004872530698776245
2023-01-01,1680998400000000,1681084800000000,DOGEUSDT,0.4287638907483887,-0.012791892513632774,-0.022632479667663574,-0.08348043262958527,0.07609472423791885,-0.008714661002159119,0.0094156414270401
2023-01-01,1681084800000000,1681171200000000,BTCUSDT,1.6388691040973247,-0.010139100253582,-0.0047309547662734985,-0.0508996844291687,-0.04562629759311676,0.00644819438457489,-0.0013796687126159668
2023-01-01,1681084800000000,1681171200000000,ETHUSDT,0.9826215512762625,0.04678347706794739,0.014267250895500183,-0.018146082758903503,0.004278996028006077,0.006234124302864075,-0.010022386908531189
2023-01-01,1681084800000000,1681171200000000,DOGEUSDT,0.36720194973601694,-0.025619065389037132,-0.029258742928504944,-0.08584912121295929,0.03703416883945465,-0.02090609073638916,-0.014918848872184753
2023-01-01,1681171200000000,1681257600000000,BTCUSDT,0.6576182823634263,-0.03153030574321747,-0.039066389203071594,-0.058246105909347534,-0.06435849517583847,-0.010332167148590088,0.0015291571617126465
2023-01-01,1681171200000000,1681257600000000,ETHUSDT,-0.37653673047328895,0.016136759892106056,-0.011960983276367188,-0.031912460923194885,-0.020276404917240143,-0.00706230103969574,-0.018408596515655518
2023-01-01,1681171200000000,1681257600000000,DOGEUSDT,-0.15049165165986406,-0.030109906569123268,-0.02440740168094635,-0.08692911267280579,0.02003256231546402,-0.015919476747512817,-0.02419106662273407
2023-01-01,1681257600000000,1681344000000000,BTCUSDT,-0.36084039949663843,-0.021756542846560478,-0.01622389256954193,-0.058386191725730896,-0.055137552320957184,0.00658869743347168,-0.007214248180389404
2023-01-01,1681257600000000,1681344000000000,ETHUSDT,0.5382811790366085,0.04784471541643143,0.016405120491981506,-0.01879076659679413,0.00666410569101572,0.00761587917804718,-0.01673862338066101
2023-01-01,1681257600000000,1681344000000000,DOGEUSDT,-0.14934417918978257,-0.01690704934298992,-0.01100681722164154,-0.08406621217727661,0.053090713918209076,-0.0011966675519943237,-0.008412301540374756
2023-01-01,1681344000000000,1681430400000000,BTCUSDT,0.5797838405773326,-0.006307939067482948,0.005409225821495056,-0.055254802107810974,-0.04194004833698273,0.012864679098129272,-0.014070138335227966
2023-01-01,1681344000000000,1681430400000000,ETHUSDT,1.8259463418171245,0.021009063348174095,-0.003595411777496338,-0.029091328382492065,-0.01607874035835266,-0.002574548125267029,-0.01915884017944336
2023-01-01,1681344000000000,1681430400000000,DOGEUSDT,0.9416127100604639,-0.015680676326155663,-0.010624304413795471,-0.08611598610877991,0.06109485402703285,-0.00444166362285614,-0.008713513612747192
2023-01-01,1681430400000000,1681516800000000,BTCUSDT,0.10726558211774508,-0.028788285329937935,-0.016357779502868652,-0.05998852849006653,-0.061124831438064575,0.005348578095436096,-0.005075469613075256
2023-01-01,1681430400000000,1681516800000000,ETHUSDT,1.567981143390027,-0.006111918017268181,-0.04057075083255768,-0.03851664066314697,-0.037143491208553314,-0.01965188980102539,-0.01607467234134674
2023-01-01,1681430400000000,1681516800000000,SOLUSDT,0.2582373932266155,-0.026649264618754387,0.028081253170967102,-0.10091565549373627,-0.05497279763221741,0.03957122564315796,-0.06883232295513153
2023-01-01,1681430400000000,1681516800000000,XRPUSDT,0.4621613141492104,0.01278027705848217,0.0007594376802444458,-0.030766800045967102,-0.012034229002892971,0.0006787329912185669,-0.015736177563667297
2023-01-01,1681430400000000,1681516800000000,DOGEUSDT,0.3211961620604295,-0.026066677644848824,-0.02114449441432953,-0.08733710646629333,0.013147578574717045,-0.03158792853355408,-0.06177796423435211
2023-01-01,1681516800000000,1681603200000000,BTCUSDT,-0.20770324829066766,-0.028944766148924828,-0.011305779218673706,-0.05986964702606201,-0.06126347929239273,0.0071862488985061646,-0.007426753640174866
2023-01-01,1681516800000000,1681603200000000,ETHUSDT,-0.1444149422722239,-0.0035718921571969986,-0.04089176654815674,-0.03773929178714752,-0.030429136008024216,-0.01740279793739319,-0.014872327446937561
2023-01-01,1681516800000000,1681603200000000,SOLUSDT,-0.5798362456649494,-0.03855694830417633,0.02477334439754486,-0.10781989991664886,-0.06647592782974243,0.029658719897270203,-0.07975395023822784
2023-01-01,1681516800000000,1681603200000000,XRPUSDT,-0.1387396899149343,-0.0005202386528253555,-0.007311567664146423,-0.03388223052024841,-0.022352084517478943,-0.005350574851036072,-0.023393824696540833
2023-01-01,1681516800000000,1681603200000000,DOGEUSDT,0.05120695509101567,-0.022678663954138756,-0.008145853877067566,-0.09047940373420715,-0.0004752976819872856,-0.02758610248565674,-0.08405445516109467
2023-01-01,1681603200000000,1681689600000000,BTCUSDT,0.007602275166982498,-0.024487027898430824,-0.005740374326705933,-0.050999149680137634,-0.05788836628198624,0.00835639238357544,-0.002071693539619446
2023-01-01,1681603200000000,1681689600000000,ETHUSDT,0.46145301417229034,0.023777907714247704,0.005191043019294739,-0.023363232612609863,-0.007645200006663799,0.012120068073272705,-0.013974100351333618
2023-01-01,1681603200000000,1681689600000000,SOLUSDT,1.1715639885321452,-0.036838509142398834,0.023819133639335632,-0.10570889711380005,-0.06529522687196732,0.015336349606513977,-0.08875146508216858
2023-01-01,1681603200000000,1681689600000000,XRPUSDT,0.05315544117849233,0.013279220089316368,0.0033540278673171997,-0.02664768695831299,-0.014082781039178371,-0.0008362531661987305,-0.02246156334877014
2023-01-01,1681603200000000,1681689600000000,DOGEUSDT,0.3635617857206284,-0.01759997569024563,-0.003156319260597229,-0.08947795629501343,-0.016591500490903854,-0.03667481243610382,-0.10249920189380646
2023-01-01,1681689600000000,1681776000000000,BTCUSDT,-1.0795269020247829,-0.030092058703303337,-0.011362805962562561,-0.046026408672332764,-0.06275159120559692,0.006298050284385681,0.00531555712223053
2023-01-01,1681689600000000,1681776000000000,ETHUSDT,-0.7505026596417378,0.00761604867875576,-0.005186900496482849,-0.019014179706573486,-0.020339258015155792,0.010394260287284851,-0.0037236064672470093
2023-01-01,1681689600000000,1681776000000000,SOLUSDT,-0.6531262534465488,-0.0467996746301651,-0.005424663424491882,-0.10565555095672607,-0.07324076443910599,0.004800975322723389,-0.06178195774555206
2023-01-01,1681689600000000,1681776000000000,XRPUSDT,-0.44482005057678375,0.009112780913710594,0.0003179311752319336,-0.025714516639709473,-0.019184447824954987,-0.0021142810583114624,-0.023891746997833252
2023-01-01,1681689600000000,1681776000000000,DOGEUSDT,0.2262429089104807,-0.019474374130368233,-0.006478294730186462,-0.08877745270729065,-0.02798156812787056,-0.04147939383983612,-0.10810784995555878
2023-01-01,1681776000000000,1681862400000000,BTCUSDT,1.2007643963541628,0.004122106358408928,0.006568819284439087,-0.026954665780067444,-0.03497692942619324,0.0031156986951828003,0.010090619325637817
2023-01-01,1681776000000000,1681862400000000,ETHUSDT,0.5063032872406142,0.03439094126224518,0.020012065768241882,-0.0005382150411605835,-0.0010121455416083336,0.01745133101940155,0.006965726613998413
2023-01-01,1681776000000000,1681862400000000,SOLUSDT,0.21247550041438062,-0.0334475114941597,0.016418084502220154,-0.10888490080833435,-0.06100522726774216,0.004803076386451721,-0.08243562281131744
2023-01-01,1681776000000000,1681862400000000,XRPUSDT,1.014176919517987,0.03153030574321747,0.009897679090499878,-0.01592886447906494,-0.004297859035432339,0.0017906725406646729,-0.01896984875202179
2023-01-01,1681776000000000,1681862400000000,DOGEUSDT,0.649526018659276,-0.01810692809522152,-0.0049904584884643555,-0.08983570337295532,-0.0278608500957489,-0.02878303825855255,-0.10369844734668732
2023-01-01,1681862400000000,1681948800000000,BTCUSDT,-1.929930776231928,-0.06270455569028854,-0.05430509150028229,-0.044531941413879395,-0.0905672088265419,-0.025099515914916992,0.01747553050518036
2023-01-01,1681862400000000,1681948800000000,ETHUSDT,-3.0011310718511726,-0.007114453241229057,-0.009249821305274963,-0.008547067642211914,-0.03449127823114395,0.004701048135757446,0.011884808540344238
2023-01-01,1681862400000000,1681948800000000,SOLUSDT,-1.946045340043168,-0.040013834834098816,0.00545521080493927,-0.10861146450042725,-0.06620742380619049,0.00208437442779541,-0.0675865113735199
2023-01-01,1681862400000000,1681948800000000,XRPUSDT,-1.867215428560239,-0.002228284254670143,-0.016723915934562683,-0.025949686765670776,-0.030708611011505127,-0.0035338550806045532,-0.02438192069530487
2023-01-01,1681862400000000,1681948800000000,DOGEUSDT,-1.4741736714663833,-0.020697085186839104,-0.009552136063575745,-0.08772897720336914,-0.020064763724803925,-0.022253409028053284,-0.08992177248001099
2023-01-01,1681948800000000,1682035200000000,BTCUSDT,-0.6942821901836735,0.036427393555641174,0.0003634840250015259,-0.007793977856636047,-0.00649468507617712,-0.01629944145679474,0.013044744729995728
2023-01-01,1681948800000000,1682035200000000,ETHUSDT,0.15570711181381222,0.12142602354288101,0.029140427708625793,0.04481454938650131,0.06833947449922562,-0.009655103087425232,0.042084552347660065
2023-01-01,1681948800000000,1682035200000000,SOLUSDT,-0.4393383271444481,0.017777936533093452,0.011771008372306824,-0.08517087996006012,-0.01612861454486847,-0.01785886287689209,-0.0638812929391861
2023-01-01,1681948800000000,1682035200000000,XRPUSDT,-0.7429619042775558,0.08876737207174301,0.017684563994407654,0.00511014461517334,0.040662266314029694,-0.007469579577445984,-0.014959558844566345
2023-01-01,1681948800000000,1682035200000000,DOGEUSDT,-0.9649181442802579,0.026354053989052773,0.0062027424573898315,-0.07862606644630432,-0.0021638860926032066,-0.014335647225379944,-0.08588555455207825
2023-01-01,1682035200000000,1682121600000000,BTCUSDT,-1.2317792990829013,0.01995904929935932,-0.0043637752532958984,-0.011614024639129639,-0.02329282835125923,-0.01638007164001465,0.01815144717693329
2023-01-01,1682035200000000,1682121600000000,ETHUSDT,-1.5978599265417757,0.031175078824162483,-0.000665813684463501,0.007079944014549255,-0.012241157703101635,-0.012283191084861755,0.02454867959022522
2023-01-01,1682035200000000,1682121600000000,SOLUSDT,-0.9038430997414126,-0.007200637832283974,0.000519290566444397,-0.0987272560596466,-0.041571639478206635,-0.018711254000663757,-0.058401718735694885
2023-01-01,1682035200000000,1682121600000000,XRPUSDT,-1.2569115955110874,0.07549108564853668,0.011859729886054993,0.0010280311107635498,0.02437489479780197,-0.009303435683250427,-0.013011142611503601
2023-01-01,1682035200000000,1682121600000000,DOGEUSDT,-1.3995350700190852,0.02599521167576313,-0.0026829391717910767,-0.07749304175376892,-0.003975911997258663,-0.02500186860561371,-0.07545480132102966
2023-01-01,1682121600000000,1682208000000000,BTCUSDT,0.7157106486998811,0.045311473309993744,-0.002557501196861267,-0.0024096518754959106,-0.0023662960156798363,-0.024995580315589905,0.018593043088912964
2023-01-01,1682121600000000,1682208000000000,ETHUSDT,0.4397290957220047,0.09572365134954453,0.01450560986995697,0.028531663119792938,0.043455518782138824,-0.018659338355064392,0.03504838049411774
2023-01-01,1682121600000000,1682208000000000,SOLUSDT,0.5398771552241072,0.004494698718190193,-0.0009171813726425171,-0.08974568545818329,-0.031591370701789856,-0.02270658314228058,-0.05291752517223358
2023-01-01,1682121600000000,1682208000000000,XRPUSDT,1.1648822054984307,0.09272468090057373,0.007599696516990662,0.006975024938583374,0.03727386146783829,-0.02140866219997406,-0.008631899952888489
2023-01-01,1682121600000000,1682208000000000,DOGEUSDT,0.5043453646684831,0.04392259567975998,-0.008703440427780151,-0.06607505679130554,0.003055945970118046,-0.03519187867641449,-0.06381984055042267
2023-01-01,1682208000000000,1682294400000000,BTCUSDT,-0.29508512585855357,-0.016340306028723717,-0.03935098648071289,-0.03668394684791565,-0.056374162435531616,-0.03143821656703949,0.0026570558547973633
2023-01-01,1682208000000000,1682294400000000,ETHUSDT,-0.2095013560707773,0.02286812849342823,-0.018041864037513733,-0.007017925381660461,-0.022905580699443817,-0.025160714983940125,0.012537702918052673
2023-01-01,1682208000000000,1682294400000000,SOLUSDT,-0.3197976689594559,-0.024845948442816734,-0.020713642239570618,-0.10286882519721985,-0.058295831084251404,-0.021657302975654602,-0.050033897161483765
2023-01-01,1682208000000000,1682294400000000,XRPUSDT,-0.356256057978259,0.0065095629543066025,-0.040822193026542664,-0.03768038749694824,-0.033715903759002686,-0.03296796977519989,-0.041436538100242615
2023-01-01,1682208000000000,1682294400000000,DOGEUSDT,-0.40314731420416855,-0.000767761841416359,-0.030649319291114807,-0.08041831851005554,-0.026748739182949066,-0.03339412808418274,-0.05931156873703003
2023-01-01,1682294400000000,1682380800000000,BTCUSDT,-0.10250150301588577,-0.007365776225924492,-0.026469454169273376,-0.045610129833221436,-0.04806974157691002,-0.026031985878944397,-0.013610363006591797
2023-01-01,1682294400000000,1682380800000000,ETHUSDT,-0.3561788654153954,0.026226187124848366,-0.01424148678779602,-0.01461029052734375,-0.018387500196695328,-0.024082258343696594,0.0028284192085266113
2023-01-01,1682294400000000,1682380800000000,SOLUSDT,-0.09029386181338658,-0.020097186788916588,-0.011241808533668518,-0.09953248500823975,-0.052083104848861694,-0.019137203693389893,-0.0576980859041214
2023-01-01,1682294400000000,1682380800000000,XRPUSDT,-0.17620509394150563,0.020682798698544502,-0.022529572248458862,-0.04215405881404877,-0.020617064088582993,-0.0260743647813797,-0.05387379229068756
2023-01-01,1682294400000000,1682380800000000,DOGEUSDT,-0.010964760826477208,0.0008466821163892746,-0.023272350430488586,-0.08288267254829407,-0.02718578279018402,-0.03180389106273651,-0.0708593875169754
2023-01-01,1682380800000000,1682467200000000,BTCUSDT,1.0503541458500407,-0.016494428738951683,-0.02861689031124115,-0.05749101936817169,-0.05596103519201279,-0.025529757142066956,-0.022211924195289612
2023-01-01,1682380800000000,1682467200000000,ETHUSDT,0.439501766165704,0.026365341618657112,-0.01236867904663086,-0.021016433835029602,-0.01828727126121521,-0.023344531655311584,-0.002483382821083069
2023-01-01,1682380800000000,1682467200000000,SOLUSDT,0.5771187889906068,-0.02365613542497158,-0.011326849460601807,-0.09834957122802734,-0.05529118329286575,-0.01710088551044464,-0.056156933307647705
2023-01-01,1682380800000000,1682467200000000,XRPUSDT,0.44105515340709744,0.010571906343102455,-0.024748370051383972,-0.053639501333236694,-0.028843671083450317,-0.026911884546279907,-0.06253893673419952
2023-01-01,1682380800000000,1682467200000000,DOGEUSDT,0.29281129015368434,0.0072184037417173386,-0.015499725937843323,-0.07893308997154236,-0.021735917776823044,-0.015573456883430481,-0.06576040387153625
2023-01-01,1682467200000000,1682553600000000,BTCUSDT,0.1413379448114863,-0.042803600430488586,-0.050869107246398926,-0.07603499293327332,-0.07790887355804443,-0.027719467878341675,-0.02699512243270874
2023-01-01,1682467200000000,1682553600000000,ETHUSDT,-0.006905563932941763,0.0010982397943735123,-0.025256112217903137,-0.041767120361328125,-0.039052143692970276,-0.021911025047302246,-0.015292465686798096
2023-01-01,1682467200000000,1682553600000000,SOLUSDT,-0.6899198775294362,-0.029404981061816216,-0.014979928731918335,-0.10308410227298737,-0.06064560264348984,-0.010632500052452087,-0.05380319058895111
2023-01-01,1682467200000000,1682553600000000,XRPUSDT,-0.41389044036465994,-0.012012453749775887,-0.03362688422203064,-0.06986242532730103,-0.04537977650761604,-0.02419757843017578,-0.07351450622081757
2023-01-01,1682467200000000,1682553600000000,DOGEUSDT,-0.33808376125741735,-0.0018087159842252731,-0.015399470925331116,-0.08818599581718445,-0.028827626258134842,-0.009322449564933777,-0.0750780999660492
2023-01-01,1682553600000000,1682640000000000,BTCUSDT,1.3936530749100677,-0.03623796999454498,-0.03098580241203308,-0.08378913998603821,-0.07079560309648514,-0.01602230966091156,-0.044204115867614746
2023-01-01,1682553600000000,1682640000000000,ETHUSDT,0.7881872847151176,0.007389100268483162,-0.015457525849342346,-0.05005978047847748,-0.03204239532351494,-0.014353454113006592,-0.025629177689552307
2023-01-01,1682553600000000,1682640000000000,SOLUSDT,1.1490100015411697,-0.020730841904878616,-0.0012643486261367798,-0.09974260628223419,-0.05221661180257797,-0.012150689959526062,-0.07032440602779388
2023-01-01,1682553600000000,1682640000000000,XRPUSDT,0.2623337131006008,0.001506885513663292,-0.02232472598552704,-0.07101015746593475,-0.033641330897808075,-0.023897796869277954,-0.08171823620796204
2023-01-01,1682553600000000,1682640000000000,DOGEUSDT,0.4520318826543699,-0.005931766703724861,-0.010961204767227173,-0.0894104540348053,-0.03453940153121948,-0.012833580374717712,-0.08967642486095428
2023-01-01,1682640000000000,1682726400000000,BTCUSDT,-0.19874472909298685,-0.05387256294488907,-0.055285222828388214,-0.09221595525741577,-0.0866086408495903,-0.024308890104293823,-0.03598494827747345
2023-01-01,1682640000000000,1682726400000000,ETHUSDT,-0.3194054515446913,-0.016544820740818977,-0.031437426805496216,-0.06790006160736084,-0.05117039009928703,-0.01798996329307556,-0.03722207248210907
2023-01-01,1682640000000000,1682726400000000,SOLUSDT,1.0228740885074006,-0.0373971089720726,-0.02214859426021576,-0.10729798674583435,-0.07005739957094193,-0.011242270469665527,-0.05450746417045593
2023-01-01,1682640000000000,1682726400000000,XRPUSDT,0.6822221565179305,-0.016568731516599655,-0.030643850564956665,-0.08248482644557953,-0.04812324792146683,-0.022913560271263123,-0.08707146346569061
2023-01-01,1682640000000000,1682726400000000,DOGEUSDT,0.05434344293096263,-0.02732456661760807,-0.024134770035743713,-0.09761206805706024,-0.05212625116109848,-0.016068965196609497,-0.09225066006183624
2023-01-01,1682726400000000,1682812800000000,BTCUSDT,-0.11135561493283866,-0.04113899916410446,-0.02265988290309906,-0.09633204340934753,-0.07463114708662033,-0.009200409054756165,-0.05846710503101349
2023-01-01,1682726400000000,1682812800000000,ETHUSDT,0.3146035111755524,-0.0012579318135976791,-0.012646287679672241,-0.06896357238292694,-0.03763081133365631,-0.012840509414672852,-0.04774917662143707
2023-01-01,1682726400000000,1682812800000000,SOLUSDT,-0.15209428926892318,-0.03794559836387634,-0.014100506901741028,-0.1089877188205719,-0.07016748189926147,-0.002015933394432068,-0.05658517777919769
2023-01-01,1682726400000000,1682812800000000,XRPUSDT,-0.08628249085756642,-0.03256199508905411,-0.0360310822725296,-0.0923464447259903,-0.05902288854122162,-0.01832146942615509,-0.09388449788093567
2023-01-01,1682726400000000,1682812800000000,DOGEUSDT,0.3597576164278033,-0.038297899067401886,-0.02324838936328888,-0.09987783432006836,-0.06131274253129959,-0.018696442246437073,-0.10386735200881958
2023-01-01,1682812800000000,1682899200000000,BTCUSDT,0.013386690501981918,-0.04168541729450226,-0.02036231756210327,-0.09570813179016113,-0.07480575144290924,-0.008159607648849487,-0.05508248507976532
2023-01-01,1682812800000000,1682899200000000,ETHUSDT,-0.7243154626970625,-0.01960504800081253,-0.023558691143989563,-0.07789459824562073,-0.05346418917179108,-0.015514031052589417,-0.050591036677360535
2023-01-01,1682812800000000,1682899200000000,SOLUSDT,-0.4447216471184819,-0.03944512456655502,0.005087658762931824,-0.11022517085075378,-0.07055646926164627,0.002831384539604187,-0.07394738495349884
2023-01-01,1682812800000000,1682899200000000,XRPUSDT,-0.3831197253957893,-0.023471465334296227,-0.024381324648857117,-0.09324885904788971,-0.051024071872234344,-0.016208037734031677,-0.10408911108970642
2023-01-01,1682812800000000,1682899200000000,DOGEUSDT,-0.597249077806503,-0.04685481637716293,-0.026655733585357666,-0.10044704377651215,-0.06714717298746109,-0.018078520894050598,-0.10279352962970734
2023-01-01,1682899200000000,1682985600000000,BTCUSDT,-1.5435119889830196,-0.0432734414935112,-0.022442415356636047,-0.0933786928653717,-0.07585050910711288,-0.0087909996509552,-0.05005471408367157
2023-01-01,1682899200000000,1682985600000000,ETHUSDT,-0.740634182236807,0.0066178906708955765,-0.009844794869422913,-0.06772506237030029,-0.0313524454832077,-0.01770496368408203,-0.0509103387594223
2023-01-01,1682899200000000,1682985600000000,SOLUSDT,-0.8130694622786547,-0.03670475631952286,0.006637483835220337,-0.10606412589550018,-0.0680084377527237,-0.0020796209573745728,-0.07482486963272095
2023-01-01,1682899200000000,1682985600000000,XRPUSDT,-0.29848611326824775,-0.012837463989853859,-0.02030448615550995,-0.0889226496219635,-0.04340203106403351,-0.019436344504356384,-0.1036805659532547
2023-01-01,1682899200000000,1682985600000000,DOGEUSDT,-0.2163791446950461,-0.034742698073387146,-0.018639743328094482,-0.09545919299125671,-0.05835377424955368,-0.023547068238258362,-0.11258266866207123
2023-01-01,1682985600000000,1683072000000000,BTCUSDT,0.8061402687476784,0.013205410912632942,-0.00212995707988739,-0.06639859080314636,-0.027908436954021454,-0.016183972358703613,-0.04465125501155853
2023-01-01,1682985600000000,1683072000000000,ETHUSDT,0.7765627206091714,0.01864820159971714,-0.008862286806106567,-0.06089380383491516,-0.02288919687271118,-0.021294906735420227,-0.043625667691230774
2023-01-01,1682985600000000,1683072000000000,SOLUSDT,0.32658383549051584,-0.027154238894581795,0.004834726452827454,-0.10216319561004639,-0.06028669327497482,-0.010843679308891296,-0.0768987387418747
2023-01-01,1682985600000000,1683072000000000,XRPUSDT,-0.03832138516254429,-0.009008040651679039,-0.02163587510585785,-0.08578959107398987,-0.04095786064863205,-0.021503761410713196,-0.10011906921863556
2023-01-01,1682985600000000,1683072000000000,DOGEUSDT,-0.012325100149722835,-0.03493162989616394,-0.022689983248710632,-0.09464773535728455,-0.059625014662742615,-0.024561986327171326,-0.1080070436000824
2023-01-01,1683072000000000,1683158400000000,BTCUSDT,0.47791150196403664,-0.03785113990306854,-0.036638468503952026,-0.0837019830942154,-0.07230325043201447,-0.018885955214500427,-0.03404515981674194
2023-01-01,1683072000000000,1683158400000000,ETHUSDT,0.6938873311404004,-0.02777480147778988,-0.04012386500835419,-0.0829542875289917,-0.062357351183891296,-0.02897264063358307,-0.0519433468580246
2023-01-01,1683072000000000,1683158400000000,SOLUSDT,-0.018228167352678137,-0.03435584902763367,-0.005685374140739441,-0.10747551918029785,-0.06747297197580338,-0.0041825175285339355,-0.0652446299791336
2023-01-01,1683072000000000,1683158400000000,XRPUSDT,-0.055744549214030194,-0.01604784093797207,-0.027531221508979797,-0.08802522718906403,-0.046594057232141495,-0.023463264107704163,-0.10030418634414673
2023-01-01,1683072000000000,1683158400000000,DOGEUSDT,0.272714951277095,-0.03995974361896515,-0.02719886600971222,-0.09637996554374695,-0.06354318559169769,-0.025447964668273926,-0.10753923654556274
2023-01-01,1683158400000000,1683244800000000,BTCUSDT,-0.2544691419699265,-0.04301370680332184,-0.03539034724235535,-0.08858120441436768,-0.07686983048915863,-0.013069137930870056,-0.04376460611820221
2023-01-01,1683158400000000,1683244800000000,ETHUSDT,-0.5536037069183449,-0.03299301862716675,-0.04004330933094025,-0.0884934812784195,-0.06483093649148941,-0.022988319396972656,-0.05923999845981598
2023-01-01,1683158400000000,1683244800000000,SOLUSDT,-0.546612320249077,-0.026928735896945,0.0016785413026809692,-0.10485619306564331,-0.06164234131574631,0.0032818615436553955,-0.06702031195163727
2023-01-01,1683158400000000,1683244800000000,XRPUSDT,-0.13631317279604144,-0.02045055478811264,-0.031417205929756165,-0.08961686491966248,-0.050100088119506836,-0.026715561747550964,-0.1032414436340332
2023-01-01,1683158400000000,1683244800000000,DOGEUSDT,-0.3935531444170158,-0.045968711376190186,-0.030304327607154846,-0.09774675965309143,-0.06737908720970154,-0.02328626811504364,-0.10451339185237885
2023-01-01,1683244800000000,1683331200000000,BTCUSDT,0.8990922641649662,-0.02889118902385235,-0.018851622939109802,-0.08436322212219238,-0.06464774161577225,-0.005591332912445068,-0.05119641125202179
2023-01-01,1683244800000000,1683331200000000,ETHUSDT,2.3105407805894904,-0.0006924960762262344,-0.013335242867469788,-0.0806942880153656,-0.03712873160839081,-0.012502416968345642,-0.0665171891450882
2023-01-01,1683244800000000,1683331200000000,SOLUSDT,1.2267508007562933,-0.01957143284380436,0.005817577242851257,-0.10075132548809052,-0.05651628226041794,0.0008687227964401245,-0.07414455711841583
2023-01-01,1683244800000000,1683331200000000,XRPUSDT,0.3597679883330863,-0.02004062570631504,-0.03072582185268402,-0.08914674818515778,-0.05041448771953583,-0.02637682855129242,-0.10419884324073792
2023-01-01,1683244800000000,1683331200000000,DOGEUSDT,0.5936381905995711,-0.03527268022298813,-0.021529272198677063,-0.09356337785720825,-0.05942220985889435,-0.022677823901176453,-0.11127068102359772
2023-01-01,1683331200000000,1683417600000000,BTCUSDT,-0.8682714456495173,-0.05255137383937836,-0.04015462100505829,-0.09370844066143036,-0.08537796139717102,-0.00810384750366211,-0.04253251850605011
2023-01-01,1683331200000000,1683417600000000,ETHUSDT,-1.70882637648011,-0.03782917559146881,-0.05667140334844589,-0.09434174001216888,-0.06817729026079178,-0.021207407116889954,-0.04924909770488739
2023-01-01,1683331200000000,1683417600000000,SOLUSDT,-0.9658041285909749,-0.032030388712882996,-0.017096593976020813,-0.10837423801422119,-0.07130870968103409,0.003390893340110779,-0.04978404939174652
2023-01-01,1683331200000000,1683417600000000,XRPUSDT,-0.5171610233579348,-0.03220916539430618,-0.03622390329837799,-0.09431138634681702,-0.059494562447071075,-0.022050932049751282,-0.10331347584724426
2023-01-01,1683331200000000,1683417600000000,DOGEUSDT,-1.1149063646911672,-0.04518928378820419,-0.027319565415382385,-0.0974089503288269,-0.06711476296186447,-0.013986781239509583,-0.10012699663639069
2023-01-01,1683417600000000,1683504000000000,BTCUSDT,-0.5687770409109695,-0.02275659702718258,-0.012122809886932373,-0.0823802649974823,-0.06031862646341324,-0.005319371819496155,-0.0598018616437912
2023-01-01,1683417600000000,1683504000000000,ETHUSDT,-0.459361038677015,0.015347316861152649,-0.010697618126869202,-0.07805150747299194,-0.024586930871009827,-0.022432729601860046,-0.08657364547252655
2023-01-01,1683417600000000,1683504000000000,SOLUSDT,-0.27656984722381817,-0.029084762558341026,0.0004484802484512329,-0.10271100699901581,-0.06774067133665085,-0.004662767052650452,-0.0873175710439682
2023-01-01,1683417600000000,1683504000000000,XRPUSDT,-0.551368469951485,-0.015730485320091248,-0.026926681399345398,-0.08924096822738647,-0.04766654595732689,-0.025259003043174744,-0.11059980094432831
2023-01-01,1683417600000000,1683504000000000,DOGEUSDT,-0.06671583735437282,-0.030154874548316002,-0.019900068640708923,-0.08969190716743469,-0.05919491499662399,-0.029890447854995728,-0.12205134332180023
2023-01-01,1683504000000000,1683590400000000,BTCUSDT,-1.0579421275916487,-0.018010897561907768,-0.012305185198783875,-0.07325775921344757,-0.05646730214357376,-0.008559957146644592,-0.04792724549770355
2023-01-01,1683504000000000,1683590400000000,ETHUSDT,-0.4196871900532898,0.008381137624382973,-0.008561357855796814,-0.07419697940349579,-0.03400450944900513,-0.014001592993736267,-0.06904973089694977
2023-01-01,1683504000000000,1683590400000000,SOLUSDT,-1.190847127351855,-0.031039630994200706,-0.002209290862083435,-0.09816977381706238,-0.06935388594865799,-0.001720041036605835,-0.07489322125911713
2023-01-01,1683504000000000,1683590400000000,XRPUSDT,-1.2866467784073818,-0.009107841178774834,-0.02679966390132904,-0.08445015549659729,-0.04415113106369972,-0.02920486032962799,-0.10676191747188568
2023-01-01,1683504000000000,1683590400000000,DOGEUSDT,-1.4078644557399977,-0.038235895335674286,-0.026065483689308167,-0.09003138542175293,-0.06657560914754868,-0.023488149046897888,-0.10828576982021332
2023-01-01,1683590400000000,1683676800000000,BTCUSDT,-0.0707057318636623,-0.001108931377530098,-0.01274918019771576,-0.060866087675094604,-0.04319845512509346,-0.022463396191596985,-0.04371717572212219
2023-01-01,1683590400000000,1683676800000000,ETHUSDT,-0.01387550386997165,0.006227931007742882,-0.012491747736930847,-0.07403133809566498,-0.03621859848499298,-0.017575934529304504,-0.07072415947914124
2023-01-01,1683590400000000,1683676800000000,SOLUSDT,0.03927291110021962,-0.02274209074676037,-0.008053421974182129,-0.0922924131155014,-0.06290911138057709,-0.02183687686920166,-0.0904669314622879
2023-01-01,1683590400000000,1683676800000000,XRPUSDT,0.032107940436087265,0.016351094469428062,-0.029207676649093628,-0.07054293155670166,-0.02552954852581024,-0.04729364812374115,-0.10114537179470062
2023-01-01,1683590400000000,1683676800000000,DOGEUSDT,0.2481479129244484,-0.018596988171339035,-0.02799847722053528,-0.07709404826164246,-0.05366402864456177,-0.04455123841762543,-0.11899016797542572
2023-01-01,1683676800000000,1683763200000000,BTCUSDT,-0.03963568453120407,-0.019744791090488434,-0.02343033254146576,-0.06266549229621887,-0.05818994343280792,-0.019015207886695862,-0.034533143043518066
2023-01-01,1683676800000000,1683763200000000,ETHUSDT,-0.11329320014378799,-0.004596024751663208,-0.018656328320503235,-0.07759039103984833,-0.044556956738233566,-0.015577256679534912,-0.0709480494260788
2023-01-01,1683676800000000,1683763200000000,SOLUSDT,0.3153073297092207,-0.035164974629879,-0.018895462155342102,-0.09772425889968872,-0.07198530435562134,-0.015337005257606506,-0.07897727191448212
2023-01-01,1683676800000000,1683763200000000,XRPUSDT,0.09129755031827311,-0.009690208360552788,-0.038949623703956604,-0.0788068175315857,-0.046088553965091705,-0.03832055628299713,-0.09499052166938782
2023-01-01,1683676800000000,1683763200000000,DOGEUSDT,0.014255589118849585,-0.03446361422538757,-0.035288482904434204,-0.08296696841716766,-0.06441599875688553,-0.02832864224910736,-0.10126927495002747
2023-01-01,1683763200000000,1683849600000000,BTCUSDT,-0.9257309545337145,-0.03549429774284363,-0.034772321581840515,-0.07447442412376404,-0.07189425826072693,-0.024581804871559143,-0.044278815388679504
2023-01-01,1683763200000000,1683849600000000,ETHUSDT,-0.9067468216949309,-0.01794966496527195,-0.03099827468395233,-0.0889216810464859,-0.05548427253961563,-0.02711653709411621,-0.08411712944507599
2023-01-01,1683763200000000,1683849600000000,SOLUSDT,-0.9032080901589186,-0.057333678007125854,-0.030149385333061218,-0.10987356305122375,-0.09070701897144318,-0.014881208539009094,-0.0876425951719284
2023-01-01,1683763200000000,1683849600000000,XRPUSDT,-0.6210833934366694,-0.029804861173033714,-0.05122121423482895,-0.09194234013557434,-0.06148137152194977,-0.043516963720321655,-0.10947176814079285
2023-01-01,1683763200000000,1683849600000000,DOGEUSDT,-0.4273315744645923,-0.04878026992082596,-0.03956775367259979,-0.08843643963336945,-0.07633212208747864,-0.028605014085769653,-0.11271695792675018
2023-01-01,1683849600000000,1683936000000000,BTCUSDT,-0.2595001817236348,-0.0160618145018816,-0.02722780406475067,-0.06539776921272278,-0.05633736401796341,-0.03199188411235809,-0.045332908630371094
2023-01-01,1683849600000000,1683936000000000,ETHUSDT,0.26586257447752937,0.002308616414666176,-0.025295794010162354,-0.07683250308036804,-0.039207421243190765,-0.03526328504085541,-0.08156874775886536
2023-01-01,1683849600000000,1683936000000000,SOLUSDT,0.9261504417807002,-0.05128420144319534,-0.026434823870658875,-0.10280728340148926,-0.08684759587049484,-0.028492480516433716,-0.10514552891254425
2023-01-01,1683849600000000,1683936000000000,XRPUSDT,0.676183153134032,-0.02619270049035549,-0.05019257217645645,-0.09055919945240021,-0.05984368920326233,-0.05288499593734741,-0.11935637891292572
2023-01-01,1683849600000000,1683936000000000,DOGEUSDT,0.14564306299393176,-0.05776417255401611,-0.04219558835029602,-0.08668704330921173,-0.08592414110898972,-0.036498501896858215,-0.12114487588405609
2023-01-01,1683936000000000,1684022400000000,BTCUSDT,-0.03468839879553053,-0.03491264581680298,-0.04053829610347748,-0.07139815390110016,-0.07090619951486588,-0.036128029227256775,-0.04148279130458832
2023-01-01,1683936000000000,1684022400000000,ETHUSDT,-0.24380876428309267,-0.034712523221969604,-0.04914584755897522,-0.09259161353111267,-0.06818075478076935,-0.04051341116428375,-0.08435221016407013
2023-01-01,1683936000000000,1684022400000000,SOLUSDT,-0.08034325148533833,-0.07750871032476425,-0.048324644565582275,-0.11120489239692688,-0.10606711357831955,-0.021953672170639038,-0.08356870710849762
2023-01-01,1683936000000000,1684022400000000,XRPUSDT,-0.43711165888064046,-0.06480295956134796,-0.07224327325820923,-0.10586249828338623,-0.08927784860134125,-0.0536414235830307,-0.12024019658565521
2023-01-01,1683936000000000,1684022400000000,DOGEUSDT,-0.2452884154729366,-0.07606787979602814,-0.0542985200881958,-0.08959788084030151,-0.09958552569150925,-0.03816930949687958,-0.11611227691173553
2023-01-01,1684022400000000,1684108800000000,BTCUSDT,0.2193692423018764,-0.04062122851610184,-0.045676372945308685,-0.0712059736251831,-0.07342832535505295,-0.032657191157341,-0.03882323205471039
2023-01-01,1684022400000000,1684108800000000,ETHUSDT,0.07857218084504779,-0.024178190156817436,-0.04377293586730957,-0.08667588233947754,-0.05740765482187271,-0.038400277495384216,-0.0851249247789383
2023-01-01,1684022400000000,1684108800000000,SOLUSDT,0.1055361395432298,-0.07079654932022095,-0.03126917779445648,-0.10701033473014832,-0.09901947528123856,-0.014071062207221985,-0.09592439234256744
2023-01-01,1684022400000000,1684108800000000,XRPUSDT,0.08308909659962858,-0.0468253418803215,-0.05536305904388428,-0.09801711142063141,-0.07409799844026566,-0.049593597650527954,-0.12908749282360077
2023-01-01,1684022400000000,1684108800000000,DOGEUSDT,0.10448714416658256,-0.07191169261932373,-0.050559818744659424,-0.08197996020317078,-0.09519729018211365,-0.03796909749507904,-0.11623217165470123
2023-01-01,1684108800000000,1684195200000000,BTCUSDT,0.3991099983762944,-0.04715876281261444,-0.052396632730960846,-0.07634511590003967,-0.07668992131948471,-0.03212161362171173,-0.04189532995223999
2023-01-01,1684108800000000,1684195200000000,ETHUSDT,0.3621644291541274,-0.029915349557995796,-0.04876837879419327,-0.08965885639190674,-0.06026362627744675,-0.038363173604011536,-0.0853128582239151
2023-01-01,1684108800000000,1684195200000000,SOLUSDT,0.06788060977992186,-0.06684015691280365,-0.02975119650363922,-0.10460913181304932,-0.0937066301703453,-0.011629477143287659,-0.09108053147792816
2023-01-01,1684108800000000,1684195200000000,XRPUSDT,0.14037089102501762,-0.055764466524124146,-0.059031859040260315,-0.10186266899108887,-0.08076667040586472,-0.04666063189506531,-0.12590040266513824
2023-01-01,1684108800000000,1684195200000000,DOGEUSDT,-0.0195902435639509,-0.07284224778413773,-0.053782448172569275,-0.07963995635509491,-0.09393014758825302,-0.03594289720058441,-0.10831479728221893
2023-01-01,1684195200000000,1684281600000000,BTCUSDT,-0.2043140692997912,-0.0501713901758194,-0.05463714897632599,-0.08159838616847992,-0.07784835249185562,-0.03115244209766388,-0.04732911288738251
2023-01-01,1684195200000000,1684281600000000,ETHUSDT,0.16756215765416765,-0.0397137850522995,-0.0540480837225914,-0.09607008099555969,-0.06666877120733261,-0.039080068469047546,-0.09098407626152039
2023-01-01,1684195200000000,1684281600000000,SOLUSDT,-0.38497771799632213,-0.06512067466974258,-0.026769861578941345,-0.10324710607528687,-0.09014880657196045,-0.010387644171714783,-0.0927208662033081
2023-01-01,1684195200000000,1684281600000000,XRPUSDT,1.0932449575008258,-0.06168200075626373,-0.059740178287029266,-0.10356341302394867,-0.08471221476793289,-0.04499175399541855,-0.12795378267765045
2023-01-01,1684195200000000,1684281600000000,DOGEUSDT,0.33885258155053866,-0.06823699176311493,-0.05060400068759918,-0.07569871842861176,-0.08871764689683914,-0.034454166889190674,-0.1070512980222702
2023-01-01,1684281600000000,1684368000000000,BTCUSDT,0.6059810703262589,-0.029859667643904686,-0.038653090596199036,-0.07861070334911346,-0.05992235243320465,-0.026423737406730652,-0.05465748906135559
2023-01-01,1684281600000000,1684368000000000,ETHUSDT,-0.03999702739482216,-0.03657393902540207,-0.04718717932701111,-0.09841880202293396,-0.06318185478448868,-0.03531293570995331,-0.09782381355762482
2023-01-01,1684281600000000,1684368000000000,SOLUSDT,0.49593352436556115,-0.05368410795927048,-0.020088210701942444,-0.09636741876602173,-0.07962453365325928,-0.01292380690574646,-0.09607656300067902
2023-01-01,1684281600000000,1684368000000000,XRPUSDT,0.3957030541404353,-0.07849539816379547,-0.067863330245018,-0.10676334798336029,-0.09606420248746872,-0.0378638356924057,-0.11785148084163666
2023-01-01,1684281600000000,1684368000000000,DOGEUSDT,0.8309577317388557,-0.06541387736797333,-0.04781217873096466,-0.07332208752632141,-0.08447834104299545,-0.02646900713443756,-0.09923148155212402
2023-01-01,1684368000000000,1684454400000000,BTCUSDT,-0.954964740938077,-0.04814694821834564,-0.047609806060791016,-0.09379571676254272,-0.07621032744646072,-0.02545444667339325,-0.06228505074977875
2023-01-01,1684368000000000,1684454400000000,ETHUSDT,-0.47551962113020496,-0.03378436714410782,-0.041834354400634766,-0.10227137804031372,-0.06100422143936157,-0.034782811999320984,-0.10648961365222931
2023-01-01,1684368000000000,1684454400000000,SOLUSDT,-0.9365108373474893,-0.0702790915966034,-0.02875557541847229,-0.10330326855182648,-0.09381958842277527,-0.009545519948005676,-0.09145823121070862
2023-01-01,1684368000000000,1684454400000000,XRPUSDT,0.7717102685760541,-0.08114537596702576,-0.056983187794685364,-0.10891678929328918,-0.09692072123289108,-0.03372015058994293,-0.1318301409482956
2023-01-01,1684368000000000,1684454400000000,DOGEUSDT,-0.5457460137197306,-0.07452644407749176,-0.04699969291687012,-0.07462239265441895,-0.09057316929101944,-0.01855960488319397,-0.09293057024478912
2023-01-01,1684454400000000,1684540800000000,BTCUSDT,0.10128524621549648,-0.0055201612412929535,-0.026136308908462524,-0.07806412875652313,-0.039076030254364014,-0.02986738085746765,-0.07235109806060791
2023-01-01,1684454400000000,1684540800000000,ETHUSDT,0.25950383050039183,-0.01671624183654785,-0.034049078822135925,-0.09687113761901855,-0.04750588536262512,-0.036079585552215576,-0.10841327905654907
2023-01-01,1684454400000000,1684540800000000,SOLUSDT,0.018949550500150805,-0.04737303406000137,-0.018327876925468445,-0.08985134959220886,-0.07439529895782471,-0.02078913152217865,-0.10279032588005066
2023-01-01,1684454400000000,1684540800000000,XRPUSDT,0.5098666051917342,-0.0862307995557785,-0.05680643767118454,-0.10730956494808197,-0.09919235110282898,-0.02936600148677826,-0.1265007108449936
2023-01-01,1684454400000000,1684540800000000,DOGEUSDT,0.028149989134977967,-0.06535574048757553,-0.03379678726196289,-0.06852403283119202,-0.08418678492307663,-0.026056751608848572,-0.10904453694820404
2023-01-01,1684540800000000,1684627200000000,BTCUSDT,0.3707099161025657,-0.019851747900247574,-0.0365646630525589,-0.09121988713741302,-0.05239802598953247,-0.03080524504184723,-0.07732972502708435
2023-01-01,1684540800000000,1684627200000000,ETHUSDT,0.1615060276896575,-0.03163239359855652,-0.04500040411949158,-0.10507583618164062,-0.059894680976867676,-0.03821130096912384,-0.11058315634727478
2023-01-01,1684540800000000,1684627200000000,SOLUSDT,-0.10864718138096559,-0.04231315106153488,-0.02051672339439392,-0.08745551109313965,-0.06787323951721191,-0.011187732219696045,-0.08868460357189178
2023-01-01,1684540800000000,1684627200000000,XRPUSDT,0.08691154021132018,-0.07834099978208542,-0.04696442931890488,-0.1049971729516983,-0.0909331813454628,-0.023288920521736145,-0.12854008376598358
2023-01-01,1684540800000000,1684627200000000,DOGEUSDT,0.044932216614724574,-0.061506807804107666,-0.037130147218704224,-0.06665122509002686,-0.08047013729810715,-0.024403229355812073,-0.09956823289394379
2023-01-01,1684627200000000,1684713600000000,BTCUSDT,-0.6063819511756297,-0.03386928141117096,-0.042228057980537415,-0.10426938533782959,-0.06369175016880035,-0.03049921989440918,-0.09390880167484283
2023-01-01,1684627200000000,1684713600000000,ETHUSDT,-0.33335437143614316,-0.0342717319726944,-0.04397471249103546,-0.10966628789901733,-0.06090123951435089,-0.03692798316478729,-0.1201111227273941
2023-01-01,1684627200000000,1684713600000000,SOLUSDT,-0.9250445695221278,-0.042689330875873566,-0.020103543996810913,-0.08761878311634064,-0.06604501605033875,-0.010419830679893494,-0.09518082439899445
2023-01-01,1684627200000000,1684713600000000,XRPUSDT,-0.7592329148315587,-0.06842933595180511,-0.04003173112869263,-0.10482096672058105,-0.08277963846921921,-0.02438126504421234,-0.13565276563167572
2023-01-01,1684627200000000,1684713600000000,DOGEUSDT,-0.6219962079071926,-0.061449773609638214,-0.03547544777393341,-0.06604769825935364,-0.07970742881298065,-0.02188567817211151,-0.09996733069419861
2023-01-01,1684713600000000,1684800000000000,BTCUSDT,0.18698114173369193,-0.018254416063427925,-0.035909101366996765,-0.09869384765625,-0.05070644989609718,-0.03967280685901642,-0.10847437381744385
2023-01-01,1684713600000000,1684800000000000,ETHUSDT,0.2965051502144789,-0.02740425430238247,-0.04098539054393768,-0.10874351859092712,-0.05570214241743088,-0.04282984137535095,-0.12914811074733734
2023-01-01,1684713600000000,1684800000000000,SOLUSDT,-0.1325110461548888,-0.03336159884929657,-0.021542176604270935,-0.07727000117301941,-0.05962049216032028,-0.026622489094734192,-0.1031026691198349
2023-01-01,1684713600000000,1684800000000000,XRPUSDT,0.29337482853146946,-0.038695089519023895,-0.034830108284950256,-0.0960877537727356,-0.06103602051734924,-0.037640005350112915,-0.13914521038532257
2023-01-01,1684713600000000,1684800000000000,DOGEUSDT,0.34241348568430163,-0.05576331913471222,-0.036315783858299255,-0.06271886825561523,-0.07685855776071548,-0.03477133810520172,-0.10881632566452026
2023-01-01,1684800000000000,1684886400000000,BTCUSDT,0.6513734111241737,-0.041410185396671295,-0.04980691522359848,-0.11444216966629028,-0.07256842404603958,-0.045361727476119995,-0.1192428320646286
2023-01-01,1684800000000000,1684886400000000,ETHUSDT,0.8581836948871047,-0.04799091815948486,-0.051499634981155396,-0.11682945489883423,-0.07295104116201401,-0.04543449729681015,-0.13395778834819794
2023-01-01,1684800000000000,1684886400000000,SOLUSDT,0.7585890298527952,-0.0418686643242836,-0.030296579003334045,-0.0807177871465683,-0.06550987809896469,-0.02537347376346588,-0.09868235886096954
2023-01-01,1684800000000000,1684886400000000,XRPUSDT,0.24603498453014805,-0.060049474239349365,-0.05332347750663757,-0.09965378046035767,-0.07930631190538406,-0.04385845363140106,-0.1291765719652176
2023-01-01,1684800000000000,1684886400000000,DOGEUSDT,-0.012877950465677173,-0.06642478704452515,-0.044636309146881104,-0.06505441665649414,-0.08416877686977386,-0.02895696461200714,-0.09592460095882416
2023-01-01,1684886400000000,1684972800000000,BTCUSDT,-1.5720137662140812,-0.04932739585638046,-0.05105758458375931,-0.1187969446182251,-0.07758761942386627,-0.036962807178497314,-0.12224428355693817
2023-01-01,1684886400000000,1684972800000000,ETHUSDT,-1.2559658253919437,-0.05804920196533203,-0.05449210852384567,-0.11752879619598389,-0.07840534299612045,-0.03904394805431366,-0.13062356412410736
2023-01-01,1684886400000000,1684972800000000,SOLUSDT,-1.1994560667384988,-0.04422912746667862,-0.03273801505565643,-0.08469873666763306,-0.06324435770511627,-0.00998447835445404,-0.08989228308200836
2023-01-01,1684886400000000,1684972800000000,XRPUSDT,-0.8577357722244708,-0.051300570368766785,-0.053150370717048645,-0.09368380904197693,-0.07036397606134415,-0.044598065316677094,-0.12217502295970917
2023-01-01,1684886400000000,1684972800000000,DOGEUSDT,-0.9824629146472752,-0.06106932461261749,-0.03949198126792908,-0.06342318654060364,-0.07853353768587112,-0.026865676045417786,-0.09831081330776215
2023-01-01,1684972800000000,1685059200000000,BTCUSDT,0.26228686549997887,-0.010324016213417053,-0.04001431167125702,-0.09723012149333954,-0.04549311101436615,-0.058985635638237,-0.13719509541988373
2023-01-01,1684972800000000,1685059200000000,ETHUSDT,0.13646917933426272,-0.011192822828888893,-0.03286217153072357,-0.10176637768745422,-0.04092098027467728,-0.04810061305761337,-0.14243735373020172
2023-01-01,1684972800000000,1685059200000000,SOLUSDT,0.0635022811637653,-0.03423645347356796,-0.025741949677467346,-0.07121030986309052,-0.058121457695961,-0.03234006464481354,-0.11060799658298492
2023-01-01,1684972800000000,1685059200000000,XRPUSDT,0.051115010287336275,-0.021375970914959908,-0.042516618967056274,-0.08968210220336914,-0.04859957844018936,-0.053605154156684875,-0.13068558275699615
2023-01-01,1684972800000000,1685059200000000,DOGEUSDT,0.1174227662684452,-0.04629582166671753,-0.03695882856845856,-0.05661025643348694,-0.06975481659173965,-0.04178602993488312,-0.10863450169563293
2023-01-01,1685059200000000,1685145600000000,BTCUSDT,0.4081045505889729,-0.035602375864982605,-0.04897277057170868,-0.11233928799629211,-0.06965930014848709,-0.047802336513996124,-0.12860558927059174
2023-01-01,1685059200000000,1685145600000000,ETHUSDT,0.527375713569855,-0.03412908315658569,-0.04480244219303131,-0.11038070917129517,-0.06287113577127457,-0.0448312982916832,-0.13439761102199554
2023-01-01,1685059200000000,1685145600000000,SOLUSDT,0.1625512827450244,-0.03984421491622925,-0.03165082633495331,-0.07574555277824402,-0.06278594583272934,-0.023225918412208557,-0.09835739433765411
2023-01-01,1685059200000000,1685145600000000,XRPUSDT,1.082334832431954,-0.03691645711660385,-0.05509147047996521,-0.09441792964935303,-0.06304893642663956,-0.05624181032180786,-0.1238325983285904
2023-01-01,1685059200000000,1685145600000000,DOGEUSDT,0.03200649553122721,-0.05006144940853119,-0.04576020687818527,-0.05934450030326843,-0.07125628739595413,-0.03584219515323639,-0.09394998848438263
2023-01-01,1685145600000000,1685232000000000,BTCUSDT,0.2727335285899561,-0.04129596799612045,-0.04584858566522598,-0.11693054437637329,-0.07184223085641861,-0.035462602972984314,-0.1347249299287796
2023-01-01,1685145600000000,1685232000000000,ETHUSDT,0.0485406672287258,-0.04052937030792236,-0.04233017563819885,-0.11339190602302551,-0.0657651424407959,-0.031070932745933533,-0.13324584066867828
2023-01-01,1685145600000000,1685232000000000,SOLUSDT,1.6515330815652256,-0.03819231688976288,-0.024986371397972107,-0.07441051304340363,-0.059007428586483,-0.009684935212135315,-0.09788285195827484
2023-01-01,1685145600000000,1685232000000000,XRPUSDT,0.22221216489396356,-0.06156826764345169,-0.07150795310735703,-0.10221979022026062,-0.08002351224422455,-0.057603925466537476,-0.12068654596805573
2023-01-01,1685145600000000,1685232000000000,DOGEUSDT,0.7522863282579909,-0.04775308817625046,-0.040808215737342834,-0.05891156196594238,-0.06784407049417496,-0.02829296886920929,-0.094938263297081
2023-01-01,1685232000000000,1685318400000000,BTCUSDT,2.203789980805031,-0.048452094197273254,-0.04401658475399017,-0.12130102515220642,-0.07690947502851486,-0.03250545263290405,-0.1438366025686264
2023-01-01,1685232000000000,1685318400000000,ETHUSDT,1.9215161141684025,-0.044254399836063385,-0.03982284665107727,-0.11794954538345337,-0.06831149011850357,-0.03420804440975189,-0.1467369943857193
2023-01-01,1685232000000000,1685318400000000,SOLUSDT,0.5441536083535169,-0.042978525161743164,-0.030244186520576477,-0.08334663510322571,-0.05898609757423401,0.005727216601371765,-0.08297063410282135
2023-01-01,1685232000000000,1685318400000000,XRPUSDT,0.7816093309061881,-0.050615109503269196,-0.05398012697696686,-0.1029651015996933,-0.0683169811964035,-0.04983703792095184,-0.13198401033878326
2023-01-01,1685232000000000,1685318400000000,DOGEUSDT,0.4427967149566391,-0.05640251934528351,-0.04550608992576599,-0.06318911910057068,-0.07288496941328049,-0.021873563528060913,-0.085903599858284
2023-01-01,1685318400000000,1685404800000000,BTCUSDT,-0.5463212423957766,-0.05304986983537674,-0.059239521622657776,-0.12667536735534668,-0.07736470550298691,-0.0287313312292099,-0.1223994642496109
2023-01-01,1685318400000000,1685404800000000,ETHUSDT,-0.375027057987336,-0.0653095692396164,-0.06227236986160278,-0.11968299746513367,-0.08240688592195511,-0.03760002553462982,-0.12804870307445526
2023-01-01,1685318400000000,1685404800000000,SOLUSDT,-0.3140332498845123,-0.05521738529205322,-0.011141717433929443,-0.0825897753238678,-0.06785233318805695,0.014034494757652283,-0.09622777998447418
2023-01-01,1685318400000000,1685404800000000,XRPUSDT,0.8700788530557233,-0.05692160874605179,-0.057652950286865234,-0.10237744450569153,-0.0715959221124649,-0.049851030111312866,-0.1274990290403366
2023-01-01,1685318400000000,1685404800000000,DOGEUSDT,-0.18705459069503322,-0.060749247670173645,-0.03592558205127716,-0.06299583613872528,-0.07476954907178879,-0.014724642038345337,-0.08892896771430969
2023-01-01,1685404800000000,1685491200000000,BTCUSDT,-0.07016167754492664,-0.052284762263298035,-0.03523613512516022,-0.12141218781471252,-0.07697752118110657,-0.03402020037174225,-0.16199485957622528
2023-01-01,1685404800000000,1685491200000000,ETHUSDT,0.18898393682773423,-0.046559132635593414,-0.031790539622306824,-0.11679261922836304,-0.06651226431131363,-0.031893372535705566,-0.15609072148799896
2023-01-01,1685404800000000,1685491200000000,SOLUSDT,0.9709660649970067,-0.06958474218845367,-0.011275187134742737,-0.08269017934799194,-0.08378303796052933,-0.0016071498394012451,-0.11151912808418274
2023-01-01,1685404800000000,1685491200000000,XRPUSDT,1.8201303676498182,-0.05537433177232742,-0.05619017779827118,-0.09554938971996307,-0.06525445729494095,-0.052253976464271545,-0.12439195811748505
2023-01-01,1685404800000000,1685491200000000,DOGEUSDT,-0.38703597121197475,-0.07207685708999634,-0.03537788987159729,-0.06431049108505249,-0.08575676381587982,-0.02547989785671234,-0.10023683309555054
2023-01-01,1685491200000000,1685577600000000,BTCUSDT,-0.8166374480606294,-0.05469551682472229,-0.03506375849246979,-0.11832654476165771,-0.08112337440252304,-0.03232094645500183,-0.1538163274526596
2023-01-01,1685491200000000,1685577600000000,ETHUSDT,-0.6207617402458512,-0.047514140605926514,-0.032369762659072876,-0.11278451979160309,-0.06860528886318207,-0.02859368920326233,-0.1448698192834854
2023-01-01,1685491200000000,1685577600000000,SOLUSDT,-0.6121230073133304,-0.07488064467906952,-0.020815148949623108,-0.08174899220466614,-0.0859886035323143,0.003270670771598816,-0.09250776469707489
2023-01-01,1685491200000000,1685577600000000,XRPUSDT,-0.232359859486646,-0.052573636174201965,-0.0654895082116127,-0.07647058367729187,-0.05756233632564545,-0.06104585528373718,-0.10500065982341766
2023-01-01,1685491200000000,1685577600000000,DOGEUSDT,-0.31587996555312414,-0.06722626835107803,-0.036444857716560364,-0.060303688049316406,-0.0827907994389534,-0.03226819634437561,-0.09932811558246613
2023-01-01,1685577600000000,1685664000000000,BTCUSDT,-0.6898837231084691,-0.0329696461558342,-0.032244786620140076,-0.10695502161979675,-0.06390226632356644,-0.042979881167411804,-0.15483985841274261
2023-01-01,1685577600000000,1685664000000000,ETHUSDT,-0.2885484015392129,-0.022824855521321297,-0.024013295769691467,-0.10425788164138794,-0.04973483458161354,-0.03356634080410004,-0.1451997607946396
2023-01-01,1685577600000000,1685664000000000,SOLUSDT,-0.468626031601212,-0.06560724973678589,-0.010055303573608398,-0.07959631085395813,-0.0788116529583931,-0.008125588297843933,-0.1097414493560791
2023-01-01,1685577600000000,1685664000000000,XRPUSDT,-0.6921386977264931,-0.012665363028645515,-0.02365782856941223,-0.0777444839477539,-0.02283419296145439,-0.040141284465789795,-0.11600558459758759
2023-01-01,1685577600000000,1685664000000000,DOGEUSDT,-0.10792045478928397,-0.06215818226337433,-0.040520355105400085,-0.05841656029224396,-0.07811859250068665,-0.03714121878147125,-0.09581948816776276
2023-01-01,1685664000000000,1685750400000000,BTCUSDT,0.7537413553687025,-0.030835291370749474,-0.04027709364891052,-0.10488630831241608,-0.06449748575687408,-0.054440341889858246,-0.1506902426481247
2023-01-01,1685664000000000,1685750400000000,ETHUSDT,1.0826262817122587,-0.027521206066012383,-0.03263029456138611,-0.10333740711212158,-0.05580868571996689,-0.04204803705215454,-0.13843412697315216
2023-01-01,1685664000000000,1685750400000000,SOLUSDT,1.1360752115502504,-0.06591036915779114,-0.01882694661617279,-0.08025574684143066,-0.08122614771127701,-0.020381689071655273,-0.10873578488826752
2023-01-01,1685664000000000,1685750400000000,XRPUSDT,1.2172279297195723,0.013243468478322029,-0.018654286861419678,-0.07497549057006836,-0.00625730212777853,-0.04770974814891815,-0.11101660132408142
2023-01-01,1685664000000000,1685750400000000,DOGEUSDT,0.5903638436615086,-0.06501749157905579,-0.04537811875343323,-0.05895818769931793,-0.07939284294843674,-0.039642855525016785,-0.09237390756607056
2023-01-01,1685750400000000,1685836800000000,BTCUSDT,-0.30578235273344834,-0.06362282484769821,-0.0612424835562706,-0.1134243905544281,-0.0902416780591011,-0.05522172898054123,-0.13672767579555511
2023-01-01,1685750400000000,1685836800000000,ETHUSDT,-0.34423818262711464,-0.05952824652194977,-0.055967748165130615,-0.10638020932674408,-0.08052007108926773,-0.04766687750816345,-0.12488560378551483
2023-01-01,1685750400000000,1685836800000000,SOLUSDT,-0.09168955801253938,-0.0710219293832779,-0.030815571546554565,-0.08053076267242432,-0.08067693561315536,-0.01019500195980072,-0.08586950600147247
2023-01-01,1685750400000000,1685836800000000,XRPUSDT,-0.35810129295690063,-0.029287045821547508,-0.05164007842540741,-0.0777687281370163,-0.04238054156303406,-0.06292577087879181,-0.1049593836069107
2023-01-01,1685750400000000,1685836800000000,DOGEUSDT,0.05466495058490899,-0.06581182032823563,-0.04921397566795349,-0.058109626173973083,-0.07595344632863998,-0.03312334418296814,-0.07931824028491974
2023-01-01,1685836800000000,1685923200000000,BTCUSDT,0.08582022992464622,-0.04817820340394974,-0.04618042707443237,-0.10749650001525879,-0.0746922418475151,-0.05165497958660126,-0.14358340203762054
2023-01-01,1685836800000000,1685923200000000,ETHUSDT,-0.05682439349505838,-0.032130129635334015,-0.031042084097862244,-0.10092541575431824,-0.05615407973527908,-0.03950527310371399,-0.13137952983379364
2023-01-01,1685836800000000,1685923200000000,SOLUSDT,0.9217492438868368,-0.06600495427846909,-0.012826323509216309,-0.08319108188152313,-0.07575193047523499,-0.006404876708984375,-0.10001952946186066
2023-01-01,1685836800000000,1685923200000000,XRPUSDT,1.1190716776596967,0.009953921660780907,-0.021111831068992615,-0.07595816254615784,-0.008122316561639309,-0.04922696202993393,-0.10335354506969452
2023-01-01,1685836800000000,1685923200000000,DOGEUSDT,-0.11098302225091211,-0.05984397232532501,-0.03853955864906311,-0.05823467671871185,-0.0683833435177803,-0.029941126704216003,-0.08334551751613617
2023-01-01,1685923200000000,1686009600000000,BTCUSDT,-2.544582903710588,-0.0517655611038208,-0.045300453901290894,-0.10863503813743591,-0.07725757360458374,-0.046177394688129425,-0.13793806731700897
2023-01-01,1685923200000000,1686009600000000,ETHUSDT,-1.916025174880862,-0.03236197680234909,-0.03042714297771454,-0.10112704336643219,-0.0572676807641983,-0.03688135743141174,-0.1259111613035202
2023-01-01,1685923200000000,1686009600000000,SOLUSDT,-2.5863681913724856,-0.06913961470127106,-0.017144322395324707,-0.08440767228603363,-0.07595595717430115,0.0006614476442337036,-0.08857060968875885
2023-01-01,1685923200000000,1686009600000000,XRPUSDT,-1.737368917744662,-0.021316004917025566,-0.044995807111263275,-0.07326371967792511,-0.03238599747419357,-0.05754391849040985,-0.09645417332649231
2023-01-01,1685923200000000,1686009600000000,DOGEUSDT,-3.1433334548562244,-0.05706098675727844,-0.03479984402656555,-0.058831095695495605,-0.0661037489771843,-0.030250877141952515,-0.08594882488250732
2023-01-01,1686009600000000,1686096000000000,BTCUSDT,2.6845996899963014,0.018604157492518425,-0.04482518136501312,-0.07636767625808716,-0.02119731903076172,-0.08255431056022644,-0.13527147471904755
2023-01-01,1686009600000000,1686096000000000,ETHUSDT,1.784086718072983,0.0348794162273407,-0.02199840545654297,-0.07402101159095764,-0.004800966940820217,-0.05669521540403366,-0.10976673662662506
2023-01-01,1686009600000000,1686096000000000,SOLUSDT,0.5432374386244694,-0.021760212257504463,-0.02355724573135376,-0.07003799080848694,-0.045509882271289825,-0.051793307065963745,-0.11213110387325287
2023-01-01,1686009600000000,1686096000000000,XRPUSDT,1.3839889075777874,0.06776208430528641,-0.0020149946212768555,-0.04855586588382721,0.03697348013520241,-0.04926156997680664,-0.06712232530117035
2023-01-01,1686009600000000,1686096000000000,DOGEUSDT,1.918450036469923,-0.0020317304879426956,-0.055339962244033813,-0.038547009229660034,-0.02938556671142578,-0.09029702842235565,-0.09742705523967743
2023-01-01,1686096000000000,1686182400000000,BTCUSDT,-1.368859688171621,-0.06605630367994308,-0.09656588733196259,-0.10838490724563599,-0.09311137348413467,-0.08093633502721786,-0.10871939361095428
2023-01-01,1686096000000000,1686182400000000,ETHUSDT,-1.1754131932373297,-0.05319397896528244,-0.07380414009094238,-0.0995599627494812,-0.08009881526231766,-0.06608519703149796,-0.10229383409023285
2023-01-01,1686096000000000,1686182400000000,SOLUSDT,-2.4724325555033735,-0.05702392756938934,-0.03570781648159027,-0.08339127898216248,-0.07408411055803299,-0.03165853023529053,-0.08916325867176056
2023-01-01,1686096000000000,1686182400000000,XRPUSDT,-0.7322945748597298,-0.014905394986271858,-0.049237340688705444,-0.06644850969314575,-0.03578636795282364,-0.062198199331760406,-0.07803715765476227
2023-01-01,1686096000000000,1686182400000000,DOGEUSDT,-1.3333769299326088,-0.025828810408711433,-0.08251505345106125,-0.05364871025085449,-0.041929032653570175,-0.06771054118871689,-0.058380335569381714
2023-01-01,1686182400000000,1686268800000000,BTCUSDT,0.24927863848645668,-0.027543941512703896,-0.05463103950023651,-0.0911952555179596,-0.057927168905735016,-0.07477554678916931,-0.13923899829387665
2023-01-01,1686182400000000,1686268800000000,ETHUSDT,0.31472170485652473,0.0004258546978235245,-0.03663967549800873,-0.08580385148525238,-0.0319167822599411,-0.05895167589187622,-0.11444036662578583
2023-01-01,1686182400000000,1686268800000000,SOLUSDT,0.3522304193530085,-0.005054419860243797,-0.037433743476867676,-0.06023131310939789,-0.03492525964975357,-0.06706532090902328,-0.09979225695133209
2023-01-01,1686182400000000,1686268800000000,XRPUSDT,0.34410079867567206,0.051284871995449066,-0.005836740136146545,-0.0470048189163208,0.02169843763113022,-0.03869624435901642,-0.061276912689208984
2023-01-01,1686182400000000,1686268800000000,DOGEUSDT,0.31463341111319554,-0.01747954823076725,-0.05008925497531891,-0.04631498456001282,-0.03446481376886368,-0.06546919047832489,-0.09146921336650848
2023-01-01,1686268800000000,1686355200000000,BTCUSDT,-0.027991752811708945,-0.052347347140312195,-0.057913586497306824,-0.10348275303840637,-0.08066875487565994,-0.058773159980773926,-0.13062827289104462
2023-01-01,1686268800000000,1686355200000000,ETHUSDT,-0.12402016814240435,-0.03335849940776825,-0.04752291738986969,-0.0990191400051117,-0.0621769055724144,-0.05265423655509949,-0.11325563490390778
2023-01-01,1686268800000000,1686355200000000,SOLUSDT,-2.132807926776453,-0.04442315548658371,-0.04851780831813812,-0.07752850651741028,-0.0655180886387825,-0.04624398052692413,-0.08594796061515808
2023-01-01,1686268800000000,1686355200000000,XRPUSDT,0.9098056559049335,0.031458981335163116,-0.016543090343475342,-0.048919081687927246,0.0022898102179169655,-0.0370417982339859,-0.060836851596832275
2023-01-01,1686268800000000,1686355200000000,DOGEUSDT,0.7059740524838757,-0.021573128178715706,-0.052775755524635315,-0.05075690150260925,-0.038549840450286865,-0.04702049493789673,-0.0768176019191742
2023-01-01,1686355200000000,1686441600000000,BTCUSDT,-1.0264487164613778,-0.051893748342990875,-0.050918325781822205,-0.10377272963523865,-0.0782197043299675,-0.05170769989490509,-0.13533912599086761
2023-01-01,1686355200000000,1686441600000000,ETHUSDT,-2.1103735199480576,-0.028920674696564674,-0.0399596244096756,-0.09949365258216858,-0.05655476450920105,-0.04786941409111023,-0.11881409585475922
2023-01-01,1686355200000000,1686441600000000,SOLUSDT,-2.632563082146101,-0.007676564157009125,-0.04796183109283447,-0.05462580919265747,-0.03626016154885292,-0.07357227802276611,-0.0934249609708786
2023-01-01,1686355200000000,1686441600000000,XRPUSDT,-1.94652258525233,0.020023269578814507,-0.025796160101890564,-0.04782232642173767,-0.004296830855309963,-0.03882351517677307,-0.062225356698036194
2023-01-01,1686355200000000,1686441600000000,DOGEUSDT,-3.5432418815287487,-0.022287605330348015,-0.04673968255519867,-0.05196160078048706,-0.035677023231983185,-0.030672669410705566,-0.07268236577510834
2023-01-01,1686441600000000,1686528000000000,BTCUSDT,0.13661126669872511,-0.027247963473200798,-0.0432230681180954,-0.0930698812007904,-0.05879209190607071,-0.05909086763858795,-0.13895796239376068
2023-01-01,1686441600000000,1686528000000000,ETHUSDT,0.027411352970604735,0.03247460722923279,-0.035887375473976135,-0.07369878888130188,-0.008747546933591366,-0.0719580352306366,-0.10717891156673431
2023-01-01,1686441600000000,1686528000000000,SOLUSDT,-0.10825839677283332,0.023888705298304558,-0.054110996425151825,-0.03298848867416382,-1.0027550160884857e-05,-0.08856958150863647,-0.06683596968650818
2023-01-01,1686441600000000,1686528000000000,XRPUSDT,0.8982283511291521,0.11625044792890549,0.012733474373817444,-0.009119167923927307,0.07311594486236572,-0.03464342653751373,-0.03240296244621277
2023-01-01,1686441600000000,1686528000000000,DOGEUSDT,-0.09271200495884588,-0.00664755143225193,-0.06467748433351517,-0.03180736303329468,-0.03515182435512543,-0.09969519078731537,-0.1030743271112442
2023-01-01,1686528000000000,1686614400000000,BTCUSDT,-0.025083900651245862,-0.045849964022636414,-0.053912095725536346,-0.10119909048080444,-0.07437562942504883,-0.05515836924314499,-0.13044540584087372
2023-01-01,1686528000000000,1686614400000000,ETHUSDT,-0.24465284988629046,-0.01934725232422352,-0.05392392724752426,-0.09320300817489624,-0.055537961423397064,-0.06582790613174438,-0.108738973736763
2023-01-01,1686528000000000,1686614400000000,SOLUSDT,-0.5466025953723409,-0.011530371382832527,-0.062296219170093536,-0.052720993757247925,-0.02413594350218773,-0.07104955613613129,-0.06978635489940643
2023-01-01,1686528000000000,1686614400000000,XRPUSDT,0.24752450593359313,0.03235028684139252,-0.031839028000831604,-0.035427212715148926,-0.00278263445943594,-0.04985867440700531,-0.05415840446949005
2023-01-01,1686528000000000,1686614400000000,DOGEUSDT,-0.036033337136507915,-0.01718170754611492,-0.06339430809020996,-0.03932158648967743,-0.041976772248744965,-0.06882855296134949,-0.07963137328624725
2023-01-01,1686614400000000,1686700800000000,BTCUSDT,0.03920975322699224,-0.04167933017015457,-0.05159025639295578,-0.09994417428970337,-0.06851878017187119,-0.05239865928888321,-0.13073162734508514
2023-01-01,1686614400000000,1686700800000000,ETHUSDT,-0.05816049580856939,-0.021594861522316933,-0.055941835045814514,-0.09452874958515167,-0.054688915610313416,-0.0649920403957367,-0.1147068589925766
2023-01-01,1686614400000000,1686700800000000,SOLUSDT,-0.25545171545978473,-0.00806686282157898,-0.061174482107162476,-0.049023181200027466,-0.01584893837571144,-0.06606435775756836,-0.07339043915271759
2023-01-01,1686614400000000,1686700800000000,XRPUSDT,-0.3620457783973381,0.04075286537408829,-0.02190379798412323,-0.030577078461647034,0.008076035417616367,-0.04204036295413971,-0.0550123006105423
2023-01-01,1686614400000000,1686700800000000,DOGEUSDT,0.1421309546496521,-0.009470602497458458,-0.060038723051548004,-0.0394822359085083,-0.030614718794822693,-0.05520553141832352,-0.08042682707309723
2023-01-01,1686700800000000,1686787200000000,BTCUSDT,-1.3769826219643677,-0.03567872941493988,-0.04781489074230194,-0.0996703952550888,-0.06195330619812012,-0.04731205850839615,-0.12887565791606903
2023-01-01,1686700800000000,1686787200000000,ETHUSDT,-2.225321399047886,-0.026987669989466667,-0.055089838802814484,-0.09874546527862549,-0.05751871317625046,-0.05839863419532776,-0.11942751705646515
2023-01-01,1686700800000000,1686787200000000,SOLUSDT,-0.9119958015411415,0.001251930370926857,-0.055465251207351685,-0.04863673448562622,-0.005503390915691853,-0.05428557097911835,-0.07382279634475708
2023-01-01,1686700800000000,1686787200000000,XRPUSDT,-2.5063462227523274,0.06381091475486755,-0.008073225617408752,-0.02129468321800232,0.027084022760391235,-0.0347268283367157,-0.04853607714176178
2023-01-01,1686700800000000,1686787200000000,DOGEUSDT,-0.6392209415057631,-0.002424221485853195,-0.054154880344867706,-0.03933247923851013,-0.021612465381622314,-0.04289703071117401,-0.07742498815059662
2023-01-01,1686787200000000,1686873600000000,BTCUSDT,0.8230500108445371,-0.018027106299996376,-0.05026840418577194,-0.08938106894493103,-0.05045401677489281,-0.07220955193042755,-0.1416308730840683
2023-01-01,1686787200000000,1686873600000000,ETHUSDT,0.3849893188463843,0.01722933165729046,-0.05964066833257675,-0.07464608550071716,-0.023979194462299347,-0.0939653292298317,-0.11729232966899872
2023-01-01,1686787200000000,1686873600000000,SOLUSDT,0.5043828308698571,0.006538409739732742,-0.05242300033569336,-0.042296409606933594,0.003184373490512371,-0.058683305978775024,-0.07771652936935425
2023-01-01,1686787200000000,1686873600000000,XRPUSDT,0.0063493769379247,0.1436796933412552,-0.00028608739376068115,0.01629704236984253,0.09124686568975449,-0.05671171844005585,-0.011767193675041199
2023-01-01,1686787200000000,1686873600000000,DOGEUSDT,0.5661356545656092,-0.004760159179568291,-0.04952440410852432,-0.03584417700767517,-0.024338599294424057,-0.04922586679458618,-0.08782273530960083
2023-01-01,1686873600000000,1686960000000000,BTCUSDT,1.292367727915965,-0.040939003229141235,-0.06618470698595047,-0.10137805342674255,-0.0698583722114563,-0.06129857897758484,-0.12146835029125214
2023-01-01,1686873600000000,1686960000000000,ETHUSDT,1.290622671384679,-0.02752845548093319,-0.07487943768501282,-0.09679882228374481,-0.06166587024927139,-0.07824544608592987,-0.11653156578540802
2023-01-01,1686873600000000,1686960000000000,SOLUSDT,0.9276388015045263,0.01687246933579445,-0.052259400486946106,-0.05114266276359558,0.00929542537778616,-0.04221503436565399,-0.07448248565196991
2023-01-01,1686873600000000,1686960000000000,XRPUSDT,-0.29691821319570444,0.0600687712430954,-0.030640482902526855,-0.017975643277168274,0.010994532145559788,-0.060416460037231445,-0.03788255155086517
2023-01-01,1686873600000000,1686960000000000,DOGEUSDT,0.3083248615942592,0.01076982356607914,-0.05157357454299927,-0.03564050793647766,-0.008438157849013805,-0.034895092248916626,-0.06898537278175354
2023-01-01,1686960000000000,1687046400000000,BTCUSDT,0.2857758448687083,-0.03653933107852936,-0.060736656188964844,-0.10326972603797913,-0.06157151609659195,-0.04789265990257263,-0.11516977846622467
2023-01-01,1686960000000000,1687046400000000,ETHUSDT,0.23604591073314857,-0.032627642154693604,-0.08002737164497375,-0.10551998019218445,-0.05974746495485306,-0.06566675007343292,-0.11644907295703888
2023-01-01,1686960000000000,1687046400000000,SOLUSDT,0.5393194909666094,0.035201773047447205,-0.04137992858886719,-0.05572044849395752,0.023123115301132202,-0.0240698903799057,-0.07504512369632721
2023-01-01,1686960000000000,1687046400000000,XRPUSDT,0.25141081345754834,0.05772063881158829,-0.034272804856300354,-0.02678854763507843,0.011320740915834904,-0.06052316725254059,-0.0440080463886261
2023-01-01,1686960000000000,1687046400000000,DOGEUSDT,-0.004757127561711149,0.018602918833494186,-0.041098713874816895,-0.03463318943977356,0.0010230662301182747,-0.02568073570728302,-0.07065713405609131
2023-01-01,1687046400000000,1687132800000000,BTCUSDT,-0.2987523913228873,-0.03500638157129288,-0.03950054943561554,-0.10171335935592651,-0.05831456929445267,-0.036089882254600525,-0.1264805644750595
2023-01-01,1687046400000000,1687132800000000,ETHUSDT,-0.1737156897485275,-0.029767615720629692,-0.059843070805072784,-0.10374939441680908,-0.05487620085477829,-0.05490218102931976,-0.13121087849140167
2023-01-01,1687046400000000,1687132800000000,SOLUSDT,-0.3304658186016005,0.043985024094581604,-0.020492658019065857,-0.05273500084877014,0.0326249934732914,-0.0059321969747543335,-0.07738387584686279
2023-01-01,1687046400000000,1687132800000000,XRPUSDT,0.5000348182360954,0.030171820893883705,-0.04589362442493439,-0.0488947331905365,-0.010974041186273098,-0.0622902512550354,-0.06377749145030975
2023-01-01,1687046400000000,1687132800000000,DOGEUSDT,-0.043530650326208196,0.024443915113806725,-0.03216467797756195,-0.030996710062026978,0.006867293268442154,-0.02128426730632782,-0.07217888534069061
2023-01-01,1687132800000000,1687219200000000,BTCUSDT,0.8500837799340684,-0.023167332634329796,-0.026613250374794006,-0.09565502405166626,-0.050038374960422516,-0.031084761023521423,-0.13025213778018951
2023-01-01,1687132800000000,1687219200000000,ETHUSDT,0.39893715710867694,-0.017379144206643105,-0.04633787274360657,-0.09717777371406555,-0.04602563753724098,-0.04795267432928085,-0.13397805392742157
2023-01-01,1687132800000000,1687219200000000,SOLUSDT,1.1230714823388277,0.03862779587507248,-0.012471288442611694,-0.0458504855632782,0.031523097306489944,-0.009221285581588745,-0.0850740373134613
2023-01-01,1687132800000000,1687219200000000,XRPUSDT,0.4587404893046337,0.014021428301930428,-0.04953278601169586,-0.06654123961925507,-0.021478060632944107,-0.05973765254020691,-0.08184610307216644
2023-01-01,1687132800000000,1687219200000000,DOGEUSDT,0.17236364688980915,0.031882595270872116,-0.028703778982162476,-0.027467548847198486,0.013226713985204697,-0.019786521792411804,-0.07076060771942139
2023-01-01,1687219200000000,1687305600000000,BTCUSDT,2.45610915605692,-0.03213944286108017,-0.033962786197662354,-0.10333262383937836,-0.05971027910709381,-0.0260036438703537,-0.118960902094841
2023-01-01,1687219200000000,1687305600000000,ETHUSDT,1.3618701230847339,-0.021332424134016037,-0.047769539058208466,-0.1023111343383789,-0.051666729152202606,-0.04332391917705536,-0.13287876546382904
2023-01-01,1687219200000000,1687305600000000,SOLUSDT,0.845850544623768,0.05827324092388153,-0.011096641421318054,-0.05144783854484558,0.043590545654296875,0.0037276893854141235,-0.07118792831897736
2023-01-01,1687219200000000,1687305600000000,XRPUSDT,-0.05980679460810393,0.009641287848353386,-0.04369319975376129,-0.07897360622882843,-0.022616617381572723,-0.05163871496915817,-0.09587490558624268
2023-01-01,1687219200000000,1687305600000000,DOGEUSDT,0.34805842006849197,0.039975881576538086,-0.028411388397216797,-0.025166213512420654,0.02069118246436119,-0.017320215702056885,-0.06584501266479492
2023-01-01,1687305600000000,1687392000000000,BTCUSDT,2.5117309697799657,-0.015657735988497734,-0.03958500921726227,-0.0986381322145462,-0.04120985046029091,-0.024294957518577576,-0.09174053370952606
2023-01-01,1687305600000000,1687392000000000,ETHUSDT,2.2846757298310756,-0.01845809817314148,-0.04937032610177994,-0.10735242068767548,-0.04724518209695816,-0.0338292270898819,-0.12402473390102386
2023-01-01,1687305600000000,1687392000000000,SOLUSDT,0.9061086884156784,0.0632622092962265,0.002737075090408325,-0.05148226022720337,0.051289595663547516,0.016936153173446655,-0.07292018830776215
2023-01-01,1687305600000000,1687392000000000,XRPUSDT,0.500834150492138,0.02609412558376789,-0.028151094913482666,-0.0820131003856659,-0.007987766526639462,-0.03971351683139801,-0.10217180848121643
2023-01-01,1687305600000000,1687392000000000,DOGEUSDT,1.220629975692101,0.04926405847072601,-0.028541430830955505,-0.02233317494392395,0.030475832521915436,-0.014926984906196594,-0.059636086225509644
2023-01-01,1687392000000000,1687478400000000,BTCUSDT,-0.14726664246912027,-0.00691240094602108,-0.027638450264930725,-0.08992329239845276,-0.028365302830934525,-0.019405782222747803,-0.08441798388957977
2023-01-01,1687392000000000,1687478400000000,ETHUSDT,-0.3556940392776677,-0.019098831340670586,-0.044878408312797546,-0.11040753126144409,-0.041572608053684235,-0.025617599487304688,-0.11844079196453094
2023-01-01,1687392000000000,1687478400000000,SOLUSDT,-0.8933273257016736,0.05506981164216995,0.008131831884384155,-0.054412245750427246,0.044517118483781815,0.023356840014457703,-0.0726013034582138
2023-01-01,1687392000000000,1687478400000000,XRPUSDT,-0.42563699650288045,0.010796697810292244,-0.03497116267681122,-0.09753888845443726,-0.021208323538303375,-0.03977872431278229,-0.11584176123142242
2023-01-01,1687392000000000,1687478400000000,DOGEUSDT,-0.009481857118026836,0.0661107674241066,-0.027116820216178894,-0.018404096364974976,0.049168772995471954,-0.0037908852100372314,-0.04004207253456116
2023-01-01,1687478400000000,1687564800000000,BTCUSDT,1.0557380078808256,-0.02370033971965313,0.003306552767753601,-0.09658816456794739,-0.045294661074876785,-0.004948660731315613,-0.12131233513355255
2023-01-01,1687478400000000,1687564800000000,ETHUSDT,0.447336624922905,-0.04344453662633896,-0.02314649522304535,-0.1066228598356247,-0.06461410224437714,-0.026082828640937805,-0.15372519195079803
2023-01-01,1687478400000000,1687564800000000,SOLUSDT,0.7892921988132732,0.015599209815263748,0.0018413960933685303,-0.048546865582466125,0.003948647528886795,-0.0037263333797454834,-0.10082775354385376
2023-01-01,1687478400000000,1687564800000000,XRPUSDT,0.1594023181932581,0.024760695174336433,-0.025972440838813782,-0.09451413154602051,-0.010486318729817867,-0.04161140322685242,-0.12382666766643524
2023-01-01,1687478400000000,1687564800000000,DOGEUSDT,1.2970964455558696,0.03779648244380951,-0.015303418040275574,-0.018782272934913635,0.024531111121177673,-0.004309996962547302,-0.057168468832969666
2023-01-01,1687564800000000,1687651200000000,BTCUSDT,-0.19274791227365823,-0.034781306982040405,-0.011806249618530273,-0.09268739819526672,-0.05378337204456329,-0.00843113660812378,-0.10485123097896576
2023-01-01,1687564800000000,1687651200000000,ETHUSDT,-0.3815429066770557,-0.05280835181474686,-0.024597778916358948,-0.1073150634765625,-0.07402142137289047,-0.01915137469768524,-0.1455209106206894
2023-01-01,1687564800000000,1687651200000000,SOLUSDT,-0.7477799637470307,0.02533610723912716,-0.00212174654006958,-0.049591511487960815,0.01184226106852293,0.009551331400871277,-0.07334308326244354
2023-01-01,1687564800000000,1687651200000000,XRPUSDT,-0.6802334017661867,0.011878611519932747,-0.03259366750717163,-0.09964478015899658,-0.02345164120197296,-0.03924666345119476,-0.12511585652828217
2023-01-01,1687564800000000,1687651200000000,DOGEUSDT,-0.7178821943413265,0.05118287354707718,-0.017012715339660645,-0.011911094188690186,0.03839179873466492,0.006598487496376038,-0.028657451272010803
2023-01-01,1687651200000000,1687737600000000,BTCUSDT,-0.08718596458901047,-0.021115968003869057,0.006645902991294861,-0.09447582066059113,-0.04176168888807297,-0.002715274691581726,-0.11609913408756256
2023-01-01,1687651200000000,1687737600000000,ETHUSDT,0.523970468392736,-0.045158177614212036,-0.019536301493644714,-0.10558001697063446,-0.06871369481086731,-0.024976640939712524,-0.15770642459392548
2023-01-01,1687651200000000,1687737600000000,SOLUSDT,0.49121768374482777,0.006260134279727936,-0.001927003264427185,-0.04616650938987732,-0.012482543475925922,-0.005601122975349426,-0.10022209584712982
2023-01-01,1687651200000000,1687737600000000,XRPUSDT,0.26675885231466107,0.033844344317913055,-0.02714630961418152,-0.08835172653198242,-0.0058075180277228355,-0.04406864941120148,-0.12335793673992157
2023-01-01,1687651200000000,1687737600000000,DOGEUSDT,0.01887832840695055,0.010989945381879807,-0.009030506014823914,-0.019313663244247437,-0.0021981308236718178,-0.00780881941318512,-0.06496451795101166
2023-01-01,1687737600000000,1687824000000000,BTCUSDT,-0.26530601749765015,-0.01836012676358223,0.0035593360662460327,-0.09389439225196838,-0.04097006842494011,-0.006857708096504211,-0.1064339429140091
2023-01-01,1687737600000000,1687824000000000,ETHUSDT,-0.884268915827103,-0.05289742350578308,-0.02947293221950531,-0.10722139477729797,-0.0740969181060791,-0.025639981031417847,-0.14337612688541412
2023-01-01,1687737600000000,1687824000000000,SOLUSDT,-1.0639685817637887,0.01574608124792576,-0.004079565405845642,-0.04764501750469208,-0.004805832169950008,0.008748024702072144,-0.07881598174571991
2023-01-01,1687737600000000,1687824000000000,XRPUSDT,-0.8067799359336502,0.011336667463183403,-0.03926713764667511,-0.09506309032440186,-0.026157386600971222,-0.042913585901260376,-0.12213073670864105
2023-01-01,1687737600000000,1687824000000000,DOGEUSDT,-0.9687541628430376,0.009351462125778198,-0.017774507403373718,-0.016876310110092163,-0.00751951988786459,-0.00886256992816925,-0.052218735218048096
2023-01-01,1687824000000000,1687910400000000,BTCUSDT,0.5787599576364378,-0.019180381670594215,-0.003016740083694458,-0.09351181983947754,-0.0413811132311821,-0.019185781478881836,-0.09845711290836334
2023-01-01,1687824000000000,1687910400000000,ETHUSDT,0.6968925021957355,-0.03201104700565338,-0.025180652737617493,-0.10369178652763367,-0.05817081034183502,-0.041499361395835876,-0.1593475192785263
2023-01-01,1687824000000000,1687910400000000,SOLUSDT,0.5796354894231754,-0.007861314341425896,-0.013609185814857483,-0.046665310859680176,-0.03398963063955307,-0.019642040133476257,-0.10865055024623871
2023-01-01,1687824000000000,1687910400000000,XRPUSDT,0.35879147519031784,0.02981499768793583,-0.037191689014434814,-0.08792129158973694,-0.01119911577552557,-0.054977208375930786,-0.1271211951971054
2023-01-01,1687824000000000,1687910400000000,DOGEUSDT,0.42628128792457054,-0.015535479411482811,-0.03177596628665924,-0.02223995327949524,-0.034666694700717926,-0.03725092113018036,-0.07275629043579102
2023-01-01,1687910400000000,1687996800000000,BTCUSDT,-0.8436258121458338,-0.03256874531507492,-0.01687067747116089,-0.08886516094207764,-0.05231524258852005,-0.02062736451625824,-0.07690021395683289
2023-01-01,1687910400000000,1687996800000000,ETHUSDT,-1.3835466203952953,-0.04738769680261612,-0.03952743113040924,-0.10247296094894409,-0.07004782557487488,-0.03658318519592285,-0.1303132027387619
2023-01-01,1687910400000000,1687996800000000,SOLUSDT,-1.0485479995857987,0.0040051136165857315,-0.01892322301864624,-0.04946914315223694,-0.019552558660507202,-0.002696320414543152,-0.08070226013660431
2023-01-01,1687910400000000,1687996800000000,XRPUSDT,-1.4342647699208546,0.0008279141038656235,-0.050980985164642334,-0.09654486179351807,-0.03614819794893265,-0.05184131860733032,-0.12507174909114838
2023-01-01,1687910400000000,1687996800000000,DOGEUSDT,-1.4961682608748332,0.0011615585535764694,-0.03865869343280792,-0.016060933470726013,-0.015982594341039658,-0.024222150444984436,-0.04331003129482269
2023-01-01,1687996800000000,1688083200000000,BTCUSDT,0.5213676902266402,0.002464534714818001,0.0031257718801498413,-0.08284734189510345,-0.023952532559633255,-0.020000576972961426,-0.07192078232765198
2023-01-01,1687996800000000,1688083200000000,ETHUSDT,0.5444985974013676,-0.006503531709313393,-0.02650412917137146,-0.09374675154685974,-0.037839457392692566,-0.0506843626499176,-0.14554663002490997
2023-01-01,1687996800000000,1688083200000000,SOLUSDT,3.376713079275548,-0.015853125602006912,-0.023738175630569458,-0.04908779263496399,-0.041624702513217926,-0.028211429715156555,-0.10943049192428589
2023-01-01,1687996800000000,1688083200000000,XRPUSDT,0.7531033431257687,0.040344320237636566,-0.04191531240940094,-0.07877844572067261,-0.0043574003502726555,-0.06705252826213837,-0.12403874099254608
2023-01-01,1687996800000000,1688083200000000,DOGEUSDT,0.44415598690840935,-0.012559730559587479,-0.03959737718105316,-0.019402265548706055,-0.03305001184344292,-0.051614224910736084,-0.07404763996601105
2023-07-01,1688169600000000,1688256000000000,BTCUSDT,0.16105800607568954,-0.01898113451898098,-0.008041799068450928,-0.08091992139816284,-0.04083038493990898,-0.020800277590751648,-0.05269898474216461
2023-07-01,1688169600000000,1688256000000000,ETHUSDT,-0.19580782541580397,-0.0453985258936882,-0.06142261624336243,-0.09605635702610016,-0.06522231549024582,-0.049469709396362305,-0.09966824948787689
2023-07-01,1688169600000000,1688256000000000,SOLUSDT,-0.2189891389339526,-0.0034840311855077744,-0.01462601125240326,-0.056091248989105225,-0.012581259943544865,0.004469320178031921,-0.06613346934318542
2023-07-01,1688169600000000,1688256000000000,XRPUSDT,0.02317174944117294,-0.007613008841872215,-0.055450618267059326,-0.10171777009963989,-0.04323149099946022,-0.05630537122488022,-0.13757620751857758
2023-07-01,1688169600000000,1688256000000000,DOGEUSDT,0.9858004408758919,0.03149852156639099,-0.04157821834087372,-0.00877387821674347,0.016274381428956985,-0.01249365508556366,-0.01245848834514618
2023-07-01,1688256000000000,1688342400000000,BTCUSDT,0.05625608389932973,-0.026112226769328117,-0.011030852794647217,-0.08165805041790009,-0.04576392099261284,-0.022945046424865723,-0.048529550433158875
2023-07-01,1688256000000000,1688342400000000,ETHUSDT,0.29143738728773455,-0.027726562693715096,-0.0261000394821167,-0.09734541177749634,-0.04782424122095108,-0.03524486720561981,-0.12026326358318329
2023-07-01,1688256000000000,1688342400000000,SOLUSDT,0.962809148279751,-0.04627270996570587,-0.011410042643547058,-0.0611748993396759,-0.05357126146554947,-0.007959067821502686,-0.08498735725879669
2023-07-01,1688256000000000,1688342400000000,XRPUSDT,0.8711970746598001,-0.020831620320677757,-0.06183110922574997,-0.11274489760398865,-0.0544760599732399,-0.061548762023448944,-0.14746089279651642
2023-07-01,1688256000000000,1688342400000000,DOGEUSDT,-0.2205826922281167,0.008065210655331612,-0.029681533575057983,-0.011964783072471619,-0.00040295254439115524,-0.007904797792434692,-0.0155610591173172
2023-07-01,1688342400000000,1688428800000000,BTCUSDT,0.7834692827351112,-0.02737457863986492,-0.009383156895637512,-0.08101336658000946,-0.045802026987075806,-0.022021234035491943,-0.04561643302440643
2023-07-01,1688342400000000,1688428800000000,ETHUSDT,0.37398278573784527,-0.028083233162760735,-0.02583007514476776,-0.09532290697097778,-0.04779546707868576,-0.03156386315822601,-0.11008016765117645
2023-07-01,1688342400000000,1688428800000000,SOLUSDT,-0.24123041000689527,-0.0573754608631134,-0.02543504536151886,-0.055174022912979126,-0.05992306023836136,-0.012554585933685303,-0.0677223652601242
2023-07-01,1688342400000000,1688428800000000,XRPUSDT,0.34645341156053183,-0.0393342524766922,-0.06946616619825363,-0.12066459655761719,-0.06722830981016159,-0.055267080664634705,-0.14533983170986176
2023-07-01,1688342400000000,1688428800000000,DOGEUSDT,0.1927619405893706,-0.026029491797089577,-0.017824485898017883,-0.01995636522769928,-0.03106990084052086,-0.009971648454666138,-0.032782793045043945
2023-07-01,1688428800000000,1688515200000000,BTCUSDT,-0.5697612828284261,-0.04810776561498642,-0.02455766499042511,-0.08873841166496277,-0.06099601089954376,-0.026809975504875183,-0.04780188202857971
2023-07-01,1688428800000000,1688515200000000,ETHUSDT,-0.41924265994880366,-0.026815248653292656,-0.023639783263206482,-0.09530982375144958,-0.04533765837550163,-0.02934485673904419,-0.1050373762845993
2023-07-01,1688428800000000,1688515200000000,SOLUSDT,-0.14823878184197845,-0.07400462031364441,-0.015477880835533142,-0.06197109818458557,-0.07314049452543259,-0.0177602618932724,-0.08193324506282806
2023-07-01,1688428800000000,1688515200000000,XRPUSDT,-0.13936681485917551,-0.03701522946357727,-0.05720458924770355,-0.12283384799957275,-0.06322833150625229,-0.04620788246393204,-0.15518198907375336
2023-07-01,1688428800000000,1688515200000000,DOGEUSDT,0.21370651725938267,-0.03453592211008072,-0.02330140769481659,-0.0192105770111084,-0.03845980763435364,-0.011845290660858154,-0.023990347981452942
2023-07-01,1688515200000000,1688601600000000,BTCUSDT,-0.39616290206104426,-0.020331971347332,0.001281842589378357,-0.07889541983604431,-0.039074044674634933,-0.016419872641563416,-0.042455509305000305
2023-07-01,1688515200000000,1688601600000000,ETHUSDT,-0.5744145246503555,-0.0037947390228509903,-0.009893357753753662,-0.08968061208724976,-0.027062594890594482,-0.026897698640823364,-0.10019727051258087
2023-07-01,1688515200000000,1688601600000000,SOLUSDT,-0.18665504860312995,-0.08142460137605667,-0.021377936005592346,-0.06302016973495483,-0.07944636046886444,-0.02609868347644806,-0.07807080447673798
2023-07-01,1688515200000000,1688601600000000,XRPUSDT,-0.7661044145808096,-0.029364338144659996,-0.04890189319849014,-0.12209838628768921,-0.05742643028497696,-0.04558669030666351,-0.1618202179670334
2023-07-01,1688515200000000,1688601600000000,DOGEUSDT,-0.9252351645157142,-0.03919118642807007,-0.01927746832370758,-0.020773738622665405,-0.041391003876924515,-0.00738777220249176,-0.019870072603225708
2023-07-01,1688601600000000,1688688000000000,BTCUSDT,-0.9274640440829379,-0.02794029377400875,-0.004417210817337036,-0.07612787187099457,-0.046220146119594574,-0.024614989757537842,-0.037234410643577576
2023-07-01,1688601600000000,1688688000000000,ETHUSDT,-1.479704303665425,0.0016736891120672226,-0.016154766082763672,-0.08495169878005981,-0.023382823914289474,-0.04100188612937927,-0.0904541164636612
2023-07-01,1688601600000000,1688688000000000,SOLUSDT,0.783656643001032,-0.08977403491735458,-0.02695295214653015,-0.06520277261734009,-0.08567783236503601,-0.03505353629589081,-0.07605892419815063
2023-07-01,1688601600000000,1688688000000000,XRPUSDT,-1.2569633490569636,-0.01935523934662342,-0.05437313765287399,-0.11923187971115112,-0.051611460745334625,-0.06571168452501297,-0.1695069521665573
2023-07-01,1688601600000000,1688688000000000,DOGEUSDT,-1.067596535598506,-0.052607692778110504,-0.014224261045455933,-0.03025949001312256,-0.056647710502147675,-0.01794569194316864,-0.0342867374420166
2023-07-01,1688688000000000,1688774400000000,BTCUSDT,0.697924472103453,-0.010905927047133446,-0.00019299983978271484,-0.06782186031341553,-0.03605438023805618,-0.02938653528690338,-0.028899848461151123
2023-07-01,1688688000000000,1688774400000000,ETHUSDT,0.580174808103568,0.03413776308298111,-0.016159340739250183,-0.07059767842292786,-0.0017989715561270714,-0.05494922399520874,-0.0733904093503952
2023-07-01,1688688000000000,1688774400000000,SOLUSDT,2.3688834715614986,-0.09807737916707993,-0.036810293793678284,-0.06312887370586395,-0.08936744183301926,-0.03494162857532501,-0.06692786514759064
2023-07-01,1688688000000000,1688774400000000,XRPUSDT,0.5399123080114303,0.0035774093121290207,-0.05716642737388611,-0.10331025719642639,-0.0363151989877224,-0.08064080774784088,-0.15779046714305878
2023-07-01,1688688000000000,1688774400000000,DOGEUSDT,0.280489837280527,-0.04514960199594498,-0.012878358364105225,-0.03278571367263794,-0.05345646291971207,-0.019774317741394043,-0.033903688192367554
2023-07-01,1688774400000000,1688860800000000,BTCUSDT,-0.08978891947960396,-0.055435411632061005,-0.0264560729265213,-0.08037123084068298,-0.07488536089658737,-0.03512202203273773,-0.03534248471260071
2023-07-01,1688774400000000,1688860800000000,ETHUSDT,-0.1275994101802417,-0.021491235122084618,-0.042679816484451294,-0.08296406269073486,-0.05017003417015076,-0.056781090795993805,-0.07056586444377899
2023-07-01,1688774400000000,1688860800000000,SOLUSDT,0.34570731120779397,-0.08183453977108002,-0.0506332665681839,-0.0464516282081604,-0.07111132889986038,-0.037785932421684265,-0.056802257895469666
2023-07-01,1688774400000000,1688860800000000,XRPUSDT,0.15736498801030596,-0.04536633938550949,-0.08506114780902863,-0.11664366722106934,-0.07688531279563904,-0.08360153436660767,-0.14768235385417938
2023-07-01,1688774400000000,1688860800000000,DOGEUSDT,0.1745080334853634,-0.021937204524874687,-0.002097293734550476,-0.029833391308784485,-0.03383138030767441,0.009598597884178162,-0.008966505527496338
2023-07-01,1688860800000000,1688947200000000,BTCUSDT,-0.1895260919139453,-0.03679336607456207,-0.009540960192680359,-0.08059823513031006,-0.05781439691781998,-0.023570522665977478,-0.03782173991203308
2023-07-01,1688860800000000,1688947200000000,ETHUSDT,-0.06187284891557773,-0.009578105062246323,-0.02933749556541443,-0.08725437521934509,-0.03714646399021149,-0.04766716808080673,-0.07596246898174286
2023-07-01,1688860800000000,1688947200000000,SOLUSDT,-0.5281852762939595,-0.07933357357978821,-0.007678046822547913,-0.06395125389099121,-0.06574980914592743,-0.011561363935470581,-0.07895466685295105
2023-07-01,1688860800000000,1688947200000000,XRPUSDT,-0.20957687174664663,-0.04684861749410629,-0.07977716624736786,-0.11672216653823853,-0.07516331970691681,-0.07747485488653183,-0.15166740119457245
2023-07-01,1688860800000000,1688947200000000,DOGEUSDT,-0.19195231271340987,-0.011377064511179924,0.015733078122138977,-0.03208310902118683,-0.02372489497065544,0.031630679965019226,-0.006026402115821838
2023-07-01,1688947200000000,1689033600000000,BTCUSDT,0.396088451779546,-0.03466353565454483,-0.006027534604072571,-0.08103775978088379,-0.05737911909818649,-0.0214167982339859,-0.037579312920570374
2023-07-01,1688947200000000,1689033600000000,ETHUSDT,0.4182849454080922,-0.013327598571777344,-0.027630001306533813,-0.09035299718379974,-0.04042014479637146,-0.04432486742734909,-0.07754825055599213
2023-07-01,1688947200000000,1689033600000000,SOLUSDT,-0.030976302847147908,-0.07374145835638046,-0.0006990879774093628,-0.07340452075004578,-0.0650395005941391,-0.015976175665855408,-0.08377133309841156
2023-07-01,1688947200000000,1689033600000000,XRPUSDT,0.8392903913984372,-0.038047559559345245,-0.06887839734554291,-0.11424514651298523,-0.06748303025960922,-0.07023008167743683,-0.1518397182226181
2023-07-01,1688947200000000,1689033600000000,DOGEUSDT,-0.05833009593499782,-0.011614261195063591,0.024851158261299133,-0.035471007227897644,-0.02421099692583084,0.03827531635761261,-0.009525209665298462
2023-07-01,1689033600000000,1689120000000000,BTCUSDT,0.3386712965436846,-0.05146834999322891,-0.016482248902320862,-0.0877733826637268,-0.07237248122692108,-0.022075548768043518,-0.040920332074165344
2023-07-01,1689033600000000,1689120000000000,ETHUSDT,-0.04027739286950742,-0.027135996147990227,-0.033132925629615784,-0.09444038569927216,-0.05095212161540985,-0.04216785728931427,-0.07981812953948975
2023-07-01,1689033600000000,1689120000000000,SOLUSDT,0.8602110947182875,-0.07720447331666946,-0.007730141282081604,-0.08278048038482666,-0.07188785821199417,-0.020035207271575928,-0.08488115668296814
2023-07-01,1689033600000000,1689120000000000,XRPUSDT,-0.21906804770812657,-0.06127823889255524,-0.07955702394247055,-0.12005174160003662,-0.08513646572828293,-0.06413301825523376,-0.14189891517162323
2023-07-01,1689033600000000,1689120000000000,DOGEUSDT,0.02160369845842701,-0.008902138099074364,0.027646362781524658,-0.03810399770736694,-0.0224330835044384,0.04301995038986206,-0.009019359946250916
2023-07-01,1689120000000000,1689206400000000,BTCUSDT,-0.38693775051796875,-0.0416119322180748,-0.010549649596214294,-0.08582793176174164,-0.06474591791629791,-0.011091098189353943,-0.03908218443393707
2023-07-01,1689120000000000,1689206400000000,ETHUSDT,-0.16711796501567405,-0.01338169164955616,-0.02032884955406189,-0.09287562966346741,-0.038968686014413834,-0.03198543190956116,-0.08127947151660919
2023-07-01,1689120000000000,1689206400000000,SOLUSDT,-0.1336148126377157,-0.0795825645327568,-0.01815478503704071,-0.08565977215766907,-0.07322771102190018,-0.021951839327812195,-0.08158254623413086
2023-07-01,1689120000000000,1689206400000000,XRPUSDT,-0.3614929212174737,-0.0469919815659523,-0.062230177223682404,-0.11705541610717773,-0.07234285026788712,-0.058429256081581116,-0.15386967360973358
2023-07-01,1689120000000000,1689206400000000,DOGEUSDT,-0.14268780060316724,-0.0020452719181776047,0.030292227864265442,-0.03786449134349823,-0.015951868146657944,0.047569870948791504,-0.007050067186355591
2023-07-01,1689206400000000,1689292800000000,BTCUSDT,1.7685466510324974,-0.002886509522795677,0.01245148479938507,-0.0742444097995758,-0.034325048327445984,0.00575825572013855,-0.03340579569339752
2023-07-01,1689206400000000,1689292800000000,ETHUSDT,3.3332010989132064,0.00272936187684536,-0.010414674878120422,-0.09003663063049316,-0.027459345757961273,-0.021319076418876648,-0.07875283062458038
2023-07-01,1689206400000000,1689292800000000,SOLUSDT,4.574119638613182,-0.06044493615627289,0.0010993927717208862,-0.09158612787723541,-0.059204235672950745,-0.010737314820289612,-0.08418440818786621
2023-07-01,1689206400000000,1689292800000000,XRPUSDT,30.370621815052136,-0.03601182997226715,-0.05696084350347519,-0.1121765673160553,-0.06413163244724274,-0.056916773319244385,-0.15041197836399078
2023-07-01,1689206400000000,1689292800000000,DOGEUSDT,3.047239905864582,0.008433414623141289,0.03574126958847046,-0.03558257222175598,-0.006374414078891277,0.052119672298431396,-0.0074324458837509155
2023-07-01,1689292800000000,1689379200000000,BTCUSDT,-1.779446888071734,-0.038801856338977814,-0.03637436032295227,-0.08338284492492676,-0.06862524896860123,-0.017751887440681458,-0.02613300085067749
2023-07-01,1689292800000000,1689379200000000,ETHUSDT,-1.3756587189872937,-0.025626758113503456,-0.07069917023181915,-0.08572281897068024,-0.05066335201263428,-0.0569116473197937,-0.05545811355113983
2023-07-01,1689292800000000,1689379200000000,SOLUSDT,0.48628233459385534,-0.0478413850069046,-0.08188232034444809,-0.06715434789657593,-0.06169982999563217,-0.07555915415287018,-0.12003730237483978
2023-07-01,1689292800000000,1689379200000000,XRPUSDT,-0.8962462357801821,-0.009936617687344551,-0.142873153090477,-0.05868682265281677,-0.025010917335748672,-0.0474352091550827,-0.06581820547580719
2023-07-01,1689292800000000,1689379200000000,DOGEUSDT,-0.9017622012066451,0.07374344766139984,0.025231197476387024,-0.015081584453582764,0.056112974882125854,0.06667269766330719,0.04386118799448013
2023-07-01,1689379200000000,1689465600000000,BTCUSDT,-0.026051615007835878,0.032304272055625916,0.01755078136920929,-0.05797703564167023,-0.00846769567579031,-0.00504690408706665,-0.037639692425727844
2023-07-01,1689379200000000,1689465600000000,ETHUSDT,-0.13013915342201957,0.021546559408307076,-0.004238739609718323,-0.08456006646156311,-0.010883401148021221,-0.028993695974349976,-0.09200333058834076
2023-07-01,1689379200000000,1689465600000000,SOLUSDT,0.5814008343746637,-0.04176047444343567,-0.004471823573112488,-0.0908118486404419,-0.023985013365745544,-0.013224437832832336,-0.14611314237117767
2023-07-01,1689379200000000,1689465600000000,XRPUSDT,-0.03431838275730679,0.006863240152597427,-0.03621084988117218,-0.08143311738967896,0.03579455986618996,-0.039245203137397766,-0.05712136626243591
2023-07-01,1689379200000000,1689465600000000,DOGEUSDT,1.6416330649133137,-0.0017114747315645218,0.05307804048061371,-0.04167133569717407,-0.013688645325601101,0.060765787959098816,-0.019555598497390747
2023-07-01,1689465600000000,1689552000000000,BTCUSDT,-0.09344903137836658,0.00157950259745121,0.001313537359237671,-0.06441625952720642,-0.03864736109972,-0.004133924841880798,-0.029865175485610962
2023-07-01,1689465600000000,1689552000000000,ETHUSDT,-0.1973326998580479,0.009568827226758003,-0.008554220199584961,-0.08740545809268951,-0.025444041937589645,-0.02148158848285675,-0.08114661276340485
2023-07-01,1689465600000000,1689552000000000,SOLUSDT,-0.03999836928464749,-0.045795753598213196,-0.001675620675086975,-0.09472735226154327,-0.03843105956912041,-0.009806632995605469,-0.15325580537319183
2023-07-01,1689465600000000,1689552000000000,XRPUSDT,0.338703570602879,0.019362112507224083,-0.014380455017089844,-0.08074726164340973,0.044611550867557526,-0.022230401635169983,-0.046521350741386414
2023-07-01,1689465600000000,1689552000000000,DOGEUSDT,-1.0723446071738705,0.026303643360733986,0.04072655737400055,-0.03302764892578125,0.008958949707448483,0.06919778883457184,0.020686939358711243
2023-07-01,1689552000000000,1689638400000000,BTCUSDT,-0.1448066126120859,-0.0029534101486206055,-0.00378987193107605,-0.06545150279998779,-0.041866518557071686,-0.00573962926864624,-0.034204259514808655
2023-07-01,1689552000000000,1689638400000000,ETHUSDT,-0.22639013389082469,0.012778045609593391,-0.008048847317695618,-0.08569565415382385,-0.022867824882268906,-0.019326820969581604,-0.07938520610332489
2023-07-01,1689552000000000,1689638400000000,SOLUSDT,-0.4543039609596418,-0.0449984148144722,0.005076959729194641,-0.10316136479377747,-0.045074865221977234,-0.0034151077270507812,-0.15091286599636078
2023-07-01,1689552000000000,1689638400000000,XRPUSDT,-0.09604790656663138,0.027579179033637047,-0.00789622962474823,-0.07993534207344055,0.04345837980508804,-0.010403767228126526,-0.05480390787124634
2023-07-01,1689552000000000,1689638400000000,DOGEUSDT,0.1443191608310951,-0.029712913557887077,0.044863179326057434,-0.05322420597076416,-0.045273471623659134,0.04594522714614868,-0.031176775693893433
2023-07-01,1689638400000000,1689724800000000,BTCUSDT,-0.4563278656392088,-0.004280189052224159,-0.008084818720817566,-0.06664404273033142,-0.041598930954933167,-0.009055465459823608,-0.03856092691421509
2023-07-01,1689638400000000,1689724800000000,ETHUSDT,-0.30334372965534834,0.01275094784796238,-0.012703165411949158,-0.08480429649353027,-0.022302992641925812,-0.024488642811775208,-0.07896105945110321
2023-07-01,1689638400000000,1689724800000000,SOLUSDT,-0.9511853289853841,-0.04531428962945938,0.004542544484138489,-0.10622206330299377,-0.05234808474779129,-0.006685227155685425,-0.13829989731311798
2023-07-01,1689638400000000,1689724800000000,XRPUSDT,0.4313088889016512,0.05214647948741913,0.005904868245124817,-0.07125511765480042,0.052259113639593124,0.008223071694374084,-0.06111697852611542
2023-07-01,1689638400000000,1689724800000000,DOGEUSDT,-0.5385326648957259,-0.035511985421180725,0.03241865336894989,-0.05602853000164032,-0.05214451998472214,0.041443631052970886,-0.01789252460002899
2023-07-01,1689724800000000,1689811200000000,BTCUSDT,0.08292486572919923,0.005069335922598839,-0.004179403185844421,-0.06166538596153259,-0.0335482694208622,-0.00940723717212677,-0.04126289486885071
2023-07-01,1689724800000000,1689811200000000,ETHUSDT,-0.1986085685216209,0.015247652307152748,-0.012678146362304688,-0.0795297622680664,-0.020722709596157074,-0.024409368634223938,-0.07584263384342194
2023-07-01,1689724800000000,1689811200000000,SOLUSDT,0.6001599309366678,-0.033113159239292145,0.005162134766578674,-0.10471338033676147,-0.04168666526675224,-0.005988851189613342,-0.1194162517786026
2023-07-01,1689724800000000,1689811200000000,XRPUSDT,0.4263245955435007,0.04933745414018631,-0.00016638636589050293,-0.062356188893318176,0.022196289151906967,-0.05771860480308533,-0.04975435137748718
2023-07-01,1689724800000000,1689811200000000,DOGEUSDT,0.6478182696798381,-0.04487697780132294,0.029528900980949402,-0.05948615074157715,-0.06105312705039978,0.03249923884868622,-0.03060033917427063
2023-07-01,1689811200000000,1689897600000000,BTCUSDT,-0.1762830969133734,-0.014282701537013054,-0.015805676579475403,-0.06782740354537964,-0.0495438426733017,-0.01318328082561493,-0.04682458937168121
2023-07-01,1689811200000000,1689897600000000,ETHUSDT,0.06847999989036634,0.0037634577602148056,-0.019224271178245544,-0.0799555778503418,-0.030776821076869965,-0.030332833528518677,-0.0774478167295456
2023-07-01,1689811200000000,1689897600000000,SOLUSDT,-0.7313643886507861,-0.08716937899589539,-0.019724562764167786,-0.11456233263015747,-0.09667029231786728,-0.026441186666488647,-0.14349602162837982
2023-07-01,1689811200000000,1689897600000000,XRPUSDT,-0.2493086001081224,0.05217832326889038,0.0006374865770339966,-0.05146603286266327,0.031757984310388565,-0.06651076674461365,-0.03873521089553833
2023-07-01,1689811200000000,1689897600000000,DOGEUSDT,0.2603268337491292,-0.03931555896997452,0.022019192576408386,-0.058549270033836365,-0.05532249063253403,0.03550942242145538,-0.011442780494689941
2023-07-01,1689897600000000,1689984000000000,BTCUSDT,0.17265214391865474,-0.011791994795203209,-0.012832120060920715,-0.06958170235157013,-0.046709898859262466,-0.011693701148033142,-0.054456472396850586
2023-07-01,1689897600000000,1689984000000000,ETHUSDT,0.006466841519849944,-0.006743943318724632,-0.02482868731021881,-0.08270502090454102,-0.038767799735069275,-0.03074030578136444,-0.07938165962696075
2023-07-01,1689897600000000,1689984000000000,SOLUSDT,0.10427703563295426,-0.042986467480659485,0.001931801438331604,-0.10774612426757812,-0.04858633875846863,-0.0032894015312194824,-0.1238894909620285
2023-07-01,1689897600000000,1689984000000000,XRPUSDT,-0.23815149639980582,0.07595699280500412,0.01587836444377899,-0.03168521821498871,0.034508753567934036,-0.04070395231246948,-0.024611175060272217
2023-07-01,1689897600000000,1689984000000000,DOGEUSDT,1.227616477455523,-0.04212813824415207,0.029991939663887024,-0.0627785474061966,-0.054501183331012726,0.04099366068840027,-0.01825687289237976
2023-07-01,1689984000000000,1690070400000000,BTCUSDT,-0.18799217070238425,-0.020865626633167267,-0.018552884459495544,-0.07598243653774261,-0.052139028906822205,-0.010786011815071106,-0.06110452115535736
2023-07-01,1689984000000000,1690070400000000,ETHUSDT,-0.5926427703565459,-0.0007764603942632675,-0.01938207447528839,-0.08178350329399109,-0.032453753054142,-0.022564560174942017,-0.08040367066860199
2023-07-01,1689984000000000,1690070400000000,SOLUSDT,-0.8084790585663592,-0.048084601759910583,-0.0030550211668014526,-0.1105155348777771,-0.053518690168857574,-0.005503848195075989,-0.1321118324995041
2023-07-01,1689984000000000,1690070400000000,XRPUSDT,-0.41247335310162625,0.0820884257555008,0.01706404983997345,-0.01764698326587677,0.0448722206056118,-0.030679181218147278,-0.0006505101919174194
2023-07-01,1689984000000000,1690070400000000,DOGEUSDT,-1.2305107123507688,-0.01358099840581417,0.03260047733783722,-0.056049659848213196,-0.02440713718533516,0.05187663435935974,-0.0015743225812911987
2023-07-01,1690070400000000,1690156800000000,BTCUSDT,0.5102862987210965,-0.014341255649924278,-0.012315616011619568,-0.0743386298418045,-0.0460432767868042,-0.009057119488716125,-0.06845007836818695
2023-07-01,1690070400000000,1690156800000000,ETHUSDT,0.5351680517893758,0.015191985294222832,-0.012144729495048523,-0.07725250720977783,-0.02026814967393875,-0.024334028363227844,-0.0834004133939743
2023-07-01,1690070400000000,1690156800000000,SOLUSDT,0.20589814419864086,-0.01322552002966404,0.00834210216999054,-0.09766696393489838,-0.013866675086319447,0.00383739173412323,-0.10385549068450928
2023-07-01,1690070400000000,1690156800000000,XRPUSDT,0.06076117839368395,0.08906015753746033,0.018808335065841675,-0.0060427188873291016,0.04710732027888298,-0.016693949699401855,0.026768162846565247
2023-07-01,1690070400000000,1690156800000000,DOGEUSDT,0.6088367213575966,-0.0368993803858757,0.03722985088825226,-0.06720529496669769,-0.049012355506420135,0.03163526952266693,-0.04179726541042328
2023-07-01,1690156800000000,1690243200000000,BTCUSDT,-1.616786834494524,-0.03176663815975189,-0.021593645215034485,-0.08241364359855652,-0.058390744030475616,-0.007326468825340271,-0.0735253095626831
2023-07-01,1690156800000000,1690243200000000,ETHUSDT,-0.9335520560898702,-0.012132162228226662,-0.027431949973106384,-0.08679403364658356,-0.042279183864593506,-0.023964524269104004,-0.08659039437770844
2023-07-01,1690156800000000,1690243200000000,SOLUSDT,-1.2076010927272747,-0.034155890345573425,-0.0035084187984466553,-0.09977591037750244,-0.04205205664038658,-0.01172398030757904,-0.11633630096912384
2023-07-01,1690156800000000,1690243200000000,XRPUSDT,-0.4189255318513842,0.07212163507938385,0.009105697274208069,-0.006715640425682068,0.060162484645843506,-0.019909247756004333,0.06491008400917053
2023-07-01,1690156800000000,1690243200000000,DOGEUSDT,1.1036144452767354,-0.027125021442770958,0.030552849173545837,-0.06743207573890686,-0.04153291881084442,0.03840504586696625,-0.018314480781555176
2023-07-01,1690243200000000,1690329600000000,BTCUSDT,0.09377073804104909,0.023359937593340874,-0.004461005330085754,-0.05951857566833496,-0.015586352907121181,-0.02247309684753418,-0.07728372514247894
2023-07-01,1690243200000000,1690329600000000,ETHUSDT,0.19350905053690132,0.016016820445656776,-0.013214826583862305,-0.07613284885883331,-0.020245306193828583,-0.028191164135932922,-0.09265996515750885
2023-07-01,1690243200000000,1690329600000000,SOLUSDT,-0.08134151298829104,0.012576838955283165,0.007352754473686218,-0.08079694211483002,0.010795609094202518,-0.005142733454704285,-0.07912762463092804
2023-07-01,1690243200000000,1690329600000000,XRPUSDT,0.0824997659299266,0.0845421850681305,0.015116915106773376,0.0020693987607955933,0.05373358726501465,-0.004069149494171143,0.08886444568634033
2023-07-01,1690243200000000,1690329600000000,DOGEUSDT,3.3901215941526943,-0.012114716693758965,0.03629739582538605,-0.06356567144393921,-0.027207370847463608,0.050226226449012756,-0.006445959210395813
2023-07-01,1690329600000000,1690416000000000,BTCUSDT,0.21697718346576447,-0.009787248447537422,-0.019146114587783813,-0.07009384036064148,-0.04438576102256775,-0.019283011555671692,-0.07578997313976288
2023-07-01,1690329600000000,1690416000000000,ETHUSDT,0.35005744783925585,-0.008960479870438576,-0.027986451983451843,-0.08543632924556732,-0.04160435125231743,-0.029513850808143616,-0.0943271815776825
2023-07-01,1690329600000000,1690416000000000,SOLUSDT,1.750964582441884,-0.015491416677832603,-0.006700277328491211,-0.08239787817001343,-0.02567237988114357,-0.025192990899086,-0.08709920942783356
2023-07-01,1690329600000000,1690416000000000,XRPUSDT,0.0892929560283581,0.06716921925544739,0.004090860486030579,-0.0026545077562332153,0.06300990283489227,-0.010740801692008972,0.12232732772827148
2023-07-01,1690329600000000,1690416000000000,DOGEUSDT,-1.3737257319203329,0.045230716466903687,0.027490288019180298,-0.042456984519958496,0.022957313805818558,0.04712870717048645,0.02326740324497223
2023-07-01,1690416000000000,1690502400000000,BTCUSDT,-0.23168461571897875,-0.027449777349829674,-0.02520054578781128,-0.0795840173959732,-0.05759454518556595,-0.017462298274040222,-0.08716417849063873
2023-07-01,1690416000000000,1690502400000000,ETHUSDT,-0.26811939140389546,-0.02613001875579357,-0.03373025357723236,-0.09397083520889282,-0.05409965664148331,-0.029800355434417725,-0.1047041267156601
2023-07-01,1690416000000000,1690502400000000,SOLUSDT,-0.06885980565287683,-0.05877368897199631,-0.04411427676677704,-0.08937534689903259,-0.062115445733070374,-0.053579121828079224,-0.112127885222435
2023-07-01,1690416000000000,1690502400000000,XRPUSDT,-0.02496656379255188,0.058162346482276917,0.0009165853261947632,-0.004092991352081299,0.0603548139333725,-0.007010713219642639,0.14268064498901367
2023-07-01,1690416000000000,1690502400000000,DOGEUSDT,-0.11494635559197405,-0.006681056693196297,0.04887594282627106,-0.0793607085943222,-0.022840529680252075,0.03183265030384064,-0.05512772500514984
2023-07-01,1690502400000000,1690588800000000,BTCUSDT,0.1687875670376611,-0.027394874021410942,-0.023977577686309814,-0.08135399222373962,-0.05691709369421005,-0.020928338170051575,-0.09650148451328278
2023-07-01,1690502400000000,1690588800000000,ETHUSDT,0.3354994199806079,-0.02598549611866474,-0.032030001282691956,-0.0952310860157013,-0.05344352126121521,-0.03636063635349274,-0.11562441289424896
2023-07-01,1690502400000000,1690588800000000,SOLUSDT,-0.23849670593667485,-0.03360070288181305,-0.007000848650932312,-0.08685377240180969,-0.04469910264015198,-0.018781200051307678,-0.10033620893955231
2023-07-01,1690502400000000,1690588800000000,XRPUSDT,-0.025449505577933094,0.054820165038108826,8.77678394317627e-05,-0.0032143890857696533,0.055524442344903946,-0.003917500376701355,0.15528225898742676
2023-07-01,1690502400000000,1690588800000000,DOGEUSDT,-0.16121635899254852,-0.021169621497392654,0.034162506461143494,-0.08466437458992004,-0.036017123609781265,0.01997263729572296,-0.04938553273677826
2023-07-01,1690588800000000,1690675200000000,BTCUSDT,0.07432766611193033,-0.035693660378456116,-0.025306671857833862,-0.0827774852514267,-0.06258929520845413,-0.01538105309009552,-0.09589551389217377
2023-07-01,1690588800000000,1690675200000000,ETHUSDT,0.16662161468540285,-0.03880888968706131,-0.037396833300590515,-0.09654475748538971,-0.06300636380910873,-0.03353102505207062,-0.11269871890544891
2023-07-01,1690588800000000,1690675200000000,SOLUSDT,0.3132268840725524,-0.016421763226389885,0.005270376801490784,-0.07778576016426086,-0.035190921276807785,-0.004913747310638428,-0.08080041408538818
2023-07-01,1690588800000000,1690675200000000,XRPUSDT,0.005188450300772736,0.0493302047252655,-0.0009812265634536743,-0.0023094862699508667,0.05035358667373657,-0.0012715458869934082,0.16595423221588135
2023-07-01,1690588800000000,1690675200000000,DOGEUSDT,1.1450393406330384,-0.026829591020941734,0.028043553233146667,-0.09161904454231262,-0.04115787893533707,0.01370878517627716,-0.054594486951828
2023-07-01,1690675200000000,1690761600000000,BTCUSDT,-0.13092155328740182,-0.03680344671010971,-0.022967010736465454,-0.0851418673992157,-0.06254564970731735,-0.01293957233428955,-0.10098052024841309
2023-07-01,1690675200000000,1690761600000000,ETHUSDT,-0.49875716529610076,-0.039143308997154236,-0.03361499309539795,-0.09838132560253143,-0.062003880739212036,-0.031010165810585022,-0.11732415854930878
2023-07-01,1690675200000000,1690761600000000,SOLUSDT,-0.802175834577249,-0.021541154012084007,0.000575825572013855,-0.07478328049182892,-0.03844393417239189,-0.0014201253652572632,-0.0675465315580368
2023-07-01,1690675200000000,1690761600000000,XRPUSDT,-0.0988463752579752,0.04377654194831848,-0.0025733113288879395,-0.0033812522888183594,0.04515989124774933,0.0005690008401870728,0.17037838697433472
2023-07-01,1690675200000000,1690761600000000,DOGEUSDT,-0.7983482010258931,-0.023300131782889366,0.0122976154088974,-0.09458114206790924,-0.03461644798517227,0.008685559034347534,-0.04364442825317383
2023-07-01,1690761600000000,1690848000000000,BTCUSDT,-0.09866082426202925,-0.03130558133125305,-0.019770056009292603,-0.08260732889175415,-0.05773158371448517,-0.013703182339668274,-0.10296152532100677
2023-07-01,1690761600000000,1690848000000000,ETHUSDT,-0.14347097644593004,-0.022395100444555283,-0.02588939666748047,-0.091745525598526,-0.04912889003753662,-0.03376126289367676,-0.11869893968105316
2023-07-01,1690761600000000,1690848000000000,SOLUSDT,-0.4701625505903895,0.0061877090483903885,0.010062649846076965,-0.06551004946231842,-0.022297188639640808,-0.003315538167953491,-0.05677863955497742
2023-07-01,1690761600000000,1690848000000000,XRPUSDT,-0.09744780072956487,0.042083337903022766,-0.0021580010652542114,-0.0031241029500961304,0.0390411913394928,0.0020172148942947388,0.1676131784915924
2023-07-01,1690761600000000,1690848000000000,DOGEUSDT,-0.06671028602512666,-0.00984080322086811,0.027347490191459656,-0.09891125559806824,-0.02483789622783661,0.008538857102394104,-0.06081348657608032
2023-07-01,1690848000000000,1690934400000000,BTCUSDT,0.9595468204647483,-0.031084110960364342,-0.017107442021369934,-0.08279605209827423,-0.05846642702817917,-0.011914744973182678,-0.10435560345649719
2023-07-01,1690848000000000,1690934400000000,ETHUSDT,0.48096340874672416,-0.02623279206454754,-0.028315559029579163,-0.09245166182518005,-0.05439143627882004,-0.03356361389160156,-0.11579899489879608
2023-07-01,1690848000000000,1690934400000000,SOLUSDT,0.30740071237195693,7.18478113412857e-05,0.0029530376195907593,-0.06413102149963379,-0.02989327162504196,-0.010028913617134094,-0.05069588124752045
2023-07-01,1690848000000000,1690934400000000,XRPUSDT,0.12922412656821194,0.03899833559989929,-0.0031691640615463257,-0.004696786403656006,0.03325440362095833,0.001726880669593811,0.16110087931156158
2023-07-01,1690848000000000,1690934400000000,DOGEUSDT,0.11702738006375575,-0.015157172456383705,0.020151063799858093,-0.10263867676258087,-0.030665144324302673,0.004336878657341003,-0.05365067720413208
2023-07-01,1690934400000000,1691020800000000,BTCUSDT,-1.045756180272994,-0.050536274909973145,-0.028350308537483215,-0.09212742745876312,-0.07249955087900162,-0.00769023597240448,-0.10066144168376923
2023-07-01,1690934400000000,1691020800000000,ETHUSDT,-0.9285626953175932,-0.04139623045921326,-0.03702153265476227,-0.09887208044528961,-0.06550382822751999,-0.03318144381046295,-0.1157507449388504
2023-07-01,1690934400000000,1691020800000000,SOLUSDT,-0.8520388738759959,-0.02073405496776104,-0.010515347123146057,-0.07026973366737366,-0.04554227739572525,-0.012356609106063843,-0.0510249137878418
2023-07-01,1690934400000000,1691020800000000,XRPUSDT,-0.3067321572660862,0.02728448249399662,-0.008853182196617126,-0.0105428546667099,0.026070453226566315,-0.001356959342956543,0.14801475405693054
2023-07-01,1690934400000000,1691020800000000,DOGEUSDT,-1.5025532199102432,-0.01739930920302868,0.016535893082618713,-0.10869833827018738,-0.03237633407115936,0.0026592761278152466,-0.053992703557014465
2023-07-01,1691020800000000,1691107200000000,BTCUSDT,0.020192383025475238,-0.02149142511188984,-0.012898191809654236,-0.08386184275150299,-0.05065540224313736,-0.020243898034095764,-0.12090961635112762
2023-07-01,1691020800000000,1691107200000000,ETHUSDT,-0.12214271683333866,-0.016343437135219574,-0.026544496417045593,-0.0914519727230072,-0.04613322764635086,-0.04205299913883209,-0.12606583535671234
2023-07-01,1691020800000000,1691107200000000,SOLUSDT,-0.4884515654137369,0.00668560154736042,-0.0014965981245040894,-0.06601318717002869,-0.02554398775100708,-0.017836809158325195,-0.05403585731983185
2023-07-01,1691020800000000,1691107200000000,XRPUSDT,-0.31958085878653525,0.03623142093420029,-0.004095911979675293,-0.009635508060455322,0.02310604602098465,-0.0008080601692199707,0.12722216546535492
2023-07-01,1691020800000000,1691107200000000,DOGEUSDT,-0.24736273698494626,0.011313596740365028,0.015410348773002625,-0.09936584532260895,-0.01488595362752676,-0.012929722666740417,-0.05435721576213837
2023-07-01,1691107200000000,1691193600000000,BTCUSDT,-0.16074242854385634,-0.030322885140776634,-0.01310044527053833,-0.08358713984489441,-0.0593026727437973,-0.008404627442359924,-0.10853452980518341
2023-07-01,1691107200000000,1691193600000000,ETHUSDT,-0.15032747558546955,-0.015544027090072632,-0.02360193431377411,-0.0893702507019043,-0.04718459025025368,-0.02814139425754547,-0.11494617164134979
2023-07-01,1691107200000000,1691193600000000,SOLUSDT,0.15928378195508974,0.019467668607831,0.002177894115447998,-0.06078548729419708,-0.01744566112756729,-0.008863300085067749,-0.047788411378860474
2023-07-01,1691107200000000,1691193600000000,XRPUSDT,-0.4188570149479006,0.0582456961274147,0.00792635977268219,-0.008206784725189209,0.027256987988948822,0.010274112224578857,0.11190453916788101
2023-07-01,1691107200000000,1691193600000000,DOGEUSDT,-0.05226452477978235,0.0035014618188142776,0.011816635727882385,-0.09891377389431,-0.024555005133152008,-0.005039617419242859,-0.04328307509422302
2023-07-01,1691193600000000,1691280000000000,BTCUSDT,-0.08987706190296539,-0.03613286465406418,-0.01982739567756653,-0.08835510909557343,-0.06381598860025406,-0.016221091151237488,-0.11786355078220367
2023-07-01,1691193600000000,1691280000000000,ETHUSDT,0.17671673850064795,-0.023095769807696342,-0.030705377459526062,-0.09599339962005615,-0.053251415491104126,-0.034247010946273804,-0.12388823926448822
2023-07-01,1691193600000000,1691280000000000,SOLUSDT,-0.15368113423078839,0.008710430935025215,-0.004769489169120789,-0.06948727369308472,-0.025340788066387177,-0.004606351256370544,-0.05400703847408295
2023-07-01,1691193600000000,1691280000000000,XRPUSDT,-0.10981467806617419,0.06757133454084396,0.0074296146631240845,-0.014189764857292175,0.02021268755197525,0.011470600962638855,0.07333790510892868
2023-07-01,1691193600000000,1691280000000000,DOGEUSDT,0.9294439493841141,-0.0029510874301195145,0.007416054606437683,-0.10245147347450256,-0.029083967208862305,-0.005614623427391052,-0.04504089057445526
2023-07-01,1691280000000000,1691366400000000,BTCUSDT,0.03837533996749381,-0.04114631563425064,-0.02240312099456787,-0.08846969902515411,-0.06775150448083878,-0.016937613487243652,-0.1187756210565567
2023-07-01,1691280000000000,1691366400000000,ETHUSDT,-0.17955860949887772,-0.03559781610965729,-0.03633779287338257,-0.10092169046401978,-0.06290465593338013,-0.03356240689754486,-0.12726013362407684
2023-07-01,1691280000000000,1691366400000000,SOLUSDT,0.5631929515469469,0.010307962074875832,-0.0004656761884689331,-0.07195045053958893,-0.02391562983393669,-0.001405566930770874,-0.06358294188976288
2023-07-01,1691280000000000,1691366400000000,XRPUSDT,-0.07631681505087,0.05229508876800537,-0.0035175085067749023,-0.02575552463531494,0.008333713747560978,0.0011010915040969849,0.03281920403242111
2023-07-01,1691280000000000,1691366400000000,DOGEUSDT,-0.5741105708412245,-0.00840700976550579,0.002188637852668762,-0.10164593160152435,-0.029408380389213562,0.0028949081897735596,-0.03897906839847565
2023-07-01,1691366400000000,1691452800000000,BTCUSDT,0.27167991856342605,-0.04658857733011246,-0.024714171886444092,-0.08998072147369385,-0.07146037369966507,-0.01615336537361145,-0.1196533590555191
2023-07-01,1691366400000000,1691452800000000,ETHUSDT,-0.035903073158343075,-0.03659942001104355,-0.03466244041919708,-0.10051319003105164,-0.06384444981813431,-0.03548303246498108,-0.1346137374639511
2023-07-01,1691366400000000,1691452800000000,SOLUSDT,-0.07616495580508867,-0.005681609734892845,-0.007126837968826294,-0.08136294782161713,-0.0353546068072319,0.0032715648412704468,-0.06987147033214569
2023-07-01,1691366400000000,1691452800000000,XRPUSDT,-0.011892403813733392,0.04234705865383148,-0.009999886155128479,-0.03608618676662445,0.0005512842908501625,-0.007833406329154968,-0.0017489343881607056
2023-07-01,1691366400000000,1691452800000000,DOGEUSDT,-0.2995749565419176,0.0018941368907690048,0.01636439561843872,-0.09982666373252869,-0.02185317873954773,0.002150788903236389,-0.05378173291683197
2023-07-01,1691452800000000,1691539200000000,BTCUSDT,1.2052457081859804,-0.06045845150947571,-0.027871236205101013,-0.09661148488521576,-0.08210218697786331,-0.01300300657749176,-0.12363119423389435
2023-07-01,1691452800000000,1691539200000000,ETHUSDT,0.8274128084583571,-0.04636570066213608,-0.03724546730518341,-0.1038544625043869,-0.07271774113178253,-0.03553953766822815,-0.139138862490654
2023-07-01,1691452800000000,1691539200000000,SOLUSDT,1.1513669300883906,-0.011124810203909874,-0.0010395795106887817,-0.08729974925518036,-0.041064366698265076,0.0031088441610336304,-0.08710013329982758
2023-07-01,1691452800000000,1691539200000000,XRPUSDT,0.3164625245942197,0.03003706969320774,-0.015936151146888733,-0.04811587929725647,-0.008991262875497341,-0.01540924608707428,-0.03177963197231293
2023-07-01,1691452800000000,1691539200000000,DOGEUSDT,0.5971663417186035,-0.004337942227721214,0.010851487517356873,-0.105751633644104,-0.02836041897535324,-0.0018043816089630127,-0.05989772081375122
2023-07-01,1691539200000000,1691625600000000,BTCUSDT,-0.3932991971142272,-0.07400451600551605,-0.04042923450469971,-0.09819261729717255,-0.08875955641269684,-0.012210831046104431,-0.11262254416942596
2023-07-01,1691539200000000,1691625600000000,ETHUSDT,-0.01989201565291632,-0.060046903789043427,-0.047228097915649414,-0.10774502158164978,-0.08001481741666794,-0.03251871466636658,-0.1322348266839981
2023-07-01,1691539200000000,1691625600000000,SOLUSDT,0.16986854395248924,-0.03194715082645416,-0.01772516965866089,-0.09639003872871399,-0.054919131100177765,0.0023940950632095337,-0.08366532623767853
2023-07-01,1691539200000000,1691625600000000,XRPUSDT,0.02729851027060895,0.013856770470738411,-0.022743985056877136,-0.061497047543525696,-0.020633988082408905,-0.017944440245628357,-0.05646012723445892
2023-07-01,1691539200000000,1691625600000000,DOGEUSDT,0.18781996512176113,-0.021535197272896767,-0.00018255412578582764,-0.10622842609882355,-0.037927910685539246,-0.0034615397453308105,-0.05787396430969238
2023-07-01,1691625600000000,1691712000000000,BTCUSDT,-0.2781053574414303,-0.05487963557243347,-0.019740089774131775,-0.0955352932214737,-0.07429666072130203,-0.011780813336372375,-0.1315757781267166
2023-07-01,1691625600000000,1691712000000000,ETHUSDT,-0.10055356877856007,-0.0575316920876503,-0.03700505197048187,-0.1074342280626297,-0.07684998959302902,-0.03170287609100342,-0.14607493579387665
2023-07-01,1691625600000000,1691712000000000,SOLUSDT,0.2411140367865568,-0.03214167058467865,-0.0032913386821746826,-0.10067766904830933,-0.05567166209220886,0.009034544229507446,-0.1017419844865799
2023-07-01,1691625600000000,1691712000000000,XRPUSDT,-0.17651011401075334,0.014071660116314888,-0.018556341528892517,-0.06877070665359497,-0.019937045872211456,-0.017229586839675903,-0.07534089684486389
2023-07-01,1691625600000000,1691712000000000,DOGEUSDT,0.189787080136525,-0.02138570509850979,0.006634816527366638,-0.10904428362846375,-0.03702051192522049,0.002456650137901306,-0.06733585894107819
2023-07-01,1691712000000000,1691798400000000,BTCUSDT,-0.061937472088019946,-0.048367321491241455,-0.020030081272125244,-0.09056571125984192,-0.07051704078912735,-0.014792785048484802,-0.125497505068779
2023-07-01,1691712000000000,1691798400000000,ETHUSDT,-0.10552802872367532,-0.05338873714208603,-0.03419344127178192,-0.10401356220245361,-0.0741143450140953,-0.03171522915363312,-0.14525021612644196
2023-07-01,1691712000000000,1691798400000000,SOLUSDT,-0.0010155076959077807,-0.03532753139734268,-0.005686551332473755,-0.10198432207107544,-0.05836988240480423,0.006899237632751465,-0.10274200141429901
2023-07-01,1691712000000000,1691798400000000,XRPUSDT,-0.02679458435927349,0.01505248062312603,-0.017977774143218994,-0.07322043180465698,-0.019668184220790863,-0.020920559763908386,-0.08846895396709442
2023-07-01,1691712000000000,1691798400000000,DOGEUSDT,-0.06392806670885604,-0.021252961829304695,0.009195074439048767,-0.10807019472122192,-0.03734080493450165,0.005925163626670837,-0.06968837976455688
2023-07-01,1691798400000000,1691884800000000,BTCUSDT,0.011622656809179156,-0.049701400101184845,-0.023393362760543823,-0.08828724920749664,-0.07223305851221085,-0.015775486826896667,-0.12009082734584808
2023-07-01,1691798400000000,1691884800000000,ETHUSDT,0.034977904130476745,-0.05132590979337692,-0.034675613045692444,-0.10256600379943848,-0.07302288711071014,-0.03344665467739105,-0.14473490417003632
2023-07-01,1691798400000000,1691884800000000,SOLUSDT,0.29836859496620616,-0.035376667976379395,-0.005309209227561951,-0.10299855470657349,-0.059622786939144135,0.004996582865715027,-0.10664021968841553
2023-07-01,1691798400000000,1691884800000000,XRPUSDT,-0.07281851969351412,0.00741642527282238,-0.023398876190185547,-0.07913629710674286,-0.02623055875301361,-0.025208741426467896,-0.0986323207616806
2023-07-01,1691798400000000,1691884800000000,DOGEUSDT,0.4253925830559755,-0.012569142505526543,0.014042183756828308,-0.10411086678504944,-0.03218947723507881,0.009252816438674927,-0.07007212936878204
2023-07-01,1691884800000000,1691971200000000,BTCUSDT,-0.2894892438818315,-0.05458569526672363,-0.02666430175304413,-0.08925807476043701,-0.07623080164194107,-0.016759634017944336,-0.11929862201213837
2023-07-01,1691884800000000,1691971200000000,ETHUSDT,-0.29242877426944813,-0.06160253286361694,-0.039377108216285706,-0.10562394559383392,-0.08215073496103287,-0.03617104887962341,-0.1473097950220108
2023-07-01,1691884800000000,1691971200000000,SOLUSDT,-0.711342320246985,-0.04962649941444397,-0.016935184597969055,-0.10827513039112091,-0.0709449052810669,9.149312973022461e-06,-0.10539543628692627
2023-07-01,1691884800000000,1691971200000000,XRPUSDT,-0.040972868203459134,0.0010067690163850784,-0.027573496103286743,-0.08452847599983215,-0.03165217861533165,-0.029984131455421448,-0.1085624247789383
2023-07-01,1691884800000000,1691971200000000,DOGEUSDT,-0.8435325491463888,-0.02800184302031994,0.005160912871360779,-0.11841529607772827,-0.045064110308885574,0.006011277437210083,-0.07988755404949188
2023-07-01,1691971200000000,1692057600000000,BTCUSDT,0.29237022983328487,-0.04316353052854538,-0.022449076175689697,-0.08246433734893799,-0.06705576181411743,-0.01641695201396942,-0.11598236858844757
2023-07-01,1691971200000000,1692057600000000,ETHUSDT,0.15562146436441612,-0.05380113422870636,-0.03634563088417053,-0.0999504029750824,-0.07611866295337677,-0.03677725791931152,-0.14612571895122528
2023-07-01,1691971200000000,1692057600000000,SOLUSDT,1.0281931176696995,-0.02382071502506733,-0.008500784635543823,-0.09230205416679382,-0.052515074610710144,-0.0059793442487716675,-0.10045334696769714
2023-07-01,1691971200000000,1692057600000000,XRPUSDT,0.165311527624652,-0.0035788770765066147,-0.03054167330265045,-0.08757182955741882,-0.03528941795229912,-0.031959131360054016,-0.11401091516017914
2023-07-01,1691971200000000,1692057600000000,DOGEUSDT,-0.03130755180048813,-0.007922081276774406,0.01065799593925476,-0.11134320497512817,-0.03424786031246185,-0.0019522160291671753,-0.08436626195907593
2023-07-01,1692057600000000,1692144000000000,BTCUSDT,-0.5404242605477444,-0.06362650543451309,-0.03768979012966156,-0.08828705549240112,-0.08117476105690002,-0.023440495133399963,-0.1157262772321701
2023-07-01,1692057600000000,1692144000000000,ETHUSDT,-0.5524923048854427,-0.06735268235206604,-0.04637038707733154,-0.10236987471580505,-0.08585748821496964,-0.04039134085178375,-0.14278094470500946
2023-07-01,1692057600000000,1692144000000000,SOLUSDT,-1.3290616784092475,-0.06723766028881073,-0.04639019817113876,-0.09449440240859985,-0.08262407779693604,-0.018273189663887024,-0.08347226679325104
2023-07-01,1692057600000000,1692144000000000,XRPUSDT,-0.4572195659884923,-0.014086848124861717,-0.03659670054912567,-0.09361302852630615,-0.04293009638786316,-0.03460104763507843,-0.12050484120845795
2023-07-01,1692057600000000,1692144000000000,DOGEUSDT,-1.7340901449889734,-0.01612321473658085,0.003257259726524353,-0.10897329449653625,-0.04126992076635361,0.0001503676176071167,-0.07640139758586884
2023-07-01,1692144000000000,1692230400000000,BTCUSDT,-1.1329115154261566,-0.04288358986377716,-0.029355034232139587,-0.07751747965812683,-0.0646679550409317,-0.02800232172012329,-0.11591948568820953
2023-07-01,1692144000000000,1692230400000000,ETHUSDT,-0.7196507251436877,-0.051850758492946625,-0.0412682443857193,-0.0939752459526062,-0.07411859929561615,-0.04535961151123047,-0.1437075287103653
2023-07-01,1692144000000000,1692230400000000,SOLUSDT,-1.1541978893605358,-0.009582525119185448,-0.019673839211463928,-0.068891242146492,-0.04068772494792938,-0.025071635842323303,-0.08112597465515137
2023-07-01,1692144000000000,1692230400000000,XRPUSDT,-0.425019033653548,-0.0014945920556783676,-0.03092639148235321,-0.0898495465517044,-0.033222589641809464,-0.03783370554447174,-0.12372119724750519
2023-07-01,1692144000000000,1692230400000000,DOGEUSDT,-1.715654192140777,0.04149698466062546,0.009238317608833313,-0.07840640842914581,0.0005854601040482521,-0.012287154793739319,-0.06378449499607086
2023-07-01,1692230400000000,1692316800000000,BTCUSDT,-5.08640374420743,-0.010334068909287453,-0.024919167160987854,-0.05964517593383789,-0.04074907302856445,-0.038268670439720154,-0.10376545786857605
2023-07-01,1692230400000000,1692316800000000,ETHUSDT,-4.394086974303225,-0.04295280575752258,-0.04232324659824371,-0.08659946918487549,-0.06909385323524475,-0.05089312046766281,-0.13904796540737152
2023-07-01,1692230400000000,1692316800000000,SOLUSDT,-1.2796055425403026,0.018696794286370277,-0.01331852376461029,-0.040710657835006714,-0.020072810351848602,-0.024460002779960632,-0.05270671844482422
2023-07-01,1692230400000000,1692316800000000,XRPUSDT,-1.7468137693238996,-0.0004024822264909744,-0.03266230225563049,-0.08919298648834229,-0.03411850705742836,-0.04100261628627777,-0.122707799077034
2023-07-01,1692230400000000,1692316800000000,DOGEUSDT,-2.930214133992158,0.054901085793972015,0.0011901408433914185,-0.0645667314529419,0.007076502777636051,-0.02822740375995636,-0.05126503109931946
2023-07-01,1692316800000000,1692403200000000,BTCUSDT,-1.105991772580024,0.122608482837677,-0.0596553236246109,0.007393002510070801,0.06251763552427292,-0.11646764725446701,-0.042111799120903015
2023-07-01,1692316800000000,1692403200000000,ETHUSDT,-0.6034201389236344,0.06512829661369324,-0.07517744600772858,-0.03341013193130493,0.012872793711721897,-0.12790876626968384,-0.1014462560415268
2023-07-01,1692316800000000,1692403200000000,SOLUSDT,-0.3766259280161408,0.04297555238008499,-0.014384716749191284,-0.01938965916633606,-0.0015218844637274742,-0.03281386196613312,-0.03424292802810669
2023-07-01,1692316800000000,1692403200000000,XRPUSDT,0.0023712082951354296,0.0423654168844223,-0.03382442891597748,-0.06765028834342957,0.000659809447824955,-0.06291063129901886,-0.10768778622150421
2023-07-01,1692316800000000,1692403200000000,DOGEUSDT,1.0457693872708131,0.09106368571519852,-0.016604363918304443,-0.03518126904964447,0.03453434258699417,-0.05960109829902649,-0.027176275849342346
2023-07-01,1692403200000000,1692489600000000,BTCUSDT,0.09213033040571779,0.0587083175778389,-0.0467405691742897,-0.008797883987426758,0.007125266827642918,-0.08459503948688507,-0.03343294560909271
2023-07-01,1692403200000000,1692489600000000,ETHUSDT,0.2424958252158654,0.002313828095793724,-0.0724676325917244,-0.04770168662071228,-0.03881676495075226,-0.09695404767990112,-0.08975522220134735
2023-07-01,1692403200000000,1692489600000000,SOLUSDT,0.6493506110963405,0.017888637259602547,-0.026544958353042603,-0.022942662239074707,-0.020791038870811462,-0.031585946679115295,-0.032833874225616455
2023-07-01,1692403200000000,1692489600000000,XRPUSDT,0.33747239880226626,-0.0038342271000146866,-0.051894545555114746,-0.08440953493118286,-0.039437565952539444,-0.059876568615436554,-0.1101723462343216
2023-07-01,1692403200000000,1692489600000000,DOGEUSDT,0.248424320707156,-0.006417371332645416,-0.03879652917385101,-0.07094372808933258,-0.04057744890451431,-0.030783995985984802,-0.04548853635787964
2023-07-01,1692489600000000,1692576000000000,BTCUSDT,0.17709302611088817,6.667710840702057e-05,-0.06889775395393372,-0.039527446031570435,-0.03765460103750229,-0.07587189227342606,-0.06113460659980774
2023-07-01,1692489600000000,1692576000000000,ETHUSDT,0.47739243853940183,-0.03494030982255936,-0.08905036747455597,-0.0605006068944931,-0.06509362161159515,-0.08520980179309845,-0.10004600882530212
2023-07-01,1692489600000000,1692576000000000,SOLUSDT,-0.1409573976670481,-0.026001716032624245,-0.04528612643480301,-0.04177555441856384,-0.05281858891248703,-0.024668917059898376,-0.04561130702495575
2023-07-01,1692489600000000,1692576000000000,XRPUSDT,0.4401922791369801,-0.028381241485476494,-0.0627792626619339,-0.09638319909572601,-0.05685233324766159,-0.05740070343017578,-0.12167803943157196
2023-07-01,1692489600000000,1692576000000000,DOGEUSDT,0.018175400954793586,-0.017648691311478615,-0.028982266783714294,-0.07102052867412567,-0.04632032662630081,-0.01170322299003601,-0.05883723497390747
2023-07-01,1692576000000000,1692662400000000,BTCUSDT,-0.12369449132947179,-0.03147180378437042,-0.07574500143527985,-0.056598514318466187,-0.061899714171886444,-0.06809889525175095,-0.08582156896591187
2023-07-01,1692576000000000,1692662400000000,ETHUSDT,-0.5364453182436874,-0.057558201253414154,-0.09153525531291962,-0.06702443957328796,-0.08100169152021408,-0.07291713356971741,-0.10843586921691895
2023-07-01,1692576000000000,1692662400000000,SOLUSDT,-0.6879435343977154,-0.028391892090439796,-0.03744722902774811,-0.04970559477806091,-0.0546354204416275,-0.02296549081802368,-0.060615405440330505
2023-07-01,1692576000000000,1692662400000000,XRPUSDT,-0.33520653331549227,-0.0432271808385849,-0.0625150054693222,-0.10464523732662201,-0.06648354232311249,-0.05052310228347778,-0.13118644058704376
2023-07-01,1692576000000000,1692662400000000,DOGEUSDT,-0.6047493806360337,-0.03283795714378357,-0.020866036415100098,-0.07440057396888733,-0.05903445929288864,-0.003122583031654358,-0.07262827455997467
2023-07-01,1692662400000000,1692748800000000,BTCUSDT,-0.14793996058102657,-0.040948286652565,-0.07069148123264313,-0.06172396242618561,-0.06963944435119629,-0.06289704889059067,-0.10255894064903259
2023-07-01,1692662400000000,1692748800000000,ETHUSDT,-1.0218423354380788,-0.051161184906959534,-0.08077079057693481,-0.055874332785606384,-0.07711981236934662,-0.07585538923740387,-0.11801622807979584
2023-07-01,1692662400000000,1692748800000000,SOLUSDT,-0.7652190864050269,-0.016091598197817802,-0.03167085349559784,-0.04795195162296295,-0.04584898054599762,-0.02926717698574066,-0.06508062779903412
2023-07-01,1692662400000000,1692748800000000,XRPUSDT,-0.08011630833689803,-0.036111049354076385,-0.052254870533943176,-0.10271675884723663,-0.060476310551166534,-0.05047242343425751,-0.1406668871641159
2023-07-01,1692662400000000,1692748800000000,DOGEUSDT,0.03339909797101598,-0.03491704910993576,-0.015753567218780518,-0.0670476108789444,-0.062016554176807404,-0.008341342210769653,-0.08259475231170654
2023-07-01,1692748800000000,1692835200000000,BTCUSDT,0.7962433014196679,-0.03627259284257889,-0.06128080189228058,-0.06337578594684601,-0.06540007144212723,-0.05291762948036194,-0.11186675727367401
2023-07-01,1692748800000000,1692835200000000,ETHUSDT,1.4356513535385493,-0.032260455191135406,-0.074412502348423,-0.04247856140136719,-0.06356564909219742,-0.08143550157546997,-0.11812843382358551
2023-07-01,1692748800000000,1692835200000000,SOLUSDT,1.478704515468237,-0.0066259074956178665,-0.030170738697052002,-0.04595497250556946,-0.03895970433950424,-0.033486634492874146,-0.06447948515415192
2023-07-01,1692748800000000,1692835200000000,XRPUSDT,0.22853556287486185,-0.04102754592895508,-0.052500173449516296,-0.10454398393630981,-0.06507028639316559,-0.04842020571231842,-0.1416258066892624
2023-07-01,1692748800000000,1692835200000000,DOGEUSDT,0.5716475635694186,-0.04038248956203461,-0.01382976770401001,-0.06657063961029053,-0.06465468555688858,0.0032143592834472656,-0.08033928275108337
2023-07-01,1692835200000000,1692921600000000,BTCUSDT,-0.5339686320594862,-0.03843364119529724,-0.06153485178947449,-0.07756027579307556,-0.06432569026947021,-0.03899243474006653,-0.11491788923740387
2023-07-01,1692835200000000,1692921600000000,ETHUSDT,-0.5716870478210889,-0.04005880653858185,-0.08481781929731369,-0.061021119356155396,-0.06339966505765915,-0.057310715317726135,-0.09812644124031067
2023-07-01,1692835200000000,1692921600000000,SOLUSDT,-0.8121036478670145,-0.06566999107599258,-0.06105603277683258,-0.07141675055027008,-0.08185873180627823,-0.030009493231773376,-0.07381276786327362
2023-07-01,1692835200000000,1692921600000000,XRPUSDT,-0.28264308724129167,-0.05147214233875275,-0.05594262480735779,-0.10835656523704529,-0.07308254390954971,-0.046589769423007965,-0.14342282712459564
2023-07-01,1692835200000000,1692921600000000,DOGEUSDT,-0.33588007983031887,-0.048787087202072144,-0.016331329941749573,-0.07134100794792175,-0.06942664831876755,0.013319447636604309,-0.07937434315681458
2023-07-01,1692921600000000,1693008000000000,BTCUSDT,-0.24246692982685558,-0.031032932922244072,-0.05194805562496185,-0.06818979978561401,-0.05982159823179245,-0.04803520441055298,-0.1321387141942978
2023-07-01,1692921600000000,1693008000000000,ETHUSDT,-0.22009148964069508,-0.036022745072841644,-0.0681808739900589,-0.051050007343292236,-0.06071610003709793,-0.06355214864015579,-0.12287433445453644
2023-07-01,1692921600000000,1693008000000000,SOLUSDT,-0.7835611086662955,-0.0434771403670311,-0.03833813965320587,-0.0701681524515152,-0.0668284222483635,-0.035948336124420166,-0.09586465358734131
2023-07-01,1692921600000000,1693008000000000,XRPUSDT,0.1827114854797047,-0.047878198325634,-0.05268475413322449,-0.10621702671051025,-0.07036019116640091,-0.050453588366508484,-0.1499113291501999
2023-07-01,1692921600000000,1693008000000000,DOGEUSDT,0.024639310912654946,-0.0494079664349556,-0.01093319058418274,-0.06394803524017334,-0.07051204890012741,0.006118908524513245,-0.08962967991828918
2023-07-01,1693008000000000,1693094400000000,BTCUSDT,-0.10394260458988104,-0.02222621440887451,-0.04861682653427124,-0.06617259979248047,-0.054436735808849335,-0.04507172852754593,-0.12945811450481415
2023-07-01,1693008000000000,1693094400000000,ETHUSDT,-0.2240688644659992,-0.026779064908623695,-0.06230244040489197,-0.04682245850563049,-0.05463099479675293,-0.05584919452667236,-0.11578439176082611
2023-07-01,1693008000000000,1693094400000000,SOLUSDT,-0.17694668113329948,-0.03205236792564392,-0.0345320850610733,-0.06583355367183685,-0.059963442385196686,-0.038251712918281555,-0.09204404056072235
2023-07-01,1693008000000000,1693094400000000,XRPUSDT,-0.07222414912719949,-0.05827014148235321,-0.058056533336639404,-0.10857200622558594,-0.07895124703645706,-0.04986589401960373,-0.1468261331319809
2023-07-01,1693008000000000,1693094400000000,DOGEUSDT,-0.12013371967417896,-0.04285567253828049,-0.01001007854938507,-0.05959615111351013,-0.06452234834432602,0.010441020131111145,-0.08151637017726898
2023-07-01,1693094400000000,1693180800000000,BTCUSDT,0.1862905801991556,-0.01751491241157055,-0.04645190387964249,-0.06653819978237152,-0.0509771928191185,-0.04139275848865509,-0.13097535073757172
2023-07-01,1693094400000000,1693180800000000,ETHUSDT,0.3717602168996504,-0.020633148029446602,-0.05730648338794708,-0.043881192803382874,-0.049990490078926086,-0.05107143521308899,-0.11587761342525482
2023-07-01,1693094400000000,1693180800000000,SOLUSDT,0.6701771681077731,-0.04779605567455292,-0.0402785986661911,-0.072784423828125,-0.07257071882486343,-0.035188689827919006,-0.09371113777160645
2023-07-01,1693094400000000,1693180800000000,XRPUSDT,0.013183574189443922,-0.05811159312725067,-0.05623321235179901,-0.10713914036750793,-0.07828041166067123,-0.05074453353881836,-0.15009482204914093
2023-07-01,1693094400000000,1693180800000000,DOGEUSDT,0.14816294516294143,-0.034350164234638214,-0.004053488373756409,-0.053172796964645386,-0.056504108011722565,0.014341369271278381,-0.07989488542079926
2023-07-01,1693180800000000,1693267200000000,BTCUSDT,0.04247918162966235,-0.012323722243309021,-0.042724356055259705,-0.06856925785541534,-0.04570430517196655,-0.03271564841270447,-0.12872855365276337
2023-07-01,1693180800000000,1693267200000000,ETHUSDT,-0.16786211995321315,-0.013972701504826546,-0.054427191615104675,-0.046734392642974854,-0.04220861941576004,-0.03864794969558716,-0.10732641816139221
2023-07-01,1693180800000000,1693267200000000,SOLUSDT,-0.2989333505045177,-0.07183227688074112,-0.0476970374584198,-0.08261030912399292,-0.08917710930109024,-0.024195343255996704,-0.09438897669315338
2023-07-01,1693180800000000,1693267200000000,XRPUSDT,-0.013392086651794727,-0.059979259967803955,-0.056583210825920105,-0.10595069825649261,-0.07929805666208267,-0.05045214295387268,-0.14800147712230682
2023-07-01,1693180800000000,1693267200000000,DOGEUSDT,0.14981638201590383,-0.03300385922193527,-0.003535434603691101,-0.05229306221008301,-0.05527535080909729,0.018989071249961853,-0.07481300830841064
2023-07-01,1693267200000000,1693353600000000,BTCUSDT,3.6564498189946226,-0.008384233340620995,-0.03601942956447601,-0.06711503863334656,-0.04232160747051239,-0.026800021529197693,-0.13065485656261444
2023-07-01,1693267200000000,1693353600000000,ETHUSDT,2.5613407705759266,-0.014584345743060112,-0.04665088653564453,-0.04404883086681366,-0.04342305660247803,-0.03733667731285095,-0.11463479697704315
2023-07-01,1693267200000000,1693353600000000,SOLUSDT,1.6325036656882739,-0.06586435437202454,-0.036003366112709045,-0.08175525069236755,-0.0851704403758049,-0.02421523630619049,-0.10781669616699219
2023-07-01,1693267200000000,1693353600000000,XRPUSDT,0.45797451549376583,-0.06084313243627548,-0.05577637255191803,-0.1045534610748291,-0.07919809222221375,-0.05054174363613129,-0.14712147414684296
2023-07-01,1693267200000000,1693353600000000,DOGEUSDT,1.535869772313533,-0.03553832322359085,-0.000856548547744751,-0.050592243671417236,-0.05719651281833649,0.022873610258102417,-0.0729682445526123
2023-07-01,1693353600000000,1693440000000000,BTCUSDT,-0.7400616601988863,0.041697584092617035,-0.03620156645774841,-0.08337041735649109,0.013373351655900478,-0.004675120115280151,-0.0877738744020462
2023-07-01,1693353600000000,1693440000000000,ETHUSDT,-0.7086960694549553,0.02088954858481884,-0.04666205495595932,-0.051655471324920654,-0.0037883343175053596,-0.013850137591362,-0.07316522300243378
2023-07-01,1693353600000000,1693440000000000,SOLUSDT,-1.1818358262511284,-0.0895601361989975,-0.04724988341331482,-0.08933129906654358,-0.10001958906650543,-0.009096503257751465,-0.09039042890071869
2023-07-01,1693353600000000,1693440000000000,XRPUSDT,-0.31034026404514964,-0.06751566380262375,-0.057652585208415985,-0.10492980480194092,-0.0818413496017456,-0.0463588610291481,-0.13888303935527802
2023-07-01,1693353600000000,1693440000000000,DOGEUSDT,-0.2580613312969022,-0.018851665779948235,0.0020997226238250732,-0.05105096101760864,-0.03808161988854408,0.04315900802612305,-0.04643227159976959
2023-07-01,1693440000000000,1693526400000000,BTCUSDT,-2.5180298675686332,-0.024144956842064857,-0.023972272872924805,-0.07589539885520935,-0.049581900238990784,-0.023007795214653015,-0.1433599442243576
2023-07-01,1693440000000000,1693526400000000,ETHUSDT,-1.7783159530817723,-0.025297800078988075,-0.030664831399917603,-0.050208866596221924,-0.04856042563915253,-0.027686551213264465,-0.12060977518558502
2023-07-01,1693440000000000,1693526400000000,SOLUSDT,-1.3841447820759962,-0.06120813637971878,-0.027442127466201782,-0.07917137444019318,-0.08129506558179855,-0.027289018034934998,-0.12179945409297943
2023-07-01,1693440000000000,1693526400000000,XRPUSDT,-0.4802095258549788,-0.058793723583221436,-0.04910697788000107,-0.10139209032058716,-0.07549915462732315,-0.04903625696897507,-0.14730452001094818
2023-07-01,1693440000000000,1693526400000000,DOGEUSDT,-1.0321654864826626,-0.04306574910879135,0.015274301171302795,-0.05022671818733215,-0.06039241701364517,0.034974947571754456,-0.07448796927928925
2023-07-01,1693526400000000,1693612800000000,BTCUSDT,-0.23861511996217247,-0.019119178876280785,-0.04783175140619278,-0.05139985680580139,-0.06236066669225693,-0.07618311792612076,-0.1518031805753708
2023-07-01,1693526400000000,1693612800000000,ETHUSDT,-0.5165922308447887,-0.021847059950232506,-0.043959230184555054,-0.036184415221214294,-0.05889188498258591,-0.0626319944858551,-0.12926404178142548
2023-07-01,1693526400000000,1693612800000000,SOLUSDT,-0.5371402765009096,-0.02867276780307293,-0.030200794339179993,-0.06233806908130646,-0.05812542885541916,-0.04401561617851257,-0.11050853133201599
2023-07-01,1693526400000000,1693612800000000,XRPUSDT,-0.38089541467328003,-0.05121903121471405,-0.04988468438386917,-0.09727075695991516,-0.07229728251695633,-0.05492714047431946,-0.14642418920993805
2023-07-01,1693526400000000,1693612800000000,DOGEUSDT,0.041199233617186554,-0.04170599579811096,0.005277007818222046,-0.04132544994354248,-0.06524740904569626,0.006923243403434753,-0.0837492048740387
2023-07-01,1693612800000000,1693699200000000,BTCUSDT,0.11085479798234875,-0.025385355576872826,-0.048207126557826996,-0.057462096214294434,-0.06702763587236404,-0.05687083303928375,-0.130657359957695
2023-07-01,1693612800000000,1693699200000000,ETHUSDT,0.2495164296552144,-0.015873558819293976,-0.04873722791671753,-0.0363338440656662,-0.05324923247098923,-0.055905379354953766,-0.11370693147182465
2023-07-01,1693612800000000,1693699200000000,SOLUSDT,0.22637339131548473,-0.0334414467215538,-0.0345146507024765,-0.06317292153835297,-0.06218807399272919,-0.04013378918170929,-0.10348539054393768
2023-07-01,1693612800000000,1693699200000000,XRPUSDT,0.03028138316723463,-0.049610160291194916,-0.05394160747528076,-0.09488898515701294,-0.07365771383047104,-0.057685017585754395,-0.14293356239795685
2023-07-01,1693612800000000,1693699200000000,DOGEUSDT,-0.20392642697554644,-0.03526262193918228,0.0010138601064682007,-0.040394723415374756,-0.05811744183301926,0.01592417061328888,-0.06531582772731781
2023-07-01,1693699200000000,1693785600000000,BTCUSDT,0.1983972061314617,-0.02354978211224079,-0.04974396526813507,-0.06363347172737122,-0.059754639863967896,-0.045531198382377625,-0.13016854226589203
2023-07-01,1693699200000000,1693785600000000,ETHUSDT,-0.038166747165310023,-0.00971178337931633,-0.05148191750049591,-0.04288758337497711,-0.04200952872633934,-0.042600616812705994,-0.10509450733661652
2023-07-01,1693699200000000,1693785600000000,SOLUSDT,0.10356637385275698,-0.0499550923705101,-0.03927440941333771,-0.07226017117500305,-0.07375950366258621,-0.027467474341392517,-0.10353963077068329
2023-07-01,1693699200000000,1693785600000000,XRPUSDT,0.18128243832284985,-0.057244881987571716,-0.05984431505203247,-0.09602075815200806,-0.0800509974360466,-0.05468076467514038,-0.13639236986637115
2023-07-01,1693699200000000,1693785600000000,DOGEUSDT,-0.17112685014933862,-0.025860482826828957,0.003957629203796387,-0.03770887851715088,-0.049509383738040924,0.01852257549762726,-0.0670064389705658
2023-07-01,1693785600000000,1693872000000000,BTCUSDT,-0.2794552584607587,-0.01984355039894581,-0.04542623460292816,-0.06697365641593933,-0.0526576042175293,-0.03539341688156128,-0.12858258187770844
2023-07-01,1693785600000000,1693872000000000,ETHUSDT,-0.15692061578173952,-0.00499969907104969,-0.04510660469532013,-0.04447856545448303,-0.03589741885662079,-0.03630313277244568,-0.10900847613811493
2023-07-01,1693785600000000,1693872000000000,SOLUSDT,-0.057314225732910444,-0.05603967607021332,-0.03810639679431915,-0.07674729824066162,-0.07815324515104294,-0.02283148467540741,-0.1115456372499466
2023-07-01,1693785600000000,1693872000000000,XRPUSDT,0.12032037213772799,-0.06154893338680267,-0.060529932379722595,-0.09653711318969727,-0.0829448401927948,-0.04936639964580536,-0.13313411176204681
2023-07-01,1693785600000000,1693872000000000,DOGEUSDT,0.05464231249453544,-0.024571703746914864,0.0026233941316604614,-0.03815263509750366,-0.04936547204852104,0.01798221468925476,-0.06653453409671783
2023-07-01,1693872000000000,1693958400000000,BTCUSDT,-0.06615360897648022,-0.014177553355693817,-0.037723004817962646,-0.06349906325340271,-0.047743234783411026,-0.03348550200462341,-0.13203857839107513
2023-07-01,1693872000000000,1693958400000000,ETHUSDT,0.11491564804934051,0.0020619072020053864,-0.039205148816108704,-0.04364776611328125,-0.029663600027561188,-0.031892359256744385,-0.1084727793931961
2023-07-01,1693872000000000,1693958400000000,SOLUSDT,1.058315095844366,-0.053109876811504364,-0.029309988021850586,-0.07467877864837646,-0.07606437057256699,-0.015183210372924805,-0.11470313370227814
2023-07-01,1693872000000000,1693958400000000,XRPUSDT,-0.09957378397323562,-0.0609995573759079,-0.05647315829992294,-0.09586499631404877,-0.08228817582130432,-0.04419447481632233,-0.13255895674228668
2023-07-01,1693872000000000,1693958400000000,DOGEUSDT,0.427022061070419,-0.018616588786244392,0.004188224673271179,-0.03787356615066528,-0.0437336191534996,0.02411973476409912,-0.06137262284755707
2023-07-01,1693958400000000,1694044800000000,BTCUSDT,-0.06342536747318375,-0.011551883071660995,-0.036334410309791565,-0.06464844942092896,-0.045533306896686554,-0.029880911111831665,-0.12870804965496063
2023-07-01,1693958400000000,1694044800000000,ETHUSDT,-0.04277501095046411,0.006365953013300896,-0.03742453455924988,-0.045899033546447754,-0.025179080665111542,-0.02587418258190155,-0.10463252663612366
2023-07-01,1693958400000000,1694044800000000,SOLUSDT,-0.8702162350519316,-0.06696951389312744,-0.03458477556705475,-0.08709782361984253,-0.08544260263442993,-0.0030040889978408813,-0.10750444233417511
2023-07-01,1693958400000000,1694044800000000,XRPUSDT,-0.06685914411112828,-0.06042119860649109,-0.0541425496339798,-0.09541314840316772,-0.08270402252674103,-0.04530688375234604,-0.13590459525585175
2023-07-01,1693958400000000,1694044800000000,DOGEUSDT,-0.2219265100569282,-0.02040104754269123,0.0007424056529998779,-0.0431194007396698,-0.04473596066236496,0.027832821011543274,-0.05677919089794159
2023-07-01,1694044800000000,1694131200000000,BTCUSDT,0.9861376700671723,-0.013666164129972458,-0.03688660264015198,-0.0659952312707901,-0.04709893837571144,-0.02963469922542572,-0.12990663945674896
2023-07-01,1694044800000000,1694131200000000,ETHUSDT,0.5001922346188591,0.0033871401101350784,-0.035225704312324524,-0.04667440056800842,-0.027807962149381638,-0.02466753125190735,-0.10791508853435516
2023-07-01,1694044800000000,1694131200000000,SOLUSDT,0.39703634904528123,-0.06698182225227356,-0.031232818961143494,-0.07815876603126526,-0.09005732089281082,-0.02689458429813385,-0.13550706207752228
2023-07-01,1694044800000000,1694131200000000,XRPUSDT,0.05201173578684801,-0.06282352656126022,-0.055458709597587585,-0.09475865960121155,-0.08520464599132538,-0.04698817431926727,-0.13525782525539398
2023-07-01,1694044800000000,1694131200000000,DOGEUSDT,0.017022870521802878,-0.038144901394844055,-0.0023851245641708374,-0.04620443284511566,-0.06086356192827225,0.015331938862800598,-0.0690411776304245
2023-07-01,1694131200000000,1694217600000000,BTCUSDT,-0.6666209002871942,-0.02714763768017292,-0.05458824336528778,-0.07760202884674072,-0.053333841264247894,-0.034352853894233704,-0.12158672511577606
2023-07-01,1694131200000000,1694217600000000,ETHUSDT,-0.3851338059699447,-0.01631602831184864,-0.05000069737434387,-0.05481468141078949,-0.04257630929350853,-0.03244611620903015,-0.10541592538356781
2023-07-01,1694131200000000,1694217600000000,SOLUSDT,-0.4305974534721621,-0.08026918023824692,-0.04116646945476532,-0.08273598551750183,-0.10015658289194107,-0.022098466753959656,-0.11994685232639313
2023-07-01,1694131200000000,1694217600000000,XRPUSDT,0.0,-0.07574718445539474,-0.06421137601137161,-0.09662291407585144,-0.09560763835906982,-0.055195152759552,-0.13630937039852142
2023-07-01,1694131200000000,1694217600000000,DOGEUSDT,0.0345980212727558,-0.06338602304458618,-0.018598392605781555,-0.05217552185058594,-0.08225234597921371,-0.0005511045455932617,-0.06878753006458282
2023-07-01,1694217600000000,1694304000000000,BTCUSDT,-0.014420996763518075,-0.0421699583530426,-0.0492585226893425,-0.07038648426532745,-0.06593600660562515,-0.04987776279449463,-0.14034642279148102
2023-07-01,1694217600000000,1694304000000000,ETHUSDT,-0.03359045326222631,-0.02994999848306179,-0.04793114960193634,-0.05098384618759155,-0.0520005002617836,-0.04179126024246216,-0.11472220718860626
2023-07-01,1694217600000000,1694304000000000,SOLUSDT,-0.24951137577605015,-0.0692378580570221,-0.038101136684417725,-0.07604663074016571,-0.09055200219154358,-0.030556902289390564,-0.1282244771718979
2023-07-01,1694217600000000,1694304000000000,XRPUSDT,-0.03684776246872753,-0.07652422040700912,-0.06412184983491898,-0.09214285016059875,-0.09509003907442093,-0.05572222173213959,-0.13232539594173431
2023-07-01,1694217600000000,1694304000000000,DOGEUSDT,-0.19913274378334844,-0.060758285224437714,-0.016572222113609314,-0.048027992248535156,-0.0755896121263504,0.0023879259824752808,-0.06133197247982025
2023-07-01,1694304000000000,1694390400000000,BTCUSDT,-0.13077003955728908,-0.04137392342090607,-0.05240657180547714,-0.06595169007778168,-0.06296676397323608,-0.04791872948408127,-0.12515588104724884
2023-07-01,1694304000000000,1694390400000000,ETHUSDT,-0.6391547922819529,-0.027983536943793297,-0.04859139025211334,-0.04694187641143799,-0.04760107770562172,-0.040104418992996216,-0.10365413129329681
2023-07-01,1694304000000000,1694390400000000,SOLUSDT,-1.8040344610253622,-0.05840124189853668,-0.035949721932411194,-0.07124024629592896,-0.08095617592334747,-0.02882024645805359,-0.12114526331424713
2023-07-01,1694304000000000,1694390400000000,XRPUSDT,-0.23212067700899192,-0.07244401425123215,-0.06100118160247803,-0.08835291862487793,-0.09093062579631805,-0.05343703180551529,-0.12761910259723663
2023-07-01,1694304000000000,1694390400000000,DOGEUSDT,-1.2509231923011368,-0.056793734431266785,-0.013115420937538147,-0.04699206352233887,-0.07067324966192245,0.001240953803062439,-0.060658738017082214
2023-07-01,1694390400000000,1694476800000000,BTCUSDT,-1.4077032313500635,-0.037835121154785156,-0.04921136796474457,-0.0631437599658966,-0.05747029930353165,-0.047066450119018555,-0.12240718305110931
2023-07-01,1694390400000000,1694476800000000,ETHUSDT,-2.3357162568331047,-0.021886726841330528,-0.04403269290924072,-0.04294705390930176,-0.04268904775381088,-0.04573264718055725,-0.10803638398647308
2023-07-01,1694390400000000,1694476800000000,SOLUSDT,-0.7793688336424822,-0.028871411457657814,-0.041410982608795166,-0.05361670255661011,-0.06096576899290085,-0.06137116998434067,-0.13114480674266815
2023-07-01,1694390400000000,1694476800000000,XRPUSDT,-0.7981526812961137,-0.06378021836280823,-0.05616580694913864,-0.0850517749786377,-0.08407709002494812,-0.052095167338848114,-0.12550590932369232
2023-07-01,1694390400000000,1694476800000000,DOGEUSDT,-0.5043629513582654,-0.045275986194610596,-0.017301365733146667,-0.04208119213581085,-0.06310199946165085,-0.022394493222236633,-0.07012423872947693
2023-07-01,1694476800000000,1694563200000000,BTCUSDT,1.4241838223641312,-0.021100256592035294,-0.049531564116477966,-0.05277407169342041,-0.04711577668786049,-0.0680394396185875,-0.13109971582889557
2023-07-01,1694476800000000,1694563200000000,ETHUSDT,1.4476788693987757,-0.0031941309571266174,-0.05662452429533005,-0.029759883880615234,-0.03599094972014427,-0.08541073650121689,-0.11960814893245697
2023-07-01,1694476800000000,1694563200000000,SOLUSDT,0.3034818901225066,-0.031321682035923004,-0.047093577682971954,-0.05496518313884735,-0.06333241611719131,-0.060222871601581573,-0.11982376873493195
2023-07-01,1694476800000000,1694563200000000,XRPUSDT,0.2189467468275321,-0.04812708497047424,-0.05486135184764862,-0.08062118291854858,-0.07340172678232193,-0.06212417781352997,-0.12816806137561798
2023-07-01,1694476800000000,1694563200000000,DOGEUSDT,0.2655241389953443,-0.04452937841415405,-0.024094298481941223,-0.04219964146614075,-0.06220217049121857,-0.02246156334877014,-0.06024359166622162
2023-07-01,1694563200000000,1694649600000000,BTCUSDT,0.7711749507332388,-0.026226060464978218,-0.07059808075428009,-0.06011718511581421,-0.04493850842118263,-0.057806484401226044,-0.09322939813137054
2023-07-01,1694563200000000,1694649600000000,ETHUSDT,0.47907877302516566,-0.01653270050883293,-0.08478005230426788,-0.0439031720161438,-0.036733031272888184,-0.0703902542591095,-0.07774074375629425
2023-07-01,1694563200000000,1694649600000000,SOLUSDT,0.7808414215974101,-0.042869068682193756,-0.05958235263824463,-0.06677046418190002,-0.06729242950677872,-0.051520973443984985,-0.1113835871219635
2023-07-01,1694563200000000,1694649600000000,XRPUSDT,0.11165860588927645,-0.06283309310674667,-0.06607402861118317,-0.08269727230072021,-0.08450842648744583,-0.05876404792070389,-0.11348070204257965
2023-07-01,1694563200000000,1694649600000000,DOGEUSDT,0.22289256897747156,-0.04194854944944382,-0.026713475584983826,-0.0425073504447937,-0.05726916342973709,-0.009657993912696838,-0.04726044833660126
2023-07-01,1694649600000000,1694736000000000,BTCUSDT,0.5969977358379183,-0.022002754732966423,-0.0465085506439209,-0.06032547354698181,-0.03470922261476517,-0.03639805316925049,-0.09541244804859161
2023-07-01,1694649600000000,1694736000000000,ETHUSDT,0.6324672967286129,-0.00827457569539547,-0.05487485229969025,-0.0438307523727417,-0.022750720381736755,-0.04234275221824646,-0.0844264030456543
2023-07-01,1694649600000000,1694736000000000,SOLUSDT,0.701100142852875,-0.03271719068288803,-0.050239160656929016,-0.06977128982543945,-0.05304223299026489,-0.028919965028762817,-0.10175760090351105
2023-07-01,1694649600000000,1694736000000000,XRPUSDT,0.22179471450196672,-0.06353914737701416,-0.06231658160686493,-0.08216261863708496,-0.08381450921297073,-0.053332358598709106,-0.11258576810359955
2023-07-01,1694649600000000,1694736000000000,DOGEUSDT,0.5269954287418014,-0.034127697348594666,-0.01613016426563263,-0.040829554200172424,-0.04823100194334984,0.004230469465255737,-0.043677181005477905
2023-07-01,1694736000000000,1694822400000000,BTCUSDT,0.16028112526194244,-0.020418358966708183,-0.03375668823719025,-0.059099242091178894,-0.03159179165959358,-0.026189610362052917,-0.09068939089775085
2023-07-01,1694736000000000,1694822400000000,ETHUSDT,0.49862017398976144,0.004575649276375771,-0.042441174387931824,-0.04282265901565552,-0.00859986711293459,-0.028470128774642944,-0.07454895973205566
2023-07-01,1694736000000000,1694822400000000,SOLUSDT,0.46469789230958486,-0.01910184882581234,-0.03804469108581543,-0.07143987715244293,-0.03832010179758072,-0.017263174057006836,-0.09928728640079498
2023-07-01,1694736000000000,1694822400000000,XRPUSDT,0.42618861733984265,-0.04806671291589737,-0.05865655839443207,-0.07868221402168274,-0.06771287322044373,-0.04967722296714783,-0.10296854376792908
2023-07-01,1694736000000000,1694822400000000,DOGEUSDT,0.2754995104735106,-0.02224029414355755,-0.009674295783042908,-0.03980615735054016,-0.036054208874702454,0.014899566769599915,-0.03557519614696503
2023-07-01,1694822400000000,1694908800000000,BTCUSDT,-0.08882335248244666,-0.029699182137846947,-0.02694036066532135,-0.06030245125293732,-0.04147392511367798,-0.024974897503852844,-0.09581615030765533
2023-07-01,1694822400000000,1694908800000000,ETHUSDT,-0.23244199728934378,0.0019025206565856934,-0.03265023231506348,-0.04343952238559723,-0.00939252134412527,-0.020719856023788452,-0.07421672344207764
2023-07-01,1694822400000000,1694908800000000,SOLUSDT,-0.03690003983387854,-0.01657078042626381,-0.029749378561973572,-0.07218267023563385,-0.035036761313676834,-0.013416483998298645,-0.10160893201828003
2023-07-01,1694822400000000,1694908800000000,XRPUSDT,-0.02240771233246423,-0.04176902770996094,-0.05394507944583893,-0.07936403155326843,-0.0608137771487236,-0.04443599283695221,-0.09972657263278961
2023-07-01,1694822400000000,1694908800000000,DOGEUSDT,-0.23888773070769592,-0.023397346958518028,-0.0006041079759597778,-0.04159806668758392,-0.035871803760528564,0.020199164748191833,-0.039470866322517395
2023-07-01,1694908800000000,1694995200000000,BTCUSDT,-0.0669253062552017,-0.03475745767354965,-0.02709008753299713,-0.05979989469051361,-0.04861657693982124,-0.029288753867149353,-0.09729202091693878
2023-07-01,1694908800000000,1694995200000000,ETHUSDT,-0.4093491314986511,-0.008969807997345924,-0.027233868837356567,-0.04416051506996155,-0.020938992500305176,-0.025397151708602905,-0.0841294676065445
2023-07-01,1694908800000000,1694995200000000,SOLUSDT,-0.4915006368772745,-0.016810894012451172,-0.024683594703674316,-0.069294273853302,-0.03597646206617355,-0.01705290377140045,-0.1069348007440567
2023-07-01,1694908800000000,1694995200000000,XRPUSDT,-0.2775422794976976,-0.037684932351112366,-0.0456424281001091,-0.07999296486377716,-0.05786982923746109,-0.043429940938949585,-0.10682260990142822
2023-07-01,1694908800000000,1694995200000000,DOGEUSDT,-0.4488544564730199,-0.023771336302161217,0.0022370070219039917,-0.04218706488609314,-0.03658871725201607,0.013385340571403503,-0.04639993607997894
2023-07-01,1694995200000000,1695081600000000,BTCUSDT,0.4910984686700714,-0.03617987036705017,-0.03036065399646759,-0.05913722515106201,-0.051365964114665985,-0.03324957191944122,-0.09476952254772186
2023-07-01,1694995200000000,1695081600000000,ETHUSDT,0.48624502710355405,-0.00883767195045948,-0.02963636815547943,-0.042319878935813904,-0.023714683949947357,-0.03222508728504181,-0.08545918762683868
2023-07-01,1694995200000000,1695081600000000,SOLUSDT,1.339011523615609,-0.010891692712903023,-0.02418215572834015,-0.06352017819881439,-0.03318655863404274,-0.025931790471076965,-0.11098773777484894
2023-07-01,1694995200000000,1695081600000000,XRPUSDT,0.4115097689603681,-0.032496377825737,-0.043792739510536194,-0.07919740676879883,-0.055244557559490204,-0.04705720394849777,-0.11035528779029846
2023-07-01,1694995200000000,1695081600000000,DOGEUSDT,0.3655896950590431,-0.023193886503577232,-0.0004910826683044434,-0.0424102246761322,-0.037688203155994415,0.004579976201057434,-0.051252201199531555
2023-07-01,1695081600000000,1695168000000000,BTCUSDT,0.9324727590030434,-0.038200683891773224,-0.03612141311168671,-0.05829028785228729,-0.05188354104757309,-0.03262564539909363,-0.08368755877017975
2023-07-01,1695081600000000,1695168000000000,ETHUSDT,0.23869283337193445,-0.0054809898138046265,-0.03760784864425659,-0.04201696813106537,-0.01944395899772644,-0.029166385531425476,-0.07092054188251495
2023-07-01,1695081600000000,1695168000000000,SOLUSDT,0.594664656770205,-0.00027466006577014923,-0.03615191578865051,-0.06858950853347778,-0.02106597274541855,-0.018298611044883728,-0.08606390655040741
2023-07-01,1695081600000000,1695168000000000,XRPUSDT,0.4160949770435239,-0.03311312943696976,-0.049319781363010406,-0.07995983958244324,-0.05550411343574524,-0.04497253894805908,-0.100875124335289
2023-07-01,1695081600000000,1695168000000000,DOGEUSDT,0.46925392079087996,-0.015394775196909904,-0.004301682114601135,-0.042659953236579895,-0.03035132586956024,0.012233734130859375,-0.040173545479774475
2023-07-01,1695168000000000,1695254400000000,BTCUSDT,-0.1818725698322941,-0.019414642825722694,-0.025604858994483948,-0.054456502199172974,-0.03238094225525856,-0.015588000416755676,-0.06884890794754028
2023-07-01,1695168000000000,1695254400000000,ETHUSDT,-0.7348019500211133,0.007123300805687904,-0.022749602794647217,-0.04009760916233063,-0.006338718347251415,-0.01448841392993927,-0.069675013422966
2023-07-01,1695168000000000,1695254400000000,SOLUSDT,0.39016240905366917,0.001439027488231659,-0.015033483505249023,-0.0666864663362503,-0.015756137669086456,-0.0017950385808944702,-0.09089653193950653
2023-07-01,1695168000000000,1695254400000000,XRPUSDT,0.2894482082041459,-0.027040990069508553,-0.04377131164073944,-0.07898256182670593,-0.04809422045946121,-0.038653597235679626,-0.09849447011947632
2023-07-01,1695168000000000,1695254400000000,DOGEUSDT,-0.034028103121324205,-0.0020571518689393997,0.006981074810028076,-0.04121337831020355,-0.01625937595963478,0.0281020849943161,-0.03637070953845978
2023-07-01,1695254400000000,1695340800000000,BTCUSDT,-1.1656162091697315,-0.026568034663796425,-0.0146380215883255,-0.060474395751953125,-0.041162025183439255,-0.01685120165348053,-0.08764709532260895
2023-07-01,1695254400000000,1695340800000000,ETHUSDT,-1.38798808590447,-0.0019014105200767517,-0.021393537521362305,-0.04240232706069946,-0.019316792488098145,-0.027458101511001587,-0.08722420036792755
2023-07-01,1695254400000000,1695340800000000,SOLUSDT,-1.2607946585934788,-0.0071822647005319595,-0.012797310948371887,-0.06757542490959167,-0.024651959538459778,-0.002711266279220581,-0.09226356446743011
2023-07-01,1695254400000000,1695340800000000,XRPUSDT,-0.5445361320468708,-0.025403501465916634,-0.04010549187660217,-0.0791100561618805,-0.04567249119281769,-0.037510499358177185,-0.09935496747493744
2023-07-01,1695254400000000,1695340800000000,DOGEUSDT,-0.9280144686277912,-0.0062623824924230576,0.012601733207702637,-0.04381750524044037,-0.020813360810279846,0.026344940066337585,-0.046066418290138245
2023-07-01,1695340800000000,1695427200000000,BTCUSDT,0.030054268997361237,-0.03452713042497635,-0.030384019017219543,-0.061559319496154785,-0.055943675339221954,-0.04997957497835159,-0.10345622897148132
2023-07-01,1695340800000000,1695427200000000,ETHUSDT,0.3381640621352278,-0.008501052856445312,-0.03748340904712677,-0.040850698947906494,-0.032347969710826874,-0.05643188953399658,-0.09786823391914368
2023-07-01,1695340800000000,1695427200000000,SOLUSDT,-0.038963123283424016,-0.02420744113624096,-0.023192599415779114,-0.06379374861717224,-0.046562038362026215,-0.037783071398735046,-0.11597444117069244
2023-07-01,1695340800000000,1695427200000000,XRPUSDT,0.2088441607734063,-0.02755228616297245,-0.03927190601825714,-0.07907739281654358,-0.04961424693465233,-0.048859626054763794,-0.11266915500164032
2023-07-01,1695340800000000,1695427200000000,DOGEUSDT,0.1634486103753964,-0.018267130479216576,0.003097221255302429,-0.04459579288959503,-0.03558890521526337,0.00017842650413513184,-0.06242232024669647
2023-07-01,1695427200000000,1695513600000000,BTCUSDT,-0.0077977631152595225,-0.04564927518367767,-0.04887820780277252,-0.061040252447128296,-0.06463183462619781,-0.055031917989254,-0.08578501641750336
2023-07-01,1695427200000000,1695513600000000,ETHUSDT,0.02532557114739087,-0.009630877524614334,-0.053910449147224426,-0.043107837438583374,-0.028332166373729706,-0.05019987374544144,-0.07424482703208923
2023-07-01,1695427200000000,1695513600000000,SOLUSDT,0.08727184616939512,-0.031134290620684624,-0.03849470615386963,-0.06204497814178467,-0.052874378859996796,-0.04038242995738983,-0.09561619162559509
2023-07-01,1695427200000000,1695513600000000,XRPUSDT,-0.18982508484880223,-0.033885806798934937,-0.050525911152362823,-0.07872048020362854,-0.05517824739217758,-0.05245742201805115,-0.10254448652267456
2023-07-01,1695427200000000,1695513600000000,DOGEUSDT,-0.007191468037818664,-0.007953884080052376,-0.0045065730810165405,-0.043773964047431946,-0.024961397051811218,0.005629405379295349,-0.04628235101699829
2023-07-01,1695513600000000,1695600000000000,BTCUSDT,-0.7284433439407979,-0.04533033072948456,-0.050134673714637756,-0.061333924531936646,-0.0609150305390358,-0.05431203544139862,-0.08374139666557312
2023-07-01,1695513600000000,1695600000000000,ETHUSDT,-0.4840543370723552,-0.006413135677576065,-0.045350126922130585,-0.043388888239860535,-0.021353833377361298,-0.040790170431137085,-0.07638488709926605
2023-07-01,1695513600000000,1695600000000000,SOLUSDT,-0.19462134223078026,-0.029711658135056496,-0.04017123579978943,-0.06073567271232605,-0.048218559473752975,-0.0375523567199707,-0.08911064267158508
2023-07-01,1695513600000000,1695600000000000,XRPUSDT,-0.2319813055134351,-0.03442811965942383,-0.04835754632949829,-0.07813812792301178,-0.054861880838871,-0.05454707890748978,-0.10758192837238312
2023-07-01,1695513600000000,1695600000000000,DOGEUSDT,-0.6069720453279068,-0.00931422971189022,-0.0019596517086029053,-0.04627528786659241,-0.024655357003211975,0.008131101727485657,-0.05067308247089386
2023-07-01,1695600000000000,1695686400000000,BTCUSDT,0.1307121544408142,-0.03418885916471481,-0.045337677001953125,-0.06049501895904541,-0.051477812230587006,-0.0585588663816452,-0.08971080183982849
2023-07-01,1695600000000000,1695686400000000,ETHUSDT,0.29369792461101757,-0.0035890741273760796,-0.03882917761802673,-0.04226061701774597,-0.01861078292131424,-0.04096633195877075,-0.08102278411388397
2023-07-01,1695600000000000,1695686400000000,SOLUSDT,0.04935041450768844,-0.025432562455534935,-0.03573332726955414,-0.05852925777435303,-0.04314350336790085,-0.03561311960220337,-0.08680586516857147
2023-07-01,1695600000000000,1695686400000000,XRPUSDT,0.14469902984671,-0.031350232660770416,-0.04896438121795654,-0.07663357257843018,-0.05241154879331589,-0.05593756586313248,-0.1058804839849472
2023-07-01,1695600000000000,1695686400000000,DOGEUSDT,0.19506704990885015,-0.010539965704083443,-0.002373144030570984,-0.045039102435112,-0.026467960327863693,-0.0016867071390151978,-0.05859537422657013
2023-07-01,1695686400000000,1695772800000000,BTCUSDT,-0.18637783098852959,-0.0400390699505806,-0.05402878671884537,-0.06235530972480774,-0.0555221289396286,-0.056892603635787964,-0.07970738410949707
2023-07-01,1695686400000000,1695772800000000,ETHUSDT,0.2158890663465533,0.0019480995833873749,-0.04107210040092468,-0.04229438304901123,-0.011861312203109264,-0.03296747803688049,-0.06876833736896515
2023-07-01,1695686400000000,1695772800000000,SOLUSDT,-0.6094920328912136,-0.02513585425913334,-0.03556416928768158,-0.05818924307823181,-0.04256182909011841,-0.03180423378944397,-0.07985594868659973
2023-07-01,1695686400000000,1695772800000000,XRPUSDT,-0.1546644762049852,-0.03219328075647354,-0.05215364694595337,-0.07653084397315979,-0.05241074413061142,-0.05396801233291626,-0.09973756968975067
2023-07-01,1695686400000000,1695772800000000,DOGEUSDT,-0.2351483600146869,0.0026210639625787735,-0.0054188072681427,-0.044116079807281494,-0.013094131834805012,0.005489632487297058,-0.04550144076347351
2023-07-01,1695772800000000,1695859200000000,BTCUSDT,0.35077300249757437,-0.039179012179374695,-0.049389563500881195,-0.06270536780357361,-0.053343452513217926,-0.05447670817375183,-0.08269485831260681
2023-07-01,1695772800000000,1695859200000000,ETHUSDT,0.17865012909728192,0.004653908312320709,-0.03344917297363281,-0.04215818643569946,-0.00691619049757719,-0.024506017565727234,-0.06779412925243378
2023-07-01,1695772800000000,1695859200000000,SOLUSDT,0.1790056529130323,-0.017123108729720116,-0.028379932045936584,-0.055058419704437256,-0.03655753284692764,-0.03281418979167938,-0.08496890962123871
2023-07-01,1695772800000000,1695859200000000,XRPUSDT,-0.10116405947159911,-0.03107072226703167,-0.04914914816617966,-0.07624532282352448,-0.0511336512863636,-0.05402953177690506,-0.1025293618440628
2023-07-01,1695772800000000,1695859200000000,DOGEUSDT,-0.08524527658485744,0.01841101236641407,0.0011040568351745605,-0.0398905873298645,0.00461337435990572,0.007082417607307434,-0.04611404240131378
2023-07-01,1695859200000000,1695945600000000,BTCUSDT,1.5295778752400626,-0.039367757737636566,-0.05101019889116287,-0.060895949602127075,-0.052055723965168,-0.04927244782447815,-0.07237938046455383
2023-07-01,1695859200000000,1695945600000000,ETHUSDT,2.1375743099358693,0.006919940933585167,-0.026815026998519897,-0.04159325361251831,-0.004150819964706898,-0.01833711564540863,-0.06566236913204193
2023-07-01,1695859200000000,1695945600000000,SOLUSDT,1.4398720474404625,-0.013768861070275307,-0.03549879789352417,-0.05464977025985718,-0.03326975181698799,-0.029997721314430237,-0.06953886151313782
2023-07-01,1695859200000000,1695945600000000,XRPUSDT,0.4537438599568184,-0.0299986619502306,-0.05011289566755295,-0.07526522874832153,-0.050423070788383484,-0.0545336976647377,-0.09969642758369446
2023-07-01,1695859200000000,1695945600000000,DOGEUSDT,0.789414662840983,0.025315511971712112,0.003249421715736389,-0.04055072367191315,0.010456315241754055,0.009989634156227112,-0.04505757987499237
2023-07-01,1695945600000000,1696032000000000,BTCUSDT,-0.2704444734360565,-0.025703100487589836,-0.052901990711688995,-0.05227923393249512,-0.035822492092847824,-0.04017595946788788,-0.049281761050224304
2023-07-01,1695945600000000,1696032000000000,ETHUSDT,0.5196207457821225,0.04074960947036743,-0.030373871326446533,-0.03205692768096924,0.0317644327878952,-0.0072221457958221436,-0.02994181215763092
2023-07-01,1695945600000000,1696032000000000,SOLUSDT,0.5101867759875467,0.007802313193678856,-0.03747037053108215,-0.04826268553733826,-0.009899328462779522,-0.016956567764282227,-0.04199419915676117
2023-07-01,1695945600000000,1696032000000000,XRPUSDT,0.526322168878092,-0.029278552159667015,-0.054102346301078796,-0.07345104217529297,-0.04821436107158661,-0.05152745544910431,-0.08880676329135895
2023-07-01,1695945600000000,1696032000000000,DOGEUSDT,0.46771497851118804,0.04555314779281616,0.004902094602584839,-0.040019452571868896,0.029418345540761948,0.02418854832649231,-0.0300733745098114
2023-07-01,1696032000000000,1696118400000000,BTCUSDT,0.13690535460475037,-0.037063710391521454,-0.02762758731842041,-0.06250321865081787,-0.04604823514819145,-0.03354842960834503,-0.07692857086658478
2023-07-01,1696032000000000,1696118400000000,ETHUSDT,0.12850584513236965,0.01026538759469986,-0.0049287378787994385,-0.040841519832611084,0.006974438205361366,0.005492553114891052,-0.051398977637290955
2023-07-01,1696032000000000,1696118400000000,SOLUSDT,1.7733849755283864,-0.0030207503587007523,-0.016716361045837402,-0.051994845271110535,-0.01674073562026024,-0.005422323942184448,-0.05268232524394989
2023-07-01,1696032000000000,1696118400000000,XRPUSDT,-0.2867472501685113,-0.027976924553513527,-0.049833692610263824,-0.0716770738363266,-0.04458994045853615,-0.046051397919654846,-0.08448399603366852
2023-07-01,1696032000000000,1696118400000000,DOGEUSDT,-0.039063008660643564,0.04561411589384079,0.016404390335083008,-0.04070432484149933,0.03205221891403198,0.033483073115348816,-0.03262202441692352
2023-07-01,1696118400000000,1696204800000000,BTCUSDT,2.3848144890013248,-0.04051527380943298,-0.03178413212299347,-0.06192004680633545,-0.05086011439561844,-0.03446340560913086,-0.07164780795574188
2023-07-01,1696118400000000,1696204800000000,ETHUSDT,2.3079304840454826,-0.00643971748650074,-0.002566024661064148,-0.0438961535692215,-0.011171729303896427,0.0028824061155319214,-0.05768311023712158
2023-07-01,1696118400000000,1696204800000000,SOLUSDT,3.7811593806406463,0.012486111372709274,-0.020163044333457947,-0.041199132800102234,0.00032744742929935455,-0.0015610456466674805,-0.02672503888607025
2023-07-01,1696118400000000,1696204800000000,XRPUSDT,0.426362156572671,-0.028859330341219902,-0.04085090756416321,-0.0728384405374527,-0.0459965355694294,-0.04706156253814697,-0.09559689462184906
2023-07-01,1696118400000000,1696204800000000,DOGEUSDT,0.9063346775802654,0.03808959573507309,0.019605189561843872,-0.04026632010936737,0.026020381599664688,0.029094785451889038,-0.03791661560535431
2023-07-01,1696204800000000,1696291200000000,BTCUSDT,-1.0472834079567688,-0.03153860569000244,-0.05811898410320282,-0.04377821087837219,-0.03808492422103882,-0.04700741171836853,-0.03815238177776337
2023-07-01,1696204800000000,1696291200000000,ETHUSDT,-2.370166160344316,0.009778400883078575,-0.023713111877441406,-0.02918054163455963,0.008119326084852219,-0.005482539534568787,-0.024468660354614258
2023-07-01,1696204800000000,1696291200000000,SOLUSDT,-0.571445035816731,0.0339641347527504,-0.03223235905170441,-0.01919211447238922,0.02178492769598961,-0.021612241864204407,-0.007298171520233154
2023-07-01,1696204800000000,1696291200000000,XRPUSDT,-0.5463702301453247,-0.032050520181655884,-0.048999957740306854,-0.07033160328865051,-0.04852977767586708,-0.04809579253196716,-0.08362746238708496
2023-07-01,1696204800000000,1696291200000000,DOGEUSDT,-0.9461875306972393,0.042480796575546265,0.011798813939094543,-0.040356963872909546,0.030758902430534363,0.030698180198669434,-0.024218633770942688
2023-07-01,1696291200000000,1696377600000000,BTCUSDT,-0.13831201719670227,-0.0453018844127655,-0.024057433009147644,-0.06351497769355774,-0.053123362362384796,-0.04570135474205017,-0.08378918468952179
2023-07-01,1696291200000000,1696377600000000,ETHUSDT,-0.16959929426775952,-0.03139028698205948,-0.0260532945394516,-0.04961007833480835,-0.04222654551267624,-0.05662739276885986,-0.08497439324855804
2023-07-01,1696291200000000,1696377600000000,SOLUSDT,0.26461566733857744,-0.030783915892243385,0.009124323725700378,-0.055775731801986694,-0.04019935429096222,-0.008133575320243835,-0.06685909628868103
2023-07-01,1696291200000000,1696377600000000,XRPUSDT,1.2483984551159935,-0.03657027333974838,-0.04607990384101868,-0.07252040505409241,-0.05314631015062332,-0.057913169264793396,-0.09812305867671967
2023-07-01,1696291200000000,1696377600000000,DOGEUSDT,-0.5115265732727129,0.0026828180998563766,0.010843977332115173,-0.045387715101242065,-0.004634465090930462,0.005936712026596069,-0.05132564902305603
2023-07-01,1696377600000000,1696464000000000,BTCUSDT,0.7470164485111861,-0.048941679298877716,-0.03104931116104126,-0.06296321749687195,-0.05840172618627548,-0.042933717370033264,-0.07359197735786438
2023-07-01,1696377600000000,1696464000000000,ETHUSDT,-0.3396680176354178,-0.043626539409160614,-0.033174142241477966,-0.050038114190101624,-0.053806327283382416,-0.04310108721256256,-0.06432224810123444
2023-07-01,1696377600000000,1696464000000000,SOLUSDT,-0.5701719757405428,-0.05603340268135071,-0.00428520143032074,-0.060405656695365906,-0.06118632107973099,-0.013305798172950745,-0.06625162065029144
2023-07-01,1696377600000000,1696464000000000,XRPUSDT,-0.2774775372411611,-0.03939656913280487,-0.06695710867643356,-0.06168857216835022,-0.051581673324108124,-0.06076224148273468,-0.06720420718193054
2023-07-01,1696377600000000,1696464000000000,DOGEUSDT,0.07364383263795854,0.005027458071708679,0.002814874053001404,-0.04244782030582428,-0.0043837642297148705,-0.0007712393999099731,-0.04336950182914734
2023-07-01,1696464000000000,1696550400000000,BTCUSDT,-0.7728912801649663,-0.053454987704753876,-0.03948336839675903,-0.06437736749649048,-0.06092424690723419,-0.04034791886806488,-0.06490208208560944
2023-07-01,1696464000000000,1696550400000000,ETHUSDT,-1.1483024997256768,-0.04081757366657257,-0.030792132019996643,-0.053196877241134644,-0.050457775592803955,-0.03908903896808624,-0.0673513412475586
2023-07-01,1696464000000000,1696550400000000,SOLUSDT,-0.5100379955837894,-0.05426257103681564,-0.0011449307203292847,-0.07397471368312836,-0.06162666529417038,-0.019828200340270996,-0.08149276673793793
2023-07-01,1696464000000000,1696550400000000,XRPUSDT,-0.4524110794306034,-0.04074437916278839,-0.04399369657039642,-0.06780499219894409,-0.05089811235666275,-0.052817605435848236,-0.08776168525218964
2023-07-01,1696464000000000,1696550400000000,DOGEUSDT,-0.48170861338401644,0.012307291850447655,0.0018435567617416382,-0.04322442412376404,0.0023114094510674477,0.007075324654579163,-0.03606100380420685
2023-07-01,1696550400000000,1696636800000000,BTCUSDT,1.1280996602233118,-0.03446415066719055,-0.020861700177192688,-0.07090388238430023,-0.047458942979574203,-0.03814519941806793,-0.08284531533718109
2023-07-01,1696550400000000,1696636800000000,ETHUSDT,1.12023162266941,-0.024324772879481316,-0.02936539053916931,-0.050739943981170654,-0.03903723880648613,-0.046879395842552185,-0.07362984120845795
2023-07-01,1696550400000000,1696636800000000,SOLUSDT,0.8775926504901118,-0.04970935732126236,-0.005475550889968872,-0.08329461514949799,-0.06060916185379028,-0.025039121508598328,-0.08397994935512543
2023-07-01,1696550400000000,1696636800000000,XRPUSDT,0.13077543683963552,-0.03677377104759216,-0.043730080127716064,-0.06875316798686981,-0.050649285316467285,-0.05583809316158295,-0.09027145802974701
2023-07-01,1696550400000000,1696636800000000,DOGEUSDT,0.4165225715208855,0.01345684751868248,0.00694003701210022,-0.04153156280517578,0.0036394810304045677,0.007007762789726257,-0.04119651019573212
2023-07-01,1696636800000000,1696723200000000,BTCUSDT,0.05691082597961067,-0.04451566934585571,-0.042356446385383606,-0.06793585419654846,-0.05523448437452316,-0.03963714838027954,-0.06006234884262085
2023-07-01,1696636800000000,1696723200000000,ETHUSDT,-0.3675193793734769,-0.02400325797498226,-0.045132942497730255,-0.05087834596633911,-0.03339674323797226,-0.03344687819480896,-0.045711591839790344
2023-07-01,1696636800000000,1696723200000000,SOLUSDT,-0.13534001572426152,-0.06316425651311874,-0.023435130715370178,-0.08856804668903351,-0.06915389001369476,-0.02797280251979828,-0.07680882513523102
2023-07-01,1696636800000000,1696723200000000,XRPUSDT,-0.18417991546490114,-0.03971834480762482,-0.05109100043773651,-0.06900562345981598,-0.05365224927663803,-0.0557330921292305,-0.08338823914527893
2023-07-01,1696636800000000,1696723200000000,DOGEUSDT,0.0683179584625792,0.031116098165512085,0.008183881640434265,-0.03921782970428467,0.01939789578318596,0.021112829446792603,-0.025919809937477112
2023-07-01,1696723200000000,1696809600000000,BTCUSDT,-0.09050712097583077,-0.04118245840072632,-0.021802470088005066,-0.07378128170967102,-0.05128764361143112,-0.028898075222969055,-0.07399170100688934
2023-07-01,1696723200000000,1696809600000000,ETHUSDT,-0.03906586333333071,-0.028657356277108192,-0.022791430354118347,-0.05413264036178589,-0.03672356158494949,-0.024947091937065125,-0.06478677690029144
2023-07-01,1696723200000000,1696809600000000,SOLUSDT,-0.09248886918815806,-0.04725426435470581,-0.004857376217842102,-0.09393484890460968,-0.054540179669857025,-0.019126340746879578,-0.08494508266448975
2023-07-01,1696723200000000,1696809600000000,XRPUSDT,-0.19338926720659397,-0.038668714463710785,-0.048069193959236145,-0.0707758367061615,-0.05336122214794159,-0.05557122826576233,-0.08773161470890045
2023-07-01,1696723200000000,1696809600000000,DOGEUSDT,-0.43347745569924817,0.03211089223623276,0.015894711017608643,-0.0381220281124115,0.02201235666871071,0.026409640908241272,-0.02735111117362976
2023-07-01,1696809600000000,1696896000000000,BTCUSDT,-0.7116719928394327,-0.03778252750635147,-0.019276201725006104,-0.07564979791641235,-0.049749329686164856,-0.029295489192008972,-0.07622680068016052
2023-07-01,1696809600000000,1696896000000000,ETHUSDT,-1.8031738912491642,-0.029076585546135902,-0.02321694791316986,-0.05374842882156372,-0.03776223585009575,-0.022173389792442322,-0.060468390583992004
2023-07-01,1696809600000000,1696896000000000,SOLUSDT,-1.4166434511005344,-0.04226530343294144,-0.005099833011627197,-0.09511098265647888,-0.050204236060380936,-0.021714702248573303,-0.08230254054069519
2023-07-01,1696809600000000,1696896000000000,XRPUSDT,-0.7376552787632038,-0.04011216014623642,-0.05079103261232376,-0.07137890160083771,-0.05511843413114548,-0.058491095900535583,-0.08785241842269897
2023-07-01,1696809600000000,1696896000000000,DOGEUSDT,-1.959561240679336,0.021094078198075294,0.015330031514167786,-0.038796767592430115,0.011441203765571117,0.018255457282066345,-0.03468768298625946
2023-07-01,1696896000000000,1696982400000000,BTCUSDT,-0.4424586760967601,-0.02443666197359562,-0.016112148761749268,-0.07628881931304932,-0.04277925193309784,-0.034826651215553284,-0.08121730387210846
2023-07-01,1696896000000000,1696982400000000,ETHUSDT,-0.42863409614370507,-0.015070809051394463,-0.026510417461395264,-0.04733346402645111,-0.03245493769645691,-0.04865104705095291,-0.07860410213470459
2023-07-01,1696896000000000,1696982400000000,SOLUSDT,0.03880919358440622,0.0008340310305356979,0.0007510632276535034,-0.08754293620586395,-0.020858008414506912,-0.030904382467269897,-0.07509677112102509
2023-07-01,1696896000000000,1696982400000000,XRPUSDT,-0.3133460941034839,-0.030156848952174187,-0.049219682812690735,-0.07083261013031006,-0.04945207014679909,-0.06381416320800781,-0.09305395185947418
2023-07-01,1696896000000000,1696982400000000,DOGEUSDT,0.3360805394653246,0.0156809501349926,-0.00030681490898132324,-0.030141815543174744,0.0024033645167946815,-0.01861061155796051,-0.05116696655750275
2023-07-01,1696982400000000,1697068800000000,BTCUSDT,-1.183323708964235,-0.016922036185860634,-0.022425740957260132,-0.07609118521213531,-0.03817209228873253,-0.037979766726493835,-0.07658180594444275
2023-07-01,1696982400000000,1697068800000000,ETHUSDT,-0.028741371838719082,-0.010375132784247398,-0.03342628479003906,-0.046654507517814636,-0.027744241058826447,-0.04147899150848389,-0.06406648457050323
2023-07-01,1696982400000000,1697068800000000,SOLUSDT,-0.14318057424141906,-0.016610080376267433,-0.011221781373023987,-0.09442669153213501,-0.03782563656568527,-0.029209032654762268,-0.0673784464597702
2023-07-01,1696982400000000,1697068800000000,XRPUSDT,-0.4118410203007991,-0.027659693732857704,-0.057134322822093964,-0.07007007300853729,-0.04780959337949753,-0.06583213806152344,-0.08653123676776886
2023-07-01,1696982400000000,1697068800000000,DOGEUSDT,-0.5341885637825945,0.04695792496204376,0.00036028027534484863,-0.028195172548294067,0.02992214635014534,0.008570596575737,-0.019563451409339905
2023-07-01,1697068800000000,1697155200000000,BTCUSDT,-0.27929328833077244,-0.0008998680859804153,-0.025038257241249084,-0.07410088181495667,-0.028235040605068207,-0.050368040800094604,-0.08249843120574951
2023-07-01,1697068800000000,1697155200000000,ETHUSDT,-0.9719550087987479,-0.00890430249273777,-0.037282273173332214,-0.04726871848106384,-0.02385302633047104,-0.035162582993507385,-0.05983562767505646
2023-07-01,1697068800000000,1697155200000000,SOLUSDT,-0.9711086838260781,-0.010415764525532722,-0.007591351866722107,-0.09432423114776611,-0.03263401985168457,-0.025146737694740295,-0.06569713354110718
2023-07-01,1697068800000000,1697155200000000,XRPUSDT,-0.30472812957298906,-0.023354290053248405,-0.05965074896812439,-0.06936976313591003,-0.04462423920631409,-0.06795631349086761,-0.08708037436008453
2023-07-01,1697068800000000,1697155200000000,DOGEUSDT,-0.5653712651195314,0.050855375826358795,0.011028572916984558,-0.02390637993812561,0.035180866718292236,0.014093950390815735,-0.028286024928092957
2023-07-01,1697155200000000,1697241600000000,BTCUSDT,0.25017694613245506,-0.018856113776564598,-0.04210953414440155,-0.07956264913082123,-0.04481537267565727,-0.05742688477039337,-0.07828973233699799
2023-07-01,1697155200000000,1697241600000000,ETHUSDT,0.46423985509011234,-0.012363361194729805,-0.0382230281829834,-0.043972522020339966,-0.027687303721904755,-0.04750274121761322,-0.07127504050731659
2023-07-01,1697155200000000,1697241600000000,SOLUSDT,0.7692052219203764,0.0038461294025182724,-0.007804259657859802,-0.08970506489276886,-0.02241513505578041,-0.035785675048828125,-0.06583736836910248
2023-07-01,1697155200000000,1697241600000000,XRPUSDT,0.11741170729481393,-0.026762237772345543,-0.06667718291282654,-0.0690106451511383,-0.04790857434272766,-0.07257002592086792,-0.08610668778419495
2023-07-01,1697155200000000,1697241600000000,DOGEUSDT,0.47644244926312845,0.0548974946141243,0.009695112705230713,-0.01991179585456848,0.037323225289583206,0.012652814388275146,-0.025536447763442993
2023-07-01,1697241600000000,1697328000000000,BTCUSDT,-0.03229043000290504,-0.029627984389662743,-0.05110479146242142,-0.08001086115837097,-0.051057472825050354,-0.055819734930992126,-0.07342392206192017
2023-07-01,1697241600000000,1697328000000000,ETHUSDT,0.09498480582127782,-0.0008304789662361145,-0.0439760684967041,-0.04035034775733948,-0.013880402781069279,-0.03216259181499481,-0.04895399510860443
2023-07-01,1697241600000000,1697328000000000,SOLUSDT,0.20958254730190862,-0.02799307368695736,-0.027865782380104065,-0.09593866765499115,-0.04975535720586777,-0.03723834455013275,-0.059244826436042786
2023-07-01,1697241600000000,1697328000000000,XRPUSDT,0.07354795138322992,-0.02702735923230648,-0.07277366518974304,-0.06485244631767273,-0.046187832951545715,-0.07057321816682816,-0.07751530408859253
2023-07-01,1697241600000000,1697328000000000,DOGEUSDT,1.375303676977564,0.09085611253976822,0.016140297055244446,-0.011414498090744019,0.06836472451686859,0.03730273246765137,-0.0004959255456924438
2023-07-01,1697328000000000,1697414400000000,BTCUSDT,0.7385061422420993,-0.02921442873775959,-0.04446999728679657,-0.07951152324676514,-0.04897599667310715,-0.0500599667429924,-0.07642242312431335
2023-07-01,1697328000000000,1697414400000000,ETHUSDT,0.11487940094268889,0.005821509286761284,-0.03168638050556183,-0.03674595057964325,-0.005804128013551235,-0.02046695351600647,-0.04927384853363037
2023-07-01,1697328000000000,1697414400000000,SOLUSDT,-0.08927906410768802,-0.024466967210173607,-0.014652341604232788,-0.09425312280654907,-0.04484264552593231,-0.026936903595924377,-0.06070302426815033
2023-07-01,1697328000000000,1697414400000000,XRPUSDT,0.05162171959048701,-0.026724157854914665,-0.07216426730155945,-0.06072080135345459,-0.04500308260321617,-0.06866586208343506,-0.07469595968723297
2023-07-01,1697328000000000,1697414400000000,DOGEUSDT,-0.48323690188841756,0.13700765371322632,0.03143662214279175,0.0027659088373184204,0.10852649062871933,0.06935352087020874,0.030389443039894104
2023-07-01,1697414400000000,1697500800000000,BTCUSDT,3.2633761177761467,-0.035493217408657074,-0.05082967132329941,-0.07677510380744934,-0.05203138291835785,-0.04774633049964905,-0.06553082168102264
2023-07-01,1697414400000000,1697500800000000,ETHUSDT,1.5540909840082404,0.009982926771044731,-0.02705131471157074,-0.03259479999542236,-0.0019572479650378227,-0.01433582603931427,-0.0442185252904892
2023-07-01,1697414400000000,1697500800000000,SOLUSDT,2.8299198560061996,-0.02191626839339733,-0.0074455589056015015,-0.09570646286010742,-0.043543748557567596,-0.02280344069004059,-0.06349894404411316
2023-07-01,1697414400000000,1697500800000000,XRPUSDT,0.5936815875204299,-0.026310911402106285,-0.07378140836954117,-0.05471092462539673,-0.04397957772016525,-0.06931143999099731,-0.07002843916416168
2023-07-01,1697414400000000,1697500800000000,DOGEUSDT,0.6043511293041636,0.09470982849597931,0.0433010458946228,-9.039044380187988e-05,0.07379317283630371,0.06336979568004608,0.006403118371963501
2023-07-01,1697500800000000,1697587200000000,BTCUSDT,-0.21070442708632012,-0.0068747540935873985,-0.07126922160387039,-0.04658612608909607,-0.022468850016593933,-0.060292646288871765,-0.021119028329849243
2023-07-01,1697500800000000,1697587200000000,ETHUSDT,-1.2333279361580307,0.041395850479602814,-0.027840256690979004,-0.020767778158187866,0.028628099709749222,0.0023047327995300293,-0.012719601392745972
2023-07-01,1697500800000000,1697587200000000,SOLUSDT,-0.010463498211270485,-0.02282569371163845,-0.05184358358383179,-0.0837148129940033,-0.04375006631016731,-0.045677632093429565,-0.03478364646434784
2023-07-01,1697500800000000,1697587200000000,XRPUSDT,-0.3742525207630023,-0.01813933439552784,-0.08134725689888,-0.040982991456985474,-0.034492820501327515,-0.0692053809762001,-0.04980587959289551
2023-07-01,1697500800000000,1697587200000000,DOGEUSDT,-0.8769580871395384,0.13464650511741638,0.0472712367773056,0.022157937288284302,0.10074406117200851,0.08312694728374481,0.04396168887615204
2023-07-01,1697587200000000,1697673600000000,BTCUSDT,-0.15381841259657653,-0.019704638049006462,-0.014933690428733826,-0.06950509548187256,-0.031542763113975525,-0.027444109320640564,-0.06909187138080597
2023-07-01,1697587200000000,1697673600000000,ETHUSDT,-0.04848808032667923,0.0050519052892923355,-0.014884606003761292,-0.022976115345954895,-0.0038130050525069237,-0.018799230456352234,-0.048294976353645325
2023-07-01,1697587200000000,1697673600000000,SOLUSDT,-0.6171122189313393,-0.014132855460047722,0.0025590360164642334,-0.09544946253299713,-0.03316430374979973,-0.012574240565299988,-0.06644575297832489
2023-07-01,1697587200000000,1697673600000000,XRPUSDT,-0.20128066527540472,-0.022249216213822365,-0.07956316322088242,-0.03335234522819519,-0.03850176930427551,-0.07823587954044342,-0.05565030872821808
2023-07-01,1697587200000000,1697673600000000,DOGEUSDT,-0.42023035392000935,0.10472845286130905,0.04929052293300629,0.023467645049095154,0.07864795625209808,0.07272067666053772,0.027371376752853394
2023-07-01,1697673600000000,1697760000000000,BTCUSDT,0.8163902271013761,-0.019940821453928947,-0.0102262943983078,-0.07292599976062775,-0.035478685051202774,-0.023489341139793396,-0.07257963716983795
2023-07-01,1697673600000000,1697760000000000,ETHUSDT,0.1193100053304701,0.020252889022231102,-0.02044503390789032,-0.011845707893371582,0.004420851357281208,-0.009514912962913513,-0.02391877770423889
2023-07-01,1697673600000000,1697760000000000,SOLUSDT,1.8289538964017131,-0.004803227260708809,0.013682648539543152,-0.09419834613800049,-0.028720445930957794,-0.009699612855911255,-0.06921489536762238
2023-07-01,1697673600000000,1697760000000000,XRPUSDT,1.9327539347876155,-0.016965201124548912,-0.09217294305562973,-0.01676049828529358,-0.03549530729651451,-0.08801654726266861,-0.03783155977725983
2023-07-01,1697673600000000,1697760000000000,DOGEUSDT,0.2578938865153382,0.11968783289194107,0.04613712430000305,0.038597553968429565,0.08568652719259262,0.07515136897563934,0.04613025486469269
2023-07-01,1697760000000000,1697846400000000,BTCUSDT,1.990759043635692,-0.03247653692960739,-0.023078590631484985,-0.08101439476013184,-0.04808816686272621,-0.02385847270488739,-0.07068692147731781
2023-07-01,1697760000000000,1697846400000000,ETHUSDT,1.390899294077333,0.033061377704143524,-0.008751392364501953,-0.002730041742324829,0.01396848913282156,0.010318711400032043,-0.013591736555099487
2023-07-01,1697760000000000,1697846400000000,SOLUSDT,2.330446465824395,-0.036797426640987396,-0.031336501240730286,-0.10471981763839722,-0.05701151490211487,-0.02804647386074066,-0.061801254749298096
2023-07-01,1697760000000000,1697846400000000,XRPUSDT,-0.25563329229381676,0.0014834273606538773,-0.10928288102149963,0.016188859939575195,-0.01680707558989525,-0.0853915810585022,0.017258785665035248
2023-07-01,1697760000000000,1697846400000000,DOGEUSDT,1.0224871985259885,0.13805091381072998,0.05249682068824768,0.05551727116107941,0.09746154397726059,0.0928390771150589,0.06938490271568298
2023-07-01,1697846400000000,1697932800000000,BTCUSDT,0.4697183526240817,-0.0327099934220314,-0.04338856041431427,-0.07424899935722351,-0.044276632368564606,-0.03385598957538605,-0.056283384561538696
2023-07-01,1697846400000000,1697932800000000,ETHUSDT,0.900784092160161,0.05738036334514618,-0.0029967129230499268,0.004862353205680847,0.034386955201625824,0.03502412140369415,0.014151811599731445
2023-07-01,1697846400000000,1697932800000000,SOLUSDT,2.2264558322899024,-0.026871098205447197,-0.04182310402393341,-0.10478658974170685,-0.04388950765132904,-0.03218826651573181,-0.06375209987163544
2023-07-01,1697846400000000,1697932800000000,XRPUSDT,0.3288567800435772,-0.027267666533589363,-0.07077910006046295,-0.000252455472946167,-0.04367596656084061,-0.06462833285331726,-0.020712539553642273
2023-07-01,1697846400000000,1697932800000000,DOGEUSDT,1.2271135035075564,0.16635361313819885,0.058786943554878235,0.06914083659648895,0.12261217087507248,0.11032842099666595,0.09327206760644913
2023-07-01,1697932800000000,1698019200000000,BTCUSDT,0.1680116210490553,-0.018928464502096176,-0.006292283535003662,-0.08669248223304749,-0.030076585710048676,-0.007177665829658508,-0.07661409676074982
2023-07-01,1697932800000000,1698019200000000,ETHUSDT,1.2209289273811292,0.04706969112157822,0.01699855923652649,0.002288997173309326,0.027942251414060593,0.051311686635017395,0.009884297847747803
2023-07-01,1697932800000000,1698019200000000,SOLUSDT,-0.23902301368503612,-0.008358605206012726,-0.03334449231624603,-0.10159747302532196,-0.022906124591827393,-0.022405922412872314,-0.06518803536891937
2023-07-01,1697932800000000,1698019200000000,XRPUSDT,0.11187841138099583,-0.028858894482254982,-0.07053598761558533,0.0016462504863739014,-0.047281622886657715,-0.05666820704936981,-0.010318055748939514
2023-07-01,1697932800000000,1698019200000000,DOGEUSDT,0.4572382522189706,0.1708671599626541,0.06735040247440338,0.07162056863307953,0.1312682181596756,0.11985571682453156,0.10128973424434662
2023-07-01,1698019200000000,1698105600000000,BTCUSDT,6.1183617272651,-0.0029009785503149033,0.008154109120368958,-0.08901035785675049,-0.01896088570356369,0.006010785698890686,-0.07369650900363922
2023-07-01,1698019200000000,1698105600000000,ETHUSDT,3.55614007279694,0.05835593491792679,0.03338150680065155,0.004409581422805786,0.040502797812223434,0.07018192112445831,0.019476816058158875
2023-07-01,1698019200000000,1698105600000000,SOLUSDT,2.4965383502673157,0.034857168793678284,0.03829474747180939,-0.10348933935165405,0.012452119030058384,0.030747264623641968,-0.061268895864486694
2023-07-01,1698019200000000,1698105600000000,XRPUSDT,1.4220197216872603,-0.030119208618998528,-0.061925023794174194,-0.00498509407043457,-0.048760171979665756,-0.0500248521566391,-0.0171920508146286
2023-07-01,1698019200000000,1698105600000000,DOGEUSDT,5.310997194696273,0.1446862369775772,0.07911872863769531,0.05877508223056793,0.11066340655088425,0.1226433664560318,0.0831051766872406
2023-07-01,1698105600000000,1698192000000000,BTCUSDT,1.0422119935589966,-0.002982610836625099,-0.09746910631656647,-0.041912928223609924,-0.012723072431981564,-0.08108282834291458,-0.014294609427452087
2023-07-01,1698105600000000,1698192000000000,ETHUSDT,0.49693908046175106,0.09164129942655563,0.026263311505317688,0.01729784905910492,0.07935595512390137,0.056680575013160706,0.05263884365558624
2023-07-01,1698105600000000,1698192000000000,SOLUSDT,-1.2993501729701094,0.008706415072083473,-0.02942974865436554,-0.10614520311355591,-0.003256901167333126,-0.01460486650466919,-0.05427457392215729
2023-07-01,1698105600000000,1698192000000000,XRPUSDT,0.5858871516675948,-0.021267680451273918,-0.06919946521520615,0.005341202020645142,-0.036756135523319244,-0.049172766506671906,0.008665710687637329
2023-07-01,1698105600000000,1698192000000000,DOGEUSDT,-0.5150078472318228,0.2184462994337082,0.04943133890628815,0.08762876689434052,0.19128763675689697,0.09654919803142548,0.14668211340904236
2023-07-01,1698192000000000,1698278400000000,BTCUSDT,0.6925346660122635,0.0130095724016428,-0.014717385172843933,-0.07197555899620056,0.005767666734755039,-0.015034139156341553,-0.05198003351688385
2023-07-01,1698192000000000,1698278400000000,ETHUSDT,0.06669509086456499,0.00890468992292881,0.05146808922290802,-0.022101297974586487,-0.0021924683824181557,0.0621764212846756,-0.009078249335289001
2023-07-01,1698192000000000,1698278400000000,SOLUSDT,1.759115581676054,0.07655171304941177,0.05303177237510681,-0.07845021784305573,0.056520022451877594,0.03208176791667938,-0.036341190338134766
2023-07-01,1698192000000000,1698278400000000,XRPUSDT,-0.18500226709190315,-0.026825642213225365,-0.03815250098705292,-0.012674778699874878,-0.0397704541683197,-0.025907352566719055,-0.015278294682502747
2023-07-01,1698192000000000,1698278400000000,DOGEUSDT,1.0972459974967348,0.06858697533607483,0.08350534737110138,0.009607195854187012,0.0470772348344326,0.09609155356884003,0.03792828321456909
2023-07-01,1698278400000000,1698364800000000,BTCUSDT,-0.4038206121801001,0.02285628207027912,0.0064062029123306274,-0.069088876247406,0.017588645219802856,0.006053462624549866,-0.05177883803844452
2023-07-01,1698278400000000,1698364800000000,ETHUSDT,0.4680993210841815,-0.023442978039383888,0.0401652455329895,-0.04138079285621643,-0.034425247460603714,0.043512776494026184,-0.0338299423456192
2023-07-01,1698278400000000,1698364800000000,SOLUSDT,0.22685808879095073,0.009202821180224419,-0.016583546996116638,-0.08115330338478088,0.003244006074965,-0.012666627764701843,-0.0629333108663559
2023-07-01,1698278400000000,1698364800000000,XRPUSDT,-0.08642835473757565,-0.03145416080951691,-0.021029725670814514,-0.034754395484924316,-0.04709947109222412,-0.01995246112346649,-0.04472658038139343
2023-07-01,1698278400000000,1698364800000000,DOGEUSDT,2.1577955770443547,0.06949073821306229,0.059409186244010925,-0.0006954967975616455,0.05164976790547371,0.0796704888343811,0.049156658351421356
2023-07-01,1698364800000000,1698451200000000,BTCUSDT,-0.3214959587497454,0.04124874621629715,0.027129575610160828,-0.057110562920570374,0.026968538761138916,0.014007121324539185,-0.04509474337100983
2023-07-01,1698364800000000,1698451200000000,ETHUSDT,-0.6606192908236073,-0.040271587669849396,0.020416811108589172,-0.05443370342254639,-0.04766063019633293,0.02243153750896454,-0.04383678734302521
2023-07-01,1698364800000000,1698451200000000,SOLUSDT,-0.7267079122699486,0.02422957681119442,0.014639213681221008,-0.06172816455364227,0.017723098397254944,0.011072427034378052,-0.06433354318141937
2023-07-01,1698364800000000,1698451200000000,XRPUSDT,-0.5671049432115496,-0.03289497643709183,-0.02253161370754242,-0.04556611180305481,-0.05042742192745209,-0.02480091154575348,-0.05329607427120209
2023-07-01,1698364800000000,1698451200000000,DOGEUSDT,-2.2735321523454277,0.07497553527355194,0.04507666826248169,-0.011733680963516235,0.06575869768857956,0.06510965526103973,0.043210357427597046
2023-07-01,1698451200000000,1698537600000000,BTCUSDT,0.24284252699219064,0.0367981493473053,0.021321862936019897,-0.04209747910499573,0.018591485917568207,0.0077788084745407104,-0.03322841227054596
2023-07-01,1698451200000000,1698537600000000,ETHUSDT,-0.09424427106936707,-0.038485921919345856,0.017825856804847717,-0.07148203253746033,-0.049289219081401825,0.006572142243385315,-0.06924651563167572
2023-07-01,1698451200000000,1698537600000000,SOLUSDT,-0.09092722853443407,0.0492141917347908,0.03766883909702301,-0.02922147512435913,0.0390394851565361,0.027360841631889343,-0.040035903453826904
2023-07-01,1698451200000000,1698537600000000,XRPUSDT,0.0849834818809233,-0.025260483846068382,-0.0209304541349411,-0.05598260462284088,-0.04639100283384323,-0.031567588448524475,-0.06650784611701965
2023-07-01,1698451200000000,1698537600000000,DOGEUSDT,0.6759550142931465,-0.01912928931415081,0.033824071288108826,-0.05920134484767914,-0.033682771027088165,0.01598230004310608,-0.04168140888214111
2023-07-01,1698537600000000,1698624000000000,BTCUSDT,0.5608268425102875,0.013329757377505302,0.004294201731681824,-0.038049280643463135,-0.0008246293291449547,-0.002167150378227234,-0.030967101454734802
2023-07-01,1698537600000000,1698624000000000,ETHUSDT,0.5511074345485708,-0.04125107079744339,0.0037810951471328735,-0.08011551201343536,-0.051474764943122864,-0.005426391959190369,-0.0672411322593689
2023-07-01,1698537600000000,1698624000000000,SOLUSDT,0.8981296445764609,0.02505684457719326,0.023943141102790833,-0.025758102536201477,0.012270540930330753,0.01806214451789856,-0.04652568697929382
2023-07-01,1698537600000000,1698624000000000,XRPUSDT,0.6721471572591852,-0.028330283239483833,-0.032917872071266174,-0.05798812210559845,-0.048567768186330795,-0.03791007399559021,-0.05715662240982056
2023-07-01,1698537600000000,1698624000000000,DOGEUSDT,0.19490513555081876,-0.026896798983216286,0.020356491208076477,-0.06784415245056152,-0.036109354346990585,0.01909269392490387,-0.0204685777425766
2023-07-01,1698624000000000,1698710400000000,BTCUSDT,-0.05697889096091022,-0.006330752745270729,-0.009631678462028503,-0.03633090853691101,-0.015311832539737225,-0.008759364485740662,-0.031559526920318604
2023-07-01,1698624000000000,1698710400000000,ETHUSDT,0.4226995224679765,-0.04334511607885361,-0.007855996489524841,-0.08327837288379669,-0.04978379234671593,-0.01085074245929718,-0.0600811243057251
2023-07-01,1698624000000000,1698710400000000,SOLUSDT,1.5365337003021147,-0.017268521711230278,-0.011559203267097473,-0.03885875642299652,-0.028531499207019806,-0.007194235920906067,-0.07821853458881378
2023-07-01,1698624000000000,1698710400000000,XRPUSDT,1.2616141683380446,-0.030735982581973076,-0.04175493121147156,-0.05611249804496765,-0.04750034213066101,-0.03987497091293335,-0.04531104862689972
2023-07-01,1698624000000000,1698710400000000,DOGEUSDT,0.13142480165106224,-0.03661620616912842,0.02502959966659546,-0.07884320616722107,-0.04562627524137497,0.021907806396484375,-0.03539356589317322
2023-07-01,1698710400000000,1698796800000000,BTCUSDT,0.2166089767444691,-0.00018608011305332184,-0.0006521344184875488,-0.028038591146469116,-0.01230126153677702,-0.004108801484107971,-0.025173231959342957
2023-07-01,1698710400000000,1698796800000000,ETHUSDT,0.17426554932614266,-0.04416404664516449,-0.00856296718120575,-0.0889156311750412,-0.04708941653370857,-0.014364466071128845,-0.0637710690498352
2023-07-01,1698710400000000,1698796800000000,SOLUSDT,2.2895660149093287,-0.05098625272512436,-0.047940708696842194,-0.05493748188018799,-0.053622253239154816,-0.03337310254573822,-0.11486183106899261
2023-07-01,1698710400000000,1698796800000000,XRPUSDT,1.1460547904626661,-0.025816412642598152,-0.04648849368095398,-0.049251243472099304,-0.03908154368400574,-0.040728405117988586,-0.03045530617237091
2023-07-01,1698710400000000,1698796800000000,DOGEUSDT,-0.7601968201733469,-0.043928004801273346,0.02085469663143158,-0.08743412792682648,-0.05262061208486557,0.014402255415916443,-0.04395534098148346
2023-07-01,1698796800000000,1698883200000000,BTCUSDT,1.0278567758851858,-0.016779320314526558,-0.007972747087478638,-0.022498473525047302,-0.02407386526465416,-0.009521082043647766,-0.01795525848865509
2023-07-01,1698796800000000,1698883200000000,ETHUSDT,0.9804608960310309,-0.04056844115257263,-0.006987258791923523,-0.08711180090904236,-0.040697839111089706,-0.016998425126075745,-0.06202276051044464
2023-07-01,1698796800000000,1698883200000000,SOLUSDT,1.6551960840725526,-0.07762818038463593,-0.08561274409294128,-0.06412063539028168,-0.06592293828725815,-0.061611250042915344,-0.15298978984355927
2023-07-01,1698796800000000,1698883200000000,XRPUSDT,0.49226503730222526,-0.012570079416036606,-0.033920496702194214,-0.047791123390197754,-0.02284054458141327,-0.030874013900756836,-0.027584314346313477
2023-07-01,1698796800000000,1698883200000000,DOGEUSDT,0.4033103537388358,-0.04016557335853577,0.018658235669136047,-0.08861634135246277,-0.05183173716068268,0.00289878249168396,-0.051994264125823975
2023-07-01,1698883200000000,1698969600000000,BTCUSDT,-0.6406205380758159,-0.053546011447906494,-0.03224065899848938,-0.037262409925460815,-0.04831895977258682,-0.022997185587882996,-0.031126976013183594
2023-07-01,1698883200000000,1698969600000000,ETHUSDT,-1.4148460822189945,-0.04681481420993805,-0.019792765378952026,-0.08960917592048645,-0.04196358472108841,-0.023048117756843567,-0.06181319057941437
2023-07-01,1698883200000000,1698969600000000,SOLUSDT,-0.5133637265958199,-0.09304790943861008,-0.08034297078847885,-0.08486118912696838,-0.06619060784578323,-0.05827397108078003,-0.1657426804304123
2023-07-01,1698883200000000,1698969600000000,XRPUSDT,-0.17790615257960832,-0.00010055117309093475,-0.014679163694381714,-0.0593123733997345,-0.00966190081089735,-0.018948420882225037,-0.03989611566066742
2023-07-01,1698883200000000,1698969600000000,DOGEUSDT,-0.5936214688880614,-0.04495003819465637,0.0075316280126571655,-0.09526234865188599,-0.05445127934217453,-0.0019830912351608276,-0.044347718358039856
2023-07-01,1698969600000000,1699056000000000,BTCUSDT,-0.31379072086785403,-0.026350392028689384,-0.0010519325733184814,-0.030530422925949097,-0.03483399748802185,-0.00785130262374878,-0.02109915018081665
2023-07-01,1698969600000000,1699056000000000,ETHUSDT,0.948720872313421,-0.014236798509955406,-0.0013835281133651733,-0.0977979302406311,-0.02450612187385559,-0.03042745590209961,-0.0698753297328949
2023-07-01,1698969600000000,1699056000000000,SOLUSDT,-0.41697829277970994,-0.07134842872619629,-0.013750091195106506,-0.07132411003112793,-0.04324360564351082,-0.013146832585334778,-0.11214683949947357
2023-07-01,1698969600000000,1699056000000000,XRPUSDT,0.35777579285190386,0.0132667887955904,-0.0015298724174499512,-0.07039768993854523,0.00041509512811899185,-0.014677092432975769,-0.0488089919090271
2023-07-01,1698969600000000,1699056000000000,DOGEUSDT,0.11687924090949281,-0.042535603046417236,0.01204843819141388,-0.10384589433670044,-0.05462556332349777,-0.005322173237800598,-0.058249711990356445
2023-07-01,1699056000000000,1699142400000000,BTCUSDT,0.4921344072952995,-0.044360920786857605,-0.0032939016819000244,-0.03275582194328308,-0.0522071048617363,-0.00884886085987091,-0.016566753387451172
2023-07-01,1699056000000000,1699142400000000,ETHUSDT,0.6952530063487735,-0.0583062618970871,-0.030224397778511047,-0.10621368885040283,-0.055944688618183136,-0.03821219503879547,-0.06948521733283997
2023-07-01,1699056000000000,1699142400000000,SOLUSDT,1.658974273568387,-0.08811768889427185,-0.0030411332845687866,-0.07302099466323853,-0.07893187552690506,-0.011364012956619263,-0.1012641042470932
2023-07-01,1699056000000000,1699142400000000,XRPUSDT,0.17173180514206943,0.001955294981598854,-0.012872204184532166,-0.07441891729831696,-0.00921256747096777,-0.0199529230594635,-0.044477105140686035
2023-07-01,1699056000000000,1699142400000000,DOGEUSDT,0.598393181820148,-0.04729776084423065,0.0047368258237838745,-0.10938617587089539,-0.057583682239055634,-0.007188707590103149,-0.05568520724773407
2023-07-01,1699142400000000,1699228800000000,BTCUSDT,-0.05920705071839065,-0.08144672214984894,-0.021679982542991638,-0.05180487036705017,-0.0795288011431694,-0.017272457480430603,-0.030398279428482056
2023-07-01,1699142400000000,1699228800000000,ETHUSDT,1.0721151246559666,-0.05866265296936035,-0.023828133940696716,-0.10807572305202484,-0.051360443234443665,-0.029779985547065735,-0.07589243352413177
2023-07-01,1699142400000000,1699228800000000,SOLUSDT,-0.6553978423592643,-0.1656152904033661,-0.06778737902641296,-0.12638938426971436,-0.15385788679122925,-0.06662382930517197,-0.17596302926540375
2023-07-01,1699142400000000,1699228800000000,XRPUSDT,2.4645164189846294,0.002859288826584816,-0.010177955031394958,-0.07300698757171631,-0.0088496720418334,-0.01748962700366974,-0.04140782356262207
2023-07-01,1699142400000000,1699228800000000,DOGEUSDT,1.1645343091784688,-0.04255180060863495,0.0027221590280532837,-0.11374574899673462,-0.050699763000011444,-0.0026340335607528687,-0.055773839354515076
2023-07-01,1699228800000000,1699315200000000,BTCUSDT,0.043425318549655256,-0.07357446849346161,-0.011354178190231323,-0.05163934826850891,-0.07506638020277023,-0.009874030947685242,-0.02742798626422882
2023-07-01,1699228800000000,1699315200000000,ETHUSDT,0.2672025612031908,-0.06202646344900131,-0.028725281357765198,-0.10662823915481567,-0.048280395567417145,-0.028455570340156555,-0.07918192446231842
2023-07-01,1699228800000000,1699315200000000,SOLUSDT,0.5450410972975047,-0.11223399639129639,-0.005198836326599121,-0.09837205708026886,-0.11142829060554504,-0.01147615909576416,-0.12976227700710297
2023-07-01,1699228800000000,1699315200000000,XRPUSDT,2.5740841560078453,-0.03216264396905899,-0.07281652092933655,-0.06262558698654175,-0.029498010873794556,-0.056031033396720886,-0.030587121844291687
2023-07-01,1699228800000000,1699315200000000,DOGEUSDT,3.0533174548513986,-0.03641119599342346,-0.00013566017150878906,-0.11719027161598206,-0.041273459792137146,-0.000301554799079895,-0.05867166817188263
2023-07-01,1699315200000000,1699401600000000,BTCUSDT,0.48238659077481283,-0.0741177573800087,-0.012117564678192139,-0.05295398831367493,-0.07786818593740463,-0.006268352270126343,-0.02369070053100586
2023-07-01,1699315200000000,1699401600000000,ETHUSDT,-0.4668265966084327,-0.047383420169353485,-0.010646805167198181,-0.10632437467575073,-0.037701621651649475,-0.015032663941383362,-0.08003795146942139
2023-07-01,1699315200000000,1699401600000000,SOLUSDT,0.42380430914812006,-0.1619255542755127,-0.031476959586143494,-0.12473267316818237,-0.16317874193191528,-0.02790278196334839,-0.15534965693950653
2023-07-01,1699315200000000,1699401600000000,XRPUSDT,-1.2323809746349925,-0.028636327013373375,-0.07982657849788666,-0.05203145742416382,-0.017681505531072617,-0.056814491748809814,-0.03482732176780701
2023-07-01,1699315200000000,1699401600000000,DOGEUSDT,-1.4484250962294942,-0.012984436005353928,-0.02752724289894104,-0.10614931583404541,-0.017383534461259842,-0.015031963586807251,-0.05561836063861847
2023-07-01,1699401600000000,1699488000000000,BTCUSDT,0.3060848808519733,-0.08799273520708084,-0.021522775292396545,-0.059897810220718384,-0.08726482838392258,-0.009130865335464478,-0.028038576245307922
2023-07-01,1699401600000000,1699488000000000,ETHUSDT,0.07847532667024457,-0.03399438410997391,-0.0011599808931350708,-0.09726393222808838,-0.03202718123793602,-0.017154738306999207,-0.06870998442173004
2023-07-01,1699401600000000,1699488000000000,SOLUSDT,0.08831041806706832,-0.16460274159908295,-0.02841120958328247,-0.1282324194908142,-0.16558468341827393,-0.015537217259407043,-0.15699143707752228
2023-07-01,1699401600000000,1699488000000000,XRPUSDT,0.10051799689446723,0.03614794462919235,0.011497050523757935,-0.035831570625305176,0.02242860570549965,-0.004164993762969971,-0.025195345282554626
2023-07-01,1699401600000000,1699488000000000,DOGEUSDT,0.966643347561044,0.007489921525120735,0.02408255636692047,-0.12089571356773376,-0.005607186816632748,-0.0008249580860137939,-0.07908302545547485
2023-07-01,1699488000000000,1699574400000000,BTCUSDT,1.5349814722428154,-0.08741970360279083,-0.019997775554656982,-0.06021372973918915,-0.08654236793518066,-0.0065698325634002686,-0.028325363993644714
2023-07-01,1699488000000000,1699574400000000,ETHUSDT,7.103283445719141,-0.053244829177856445,-0.01117609441280365,-0.09398582577705383,-0.04872898757457733,-0.024804994463920593,-0.06627508997917175
2023-07-01,1699488000000000,1699574400000000,SOLUSDT,1.163950652859313,-0.1616661548614502,-0.019346535205841064,-0.12792372703552246,-0.16516849398612976,-0.00334988534450531,-0.15205822885036469
2023-07-01,1699488000000000,1699574400000000,XRPUSDT,-0.8739737019275171,0.003794396296143532,-0.002546340227127075,-0.029089316725730896,-0.00405863206833601,-0.006471291184425354,-0.017186760902404785
2023-07-01,1699488000000000,1699574400000000,DOGEUSDT,-0.865828052899558,-0.02966088242828846,0.00085468590259552,-0.1265200972557068,-0.03142616152763367,-0.0075345635414123535,-0.07505206763744354
2023-07-01,1699574400000000,1699660800000000,BTCUSDT,0.8250803564776855,-0.12671460211277008,-0.05938421189785004,-0.07079386711120605,-0.11252617090940475,-0.028375715017318726,-0.039570555090904236
2023-07-01,1699574400000000,1699660800000000,ETHUSDT,-0.745644405858769,-0.09205131232738495,-0.1422678381204605,-0.05981823801994324,-0.07372453063726425,-0.11366911232471466,-0.0571943074464798
2023-07-01,1699574400000000,1699660800000000,SOLUSDT,5.865045355886704,-0.21024933457374573,-0.06253045052289963,-0.1567133665084839,-0.19746771454811096,-0.026360616087913513,-0.17280922830104828
2023-07-01,1699574400000000,1699660800000000,XRPUSDT,-0.3095229937076418,0.033008426427841187,0.01809951663017273,-0.010319232940673828,0.010411293245851994,0.0020460933446884155,0.003816261887550354
2023-07-01,1699574400000000,1699660800000000,DOGEUSDT,0.9200312275129315,-0.009746680036187172,0.019673869013786316,-0.12248605489730835,-0.022592052817344666,-0.004477933049201965,-0.0714186280965805
2023-07-01,1699660800000000,1699747200000000,BTCUSDT,-0.22636808233251843,-0.11376426368951797,-0.0477328896522522,-0.0713331401348114,-0.10337701439857483,-0.014725908637046814,-0.045268163084983826
2023-07-01,1699660800000000,1699747200000000,ETHUSDT,-0.4270446866594459,-0.02856137417256832,-0.014007717370986938,-0.07474453747272491,-0.02649177610874176,-0.026243582367897034,-0.06605011224746704
2023-07-01,1699660800000000,1699747200000000,SOLUSDT,-0.0800897175701869,-0.28396913409233093,-0.22077202796936035,-0.1821395754814148,-0.2496473789215088,-0.1340199112892151,-0.2371705025434494
2023-07-01,1699660800000000,1699747200000000,XRPUSDT,0.15615972908263373,0.020020147785544395,0.008978992700576782,-0.010753452777862549,-0.0032409941777586937,-0.003953799605369568,0.00899861752986908
2023-07-01,1699660800000000,1699747200000000,DOGEUSDT,1.4480165471604802,-0.04519133269786835,-0.00465741753578186,-0.12876296043395996,-0.048605434596538544,-0.012305155396461487,-0.07186822593212128
2023-07-01,1699747200000000,1699833600000000,BTCUSDT,-0.10468304851397994,-0.08029745519161224,-0.014616817235946655,-0.054156333208084106,-0.08287093788385391,0.007860779762268066,-0.02961057424545288
2023-07-01,1699747200000000,1699833600000000,ETHUSDT,-0.14980334622482608,-0.022147055715322495,0.0034650713205337524,-0.057580262422561646,-0.027267441153526306,-0.009744644165039062,-0.04426078498363495
2023-07-01,1699747200000000,1699833600000000,SOLUSDT,-0.028371275240799364,-0.17198829352855682,-0.07972389459609985,-0.1681193709373474,-0.11699255555868149,-0.027469590306282043,-0.16313157975673676
2023-07-01,1699747200000000,1699833600000000,XRPUSDT,-0.07220360644072692,-0.0003155302256345749,-0.004649832844734192,-0.016749829053878784,-0.020601831376552582,-0.010528564453125,0.00721953809261322
2023-07-01,1699747200000000,1699833600000000,DOGEUSDT,-0.22299509039340884,-0.04882890731096268,-0.015429183840751648,-0.1291319727897644,-0.04682555049657822,-0.012896284461021423,-0.07641337811946869
2023-07-01,1699833600000000,1699920000000000,BTCUSDT,-0.8319790649828753,-0.08171245455741882,-0.010899513959884644,-0.04840707778930664,-0.08623529970645905,0.009797602891921997,-0.02183230221271515
2023-07-01,1699833600000000,1699920000000000,ETHUSDT,0.16455176447735784,-0.02464410848915577,0.004603788256645203,-0.053806155920028687,-0.03329206258058548,-0.007738932967185974,-0.03725370764732361
2023-07-01,1699833600000000,1699920000000000,SOLUSDT,-1.4259126291338384,-0.1678028255701065,-0.04701273888349533,-0.16204655170440674,-0.12214929610490799,-0.006237685680389404,-0.13333706557750702
2023-07-01,1699833600000000,1699920000000000,XRPUSDT,0.4043391586727799,0.0025107283145189285,-0.0029784590005874634,-0.014117971062660217,-0.019172407686710358,-0.008703872561454773,0.010629013180732727
2023-07-01,1699833600000000,1699920000000000,DOGEUSDT,-1.6059537317690646,-0.023571768775582314,0.015867605805397034,-0.12697184085845947,-0.030072368681430817,0.005754128098487854,-0.07542945444583893
2023-07-01,1699920000000000,1700006400000000,BTCUSDT,-1.3021978553183349,-0.028118042275309563,0.009351402521133423,-0.02315331995487213,-0.05012720823287964,0.024692535400390625,0.01036660373210907
2023-07-01,1699920000000000,1700006400000000,ETHUSDT,-1.3741324772378656,-0.024877725169062614,0.0009608417749404907,-0.05345609784126282,-0.03696388751268387,-0.004107430577278137,-0.03444945812225342
2023-07-01,1699920000000000,1700006400000000,SOLUSDT,1.6717668153863459,-0.08501233160495758,0.010471716523170471,-0.10933750867843628,-0.05692592263221741,0.04478023946285248,-0.0549500435590744
2023-07-01,1699920000000000,1700006400000000,XRPUSDT,-1.8979427077311568,-0.01195172406733036,-0.01499214768409729,-0.017228469252586365,-0.03146883100271225,-0.01001189649105072,0.009180307388305664
2023-07-01,1699920000000000,1700006400000000,DOGEUSDT,-0.9752317333349187,0.03665393590927124,0.0314929336309433,-0.09288850426673889,0.005507596768438816,0.006062731146812439,-0.042352572083473206
2023-07-01,1700006400000000,1700092800000000,BTCUSDT,3.2762169824486675,0.0384380966424942,0.03034612536430359,0.017210394144058228,0.00012710783630609512,0.030837684869766235,0.05440559238195419
2023-07-01,1700006400000000,1700092800000000,ETHUSDT,1.4697189091184806,0.0399501770734787,0.01875707507133484,-0.027063637971878052,0.007347011007368565,-0.005322843790054321,-0.012060925364494324
2023-07-01,1700006400000000,1700092800000000,SOLUSDT,2.5035266096265,-0.20289571583271027,-0.08718235790729523,-0.17679288983345032,-0.20377741754055023,-0.04336190223693848,-0.16490982472896576
2023-07-01,1700006400000000,1700092800000000,XRPUSDT,0.8769221005127958,0.0865916833281517,0.023344308137893677,0.02531638741493225,0.043066076934337616,-0.004408970475196838,0.04181613028049469
2023-07-01,1700006400000000,1700092800000000,DOGEUSDT,1.8356575894737475,0.04210852086544037,0.02615271508693695,-0.07965970039367676,0.0043258750811219215,-0.000197485089302063,-0.030979067087173462
2023-07-01,1700092800000000,1700179200000000,BTCUSDT,-2.0057507958532694,-0.09071672707796097,-0.09186229854822159,-0.01771184802055359,-0.09974571317434311,-0.044688090682029724,0.02944624423980713
2023-07-01,1700092800000000,1700179200000000,ETHUSDT,-1.7141695048194145,-0.03266744315624237,-0.031405940651893616,-0.04007512331008911,-0.04779239743947983,-0.026856109499931335,-0.020643755793571472
2023-07-01,1700092800000000,1700179200000000,SOLUSDT,-1.8216858646513765,-0.240748792886734,-0.15956392884254456,-0.20906367897987366,-0.2587650716304779,-0.09175492078065872,-0.21395649015903473
2023-07-01,1700092800000000,1700179200000000,XRPUSDT,-1.651081563040834,-0.0027660150080919266,-0.026716813445091248,-0.0016851723194122314,-0.030706875026226044,-0.024823501706123352,0.020395897328853607
2023-07-01,1700092800000000,1700179200000000,DOGEUSDT,1.4161961028004872,-0.026564346626400948,-0.026098430156707764,-0.0929470807313919,-0.04829050600528717,-0.01985357701778412,-0.04096400737762451
2023-07-01,1700179200000000,1700265600000000,BTCUSDT,0.5140432583911566,0.060018762946128845,0.00504244863986969,0.03724345564842224,0.017863959074020386,-0.003530934453010559,0.058247365057468414
2023-07-01,1700179200000000,1700265600000000,ETHUSDT,-0.016359947020852167,0.05445094406604767,0.00690247118473053,-0.016251936554908752,0.01686546951532364,-0.020883694291114807,-0.011353850364685059
2023-07-01,1700179200000000,1700265600000000,SOLUSDT,0.16424011599795066,-0.07287668436765671,-0.01480916142463684,-0.12185889482498169,-0.16020934283733368,0.02342069149017334,-0.10462319850921631
2023-07-01,1700179200000000,1700265600000000,XRPUSDT,0.06069995099627357,0.0953691229224205,0.005272909998893738,0.028307095170021057,0.05010069161653519,-0.024567708373069763,0.03957507014274597
2023-07-01,1700179200000000,1700265600000000,DOGEUSDT,2.929384547352102,-0.014988230541348457,-0.011980965733528137,-0.08219751715660095,-0.033914048224687576,0.00014226138591766357,-0.03974615037441254
2023-07-01,1700265600000000,1700352000000000,BTCUSDT,-0.04739396130106404,-0.012270761653780937,-0.02008950710296631,0.029170863330364227,-0.03977148234844208,-0.0030744969844818115,0.05290434509515762
2023-07-01,1700265600000000,1700352000000000,ETHUSDT,0.035806417481648166,0.013450080528855324,-0.007702186703681946,-0.021959275007247925,-0.018050044775009155,-0.021347925066947937,-0.015063166618347168
2023-07-01,1700265600000000,1700352000000000,SOLUSDT,0.023183276953938042,-0.13420100510120392,-0.03073526918888092,-0.12928202748298645,-0.20679058134555817,-0.018362656235694885,-0.12281109392642975
2023-07-01,1700265600000000,1700352000000000,XRPUSDT,-0.10896534955118962,0.04011949896812439,-0.01891900599002838,0.011964887380599976,0.004149162210524082,-0.03465093672275543,0.02023320645093918
2023-07-01,1700265600000000,1700352000000000,DOGEUSDT,-2.1582631854170717,-0.008341765031218529,-0.03588147461414337,-0.06448084115982056,-0.019692663103342056,-0.016964510083198547,-0.029717549681663513
2023-07-01,1700352000000000,1700438400000000,BTCUSDT,0.9344638638353747,0.004110636189579964,-0.00920240581035614,0.04058307409286499,-0.026074998080730438,0.004153937101364136,0.05477243661880493
2023-07-01,1700352000000000,1700438400000000,ETHUSDT,0.9049548119408428,0.0032200943678617477,-0.012176856398582458,-0.026051118969917297,-0.025189924985170364,-0.02228240668773651,-0.02225145697593689
2023-07-01,1700352000000000,1700438400000000,SOLUSDT,0.6503147067491793,-0.12553077936172485,-0.024724483489990234,-0.12831246852874756,-0.20921461284160614,-0.007849380373954773,-0.11752592027187347
2023-07-01,1700352000000000,1700438400000000,XRPUSDT,0.7248896807156696,0.0349777489900589,-0.021810665726661682,0.008249253034591675,0.0018260413780808449,-0.03765548765659332,0.009181544184684753
2023-07-01,1700352000000000,1700438400000000,DOGEUSDT,0.06344921489491405,0.060128726065158844,0.023849621415138245,-0.04675494134426117,0.0268159881234169,-0.005573287606239319,-0.03828568756580353
2023-07-01,1700438400000000,1700524800000000,BTCUSDT,0.10040737838651441,-0.02878999151289463,-0.036114126443862915,0.03479023277759552,-0.04954622685909271,-0.006557255983352661,0.04766237735748291
2023-07-01,1700438400000000,1700524800000000,ETHUSDT,0.1794415020230945,-0.02326563559472561,-0.028789237141609192,-0.03406989574432373,-0.042480140924453735,-0.025287196040153503,-0.030705034732818604
2023-07-01,1700438400000000,1700524800000000,SOLUSDT,-1.1298865997815504,-0.15832433104515076,-0.051858484745025635,-0.15150117874145508,-0.22749415040016174,-0.031149744987487793,-0.12973855435848236
2023-07-01,1700438400000000,1700524800000000,XRPUSDT,-0.657207713322285,0.00048522092401981354,-0.03952343761920929,-0.004564985632896423,-0.02166666090488434,-0.04289935529232025,-0.012020930647850037
2023-07-01,1700438400000000,1700524800000000,DOGEUSDT,-0.9868492400189541,0.02237081713974476,0.013601645827293396,-0.045614659786224365,-0.005002892576158047,0.0005397647619247437,-0.03369326889514923
2023-07-01,1700524800000000,1700611200000000,BTCUSDT,-2.0289854496432005,-0.004315508529543877,-0.017934083938598633,0.046499431133270264,-0.029100947082042694,0.0035569220781326294,0.0475044846534729
2023-07-01,1700524800000000,1700611200000000,ETHUSDT,-1.623425988331727,-0.010286634787917137,-0.012829422950744629,-0.034386128187179565,-0.030221834778785706,-0.01441270112991333,-0.03696483373641968
2023-07-01,1700524800000000,1700611200000000,SOLUSDT,-1.3116101597493528,-0.06699507683515549,0.005785912275314331,-0.0980006754398346,-0.1501438319683075,0.028876706957817078,-0.04870744049549103
2023-07-01,1700524800000000,1700611200000000,XRPUSDT,-1.6482755036683754,0.04580124467611313,-0.013724878430366516,0.006714418530464172,0.012213499285280704,-0.03130705654621124,-0.009214445948600769
2023-07-01,1700524800000000,1700611200000000,DOGEUSDT,-2.2029293165817276,0.05197127163410187,0.02148476243019104,-0.029148206114768982,0.01466925535351038,-0.0027576833963394165,-0.02609381079673767
2023-07-01,1700611200000000,1700697600000000,BTCUSDT,1.9427282174520557,0.09250367432832718,0.01625010371208191,0.08935823291540146,0.043294757604599,-0.0040976256132125854,0.07372771203517914
2023-07-01,1700611200000000,1700697600000000,ETHUSDT,2.408919107038833,0.05000457912683487,0.0030036866664886475,-0.015729635953903198,0.011634700931608677,-0.024231702089309692,-0.02640978991985321
2023-07-01,1700611200000000,1700697600000000,SOLUSDT,1.6810871734680028,-0.013283761218190193,0.0314340740442276,-0.04914000630378723,-0.07947680354118347,0.043507009744644165,0.019886843860149384
2023-07-01,1700611200000000,1700697600000000,XRPUSDT,1.6466275045948149,0.1025114431977272,-0.0043379515409469604,0.026242300868034363,0.05171982944011688,-0.03787869215011597,0.008222058415412903
2023-07-01,1700611200000000,1700697600000000,DOGEUSDT,1.4859799702207448,0.10473716259002686,0.01388789713382721,-0.00319024920463562,0.055748507380485535,-0.02586635947227478,-0.005163848400115967
2023-07-01,1700697600000000,1700784000000000,BTCUSDT,-0.12736064788026472,-0.033660247921943665,-0.06413088738918304,0.04181820899248123,-0.05700353533029556,-0.03642544150352478,0.042996153235435486
2023-07-01,1700697600000000,1700784000000000,ETHUSDT,-0.019918286791137736,-0.038748301565647125,-0.064057856798172,-0.0339905321598053,-0.05422830581665039,-0.05112163722515106,-0.0321810245513916
2023-07-01,1700697600000000,1700784000000000,SOLUSDT,-0.261934007818477,-0.12536171078681946,-0.058301493525505066,-0.10448342561721802,-0.15184086561203003,-0.04731298238039017,-0.05070589482784271
2023-07-01,1700697600000000,1700784000000000,XRPUSDT,0.45513354734779565,-0.0032672863453626633,-0.061756327748298645,-0.01825462281703949,-0.030278556048870087,-0.05781298875808716,-0.03937210142612457
2023-07-01,1700697600000000,1700784000000000,DOGEUSDT,0.16003725452827286,-0.012513825669884682,-0.037828341126441956,-0.04516594111919403,-0.04102977737784386,-0.04040922224521637,-0.04082995653152466
2023-07-01,1700784000000000,1700870400000000,BTCUSDT,0.4486289181761126,0.007349139079451561,-0.02337127923965454,0.049750640988349915,-0.022800885140895844,-0.01175391674041748,0.036571718752384186
2023-07-01,1700784000000000,1700870400000000,ETHUSDT,0.30431732989939436,-0.014117395505309105,-0.018613502383232117,-0.03934246301651001,-0.03374064713716507,-0.02336813509464264,-0.04851357638835907
2023-07-01,1700784000000000,1700870400000000,SOLUSDT,0.08603033862550202,-0.049530334770679474,-0.017256245017051697,-0.07850414514541626,-0.10625623166561127,0.00624297559261322,0.006257951259613037
2023-07-01,1700784000000000,1700870400000000,XRPUSDT,0.0046360449675492965,0.0019198525696992874,-0.0427568256855011,-0.028776705265045166,-0.02137605845928192,-0.04368005692958832,-0.0601675808429718
2023-07-01,1700784000000000,1700870400000000,DOGEUSDT,0.6891238825359597,-0.0016462337225675583,-0.017728492617607117,-0.0491371750831604,-0.027956247329711914,-0.024062976241111755,-0.05165432393550873
2023-07-01,1700870400000000,1700956800000000,BTCUSDT,0.06596070922761196,-0.009200436994433403,-0.03239525854587555,0.04743474721908569,-0.034264326095581055,-0.011875182390213013,0.03377830982208252
2023-07-01,1700870400000000,1700956800000000,ETHUSDT,0.028367188608868554,-0.017843002453446388,-0.015890732407569885,-0.037930697202682495,-0.03602182865142822,-0.015429139137268066,-0.04581506550312042
2023-07-01,1700870400000000,1700956800000000,SOLUSDT,0.5134487264184556,-0.05709730088710785,-0.023804709315299988,-0.0652795284986496,-0.10553546249866486,-0.009998157620429993,0.03196100890636444
2023-07-01,1700870400000000,1700956800000000,XRPUSDT,0.07069155475418001,0.013729134574532509,-0.029751703143119812,-0.030974358320236206,-0.011717005632817745,-0.034993842244148254,-0.07014462351799011
2023-07-01,1700870400000000,1700956800000000,DOGEUSDT,0.2737556196146386,-0.015958549454808235,-0.019949480891227722,-0.056010350584983826,-0.03680025786161423,-0.018369778990745544,-0.059996336698532104
2023-07-01,1700956800000000,1701043200000000,BTCUSDT,-0.3649072115804585,0.0024429094046354294,-0.02267386019229889,0.05454665422439575,-0.02460913360118866,-0.005181208252906799,0.035604327917099
2023-07-01,1700956800000000,1701043200000000,ETHUSDT,-0.35214838733173154,-0.009833348914980888,-0.008598849177360535,-0.03454144299030304,-0.030731577426195145,-0.009760528802871704,-0.0441291481256485
2023-07-01,1700956800000000,1701043200000000,SOLUSDT,-0.3179732436995965,-0.0726226270198822,-0.0427432507276535,-0.05960923433303833,-0.11518067866563797,-0.02820618450641632,0.029483184218406677
2023-07-01,1700956800000000,1701043200000000,XRPUSDT,-0.32506954152034273,0.014511758461594582,-0.029215261340141296,-0.03260226547718048,-0.011492124758660793,-0.03416477143764496,-0.07772485911846161
2023-07-01,1700956800000000,1701043200000000,DOGEUSDT,-0.10460552833597994,-0.009412018582224846,-0.007450491189956665,-0.05700145661830902,-0.03004734218120575,-0.008445337414741516,-0.06452126801013947
2023-07-01,1701043200000000,1701129600000000,BTCUSDT,-0.23062495926110885,0.02366645447909832,-0.01121126115322113,0.06805790215730667,-0.008308126591145992,-0.0016482025384902954,0.044594697654247284
2023-07-01,1701043200000000,1701129600000000,ETHUSDT,-0.5927721509531186,0.006847934797406197,-0.001869991421699524,-0.02765849232673645,-0.020273499190807343,-0.007615342736244202,-0.038831040263175964
2023-07-01,1701043200000000,1701129600000000,SOLUSDT,-0.6805128673763269,-0.03609549254179001,-0.019583404064178467,-0.030264481902122498,-0.09090156108140945,-0.010171085596084595,0.07115184515714645
2023-07-01,1701043200000000,1701129600000000,XRPUSDT,-0.5930348380704755,0.03345167636871338,-0.020645365118980408,-0.028937816619873047,0.0007775658741593361,-0.0293494313955307,-0.07818295061588287
2023-07-01,1701043200000000,1701129600000000,DOGEUSDT,0.06400501234565317,0.004015767946839333,0.002371266484260559,-0.054872065782547,-0.0201529860496521,-0.002741113305091858,-0.06327524781227112
2023-07-01,1701129600000000,1701216000000000,BTCUSDT,0.6672384736154042,0.0238457303494215,-0.012630343437194824,0.07364556193351746,-0.00899768527597189,-0.003208175301551819,0.050344035029411316
2023-07-01,1701129600000000,1701216000000000,ETHUSDT,0.3643336687081339,0.021788401529192924,5.145370960235596e-05,-0.01853528618812561,-0.011673389934003353,-0.01092560589313507,-0.030941888689994812
2023-07-01,1701129600000000,1701216000000000,SOLUSDT,0.8784730038390708,-0.005977792665362358,0.0014207512140274048,0.005034208297729492,-0.06963736563920975,-0.0030494481325149536,0.10529758036136627
2023-07-01,1701129600000000,1701216000000000,XRPUSDT,0.3381390564622514,0.055348604917526245,-0.013055980205535889,-0.02239006757736206,0.01500833872705698,-0.02555227279663086,-0.07287468016147614
2023-07-01,1701129600000000,1701216000000000,DOGEUSDT,0.7358595135933332,0.010410794988274574,0.004901573061943054,-0.05184713006019592,-0.01630283147096634,0.002910509705543518,-0.058765098452568054
2023-07-01,1701216000000000,1701302400000000,BTCUSDT,0.02878865528623057,-0.012363744899630547,-0.040673092007637024,0.06041431427001953,-0.0369759276509285,-0.014819607138633728,0.04314355552196503
2023-07-01,1701216000000000,1701302400000000,ETHUSDT,-0.35144104532107195,-0.008934160694479942,-0.020577922463417053,-0.02563232183456421,-0.03517548739910126,-0.019199803471565247,-0.03391352295875549
2023-07-01,1701216000000000,1701302400000000,SOLUSDT,0.3034971741754844,-0.07256960868835449,-0.053647033870220184,-0.012947574257850647,-0.12209076434373856,-0.06838372349739075,0.022256851196289062
2023-07-01,1701216000000000,1701302400000000,XRPUSDT,-0.0709539331836665,0.026397721841931343,-0.036167487502098083,-0.038216933608055115,-0.007922149263322353,-0.036490365862846375,-0.08674924075603485
2023-07-01,1701216000000000,1701302400000000,DOGEUSDT,-0.14211558851940878,-0.005830882117152214,-0.009221985936164856,-0.05781958997249603,-0.026035811752080917,-0.0040983110666275024,-0.06427399814128876
2023-07-01,1701302400000000,1701388800000000,BTCUSDT,-0.14070544948889763,0.005292745307087898,-0.027388855814933777,0.0679706558585167,-0.02262420952320099,-0.005756944417953491,0.04763052612543106
2023-07-01,1701302400000000,1701388800000000,ETHUSDT,0.4241161463090001,0.006548570469021797,-0.011989042162895203,-0.021556466817855835,-0.023763857781887054,-0.01773117482662201,-0.03319050371646881
2023-07-01,1701302400000000,1701388800000000,SOLUSDT,-0.0039786284486879485,-0.061921507120132446,-0.05085176229476929,5.334615707397461e-05,-0.13307254016399384,-0.06946761906147003,-0.012050703167915344
2023-07-01,1701302400000000,1701388800000000,XRPUSDT,-0.13425822818921632,0.026663118973374367,-0.03681586682796478,-0.04177294671535492,-0.007672875188291073,-0.03882201015949249,-0.09579120576381683
2023-07-01,1701302400000000,1701388800000000,DOGEUSDT,1.0877066269458797,0.012618796899914742,0.00515611469745636,-0.05077701807022095,-0.012789278291165829,0.0013945847749710083,-0.0624559223651886
2023-07-01,1701388800000000,1701475200000000,BTCUSDT,1.123289335187377,0.022803975269198418,-0.016816258430480957,0.07700756192207336,-0.009351818822324276,0.0022048354148864746,0.05679614096879959
2023-07-01,1701388800000000,1701475200000000,ETHUSDT,0.6422236726126875,0.0012312065809965134,-0.01712144911289215,-0.022882193326950073,-0.028225891292095184,-0.007525160908699036,-0.029258400201797485
2023-07-01,1701388800000000,1701475200000000,SOLUSDT,0.11884629349748613,-0.04555671662092209,-0.037607342004776,0.023072727024555206,-0.1292601376771927,-0.05577132850885391,-0.02459968626499176
2023-07-01,1701388800000000,1701475200000000,XRPUSDT,0.3372803604520191,0.024842331185936928,-0.042205750942230225,-0.044780880212783813,-0.00907301064580679,-0.04533795267343521,-0.1026141494512558
2023-07-01,1701388800000000,1701475200000000,DOGEUSDT,0.1330572651541635,-0.014416096732020378,-0.0179431289434433,-0.05251702666282654,-0.03063160926103592,-0.009379953145980835,-0.0614493191242218
2023-07-01,1701475200000000,1701561600000000,BTCUSDT,0.9022918442651452,-0.017928211018443108,-0.05205033719539642,0.06127121299505234,-0.0405510738492012,-0.012319609522819519,0.04966604709625244
2023-07-01,1701475200000000,1701561600000000,ETHUSDT,1.4203951267778459,-0.0044127460569143295,-0.01870572566986084,-0.030310198664665222,-0.030400998890399933,-0.004145503044128418,-0.03683379292488098
2023-07-01,1701475200000000,1701561600000000,SOLUSDT,1.0697885469373891,-0.027617765590548515,-0.030987784266471863,0.05008985847234726,-0.10774499922990799,-0.035765811800956726,-0.018377676606178284
2023-07-01,1701475200000000,1701561600000000,XRPUSDT,0.44479817975057984,0.00654817558825016,-0.05458609759807587,-0.05296279489994049,-0.022375300526618958,-0.050386667251586914,-0.11173917353153229
2023-07-01,1701475200000000,1701561600000000,DOGEUSDT,0.8435100011618855,0.0025779474526643753,0.00026758015155792236,-0.04621174931526184,-0.018318112939596176,0.0005513578653335571,-0.060407862067222595
2023-07-01,1701561600000000,1701648000000000,BTCUSDT,0.6271742900940921,-0.018865501508116722,-0.05297018587589264,0.06163230538368225,-0.03937210142612457,-0.009880498051643372,0.04685992747545242
2023-07-01,1701561600000000,1701648000000000,ETHUSDT,0.48419742631332696,-0.020771143957972527,-0.032236382365226746,-0.03437665104866028,-0.039630912244319916,-0.008400440216064453,-0.03896890580654144
2023-07-01,1701561600000000,1701648000000000,SOLUSDT,-0.17159267583254822,-0.055255696177482605,-0.06651606410741806,0.052899979054927826,-0.08999272435903549,-0.04256865382194519,-0.00102272629737854
2023-07-01,1701561600000000,1701648000000000,XRPUSDT,0.1218588520697373,-0.004025233909487724,-0.058682359755039215,-0.06013154983520508,-0.028683580458164215,-0.0508866161108017,-0.12113781273365021
2023-07-01,1701561600000000,1701648000000000,DOGEUSDT,-0.17041716815668004,-0.00668535940349102,-0.008845910429954529,-0.043309569358825684,-0.023416027426719666,0.000726655125617981,-0.05392526090145111
2023-07-01,1701648000000000,1701734400000000,BTCUSDT,2.319183780453183,-0.010201049968600273,-0.04343503713607788,0.07001309841871262,-0.031106162816286087,-0.002733752131462097,0.04934143275022507
2023-07-01,1701648000000000,1701734400000000,ETHUSDT,0.8752039813036409,-0.007485104724764824,-0.010542497038841248,-0.033806025981903076,-0.027823083102703094,0.002716273069381714,-0.04686817526817322
2023-07-01,1701648000000000,1701734400000000,SOLUSDT,-0.3531043629543822,-0.004499075934290886,-0.025387272238731384,0.08451050519943237,-0.0569162592291832,-0.0012710243463516235,0.03437618911266327
2023-07-01,1701648000000000,1701734400000000,XRPUSDT,0.07514032652233936,0.001505957916378975,-0.05339641869068146,-0.06090506911277771,-0.023305624723434448,-0.0493854284286499,-0.12688486278057098
2023-07-01,1701648000000000,1701734400000000,DOGEUSDT,2.2109104613460375,0.018954383209347725,0.009394451975822449,-0.03221997618675232,-0.00635195430368185,0.007481738924980164,-0.05000033974647522
2023-07-01,1701734400000000,1701820800000000,BTCUSDT,2.178898895663989,-0.04866064339876175,-0.10123229026794434,0.06871424615383148,-0.05766689032316208,-0.04436931014060974,0.05186817795038223
2023-07-01,1701734400000000,1701820800000000,ETHUSDT,0.8614592584467521,-0.014182543382048607,-0.017628714442253113,-0.03434795141220093,-0.031938910484313965,-0.00011745095252990723,-0.04544530808925629
2023-07-01,1701734400000000,1701820800000000,SOLUSDT,-0.16548459466651505,0.010977936908602715,-0.01223844289779663,0.10406681150197983,-0.03985991328954697,0.011599913239479065,0.05852579325437546
2023-07-01,1701734400000000,1701820800000000,XRPUSDT,-0.18513518139331622,0.005025865510106087,-0.05143917351961136,-0.060089319944381714,-0.020805679261684418,-0.04848872870206833,-0.12838076055049896
2023-07-01,1701734400000000,1701820800000000,DOGEUSDT,0.7634149934013681,-0.025373732671141624,-0.046341635286808014,-0.030670255422592163,-0.03261516988277435,-0.026275843381881714,-0.041919782757759094
2023-07-01,1701820800000000,1701907200000000,BTCUSDT,-0.29341061781727146,-0.05267251282930374,-0.11279265582561493,0.07626888155937195,-0.056270912289619446,-0.05513760447502136,0.04820500314235687
2023-07-01,1701820800000000,1701907200000000,ETHUSDT,-1.026352904201482,-0.01799824647605419,-0.02266344428062439,-0.030429214239120483,-0.03238476440310478,-0.00595499575138092,-0.04491478204727173
2023-07-01,1701820800000000,1701907200000000,SOLUSDT,0.2269979077105669,0.013506634160876274,-0.006554082036018372,0.11307118088006973,-0.030765824019908905,0.02522893249988556,0.08063632249832153
2023-07-01,1701820800000000,1701907200000000,XRPUSDT,1.05096420234107,0.014092424884438515,-0.05485387146472931,-0.0555383563041687,-0.012983261607587337,-0.058916911482810974,-0.13065706193447113
2023-07-01,1701820800000000,1701907200000000,DOGEUSDT,0.18977580616062678,-0.015541186556220055,-0.02069266140460968,-0.024356752634048462,-0.024330656975507736,-0.010607615113258362,-0.04838228225708008
2023-07-01,1701907200000000,1701993600000000,BTCUSDT,-0.46549263017889386,0.0003603380173444748,-0.030329465866088867,0.09249430149793625,-0.024455871433019638,0.0037306398153305054,0.04848160594701767
2023-07-01,1701907200000000,1701993600000000,ETHUSDT,2.1294484992988916,0.030616519972682,0.011343702673912048,-0.010994508862495422,-0.0019182777032256126,0.0030117183923721313,-0.038679420948028564
2023-07-01,1701907200000000,1701993600000000,SOLUSDT,1.6526257255776455,0.006660087034106255,-0.012377440929412842,0.11270136386156082,-0.030214868485927582,0.03411310911178589,0.0976240411400795
2023-07-01,1701907200000000,1701993600000000,XRPUSDT,0.1782327738863101,-0.019156182184815407,-0.0773642361164093,-0.06104902923107147,-0.03720922768115997,-0.06637883186340332,-0.12970711290836334
2023-07-01,1701907200000000,1701993600000000,DOGEUSDT,0.2985673922458496,-0.005731644108891487,-0.0036930441856384277,-0.011315584182739258,-0.020780883729457855,0.003634333610534668,-0.041181474924087524
2023-07-01,1701993600000000,1702080000000000,BTCUSDT,0.9034507786939205,0.01695661060512066,-0.008800089359283447,0.10903795063495636,-0.011188424192368984,0.01676526665687561,0.05921529233455658
2023-07-01,1701993600000000,1702080000000000,ETHUSDT,0.05911181135685652,-0.043055906891822815,-0.06765036284923553,-0.01698298752307892,-0.05390534549951553,-0.04253719747066498,-0.031220659613609314
2023-07-01,1701993600000000,1702080000000000,SOLUSDT,1.7964487190586562,-0.061453402042388916,-0.08699015527963638,0.08435412496328354,-0.07506569474935532,-0.008804619312286377,0.09727076441049576
2023-07-01,1701993600000000,1702080000000000,XRPUSDT,1.5897538839527143,-0.00596085749566555,-0.06503402441740036,-0.05687624216079712,-0.02408812940120697,-0.06430193781852722,-0.13736490905284882
2023-07-01,1701993600000000,1702080000000000,DOGEUSDT,1.831909579592065,-0.004687299951910973,-0.0030752718448638916,-0.0005213171243667603,-0.02212723344564438,0.008432775735855103,-0.030811920762062073
2023-07-01,1702080000000000,1702166400000000,BTCUSDT,-0.46526971881431023,-0.03921470791101456,-0.05212830752134323,0.08095985651016235,-0.05399513989686966,-0.008452937006950378,0.04275736212730408
2023-07-01,1702080000000000,1702166400000000,ETHUSDT,-0.2922396215661635,-0.019506407901644707,-0.0218365341424942,-0.007461264729499817,-0.03751382976770401,-0.012893155217170715,-0.03484289348125458
2023-07-01,1702080000000000,1702166400000000,SOLUSDT,-0.5794942858261711,-0.08789241313934326,-0.12804390490055084,0.07631003111600876,-0.0961180329322815,-0.03506879508495331,0.10102202743291855
2023-07-01,1702080000000000,1702166400000000,XRPUSDT,-0.7283789418852225,-0.034375548362731934,-0.09038811922073364,-0.04819399118423462,-0.04151224344968796,-0.07679051905870438,-0.12510012090206146
2023-07-01,1702080000000000,1702166400000000,DOGEUSDT,-0.9276191831985166,-0.03184225410223007,-0.04472757875919342,0.006478413939476013,-0.042152367532253265,-0.011557325720787048,-0.019832894206047058
2023-07-01,1702166400000000,1702252800000000,BTCUSDT,0.07538681695871859,-0.001096358522772789,-0.012624114751815796,0.08618415147066116,-0.027078766375780106,0.015440553426742554,0.04926103353500366
2023-07-01,1702166400000000,1702252800000000,ETHUSDT,0.18719291208667874,-0.009598134085536003,-0.008361950516700745,0.005434215068817139,-0.03208998590707779,-0.0046594589948654175,-0.023096725344657898
2023-07-01,1702166400000000,1702252800000000,SOLUSDT,0.5856181470373854,-0.02416706271469593,-0.05123220384120941,0.10696234554052353,-0.05065809562802315,0.015106067061424255,0.1044452115893364
2023-07-01,1702166400000000,1702252800000000,XRPUSDT,0.18412653347717403,0.024750972166657448,-0.044650912284851074,-0.029698342084884644,0.0020150700584053993,-0.057298749685287476,-0.12570829689502716
2023-07-01,1702166400000000,1702252800000000,DOGEUSDT,1.018390912782333,0.03430940955877304,0.013062909245491028,0.033177897334098816,0.004120753146708012,0.014184847474098206,-0.00557863712310791
2023-07-01,1702252800000000,1702339200000000,BTCUSDT,-2.564232770128316,-0.020772716030478477,-0.022680237889289856,0.07220254838466644,-0.04321496561169624,0.012216180562973022,0.04794097691774368
2023-07-01,1702252800000000,1702339200000000,ETHUSDT,-2.1020159939674232,-0.023924829438328743,-0.01655738055706024,0.0073000043630599976,-0.04402888938784599,-0.0058707743883132935,-0.01590581238269806
2023-07-01,1702252800000000,1702339200000000,SOLUSDT,-1.0454889025416836,-0.05358496308326721,-0.07398972660303116,0.09797409176826477,-0.06862341612577438,0.0035782605409622192,0.1092047318816185
2023-07-01,1702252800000000,1702339200000000,XRPUSDT,-2.303805884539157,0.0155192781239748,-0.052550628781318665,-0.017232730984687805,-0.007976680062711239,-0.05537422001361847,-0.1109531968832016
2023-07-01,1702252800000000,1702339200000000,DOGEUSDT,-2.2797842966529744,-0.022588899359107018,-0.028161078691482544,0.024659790098667145,-0.037105709314346313,-0.00511893630027771,-0.004817739129066467
2023-07-01,1702339200000000,1702425600000000,BTCUSDT,0.2355953757070916,0.1077156662940979,0.038009241223335266,0.1267583966255188,0.05709131807088852,0.025252506136894226,0.10346762835979462
2023-07-01,1702339200000000,1702425600000000,ETHUSDT,-0.3376773935213549,0.06790415942668915,0.015554770827293396,0.04583442211151123,0.022414550185203552,-0.009674891829490662,0.019702114164829254
2023-07-01,1702339200000000,1702425600000000,SOLUSDT,-0.3908784446344048,0.010380478575825691,-0.01478789746761322,0.1284516453742981,-0.01715894043445587,0.03550572693347931,0.11988597363233566
2023-07-01,1702339200000000,1702425600000000,XRPUSDT,0.04232776877469805,0.11378098279237747,-0.027696862816810608,0.03218889236450195,0.06659014523029327,-0.06874649971723557,-0.07188118994235992
2023-07-01,1702339200000000,1702425600000000,DOGEUSDT,-0.08116893335648732,0.07629656791687012,0.019828423857688904,0.0647171139717102,0.030703388154506683,-0.003506898880004883,0.030429795384407043
2023-07-01,1702425600000000,1702512000000000,BTCUSDT,1.3273330867567774,0.002521442249417305,-0.010571539402008057,0.0781436637043953,-0.025923192501068115,0.003362119197845459,0.07811170816421509
2023-07-01,1702425600000000,1702512000000000,ETHUSDT,0.9390248362971175,0.01565534807741642,-0.006613090634346008,0.02992565929889679,-0.019678033888339996,-0.0179222971200943,0.01604742556810379
2023-07-01,1702425600000000,1702512000000000,SOLUSDT,0.4981591329702481,-0.007408825680613518,-0.018516123294830322,0.12214107066392899,-0.02555738389492035,0.029617294669151306,0.1225016638636589
2023-07-01,1702425600000000,1702512000000000,XRPUSDT,0.42983647556705157,0.04027221351861954,-0.0638502761721611,0.017795786261558533,0.003164009191095829,-0.08055240660905838,-0.07513222098350525
2023-07-01,1702425600000000,1702512000000000,DOGEUSDT,0.7736122674376764,0.0013152379542589188,-0.008470475673675537,0.03974252939224243,-0.02663477137684822,-0.015222534537315369,0.01948988437652588
2023-07-01,1702512000000000,1702598400000000,BTCUSDT,0.1481142640093045,-0.057767897844314575,-0.06728985160589218,0.042629241943359375,-0.0740216076374054,-0.026087552309036255,0.057041145861148834
2023-07-01,1702512000000000,1702598400000000,ETHUSDT,0.8944201294505809,-0.03602231293916702,-0.044239647686481476,0.008161365985870361,-0.05922040343284607,-0.02886040508747101,0.004722535610198975
2023-07-01,1702512000000000,1702598400000000,SOLUSDT,1.234259265696134,-0.051712214946746826,-0.051924265921115875,0.09507259726524353,-0.061842434108257294,0.011346638202667236,0.11389753967523575
2023-07-01,1702512000000000,1702598400000000,XRPUSDT,0.23673330391346956,0.012618640437722206,-0.07955457270145416,0.0044837892055511475,-0.017026282846927643,-0.08242525160312653,-0.082489013671875
2023-07-01,1702512000000000,1702598400000000,DOGEUSDT,0.5517925929085882,-0.04481232166290283,-0.036281779408454895,0.01423211395740509,-0.061532169580459595,-0.024903789162635803,0.003857657313346863
2023-07-01,1702598400000000,1702684800000000,BTCUSDT,-1.0145991042582911,-0.020632460713386536,-0.04057498276233673,0.0534251406788826,-0.04226840287446976,-0.0025345981121063232,0.06150297820568085
2023-07-01,1702598400000000,1702684800000000,ETHUSDT,-1.5146078899686035,-0.04191969335079193,-0.049457848072052,0.0038666576147079468,-0.06028787046670914,-0.02363629639148712,8.17328691482544e-05
2023-07-01,1702598400000000,1702684800000000,SOLUSDT,-0.7252274246804121,-0.10310511291027069,-0.1138874888420105,0.0677066221833229,-0.10474278777837753,-0.02923576533794403,0.10324800759553909
2023-07-01,1702598400000000,1702684800000000,XRPUSDT,-0.8850485835447273,0.014113971963524818,-0.07411713153123856,0.0011495351791381836,-0.013118593953549862,-0.07366513460874557,-0.08505256474018097
2023-07-01,1702598400000000,1702684800000000,DOGEUSDT,-1.5376195167115525,-0.04796407371759415,-0.03505580127239227,0.007043555378913879,-0.061870455741882324,-0.01793721318244934,-0.00217987596988678
2023-07-01,1702684800000000,1702771200000000,BTCUSDT,0.3095034193331032,0.046763405203819275,0.002170756459236145,0.09207013994455338,0.011053466238081455,0.01976887881755829,0.09286659955978394
2023-07-01,1702684800000000,1702771200000000,ETHUSDT,0.12821305446655124,0.04701443761587143,-0.001339539885520935,0.03966211527585983,0.006733187474310398,-0.010069862008094788,0.022945381700992584
2023-07-01,1702684800000000,1702771200000000,SOLUSDT,0.2804929653030558,-0.03208472579717636,-0.04489726573228836,0.09469929337501526,-0.04391946643590927,0.01472906768321991,0.11317551136016846
2023-07-01,1702684800000000,1702771200000000,XRPUSDT,0.2736085889112535,0.06319115310907364,-0.050412654876708984,0.02077026665210724,0.02560962736606598,-0.06616644561290741,-0.06930449604988098
2023-07-01,1702684800000000,1702771200000000,DOGEUSDT,1.2127111887823252,0.0358930304646492,0.007006779313087463,0.04199196398258209,-0.0007742634043097496,-0.004220828413963318,0.03180910646915436
2023-07-01,1702771200000000,1702857600000000,BTCUSDT,-0.8709675829527548,0.003060644492506981,-0.0250789076089859,0.07868733257055283,-0.022069595754146576,0.008052706718444824,0.08676895499229431
2023-07-01,1702771200000000,1702857600000000,ETHUSDT,-0.5194536458108401,0.007316539064049721,-0.019171997904777527,0.03347121179103851,-0.02413659170269966,-0.010907933115959167,0.0231337770819664
2023-07-01,1702771200000000,1702857600000000,SOLUSDT,-0.6713556618053396,-0.060167789459228516,-0.06464622914791107,0.0857166051864624,-0.06458120048046112,0.003753453493118286,0.11268486082553864
2023-07-01,1702771200000000,1702857600000000,XRPUSDT,-0.5627467239493436,0.02835834212601185,-0.07115089893341064,0.00942319631576538,-0.0029555996879935265,-0.07211847603321075,-0.07493731379508972
2023-07-01,1702771200000000,1702857600000000,DOGEUSDT,-1.1767794870739938,-0.049217887222766876,-0.043686673045158386,0.01440650224685669,-0.0645749568939209,-0.02430666983127594,0.012942090630531311
2023-07-01,1702857600000000,1702944000000000,BTCUSDT,1.270965441223386,0.06232493370771408,0.007322192192077637,0.10785269737243652,0.0261370912194252,0.021294966340065002,0.11007549613714218
2023-07-01,1702857600000000,1702944000000000,ETHUSDT,0.3783556440316783,0.029071053490042686,-0.009444504976272583,0.042653895914554596,-0.007165073417127132,-0.00991038978099823,0.028742417693138123
2023-07-01,1702857600000000,1702944000000000,SOLUSDT,0.8708556233426655,-0.013107413426041603,-0.025485366582870483,0.10552480816841125,-0.02280554175376892,0.026747703552246094,0.1242736428976059
2023-07-01,1702857600000000,1702944000000000,XRPUSDT,0.11561251011327028,0.056046389043331146,-0.05992636829614639,0.018783867359161377,0.019850142300128937,-0.07201790064573288,-0.0694492757320404
2023-07-01,1702857600000000,1702944000000000,DOGEUSDT,-0.2448686845779831,0.030450256541371346,0.0014399588108062744,0.04125743359327316,-0.0036548441275954247,-0.007072761654853821,0.03401210904121399
2023-07-01,1702944000000000,1703030400000000,BTCUSDT,-0.35979892694111726,-0.028304150328040123,-0.05809657275676727,0.06946579366922379,-0.04629235714673996,-0.016604498028755188,0.0812283456325531
2023-07-01,1702944000000000,1703030400000000,ETHUSDT,-0.6993215863163449,-0.005581481382250786,-0.030582621693611145,0.03115837275981903,-0.033295273780822754,-0.01887957751750946,0.02035471796989441
2023-07-01,1702944000000000,1703030400000000,SOLUSDT,-0.32991341629630244,-0.08082900196313858,-0.08097649365663528,0.0719369649887085,-0.07936432957649231,-0.011874929070472717,0.10202036052942276
2023-07-01,1702944000000000,1703030400000000,XRPUSDT,-0.4627621582074432,0.03126981854438782,-0.07686340808868408,0.00897824764251709,0.00019778404384851456,-0.0810859203338623,-0.07764007151126862
2023-07-01,1702944000000000,1703030400000000,DOGEUSDT,-0.5668640278660747,0.008032524958252907,-0.006702110171318054,0.03798443078994751,-0.02290503680706024,-0.008132010698318481,0.0351799875497818
2023-07-01,1703030400000000,1703116800000000,BTCUSDT,1.3871066719639242,0.03436805307865143,-0.015488654375076294,0.09340318292379379,0.0051163071766495705,0.009715735912322998,0.09657520055770874
2023-07-01,1703030400000000,1703116800000000,ETHUSDT,0.4308777104612367,0.030578581616282463,-0.011376172304153442,0.042982250452041626,-0.005712165497243404,-0.01412634551525116,0.028513312339782715
2023-07-01,1703030400000000,1703116800000000,SOLUSDT,2.2523549617176277,-0.035556450486183167,-0.04076473414897919,0.08214748650789261,-0.044166263192892075,0.013256758451461792,0.102883480489254
2023-07-01,1703030400000000,1703116800000000,XRPUSDT,0.7572775868269884,0.04944644868373871,-0.06920615583658218,0.01408790796995163,0.014542044140398502,-0.08090498298406601,-0.07425017654895782
2023-07-01,1703030400000000,1703116800000000,DOGEUSDT,0.4086171431476293,0.02488110400736332,-0.0005374699831008911,0.04349677264690399,-0.011029399000108242,-0.006168752908706665,0.04203324764966965
2023-07-01,1703116800000000,1703203200000000,BTCUSDT,0.17708607042256755,-0.03262551128864288,-0.07104577124118805,0.06816784292459488,-0.04853808879852295,-0.022405311465263367,0.07451535016298294
2023-07-01,1703116800000000,1703203200000000,ETHUSDT,0.6486248938984762,-0.00957849808037281,-0.03437170386314392,0.02902749925851822,-0.03664618730545044,-0.021446004509925842,0.018892250955104828
2023-07-01,1703116800000000,1703203200000000,SOLUSDT,2.4226994718951427,-0.13828693330287933,-0.15981127321720123,0.03785553574562073,-0.11268261820077896,-0.06347529590129852,0.07933206111192703
2023-07-01,1703116800000000,1703203200000000,XRPUSDT,0.4270649665769632,0.0007385332137346268,-0.0981220155954361,-0.006687462329864502,-0.023287147283554077,-0.09313898533582687,-0.09286774694919586
2023-07-01,1703116800000000,1703203200000000,DOGEUSDT,1.0790201190821695,-0.015055766329169273,-0.023538455367088318,0.027335360646247864,-0.042729198932647705,-0.014091894030570984,0.02915380895137787
2023-07-01,1703203200000000,1703289600000000,BTCUSDT,0.09844604622125255,0.0038421768695116043,-0.03896872699260712,0.08234094083309174,-0.01920682191848755,0.0005761533975601196,0.07590200006961823
2023-07-01,1703203200000000,1703289600000000,ETHUSDT,1.4699169366961413,-0.025408020243048668,-0.04365745186805725,0.021743804216384888,-0.048148564994335175,-0.021750763058662415,0.011230424046516418
2023-07-01,1703203200000000,1703289600000000,SOLUSDT,0.6939018413785234,-0.1646605283021927,-0.2168450951576233,0.015414327383041382,-0.12630817294120789,-0.07716856896877289,0.04353811591863632
2023-07-01,1703203200000000,1703289600000000,XRPUSDT,0.02973191745647889,0.001344369724392891,-0.0917622298002243,-0.010835081338882446,-0.02038554847240448,-0.088375523686409,-0.10281021893024445
2023-07-01,1703203200000000,1703289600000000,DOGEUSDT,-0.011863188313217575,-0.04340998828411102,-0.04752568155527115,0.01549704372882843,-0.06454440206289291,-0.020743846893310547,0.01839747279882431
2023-07-01,1703289600000000,1703376000000000,BTCUSDT,-0.26585578684203437,0.016034243628382683,-0.026659592986106873,0.0908191129565239,-0.010352018289268017,0.010992884635925293,0.08188529312610626
2023-07-01,1703289600000000,1703376000000000,ETHUSDT,-0.27369933794847034,-0.045508936047554016,-0.06654778122901917,0.017266899347305298,-0.0616377592086792,-0.030266404151916504,0.007418543100357056
2023-07-01,1703289600000000,1703376000000000,SOLUSDT,1.6735235431352464,-0.14106620848178864,-0.16818131506443024,-0.0008335709571838379,-0.08604595810174942,-0.04027387499809265,0.06055939197540283
2023-07-01,1703289600000000,1703376000000000,XRPUSDT,-0.3081144148407471,0.017545001581311226,-0.08082914352416992,-0.0068473219871521,-0.007193482480943203,-0.08119601011276245,-0.10419318079948425
2023-07-01,1703289600000000,1703376000000000,DOGEUSDT,-0.45835326998836595,-0.011442286893725395,-0.020805224776268005,0.027017638087272644,-0.03825472667813301,-0.00299835205078125,0.023610472679138184
2023-07-01,1703376000000000,1703462400000000,BTCUSDT,-0.7088207099022907,0.04596767574548721,-0.00575624406337738,0.1053767055273056,0.013783172704279423,0.024341285228729248,0.09667559713125229
2023-07-01,1703376000000000,1703462400000000,ETHUSDT,-0.7446548529495574,0.008618639782071114,-0.017125114798545837,0.03410319983959198,-0.01957348734140396,0.0003881603479385376,0.014083057641983032
2023-07-01,1703376000000000,1703462400000000,SOLUSDT,0.6911409647662449,-0.1700921654701233,-0.20072054862976074,-0.04001705348491669,-0.12424255162477493,-0.06156530976295471,0.00693880021572113
2023-07-01,1703376000000000,1703462400000000,XRPUSDT,-0.4388122015274875,0.040492743253707886,-0.07145152986049652,0.0017577111721038818,0.009885364212095737,-0.07731172442436218,-0.09906937181949615
2023-07-01,1703376000000000,1703462400000000,DOGEUSDT,-0.5481162624266736,0.018059460446238518,-0.0032862871885299683,0.04394443333148956,-0.015770256519317627,0.005170747637748718,0.037265121936798096
2023-07-01,1703462400000000,1703548800000000,BTCUSDT,0.6084654681932262,0.0861305370926857,0.018967613577842712,0.12692315876483917,0.046893320977687836,0.03639721870422363,0.12090153992176056
2023-07-01,1703462400000000,1703548800000000,ETHUSDT,0.1309875356395438,0.05017212778329849,0.004811033606529236,0.05705135315656662,0.01165777537971735,0.007721230387687683,0.03282536566257477
2023-07-01,1703462400000000,1703548800000000,SOLUSDT,1.22311481732233,-0.16121482849121094,-0.17169411480426788,-0.07807523012161255,-0.10972734540700912,-0.04121957719326019,0.0029599517583847046
2023-07-01,1703462400000000,1703548800000000,XRPUSDT,2.1406389707211684,0.0566277801990509,-0.0697285607457161,0.008030101656913757,0.020917996764183044,-0.08010992407798767,-0.09314490854740143
2023-07-01,1703462400000000,1703548800000000,DOGEUSDT,0.8567083825118602,0.03354821354150772,0.0019231587648391724,0.053732991218566895,-0.004439405165612698,0.003013297915458679,0.04670223593711853
2023-07-01,1703548800000000,1703635200000000,BTCUSDT,-1.0818583921853973,0.042513810098171234,-0.010868489742279053,0.10087430477142334,0.008545109070837498,0.02103939652442932,0.11156666278839111
2023-07-01,1703548800000000,1703635200000000,ETHUSDT,-0.7059275619769404,0.0346967950463295,-0.006617143750190735,0.05170188099145889,-0.001892327331006527,0.003821268677711487,0.033235155045986176
2023-07-01,1703548800000000,1703635200000000,SOLUSDT,-1.1487985850181,-0.19522452354431152,-0.18793733417987823,-0.12521779537200928,-0.14249178767204285,-0.06879769265651703,-0.05728389322757721
2023-07-01,1703548800000000,1703635200000000,XRPUSDT,-1.3774631884788582,-0.02734452672302723,-0.13048112392425537,-0.025485500693321228,-0.045444682240486145,-0.11623306572437286,-0.11559991538524628
2023-07-01,1703548800000000,1703635200000000,DOGEUSDT,-0.9414972231758105,-0.006951408460736275,-0.028265908360481262,0.03445536643266678,-0.03669288009405136,-0.006447896361351013,0.0369759202003479
2023-07-01,1703635200000000,1703721600000000,BTCUSDT,0.9365751961186698,0.1375112682580948,0.043579742312431335,0.1393459439277649,0.08968998491764069,0.04831396043300629,0.14718300104141235
2023-07-01,1703635200000000,1703721600000000,ETHUSDT,2.6293928528227264,0.071888267993927,0.009941935539245605,0.060202404856681824,0.02685556560754776,0.005298987030982971,0.0395699068903923
2023-07-01,1703635200000000,1703721600000000,SOLUSDT,-0.7821122553621053,-0.1341131180524826,-0.07253074645996094,-0.11757990717887878,-0.05608835816383362,0.004664257168769836,0.0027947574853897095
2023-07-01,1703635200000000,1703721600000000,XRPUSDT,0.7202743320837668,0.06827633082866669,-0.07114505022764206,0.0023437142372131348,0.03266674280166626,-0.09375813603401184,-0.11186854541301727
2023-07-01,1703635200000000,1703721600000000,DOGEUSDT,0.754980357559204,0.05731502175331116,0.0066040754318237305,0.049495525658130646,0.014164545573294163,0.0025824159383773804,0.04263874888420105
2023-07-01,1703721600000000,1703808000000000,BTCUSDT,-0.860716626053773,0.06300868839025497,-0.004110187292098999,0.09393636137247086,0.021408215165138245,0.020300671458244324,0.1213240697979927
2023-07-01,1703721600000000,1703808000000000,ETHUSDT,-0.5289504769076834,-0.021413633599877357,-0.07765540480613708,0.02063089609146118,-0.04790418595075607,-0.044347457587718964,0.016959987580776215
2023-07-01,1703721600000000,1703808000000000,SOLUSDT,-0.7777121394456712,-0.13304364681243896,-0.03668475151062012,-0.10398900508880615,-0.048358697444200516,0.010995492339134216,0.010302051901817322
2023-07-01,1703721600000000,1703808000000000,XRPUSDT,0.01723953821796387,0.014538737013936043,-0.09733465313911438,-0.02140769362449646,-0.01640765368938446,-0.09629695117473602,-0.1233653873205185
2023-07-01,1703721600000000,1703808000000000,DOGEUSDT,-0.626180748520277,0.008849738165736198,-0.02304503321647644,0.02352188527584076,-0.025805756449699402,-0.005127131938934326,0.028640851378440857
2023-07-01,1703808000000000,1703894400000000,BTCUSDT,-0.5188269682436644,0.1300474852323532,0.03488713502883911,0.12390224635601044,0.07974662631750107,0.03357765078544617,0.14183099567890167
2023-07-01,1703808000000000,1703894400000000,ETHUSDT,-0.7147947631475388,0.041175514459609985,-0.0076986998319625854,0.029259927570819855,0.0024743909016251564,-0.0037740617990493774,0.007529467344284058
2023-07-01,1703808000000000,1703894400000000,SOLUSDT,0.6776038395744576,-0.10754864662885666,-0.004844948649406433,-0.0866716206073761,-0.022563058882951736,0.038147374987602234,0.018833540380001068
2023-07-01,1703808000000000,1703894400000000,XRPUSDT,-0.7008185421538764,0.036513254046440125,-0.08243545889854431,-0.02028082311153412,0.003371261991560459,-0.08628299832344055,-0.1309451311826706
2023-07-01,1703808000000000,1703894400000000,DOGEUSDT,-0.2505947228422207,0.04813870042562485,0.0006782859563827515,0.028294958174228668,0.005480931140482426,-0.0010275691747665405,0.023646503686904907
2023-07-01,1703894400000000,1703980800000000,BTCUSDT,0.08301687112511386,0.12899699807167053,0.038312897086143494,0.12257614731788635,0.07523534446954727,0.03250831365585327,0.14848262071609497
2023-07-01,1703894400000000,1703980800000000,ETHUSDT,-0.11845869177569848,0.06947032362222672,0.009443819522857666,0.04012690484523773,0.023263759911060333,0.003348737955093384,0.017502322793006897
2023-07-01,1703894400000000,1703980800000000,SOLUSDT,-0.6505771914519392,-0.15700772404670715,-0.06190524995326996,-0.11854028701782227,-0.10031748563051224,0.01267753541469574,-0.044426679611206055
2023-07-01,1703894400000000,1703980800000000,XRPUSDT,-0.11990035349096403,0.07703686505556107,-0.06184513866901398,-0.004266068339347839,0.034541185945272446,-0.07483315467834473,-0.11757172644138336
2023-07-01,1703894400000000,1703980800000000,DOGEUSDT,-0.3197054608310328,0.04700981825590134,0.0022864341735839844,0.020499475300312042,0.002405942417681217,0.002722308039665222,0.021187961101531982
2024-01-01,1704067200000000,1704153600000000,BTCUSDT,2.068424666061704,0.09012574702501297,0.010265305638313293,0.0855952799320221,0.04047181457281113,0.01338246464729309,0.12223838269710541
2024-01-01,1704067200000000,1704153600000000,ETHUSDT,1.1869097913876394,0.0584305003285408,-0.0007187873125076294,0.030085213482379913,0.013134011067450047,-0.0013618320226669312,0.012205466628074646
2024-01-01,1704067200000000,1704153600000000,SOLUSDT,1.341631882690013,-0.11140060424804688,-0.027795657515525818,-0.07864581048488617,-0.04593358933925629,0.035192325711250305,-0.018027514219284058
2024-01-01,1704067200000000,1704153600000000,XRPUSDT,0.9135436463727861,0.07830674946308136,-0.07428912073373795,-0.011770039796829224,0.03303583711385727,-0.0857061892747879,-0.12095074355602264
2024-01-01,1704067200000000,1704153600000000,DOGEUSDT,0.8784207141665458,0.04243896156549454,-0.003956884145736694,0.0017442405223846436,-0.0026397397741675377,-0.0032570213079452515,0.003259316086769104
2024-01-01,1704153600000000,1704240000000000,BTCUSDT,0.741876207653079,0.006684372201561928,-0.07065299153327942,0.03579924255609512,-0.028418555855751038,-0.03954179584980011,0.07678581774234772
2024-01-01,1704153600000000,1704240000000000,ETHUSDT,0.03749034901320782,0.006261808797717094,-0.04520227015018463,0.0048836469650268555,-0.02669890969991684,-0.025142818689346313,-0.006528183817863464
2024-01-01,1704153600000000,1704240000000000,SOLUSDT,-0.48184367792939764,-0.17930065095424652,-0.11335168778896332,-0.11027383804321289,-0.12859657406806946,-0.023460283875465393,-0.10194410383701324
2024-01-01,1704153600000000,1704240000000000,XRPUSDT,-0.3250872558512933,0.026728594675660133,-0.11004739999771118,-0.0429118275642395,-0.006903036497533321,-0.10885012149810791,-0.1541777104139328
2024-01-01,1704153600000000,1704240000000000,DOGEUSDT,-0.32060226661847563,-0.0034666378051042557,-0.03685440123081207,-0.028445422649383545,-0.038082756102085114,-0.017220929265022278,-0.02147786319255829
2024-01-01,1704240000000000,1704326400000000,BTCUSDT,-2.097164010967516,0.026054808869957924,-0.049509964883327484,0.045762211084365845,-0.007180011831223965,-0.021526411175727844,0.07637951523065567
2024-01-01,1704240000000000,1704326400000000,ETHUSDT,-2.4154271152823426,0.028353499248623848,-0.02330012619495392,0.01009272038936615,-0.006271294318139553,-0.01459755003452301,-0.009909048676490784
2024-01-01,1704240000000000,1704326400000000,SOLUSDT,-1.2903668756186752,-0.12165547907352448,-0.048993684351444244,-0.07319438457489014,-0.055907242000103,0.02048732340335846,-0.06469598412513733
2024-01-01,1704240000000000,1704326400000000,XRPUSDT,-2.6857399942263287,0.057164572179317474,-0.09253931045532227,-0.032240718603134155,0.01956074684858322,-0.10351399332284927,-0.15418027341365814
2024-01-01,1704240000000000,1704326400000000,DOGEUSDT,-3.2070219330122027,0.015906108543276787,-0.02065010368824005,-0.027975738048553467,-0.02175324782729149,-0.015300333499908447,-0.030634894967079163
2024-01-01,1704326400000000,1704412800000000,BTCUSDT,1.253841645396502,0.1432279795408249,0.01967884600162506,0.11201348900794983,0.09079977869987488,-0.001436874270439148,0.1195904016494751
2024-01-01,1704326400000000,1704412800000000,ETHUSDT,0.9303451331792078,0.12867669761180878,0.006288662552833557,0.05586010217666626,0.07399532943964005,-0.027752697467803955,0.02284441888332367
2024-01-01,1704326400000000,1704412800000000,SOLUSDT,1.0619564201981253,-0.0552823543548584,0.008285999298095703,-0.02020677924156189,0.013359435833990574,0.049738869071006775,-0.012007609009742737
2024-01-01,1704326400000000,1704412800000000,XRPUSDT,0.2821346388351515,0.14220857620239258,-0.07684774696826935,0.01834700256586075,0.08638153225183487,-0.12387661635875702,-0.08810493350028992
2024-01-01,1704326400000000,1704412800000000,DOGEUSDT,0.6871376124534997,0.1219148337841034,-0.017938852310180664,0.01905524730682373,0.06424363702535629,-0.058224231004714966,0.0017647594213485718
2024-01-01,1704412800000000,1704499200000000,BTCUSDT,0.0014980636239132373,0.02991730533540249,-0.043801113963127136,0.054833024740219116,-0.010073884390294552,-0.027181372046470642,0.07934494316577911
2024-01-01,1704412800000000,1704499200000000,ETHUSDT,0.017112526118792225,0.027811462059617043,-0.03597883880138397,0.011085838079452515,-0.013560040853917599,-0.031088247895240784,-0.0021104514598846436
2024-01-01,1704412800000000,1704499200000000,SOLUSDT,-0.7916400250611922,-0.14394165575504303,-0.06926007568836212,-0.06263995170593262,-0.09450753033161163,-0.013841792941093445,-0.10753148794174194
2024-01-01,1704412800000000,1704499200000000,XRPUSDT,-0.691755148522719,0.03499797731637955,-0.11132169514894485,-0.03552645444869995,-0.016590066254138947,-0.1290145069360733,-0.1266428381204605
2024-01-01,1704412800000000,1704499200000000,DOGEUSDT,-0.44636795595751483,0.0200567077845335,-0.04018540680408478,-0.025187790393829346,-0.02304670959711075,-0.03987528383731842,-0.02328173816204071
2024-01-01,1704499200000000,1704585600000000,BTCUSDT,-0.17956894914949462,0.05873113125562668,-0.02178122103214264,0.06712531298398972,0.01794014871120453,-0.012818947434425354,0.0811595767736435
2024-01-01,1704499200000000,1704585600000000,ETHUSDT,-0.46004529498212315,0.039057470858097076,-0.026852980256080627,0.007277131080627441,-0.0012336960062384605,-0.02654869854450226,-0.012405022978782654
2024-01-01,1704499200000000,1704585600000000,SOLUSDT,-0.9895435183415167,-0.07115144282579422,-0.013454437255859375,-0.027984216809272766,-0.02587391436100006,0.034394770860672,-0.06166781485080719
2024-01-01,1704499200000000,1704585600000000,XRPUSDT,-0.489500870540978,0.041647106409072876,-0.11394748836755753,-0.03928685188293457,-0.010637558065354824,-0.1390564739704132,-0.1268477886915207
2024-01-01,1704499200000000,1704585600000000,DOGEUSDT,-0.7135188285314701,0.027402447536587715,-0.03676624596118927,-0.03238409757614136,-0.015660814940929413,-0.042867764830589294,-0.03789143264293671
2024-01-01,1704585600000000,1704672000000000,BTCUSDT,-0.03860446901609058,0.07027767598628998,-0.012707099318504333,0.07675108313560486,0.02756652981042862,-0.0063554346561431885,0.08944845199584961
2024-01-01,1704585600000000,1704672000000000,ETHUSDT,-0.32160305712166837,0.05764095485210419,-0.015277773141860962,0.013188019394874573,0.013821751810610294,-0.0226699560880661,-0.007789626717567444
2024-01-01,1704585600000000,1704672000000000,SOLUSDT,-0.7549704333994157,-0.03281540423631668,0.013388916850090027,0.008452191948890686,0.003818678669631481,0.03635089099407196,-0.03201749920845032
2024-01-01,1704585600000000,1704672000000000,XRPUSDT,-1.0972956948608066,0.020076962187886238,-0.12024330347776413,-0.05809539556503296,-0.03254023939371109,-0.14203186333179474,-0.13453291356563568
2024-01-01,1704585600000000,1704672000000000,DOGEUSDT,-0.8410936555270032,0.037636205554008484,-0.029577448964118958,-0.03361111879348755,-0.007681607268750668,-0.0406336784362793,-0.03827376663684845
2024-01-01,1704672000000000,1704758400000000,BTCUSDT,3.0148609779535818,0.06444109976291656,-0.017101600766181946,0.07639285922050476,0.02320323884487152,-0.00968053936958313,0.08957181870937347
2024-01-01,1704672000000000,1704758400000000,ETHUSDT,1.8612152740421983,0.05509064346551895,-0.01792086660861969,0.010580793023109436,0.011121691204607487,-0.02630685269832611,-0.008590027689933777
2024-01-01,1704672000000000,1704758400000000,SOLUSDT,1.5362445200767452,-0.022525852546095848,0.018821224570274353,0.021138235926628113,-0.014042853377759457,0.022909700870513916,-0.03319530189037323
2024-01-01,1704672000000000,1704758400000000,XRPUSDT,1.7827629620388699,0.027851929888129234,-0.12380050867795944,-0.06347718834877014,-0.02860385924577713,-0.15296822786331177,-0.12880562245845795
2024-01-01,1704672000000000,1704758400000000,DOGEUSDT,1.1512567265207425,0.03859768807888031,-0.03391636908054352,-0.03992682695388794,-0.007429174147546291,-0.05000302940607071,-0.04329720139503479
2024-01-01,1704758400000000,1704844800000000,BTCUSDT,-0.7131868550402444,-0.03382713347673416,-0.11841513961553574,0.030502229928970337,-0.0608203262090683,-0.07675313204526901,0.058053307235240936
2024-01-01,1704758400000000,1704844800000000,ETHUSDT,0.2070332689850093,-0.016243891790509224,-0.07299483567476273,-0.024300917983055115,-0.045605771243572235,-0.052105844020843506,-0.03535683453083038
2024-01-01,1704758400000000,1704844800000000,SOLUSDT,0.23567038246523364,-0.1267143040895462,-0.07745618373155594,-0.025884345173835754,-0.10271507501602173,-0.04205933213233948,-0.11724810302257538
2024-01-01,1704758400000000,1704844800000000,XRPUSDT,-0.6601212458911098,-0.054882265627384186,-0.1656537801027298,-0.1252657175064087,-0.09337867051362991,-0.16313503682613373,-0.1721925288438797
2024-01-01,1704758400000000,1704844800000000,DOGEUSDT,-0.740852314516562,-0.023414073511958122,-0.06620711088180542,-0.07899028062820435,-0.055707402527332306,-0.048898182809352875,-0.07450917363166809
2024-01-01,1704844800000000,1704931200000000,BTCUSDT,0.46557950451292607,0.0628647580742836,-0.02118062973022461,0.07470805943012238,0.024600669741630554,-0.012299224734306335,0.07622220367193222
2024-01-01,1704844800000000,1704931200000000,ETHUSDT,3.7896989383658353,0.013550082221627235,-0.03724952042102814,-0.021139323711395264,-0.01700393110513687,-0.03049379587173462,-0.043961986899375916
2024-01-01,1704844800000000,1704931200000000,SOLUSDT,0.4435332477215903,-0.10206286609172821,-0.05900193750858307,-0.015893682837486267,-0.0901452824473381,-0.02942594885826111,-0.106870636343956
2024-01-01,1704844800000000,1704931200000000,XRPUSDT,2.172176763211799,-0.029156377539038658,-0.1417318433523178,-0.11349081993103027,-0.07134071737527847,-0.16077162325382233,-0.1816490739583969
2024-01-01,1704844800000000,1704931200000000,DOGEUSDT,1.402698049787044,-0.004755733534693718,-0.04984569549560547,-0.07702431082725525,-0.04006790742278099,-0.05478052794933319,-0.0920407623052597
2024-01-01,1704931200000000,1705017600000000,BTCUSDT,-0.27671796446142044,0.03840900957584381,-0.03137125074863434,0.06894689798355103,0.002397828735411167,-0.009037747979164124,0.0781107172369957
2024-01-01,1704931200000000,1705017600000000,ETHUSDT,0.39383805700372176,-0.028465522453188896,-0.11252741515636444,-0.01887287199497223,-0.04599267989397049,-0.08058656752109528,-0.033118635416030884
2024-01-01,1704931200000000,1705017600000000,SOLUSDT,-0.34474000060152193,-0.10443853586912155,-0.06328947842121124,-0.013985127210617065,-0.10829325765371323,-0.0384678989648819,-0.10012933611869812
2024-01-01,1704931200000000,1705017600000000,XRPUSDT,0.05074566242082148,-0.06844598054885864,-0.16257795691490173,-0.1452915072441101,-0.09786524623632431,-0.15546807646751404,-0.18465621769428253
2024-01-01,1704931200000000,1705017600000000,DOGEUSDT,0.5041532884480316,-0.04835567623376846,-0.07063040882349014,-0.10241737961769104,-0.0736939013004303,-0.04577125608921051,-0.10155771672725677
2024-01-01,1705017600000000,1705104000000000,BTCUSDT,-3.0816781147665284,0.07580093294382095,-0.004820048809051514,0.0878232792019844,0.03524656966328621,0.007232055068016052,0.09124394506216049
2024-01-01,1705017600000000,1705104000000000,ETHUSDT,-1.1491631071059238,0.020341845229268074,-0.030491262674331665,-0.0046778470277786255,-0.0028171902522444725,-0.020863279700279236,-0.03878781199455261
2024-01-01,1705017600000000,1705104000000000,SOLUSDT,-1.2971347336753773,-0.0530950203537941,-0.021046936511993408,0.01743735373020172,-0.06043048948049545,-0.0032628625631332397,-0.04166091978549957
2024-01-01,1705017600000000,1705104000000000,XRPUSDT,-1.8432665911167465,-0.055694304406642914,-0.1306396722793579,-0.14227300882339478,-0.0852760598063469,-0.1376941204071045,-0.2070731371641159
2024-01-01,1705017600000000,1705104000000000,DOGEUSDT,-1.5216252134876065,-0.046732187271118164,-0.05052649974822998,-0.1080351173877716,-0.06954550743103027,-0.030046910047531128,-0.12074260413646698
2024-01-01,1705104000000000,1705190400000000,BTCUSDT,0.047231323304224096,0.2047472447156906,0.034967854619026184,0.14679314196109772,0.14694100618362427,-0.004678115248680115,0.13971355557441711
2024-01-01,1705104000000000,1705190400000000,ETHUSDT,0.6818170636343154,0.08587750792503357,0.016107097268104553,0.024589017033576965,0.0459132194519043,0.00010439753532409668,-0.02012549340724945
2024-01-01,1705104000000000,1705190400000000,SOLUSDT,0.6536448257888755,0.018420813605189323,0.02315381169319153,0.06654070317745209,0.04993128031492233,0.03434950113296509,0.04182793200016022
2024-01-01,1705104000000000,1705190400000000,XRPUSDT,0.2912623720219607,-0.009543007239699364,-0.12161436676979065,-0.11656397581100464,-0.055720336735248566,-0.15429717302322388,-0.19790230691432953
2024-01-01,1705104000000000,1705190400000000,DOGEUSDT,0.2977547882054561,-0.004804076626896858,-0.03857356309890747,-0.0917171984910965,-0.03690110892057419,-0.05196391046047211,-0.13120366632938385
2024-01-01,1705190400000000,1705276800000000,BTCUSDT,-0.9270969170530283,0.10067600756883621,-0.00040268898010253906,0.09051111340522766,0.04782848805189133,-0.014679208397865295,0.10610084980726242
2024-01-01,1705190400000000,1705276800000000,ETHUSDT,-1.274192363072219,0.03875085711479187,-0.014518901705741882,0.012949757277965546,0.0040787095203995705,-0.01148347556591034,-0.020259037613868713
2024-01-01,1705190400000000,1705276800000000,SOLUSDT,-0.34659085627811104,-0.03502829372882843,-0.012435689568519592,0.04309747368097305,-0.006731974892318249,0.006698593497276306,0.03397130221128464
2024-01-01,1705190400000000,1705276800000000,XRPUSDT,0.09962523111404332,-0.05016137659549713,-0.13696730136871338,-0.13955649733543396,-0.09286686778068542,-0.1478055715560913,-0.19568870961666107
2024-01-01,1705190400000000,1705276800000000,DOGEUSDT,-0.3166346310006211,-0.033459894359111786,-0.050077468156814575,-0.10507309436798096,-0.06310926377773285,-0.04442276060581207,-0.12478773295879364
2024-01-01,1705276800000000,1705363200000000,BTCUSDT,0.668344791362659,0.13178738951683044,0.002626970410346985,0.09269212186336517,0.07756507396697998,-0.023359790444374084,0.11297272890806198
2024-01-01,1705276800000000,1705363200000000,ETHUSDT,0.4742620706599601,0.10087024420499802,0.01814332604408264,0.04148183763027191,0.05423283576965332,-0.006605163216590881,-0.001994386315345764
2024-01-01,1705276800000000,1705363200000000,SOLUSDT,0.09451460704667106,-0.012886565178632736,0.010371461510658264,0.05263189226388931,0.019634075462818146,0.026260629296302795,0.05525777488946915
2024-01-01,1705276800000000,1705363200000000,XRPUSDT,-0.04751471240514721,-0.055991411209106445,-0.13801273703575134,-0.14268580079078674,-0.09517363458871841,-0.14772766828536987,-0.20220361649990082
2024-01-01,1705276800000000,1705363200000000,DOGEUSDT,0.37928319088488976,-0.030997907742857933,-0.04842656850814819,-0.10552828013896942,-0.06089475005865097,-0.048782892525196075,-0.1365220695734024
2024-01-01,1705363200000000,1705449600000000,BTCUSDT,0.52496673871892,0.05457784980535507,-0.0354752391576767,0.04104725271463394,0.006954618729650974,-0.03912395238876343,0.07300060242414474
2024-01-01,1705363200000000,1705449600000000,ETHUSDT,0.9416843146074455,0.039976976811885834,-0.01586514711380005,0.020437762141227722,-0.00072502251714468,-0.01954008638858795,-0.008411228656768799
2024-01-01,1705363200000000,1705449600000000,SOLUSDT,0.5921463423910643,-0.028314335271716118,0.007112458348274231,0.04316975921392441,-0.01049825269728899,0.018375858664512634,0.05300021171569824
2024-01-01,1705363200000000,1705449600000000,XRPUSDT,0.0060475427018583,-0.047896407544612885,-0.12933827936649323,-0.14141225814819336,-0.08821303397417068,-0.13927964866161346,-0.19986169040203094
2024-01-01,1705363200000000,1705449600000000,DOGEUSDT,0.10122814099006404,-0.04527556151151657,-0.051869869232177734,-0.11238706111907959,-0.07213043421506882,-0.040686219930648804,-0.13410510122776031
2024-01-01,1705449600000000,1705536000000000,BTCUSDT,-0.2965436732425655,0.03885476291179657,-0.04622023552656174,0.019091978669166565,-0.0026708459481596947,-0.0428878515958786,0.05310879647731781
2024-01-01,1705449600000000,1705536000000000,ETHUSDT,-0.6947258624201406,0.01179494522511959,-0.03752540051937103,0.007492125034332275,-0.020969223231077194,-0.029683858156204224,-0.015028238296508789
2024-01-01,1705449600000000,1705536000000000,SOLUSDT,0.7993794066397272,-0.05336423218250275,-0.019766196608543396,0.020813941955566406,-0.049172595143318176,-0.0038780421018600464,0.037008680403232574
2024-01-01,1705449600000000,1705536000000000,XRPUSDT,-0.4303559112027862,-0.056692302227020264,-0.1296882927417755,-0.1449596881866455,-0.09525760263204575,-0.13790962100028992,-0.20276670157909393
2024-01-01,1705449600000000,1705536000000000,DOGEUSDT,-0.27835420686997686,-0.051640428602695465,-0.0513729527592659,-0.11693599820137024,-0.07694607228040695,-0.04118351638317108,-0.14455516636371613
2024-01-01,1705536000000000,1705622400000000,BTCUSDT,-1.2669463431336787,0.06742648780345917,-0.028786003589630127,0.025906771421432495,0.0235917866230011,-0.033158883452415466,0.05725248157978058
2024-01-01,1705536000000000,1705622400000000,ETHUSDT,-0.7454274013624741,0.06899984180927277,0.006056010723114014,0.03006555140018463,0.02657785266637802,-0.003923669457435608,0.0014932751655578613
2024-01-01,1705536000000000,1705622400000000,SOLUSDT,-1.3264917593205399,-0.0695653185248375,-0.04647047817707062,0.004112139344215393,-0.07670777291059494,-0.02372877299785614,0.027632832527160645
2024-01-01,1705536000000000,1705622400000000,XRPUSDT,-1.0540678791674063,-0.04752840846776962,-0.12419953942298889,-0.1393149495124817,-0.08914851397275925,-0.13704892992973328,-0.20302973687648773
2024-01-01,1705536000000000,1705622400000000,DOGEUSDT,-0.9424620402542618,-0.04109188914299011,-0.04521431773900986,-0.11160382628440857,-0.06833139806985855,-0.04096408188343048,-0.1461685448884964
2024-01-01,1705622400000000,1705708800000000,BTCUSDT,0.30101313175941663,0.11403335630893707,-0.012929067015647888,0.05089699476957321,0.0631524845957756,-0.03791026771068573,0.08155857026576996
2024-01-01,1705622400000000,1705708800000000,ETHUSDT,0.2733677992515966,0.08796665817499161,0.014515802264213562,0.03980912268161774,0.04055843502283096,-0.001973196864128113,0.015012659132480621
2024-01-01,1705622400000000,1705708800000000,SOLUSDT,-0.14366778547497108,-0.032389380037784576,-0.0018528103828430176,0.029728315770626068,-0.026505112648010254,0.0031654834747314453,0.035007163882255554
2024-01-01,1705622400000000,1705708800000000,XRPUSDT,-0.5072586163376785,-0.03530535846948624,-0.12098463624715805,-0.1271551549434662,-0.0835837870836258,-0.14396756887435913,-0.20152072608470917
2024-01-01,1705622400000000,1705708800000000,DOGEUSDT,0.19042201632080943,-0.023429369553923607,-0.045897290110588074,-0.10410535335540771,-0.056513652205467224,-0.055779702961444855,-0.1501149982213974
2024-01-01,1705708800000000,1705795200000000,BTCUSDT,0.0264637266000002,0.04897168278694153,-0.04366511106491089,0.012551859021186829,0.004123100079596043,-0.049906328320503235,0.04575420916080475
2024-01-01,1705708800000000,1705795200000000,ETHUSDT,-0.2627333058823448,0.04920842498540878,-0.011060968041419983,0.02377721667289734,0.007514328695833683,-0.014188095927238464,0.007132217288017273
2024-01-01,1705708800000000,1705795200000000,SOLUSDT,-0.12913245480110622,-0.05043855309486389,-0.01628856360912323,0.019662722945213318,-0.05493757873773575,-0.013154402375221252,0.038504622876644135
2024-01-01,1705708800000000,1705795200000000,XRPUSDT,0.6152241044240633,-0.044532887637615204,-0.12623506784439087,-0.12961766123771667,-0.09197312593460083,-0.14301127195358276,-0.1939326375722885
2024-01-01,1705708800000000,1705795200000000,DOGEUSDT,3.601301002650162,-0.037437550723552704,-0.05689413845539093,-0.11117351055145264,-0.067719005048275,-0.05230654776096344,-0.13889728486537933
2024-01-01,1705795200000000,1705881600000000,BTCUSDT,-0.10156207222876455,0.04526073485612869,-0.046977438032627106,0.0022323131561279297,0.0032806554809212685,-0.05236008018255234,0.0339038223028183
2024-01-01,1705795200000000,1705881600000000,ETHUSDT,-0.2029323734118352,0.06165878474712372,-0.004363402724266052,0.02848869562149048,0.018865428864955902,-0.012060582637786865,0.011171206831932068
2024-01-01,1705795200000000,1705881600000000,SOLUSDT,-0.34079423312246465,-0.05541008710861206,-0.02238553762435913,0.009443789720535278,-0.06920379400253296,-0.019107282161712646,0.029612332582473755
2024-01-01,1705795200000000,1705881600000000,XRPUSDT,-0.46415400563830284,-0.06415772438049316,-0.13542717695236206,-0.13982069492340088,-0.10194632411003113,-0.13234755396842957,-0.17970626056194305
2024-01-01,1705795200000000,1705881600000000,DOGEUSDT,-0.6808012796381582,-0.04634352773427963,-0.09331168234348297,-0.11678194999694824,-0.06819024682044983,-0.059347063302993774,-0.10514189302921295
2024-01-01,1705881600000000,1705968000000000,BTCUSDT,-1.8638919305112998,0.04532242566347122,-0.04721482843160629,-0.005190551280975342,0.004171201027929783,-0.05282507836818695,0.024609841406345367
2024-01-01,1705881600000000,1705968000000000,ETHUSDT,-1.9394983524741323,0.05942361056804657,-0.006907567381858826,0.028650522232055664,0.01673755794763565,-0.014261797070503235,0.013720445334911346
2024-01-01,1705881600000000,1705968000000000,SOLUSDT,-1.4166251883941443,-0.051695406436920166,-0.022412866353988647,0.007178366184234619,-0.07229750603437424,-0.02057887613773346,0.02594982087612152
2024-01-01,1705881600000000,1705968000000000,XRPUSDT,-1.2873418232211011,-0.05442027747631073,-0.12179475277662277,-0.13382995128631592,-0.09404347091913223,-0.12948933243751526,-0.18987445533275604
2024-01-01,1705881600000000,1705968000000000,DOGEUSDT,-1.5132242840690282,-0.0491509810090065,-0.050924718379974365,-0.11370423436164856,-0.07354622334241867,-0.05101478844881058,-0.15709643065929413
2024-01-01,1705968000000000,1706054400000000,BTCUSDT,0.30215486825926513,0.12402072548866272,-0.028174981474876404,0.03456360846757889,0.0706515684723854,-0.06242986023426056,0.06478694081306458
2024-01-01,1705968000000000,1706054400000000,ETHUSDT,-0.9989793605884745,0.13694776594638824,0.01457194983959198,0.06119224429130554,0.081386037170887,-0.02147255837917328,0.04374973475933075
2024-01-01,1705968000000000,1706054400000000,SOLUSDT,0.09224015683754484,-0.008898831903934479,-0.0014031529426574707,0.029833383858203888,-0.036490101367235184,-0.01465509831905365,0.035662852227687836
2024-01-01,1705968000000000,1706054400000000,XRPUSDT,-0.6727572088457567,-0.0353173092007637,-0.11188855022192001,-0.12000751495361328,-0.08313053101301193,-0.1334426999092102,-0.18902359902858734
2024-01-01,1705968000000000,1706054400000000,DOGEUSDT,-0.7598467306505902,-0.019042732194066048,-0.04440540075302124,-0.0989658385515213,-0.05376262217760086,-0.06272602081298828,-0.15635184943675995
2024-01-01,1706054400000000,1706140800000000,BTCUSDT,0.17769304436646863,0.04843427985906601,-0.05012277513742447,-0.014491170644760132,0.00045768264681100845,-0.0622057169675827,0.02033057063817978
2024-01-01,1706054400000000,1706140800000000,ETHUSDT,-0.09999047876338979,0.12005691975355148,0.00805296003818512,0.0518636628985405,0.062309905886650085,-0.025080278515815735,0.045644134283065796
2024-01-01,1706054400000000,1706140800000000,SOLUSDT,0.932758335831318,-0.04076074808835983,-0.018998637795448303,0.005504578351974487,-0.06639427691698074,-0.02435728907585144,0.03658754378557205
2024-01-01,1706054400000000,1706140800000000,XRPUSDT,0.007221916939927834,-0.03927599638700485,-0.10969585925340652,-0.11862146854400635,-0.08693041652441025,-0.12584702670574188,-0.17805327475070953
2024-01-01,1706054400000000,1706140800000000,DOGEUSDT,0.2883488771068913,-0.023900585249066353,-0.04773285239934921,-0.09949538111686707,-0.06065519154071808,-0.06264929473400116,-0.14818690717220306
2024-01-01,1706140800000000,1706227200000000,BTCUSDT,-0.11942115271471142,0.027742424979805946,-0.06780576705932617,-0.040341317653656006,-0.014324172399938107,-0.07469575852155685,-0.011139392852783203
2024-01-01,1706140800000000,1706227200000000,ETHUSDT,-0.24011133901689555,0.06739014387130737,-0.026301905512809753,0.02021525800228119,0.016504347324371338,-0.045715704560279846,0.02010904997587204
2024-01-01,1706140800000000,1706227200000000,SOLUSDT,-0.37418532097662843,-0.07215359807014465,-0.057919248938560486,-0.027127787470817566,-0.09728405624628067,-0.04409326612949371,0.02512119710445404
2024-01-01,1706140800000000,1706227200000000,XRPUSDT,-0.3155771315443711,-0.052048347890377045,-0.12047628313302994,-0.12750399112701416,-0.09206466376781464,-0.12240150570869446,-0.17036519944667816
2024-01-01,1706140800000000,1706227200000000,DOGEUSDT,-0.3693099737177527,-0.059086307883262634,-0.07331697642803192,-0.11315613985061646,-0.08745435625314713,-0.06983190774917603,-0.14549987018108368
2024-01-01,1706227200000000,1706313600000000,BTCUSDT,1.7997502857933423,0.02716543711721897,-0.06622201204299927,-0.049594730138778687,-0.014246216975152493,-0.07401244342327118,-0.026873916387557983
2024-01-01,1706227200000000,1706313600000000,ETHUSDT,0.720951987823666,0.05489666759967804,-0.034323230385780334,0.005456879734992981,0.006141954101622105,-0.04965654015541077,0.010629788041114807
2024-01-01,1706227200000000,1706313600000000,SOLUSDT,1.1202306090830667,-0.04865005612373352,-0.03335946798324585,-0.01823754608631134,-0.07730790972709656,-0.027951687574386597,0.012646377086639404
2024-01-01,1706227200000000,1706313600000000,XRPUSDT,1.3688400466435626,-0.04280467331409454,-0.1110958456993103,-0.12262964248657227,-0.08134403079748154,-0.11349180340766907,-0.16765950620174408
2024-01-01,1706227200000000,1706313600000000,DOGEUSDT,0.6540823809336869,-0.04879022389650345,-0.0663018524646759,-0.10684451460838318,-0.07710801810026169,-0.06744353473186493,-0.14743460714817047
2024-01-01,1706313600000000,1706400000000000,BTCUSDT,0.26485573088812736,-0.036454349756240845,-0.10744892060756683,-0.10060273110866547,-0.06462670117616653,-0.08608025312423706,-0.08194474875926971
2024-01-01,1706313600000000,1706400000000000,ETHUSDT,0.003941816895351464,0.005745800212025642,-0.05935212969779968,-0.031308963894844055,-0.033250849694013596,-0.056856632232666016,-0.022570714354515076
2024-01-01,1706313600000000,1706400000000000,SOLUSDT,0.3875407126994025,-0.07963082194328308,-0.07572720944881439,-0.045813336968421936,-0.10809218883514404,-0.0500526949763298,0.020683102309703827
2024-01-01,1706313600000000,1706400000000000,XRPUSDT,-0.1352172136069979,-0.038438595831394196,-0.11553756892681122,-0.12027552723884583,-0.06777052581310272,-0.09462752938270569,-0.1345246285200119
2024-01-01,1706313600000000,1706400000000000,DOGEUSDT,0.08767057585405269,-0.06715911626815796,-0.07643122971057892,-0.11210739612579346,-0.0896514505147934,-0.06193101406097412,-0.1354869157075882
2024-01-01,1706400000000000,1706486400000000,BTCUSDT,-0.07316234040208035,-0.01640682853758335,-0.08460687100887299,-0.09855768084526062,-0.04323532059788704,-0.07280933111906052,-0.10514500737190247
2024-01-01,1706400000000000,1706486400000000,ETHUSDT,-0.16312368689852727,0.010078148916363716,-0.049337901175022125,-0.04196746647357941,-0.026763875037431717,-0.052433520555496216,-0.03636826574802399
2024-01-01,1706400000000000,1706486400000000,SOLUSDT,0.33325149665971354,-0.07892071455717087,-0.07388262450695038,-0.051078349351882935,-0.10947703570127487,-0.04658536612987518,0.007450953125953674
2024-01-01,1706400000000000,1706486400000000,XRPUSDT,-0.4502499598453854,-0.04067713022232056,-0.0921647846698761,-0.11336857080459595,-0.06934913247823715,-0.08641611039638519,-0.15212313830852509
2024-01-01,1706400000000000,1706486400000000,DOGEUSDT,-0.4476118739454046,-0.06413465738296509,-0.06594805419445038,-0.11095184087753296,-0.08572270721197128,-0.057581424713134766,-0.14189161360263824
2024-01-01,1706486400000000,1706572800000000,BTCUSDT,1.1651628601195327,-0.0008115414530038834,-0.07295303046703339,-0.09532022476196289,-0.029652006924152374,-0.06604568660259247,-0.11546878516674042
2024-01-01,1706486400000000,1706572800000000,ETHUSDT,0.9173702925684327,0.008740061894059181,-0.04597628116607666,-0.050184279680252075,-0.027570348232984543,-0.05198054760694504,-0.04602806270122528
2024-01-01,1706486400000000,1706572800000000,SOLUSDT,1.1036675331926178,-0.08493061363697052,-0.08031605929136276,-0.05501386523246765,-0.11605248600244522,-0.04987023025751114,0.00998455286026001
2024-01-01,1706486400000000,1706572800000000,XRPUSDT,0.812761916681541,-0.04031547158956528,-0.08629918843507767,-0.10590323805809021,-0.07146134972572327,-0.08706016093492508,-0.15126900374889374
2024-01-01,1706486400000000,1706572800000000,DOGEUSDT,0.9013705295416965,-0.05469159036874771,-0.05916979908943176,-0.10690701007843018,-0.07893423736095428,-0.06119029223918915,-0.14519564807415009
2024-01-01,1706572800000000,1706659200000000,BTCUSDT,-0.32857076660992257,-0.023107146844267845,-0.09001390635967255,-0.11179667711257935,-0.04741482436656952,-0.064115509390831,-0.1287613958120346
2024-01-01,1706572800000000,1706659200000000,ETHUSDT,0.3765408184878631,-0.02510414831340313,-0.06358696520328522,-0.0728311836719513,-0.05447106063365936,-0.05285148322582245,-0.06684333086013794
2024-01-01,1706572800000000,1706659200000000,SOLUSDT,-0.04632004258950234,-0.09917409718036652,-0.11211885511875153,-0.06220296025276184,-0.13303378224372864,-0.06968437880277634,0.025915317237377167
2024-01-01,1706572800000000,1706659200000000,XRPUSDT,-1.772129251886257,-0.03083503432571888,-0.08328455686569214,-0.09458053112030029,-0.05936882644891739,-0.06745775043964386,-0.12114660441875458
2024-01-01,1706572800000000,1706659200000000,DOGEUSDT,-0.5640888934902006,-0.07087615877389908,-0.07038910686969757,-0.1071482002735138,-0.09127413481473923,-0.05498755723237991,-0.12522535026073456
2024-01-01,1706659200000000,1706745600000000,BTCUSDT,-0.3255016511614833,0.019028296694159508,-0.06244494765996933,-0.09336605668067932,-0.009314811788499355,-0.05356054753065109,-0.14082790911197662
2024-01-01,1706659200000000,1706745600000000,ETHUSDT,-0.8910823874034404,-0.016619237139821053,-0.051124297082424164,-0.07949131727218628,-0.04438800364732742,-0.043653085827827454,-0.08127877116203308
2024-01-01,1706659200000000,1706745600000000,SOLUSDT,-0.8348625746627593,-0.08133681118488312,-0.08128094673156738,-0.04922477900981903,-0.11238288134336472,-0.047002896666526794,0.013944551348686218
2024-01-01,1706659200000000,1706745600000000,XRPUSDT,-0.5589998883330569,-0.02536332793533802,-0.07617604732513428,-0.08830916881561279,-0.06170044094324112,-0.096514493227005,-0.15580792725086212
2024-01-01,1706659200000000,1706745600000000,DOGEUSDT,-0.3529247800652593,-0.051627032458782196,-0.05197597295045853,-0.10339725017547607,-0.07481050491333008,-0.05640304088592529,-0.14023159444332123
2024-01-01,1706745600000000,1706832000000000,BTCUSDT,0.4764863777918183,0.037701405584812164,-0.0542287677526474,-0.08068728446960449,0.0038825729861855507,-0.05051825940608978,-0.13684891164302826
2024-01-01,1706745600000000,1706832000000000,ETHUSDT,0.32607659780315595,0.036455683410167694,-0.021626129746437073,-0.06131255626678467,-0.0012096753343939781,-0.03224979341030121,-0.07306511700153351
2024-01-01,1706745600000000,1706832000000000,SOLUSDT,0.16911123115049775,-0.05496348440647125,-0.04721608757972717,-0.02626514434814453,-0.08360128849744797,-0.027268484234809875,0.015843138098716736
2024-01-01,1706745600000000,1706832000000000,XRPUSDT,0.1917206103499205,-0.012234056368470192,-0.06816006451845169,-0.08128757774829865,-0.051339104771614075,-0.07774390280246735,-0.13118337094783783
2024-01-01,1706745600000000,1706832000000000,DOGEUSDT,0.2285186385898502,-0.04255087673664093,-0.04895160347223282,-0.09967654943466187,-0.06870488077402115,-0.0530933141708374,-0.1319623738527298
2024-01-01,1706832000000000,1706918400000000,BTCUSDT,0.10196533401290032,0.02115761674940586,-0.06780019402503967,-0.09162585437297821,-0.010644725523889065,-0.05499604344367981,-0.1470143049955368
2024-01-01,1706832000000000,1706918400000000,ETHUSDT,0.07165165079190866,0.013300495222210884,-0.03419335186481476,-0.07853098213672638,-0.02282172441482544,-0.030990973114967346,-0.08362066745758057
2024-01-01,1706832000000000,1706918400000000,SOLUSDT,0.5497995140062513,-0.07395488023757935,-0.06398391723632812,-0.03407110273838043,-0.09869664162397385,-0.03870873153209686,0.029454335570335388
2024-01-01,1706832000000000,1706918400000000,XRPUSDT,0.35621789592578107,-0.008919546380639076,-0.0667928159236908,-0.08285680413246155,-0.04477318376302719,-0.061735764145851135,-0.11940757930278778
2024-01-01,1706832000000000,1706918400000000,DOGEUSDT,-0.02923989430053069,-0.046930983662605286,-0.0532446950674057,-0.10214366018772125,-0.07127930968999863,-0.049396321177482605,-0.12359218299388885
2024-01-01,1706918400000000,1707004800000000,BTCUSDT,-0.1792262040427279,0.03073248825967312,-0.07159040868282318,-0.08567669987678528,0.0005812356248497963,-0.06333896517753601,-0.1599399298429489
2024-01-01,1706918400000000,1707004800000000,ETHUSDT,-0.19612056809764888,0.00920550711452961,-0.03935839235782623,-0.08621853590011597,-0.025365930050611496,-0.037851542234420776,-0.10073097050189972
2024-01-01,1706918400000000,1707004800000000,SOLUSDT,-0.5146967761304927,-0.09458862245082855,-0.0866030901670456,-0.04606078565120697,-0.1198706403374672,-0.05383511632680893,0.03255312144756317
2024-01-01,1706918400000000,1707004800000000,XRPUSDT,0.6527431950418233,-0.013394026085734367,-0.0671791285276413,-0.08410997688770294,-0.045993074774742126,-0.05509263277053833,-0.1169833093881607
2024-01-01,1706918400000000,1707004800000000,DOGEUSDT,-0.19716870059071084,-0.0511309951543808,-0.05343841016292572,-0.1046522855758667,-0.0743490532040596,-0.05349990725517273,-0.1290067881345749
2024-01-01,1707004800000000,1707091200000000,BTCUSDT,-0.40708477868097753,0.04756316542625427,-0.06690798699855804,-0.06712335348129272,0.014310547150671482,-0.06380179524421692,-0.15499772131443024
2024-01-01,1707004800000000,1707091200000000,ETHUSDT,-0.10773937567570656,0.015709513798356056,-0.03734789788722992,-0.08490589261054993,-0.020459964871406555,-0.03997805714607239,-0.10752221941947937
2024-01-01,1707004800000000,1707091200000000,SOLUSDT,-0.49731825062027074,-0.06565108895301819,-0.057574301958084106,-0.024663046002388,-0.09140326827764511,-0.0350411981344223,0.029309533536434174
2024-01-01,1707004800000000,1707091200000000,XRPUSDT,-1.208183134583044,-0.0031365621834993362,-0.05712506175041199,-0.07783198356628418,-0.033403947949409485,-0.03866070508956909,-0.10441850125789642
2024-01-01,1707004800000000,1707091200000000,DOGEUSDT,-0.16747082072784847,-0.04573287069797516,-0.05075801908969879,-0.10171440243721008,-0.06975648552179337,-0.05385972559452057,-0.12762106955051422
2024-01-01,1707091200000000,1707177600000000,BTCUSDT,0.12097662970889977,0.06301277875900269,-0.06437180936336517,-0.04957938194274902,0.026326708495616913,-0.06822620332241058,-0.14763592183589935
2024-01-01,1707091200000000,1707177600000000,ETHUSDT,0.19774886584950266,0.0079538244754076,-0.04724648594856262,-0.09296438097953796,-0.02788935974240303,-0.05081932246685028,-0.1199667900800705
2024-01-01,1707091200000000,1707177600000000,SOLUSDT,0.032215118248487135,-0.04992659389972687,-0.04720090329647064,-0.017421573400497437,-0.0751335397362709,-0.029553741216659546,0.03802591562271118
2024-01-01,1707091200000000,1707177600000000,XRPUSDT,0.28475336902408177,-0.012310052290558815,-0.04994016885757446,-0.07237432897090912,-0.04644482582807541,-0.05799340456724167,-0.13245679438114166
2024-01-01,1707091200000000,1707177600000000,DOGEUSDT,0.011671731091366967,-0.0455416738986969,-0.05203546583652496,-0.10201235115528107,-0.0701979324221611,-0.05547211319208145,-0.1271604746580124
2024-01-01,1707177600000000,1707264000000000,BTCUSDT,0.386343050179777,0.04401344060897827,-0.07319551706314087,-0.05367004871368408,0.006828860379755497,-0.07218754291534424,-0.14936263859272003
2024-01-01,1707177600000000,1707264000000000,ETHUSDT,1.1647586998147064,-0.0035378020256757736,-0.05396844446659088,-0.09965232014656067,-0.0378153994679451,-0.05297066271305084,-0.12824128568172455
2024-01-01,1707177600000000,1707264000000000,SOLUSDT,0.2656432356847623,-0.059135787189006805,-0.05507636070251465,-0.022494688630104065,-0.08278147131204605,-0.035122498869895935,0.043227098882198334
2024-01-01,1707177600000000,1707264000000000,XRPUSDT,-0.13534962321064425,-0.002451227977871895,-0.05248570442199707,-0.06963765621185303,-0.03657587245106697,-0.04351344704627991,-0.10507524013519287
2024-01-01,1707177600000000,1707264000000000,DOGEUSDT,0.07117803367589935,-0.04163132607936859,-0.05222809314727783,-0.1003953367471695,-0.06639585644006729,-0.05289224535226822,-0.12128625810146332
2024-01-01,1707264000000000,1707350400000000,BTCUSDT,1.2547911026857907,0.03121950663626194,-0.07768173515796661,-0.06280359625816345,-0.00496224220842123,-0.0731278508901596,-0.1576067954301834
2024-01-01,1707264000000000,1707350400000000,ETHUSDT,0.8324900549363329,-0.0238636527210474,-0.06685104966163635,-0.11367401480674744,-0.05225129425525665,-0.050736844539642334,-0.13388006389141083
2024-01-01,1707264000000000,1707350400000000,SOLUSDT,0.911557240874438,-0.06373006850481033,-0.061177484691143036,-0.02665609121322632,-0.08750443160533905,-0.038015544414520264,0.04478742182254791
2024-01-01,1707264000000000,1707350400000000,XRPUSDT,0.7148079123419395,-0.0011212006211280823,-0.04569131135940552,-0.06783397495746613,-0.03418169543147087,-0.039016202092170715,-0.11228649318218231
2024-01-01,1707264000000000,1707350400000000,DOGEUSDT,0.657786895394554,-0.03784249722957611,-0.05041113495826721,-0.10059744119644165,-0.06296767294406891,-0.050105586647987366,-0.1193232387304306
2024-01-01,1707350400000000,1707436800000000,BTCUSDT,0.9160346093712187,-0.0019414518028497696,-0.09425418078899384,-0.0829063355922699,-0.03175181895494461,-0.07979242503643036,-0.1731182187795639
2024-01-01,1707350400000000,1707436800000000,ETHUSDT,-0.08532214969339691,-0.02532251738011837,-0.06109312176704407,-0.12123453617095947,-0.05072058364748955,-0.04490993916988373,-0.1488289088010788
2024-01-01,1707350400000000,1707436800000000,SOLUSDT,0.32984783550910574,-0.07910868525505066,-0.08420317620038986,-0.03763541579246521,-0.10416033864021301,-0.05044017732143402,0.0487290695309639
2024-01-01,1707350400000000,1707436800000000,XRPUSDT,0.06418391782410518,0.0117140281945467,-0.0452372282743454,-0.0656607449054718,-0.019443165510892868,-0.026934519410133362,-0.09356385469436646
2024-01-01,1707350400000000,1707436800000000,DOGEUSDT,-0.10702723312085338,-0.04060953110456467,-0.05323575437068939,-0.10208043456077576,-0.06438926607370377,-0.046158306300640106,-0.11094163358211517
2024-01-01,1707436800000000,1707523200000000,BTCUSDT,1.7670306971181227,0.002344319596886635,-0.08483889698982239,-0.07544240355491638,-0.023084841668605804,-0.070492684841156,-0.18005146086215973
2024-01-01,1707436800000000,1707523200000000,ETHUSDT,1.058180820883821,-0.007038557901978493,-0.045872047543525696,-0.11598560214042664,-0.03546249121427536,-0.04231967031955719,-0.158721461892128
2024-01-01,1707436800000000,1707523200000000,SOLUSDT,0.8580102504761359,-0.07127641141414642,-0.07827267795801163,-0.0368897020816803,-0.09836558252573013,-0.04275614023208618,0.04025530815124512
2024-01-01,1707436800000000,1707523200000000,XRPUSDT,0.9444000660291288,0.003538837656378746,-0.03828659653663635,-0.06517890095710754,-0.025572821497917175,-0.027483806014060974,-0.10329078137874603
2024-01-01,1707436800000000,1707523200000000,DOGEUSDT,0.6914414818359297,-0.040194280445575714,-0.04442904144525528,-0.10188142955303192,-0.06433740258216858,-0.04751851409673691,-0.12183596193790436
2024-01-01,1707523200000000,1707609600000000,BTCUSDT,0.5520088763538904,-0.009106772020459175,-0.09625916182994843,-0.06556889414787292,-0.030044417828321457,-0.07329273968935013,-0.1674439162015915
2024-01-01,1707523200000000,1707609600000000,ETHUSDT,0.21649797188843883,-0.02063898555934429,-0.060764655470848083,-0.11837315559387207,-0.04797029122710228,-0.04602661728858948,-0.14653871953487396
2024-01-01,1707523200000000,1707609600000000,SOLUSDT,0.4087982707241904,-0.0839652270078659,-0.1003326028585434,-0.041852742433547974,-0.11350565403699875,-0.05427032709121704,0.0504986047744751
2024-01-01,1707523200000000,1707609600000000,XRPUSDT,-0.16700659880559676,0.018964458256959915,-0.04036889970302582,-0.059784114360809326,-0.00828912016004324,-0.021515175700187683,-0.08139024674892426
2024-01-01,1707523200000000,1707609600000000,DOGEUSDT,-0.06388556965447244,-0.03953057527542114,-0.049259789288043976,-0.09890188276767731,-0.06310003995895386,-0.04531445354223251,-0.10644368827342987
2024-01-01,1707609600000000,1707696000000000,BTCUSDT,0.5117674459869431,0.027760425582528114,-0.05853743106126785,-0.03361949324607849,0.003595546819269657,-0.042775824666023254,-0.15192796289920807
2024-01-01,1707609600000000,1707696000000000,ETHUSDT,0.10818095680081381,-0.00446392223238945,-0.04405505955219269,-0.11350956559181213,-0.03352675959467888,-0.03846430778503418,-0.15431998670101166
2024-01-01,1707609600000000,1707696000000000,SOLUSDT,-0.2983957167041532,-0.08055903762578964,-0.09239066392183304,-0.03933292627334595,-0.11090221256017685,-0.046359166502952576,0.047991424798965454
2024-01-01,1707609600000000,1707696000000000,XRPUSDT,0.17046438986110968,0.008893633261322975,-0.026823610067367554,-0.058508485555648804,-0.015710093080997467,-0.02109493315219879,-0.09622018039226532
2024-01-01,1707609600000000,1707696000000000,DOGEUSDT,-0.07321530604209184,-0.018840614706277847,-0.028877750039100647,-0.09543469548225403,-0.04340493306517601,-0.031929612159729004,-0.11222963035106659
2024-01-01,1707696000000000,1707782400000000,BTCUSDT,1.475100146071697,0.03776859864592552,-0.044508740305900574,-0.006201311945915222,0.010608301497995853,-0.029748156666755676,-0.12422718107700348
2024-01-01,1707696000000000,1707782400000000,ETHUSDT,2.4611665191830308,0.00502360425889492,-0.03846590220928192,-0.10693174600601196,-0.02688739448785782,-0.03649170696735382,-0.14832161366939545
2024-01-01,1707696000000000,1707782400000000,SOLUSDT,0.8687597427541153,-0.06270981580018997,-0.07013756781816483,-0.02543860673904419,-0.09134555608034134,-0.03065331280231476,0.04641091078519821
2024-01-01,1707696000000000,1707782400000000,XRPUSDT,0.46814070735319563,0.009333750233054161,-0.03016933798789978,-0.056811362504959106,-0.0165376178920269,-0.022770151495933533,-0.08806741237640381
2024-01-01,1707696000000000,1707782400000000,DOGEUSDT,0.43932117638849644,-0.01739407703280449,-0.029199674725532532,-0.09987810254096985,-0.04501591622829437,-0.034587278962135315,-0.11618973314762115
2024-01-01,1707782400000000,1707868800000000,BTCUSDT,-0.21297977862483564,0.0023895706981420517,-0.06374356150627136,0.007247358560562134,-0.017234858125448227,-0.04078015685081482,-0.0957486480474472
2024-01-01,1707782400000000,1707868800000000,ETHUSDT,-0.28115902946765126,-0.03204812854528427,-0.09776977449655533,-0.1020190417766571,-0.05894699692726135,-0.07717250287532806,-0.11916612088680267
2024-01-01,1707782400000000,1707868800000000,SOLUSDT,0.15843506393934984,-0.10970249772071838,-0.10749609768390656,-0.051017433404922485,-0.13923126459121704,-0.05465830862522125,0.055276915431022644
2024-01-01,1707782400000000,1707868800000000,XRPUSDT,-0.5509458530458262,-0.0028241295367479324,-0.03457239270210266,-0.05799826979637146,-0.02741587534546852,-0.024594351649284363,-0.08350604772567749
2024-01-01,1707782400000000,1707868800000000,DOGEUSDT,-0.49351554225383365,-0.03480605036020279,-0.04001203179359436,-0.10626757144927979,-0.06344026327133179,-0.04106326401233673,-0.11529646813869476
2024-01-01,1707868800000000,1707955200000000,BTCUSDT,1.8659494943980548,0.03961379826068878,-0.018149688839912415,0.0430096834897995,0.01290218997746706,-0.007969722151756287,-0.05441981554031372
2024-01-01,1707868800000000,1707955200000000,ETHUSDT,1.9340498384054101,0.006630340591073036,-0.03966304659843445,-0.08609774708747864,-0.02382955327630043,-0.04210895299911499,-0.1279819756746292
2024-01-01,1707868800000000,1707955200000000,SOLUSDT,0.9080283323390125,-0.10645709931850433,-0.09512165188789368,-0.0454484224319458,-0.13548262417316437,-0.043114423751831055,0.05126044154167175
2024-01-01,1707868800000000,1707955200000000,XRPUSDT,1.096173783376642,-0.01927773654460907,-0.032611310482025146,-0.05881085991859436,-0.043006330728530884,-0.036693260073661804,-0.09741251170635223
2024-01-01,1707868800000000,1707955200000000,DOGEUSDT,1.9083755101491002,-0.037657588720321655,-0.038433924317359924,-0.10460549592971802,-0.0670681744813919,-0.05121145397424698,-0.12816984951496124
2024-01-01,1707955200000000,1708041600000000,BTCUSDT,0.06173106164261757,-0.03421001136302948,-0.06976869702339172,0.029669731855392456,-0.04791702702641487,-0.03917089104652405,-0.023592472076416016
2024-01-01,1707955200000000,1708041600000000,ETHUSDT,0.6370420449474035,-0.03573299199342728,-0.08732206374406815,-0.07083982229232788,-0.057507336139678955,-0.06668087840080261,-0.08620058000087738
2024-01-01,1707955200000000,1708041600000000,SOLUSDT,-0.6752708205786078,-0.1327379047870636,-0.11780327558517456,-0.05439838767051697,-0.1623111516237259,-0.05855022370815277,0.06306272745132446
2024-01-01,1707955200000000,1708041600000000,XRPUSDT,2.005436252912095,-0.01164906658232212,-0.047055914998054504,-0.05195021629333496,-0.03354174271225929,-0.0336509644985199,-0.06359009444713593
2024-01-01,1707955200000000,1708041600000000,DOGEUSDT,-0.09306411122573119,-0.0431806743144989,-0.0672573670744896,-0.09582020342350006,-0.0716441422700882,-0.0588289275765419,-0.08729025721549988
2024-01-01,1708041600000000,1708128000000000,BTCUSDT,0.20801266530587753,-0.0014128070324659348,-0.0213024765253067,0.041327059268951416,-0.01927037164568901,5.206465721130371e-05,0.006369650363922119
2024-01-01,1708041600000000,1708128000000000,ETHUSDT,-0.2734823614939784,-0.01982729323208332,-0.050710439682006836,-0.05328494310379028,-0.04046610742807388,-0.03677980601787567,-0.07078917324542999
2024-01-01,1708041600000000,1708128000000000,SOLUSDT,-0.6409119972412228,-0.0891987532377243,-0.07346373796463013,-0.025738894939422607,-0.11584097892045975,-0.023707732558250427,0.048111625015735626
2024-01-01,1708041600000000,1708128000000000,XRPUSDT,0.15675019281584276,0.0031900350004434586,-0.04555404931306839,-0.04151692986488342,-0.013206063769757748,-0.030026867985725403,-0.03992070257663727
2024-01-01,1708041600000000,1708128000000000,DOGEUSDT,0.24108703608676676,-0.04032903164625168,-0.035058289766311646,-0.09793330729007721,-0.06494773924350739,-0.044297955930233,-0.10968124866485596
2024-01-01,1708128000000000,1708214400000000,BTCUSDT,-0.3948677073883467,-0.013149455189704895,-0.017285481095314026,0.034039050340652466,-0.03243487700819969,0.007909223437309265,0.02798980474472046
2024-01-01,1708128000000000,1708214400000000,ETHUSDT,-0.21751734558997063,0.003362031653523445,-0.016135334968566895,-0.036627888679504395,-0.023096349090337753,-0.011691436171531677,-0.05071978271007538
2024-01-01,1708128000000000,1708214400000000,SOLUSDT,-0.2862171079472642,-0.07143132388591766,-0.05259699374437332,-0.00803270936012268,-0.09368551522493362,-0.01042318344116211,0.058471620082855225
2024-01-01,1708128000000000,1708214400000000,XRPUSDT,-1.1037325808458187,-0.018749194219708443,-0.013483434915542603,-0.053453609347343445,-0.03191625699400902,-0.01210622489452362,-0.0639968067407608
2024-01-01,1708128000000000,1708214400000000,DOGEUSDT,-0.933201762860723,-0.041288018226623535,-0.033099740743637085,-0.09878239035606384,-0.06706853955984116,-0.03891591727733612,-0.10445116460323334
2024-01-01,1708214400000000,1708300800000000,BTCUSDT,0.42551940892848406,0.007410796359181404,0.0052304863929748535,0.03927091509103775,-0.01694333925843239,0.02340586483478546,0.05171314626932144
2024-01-01,1708214400000000,1708300800000000,ETHUSDT,1.311183606132777,0.0019513405859470367,-0.009553298354148865,-0.023258090019226074,-0.025764673948287964,-0.005253836512565613,-0.02775883674621582
2024-01-01,1708214400000000,1708300800000000,SOLUSDT,0.7082243762105334,-0.07254946231842041,-0.049073368310928345,-0.0019390881061553955,-0.09041229635477066,-0.008635908365249634,0.06412483751773834
2024-01-01,1708214400000000,1708300800000000,XRPUSDT,0.5946658992933359,-0.025355378165841103,-0.014009639620780945,-0.059429481625556946,-0.045191988348960876,-0.030036255717277527,-0.08332927525043488
2024-01-01,1708214400000000,1708300800000000,DOGEUSDT,0.6642589439968397,-0.021826153621077538,-0.024785637855529785,-0.09534759819507599,-0.05056801810860634,-0.04590751230716705,-0.11489196121692657
2024-01-01,1708300800000000,1708387200000000,BTCUSDT,-0.31240192327875776,-0.03148603439331055,-0.01868736743927002,0.015356242656707764,-0.05049283057451248,0.011477634310722351,0.052009522914886475
2024-01-01,1708300800000000,1708387200000000,ETHUSDT,0.8276153468515639,-0.05429829657077789,-0.05823594331741333,-0.035385072231292725,-0.07077116519212723,-0.0324602872133255,-0.019212499260902405
2024-01-01,1708300800000000,1708387200000000,SOLUSDT,-0.14311353622355066,-0.11110499501228333,-0.07099620997905731,-0.020729586482048035,-0.12587404251098633,-0.02747216820716858,0.06636130064725876
2024-01-01,1708300800000000,1708387200000000,XRPUSDT,0.4081064191135426,-0.04034958779811859,-0.035314008593559265,-0.06085550785064697,-0.05954553931951523,-0.03297765552997589,-0.06187772750854492
2024-01-01,1708300800000000,1708387200000000,DOGEUSDT,1.7310335780571457,-0.04759262502193451,-0.0468984991312027,-0.1014191210269928,-0.07544390112161636,-0.05114477872848511,-0.09908367693424225
2024-01-01,1708387200000000,1708473600000000,BTCUSDT,0.42482041237892193,-0.0043886881321668625,0.0017756521701812744,0.025743544101715088,-0.02759501338005066,0.023822352290153503,0.07153384387493134
2024-01-01,1708387200000000,1708473600000000,ETHUSDT,0.9190198592544266,-0.05242588371038437,-0.048709936439991,-0.03008134663105011,-0.06643698364496231,-0.020430386066436768,-0.007778957486152649
2024-01-01,1708387200000000,1708473600000000,SOLUSDT,-0.6893761628621056,-0.07797092944383621,-0.04233907163143158,0.006908535957336426,-0.09234792739152908,-0.003613010048866272,0.06962787359952927
2024-01-01,1708387200000000,1708473600000000,XRPUSDT,-0.015474174972905437,-0.039703331887722015,-0.02856750786304474,-0.06221628189086914,-0.056408315896987915,-0.025192275643348694,-0.0612093061208725
2024-01-01,1708387200000000,1708473600000000,DOGEUSDT,-1.2456806978340984,-0.04666540026664734,-0.05895973742008209,-0.09328964352607727,-0.07187969982624054,-0.053235456347465515,-0.07786421477794647
2024-01-01,1708473600000000,1708560000000000,BTCUSDT,-0.3711446878375303,-0.03746536374092102,-0.0203142911195755,0.007267802953720093,-0.05574262887239456,0.011307373642921448,0.06943696737289429
2024-01-01,1708473600000000,1708560000000000,ETHUSDT,-0.6100024081104515,-0.06168663501739502,-0.050804927945137024,-0.030844002962112427,-0.07297069579362869,-0.0160343199968338,0.0007559806108474731
2024-01-01,1708473600000000,1708560000000000,SOLUSDT,-0.7276201483936623,-0.03849131613969803,-0.00941707193851471,0.03145832568407059,-0.05217356234788895,0.017803743481636047,0.07743245363235474
2024-01-01,1708473600000000,1708560000000000,XRPUSDT,-1.0466472710940256,-0.05215173959732056,-0.025707975029945374,-0.06705024838447571,-0.06772685796022415,-0.02936147153377533,-0.06801378726959229
2024-01-01,1708473600000000,1708560000000000,DOGEUSDT,-0.6017267546196307,-0.01862577721476555,-0.020518481731414795,-0.09474731981754303,-0.04603453353047371,-0.045971959829330444,-0.11190380156040192
2024-01-01,1708560000000000,1708646400000000,BTCUSDT,-0.5051806120587857,-0.015008388087153435,-0.002695411443710327,0.017820239067077637,-0.036628976464271545,0.019685953855514526,0.08172570914030075
2024-01-01,1708560000000000,1708646400000000,ETHUSDT,0.04117877094705142,-0.025837162509560585,-0.0036124885082244873,-0.010555744171142578,-0.046352870762348175,0.013673156499862671,0.018900513648986816
2024-01-01,1708560000000000,1708646400000000,SOLUSDT,-0.7544750002665872,-0.018844615668058395,-0.005701109766960144,0.04734809696674347,-0.03234275057911873,0.01614980399608612,0.08412480354309082
2024-01-01,1708560000000000,1708646400000000,XRPUSDT,-0.6592121601860031,-0.047494977712631226,-0.027273550629615784,-0.06721232831478119,-0.06606366485357285,-0.0466717854142189,-0.07650808990001678
2024-01-01,1708560000000000,1708646400000000,DOGEUSDT,-0.17843068000536813,-0.022171033546328545,-0.026855245232582092,-0.09527930617332458,-0.05335710197687149,-0.048280589282512665,-0.10353091359138489
2024-01-01,1708646400000000,1708732800000000,BTCUSDT,-0.49991268755839013,-0.0073126573115587234,0.0029039382934570312,0.021944642066955566,-0.03198765218257904,0.019254297018051147,0.09098056703805923
2024-01-01,1708646400000000,1708732800000000,ETHUSDT,-0.6560509170153455,-0.05273089557886124,-0.01619088649749756,-0.0151652991771698,-0.06883708387613297,0.00835089385509491,0.026064150035381317
2024-01-01,1708646400000000,1708732800000000,SOLUSDT,-0.43331672051376213,-0.003053531050682068,-0.0040480345487594604,0.06801189482212067,-0.017535164952278137,0.01183868944644928,0.10154646635055542
2024-01-01,1708646400000000,1708732800000000,XRPUSDT,-0.560192894270631,-0.04637224227190018,-0.03756006062030792,-0.06757932901382446,-0.06476042419672012,-0.054368965327739716,-0.07074663043022156
2024-01-01,1708646400000000,1708732800000000,DOGEUSDT,0.16200063857781236,-0.028819335624575615,-0.035792410373687744,-0.09692350029945374,-0.05944116413593292,-0.05122223496437073,-0.09691885113716125
2024-01-01,1708732800000000,1708819200000000,BTCUSDT,0.775938630170123,-0.002367207780480385,0.00487026572227478,0.021189391613006592,-0.028748776763677597,0.015989050269126892,0.0953657403588295
2024-01-01,1708732800000000,1708819200000000,ETHUSDT,0.9610655150632922,-0.02858615852892399,0.0016783177852630615,-0.003044039011001587,-0.04998580366373062,0.013565540313720703,0.041880637407302856
2024-01-01,1708732800000000,1708819200000000,SOLUSDT,1.0097346512258347,-0.005430461838841438,-0.005135476589202881,0.07443263381719589,-0.020321007817983627,0.006939888000488281,0.11793018877506256
2024-01-01,1708732800000000,1708819200000000,XRPUSDT,0.9117402506769738,-0.0408049076795578,-0.041068628430366516,-0.06779573857784271,-0.0590045228600502,-0.05621805787086487,-0.06799601018428802
2024-01-01,1708732800000000,1708819200000000,DOGEUSDT,0.6760928381327185,-0.03552841395139694,-0.042088836431503296,-0.09971186518669128,-0.06398000568151474,-0.05198891460895538,-0.09315052628517151
2024-01-01,1708819200000000,1708905600000000,BTCUSDT,0.1513894663554122,-0.06272409856319427,-0.03647942841053009,-0.009175777435302734,-0.08038441836833954,-0.008482560515403748,0.07984447479248047
2024-01-01,1708819200000000,1708905600000000,ETHUSDT,1.6088657109995272,-0.09267650544643402,-0.04647734761238098,-0.03288084268569946,-0.10070014744997025,-0.013916015625,0.03174173831939697
2024-01-01,1708819200000000,1708905600000000,SOLUSDT,-0.12786038661544666,-0.06560149043798447,-0.04812665283679962,0.042846351861953735,-0.0780673697590828,-0.021087750792503357,0.11631596088409424
2024-01-01,1708819200000000,1708905600000000,XRPUSDT,-0.18238874272051964,-0.04318399727344513,-0.0541350394487381,-0.06641316413879395,-0.05760544538497925,-0.048898257315158844,-0.05035145580768585
2024-01-01,1708819200000000,1708905600000000,DOGEUSDT,-0.01623791116471754,-0.043473757803440094,-0.0481690838932991,-0.10079291462898254,-0.06860887259244919,-0.05143098533153534,-0.08761820197105408
2024-01-01,1708905600000000,1708992000000000,BTCUSDT,2.588744262927724,-0.054437294602394104,-0.02599214017391205,-0.010563954710960388,-0.07099112868309021,-0.0005280375480651855,0.07643671333789825
2024-01-01,1708905600000000,1708992000000000,ETHUSDT,0.8005032121293831,-0.12308581173419952,-0.08127765357494354,-0.053229376673698425,-0.11944601684808731,-0.034381791949272156,0.020754143595695496
2024-01-01,1708905600000000,1708992000000000,SOLUSDT,1.5490482095795866,-0.0359964445233345,-0.03460332751274109,0.05177072435617447,-0.04953209310770035,-0.01174376904964447,0.11302153766155243
2024-01-01,1708905600000000,1708992000000000,XRPUSDT,0.6852198829284504,-0.04822683334350586,-0.03580799698829651,-0.06980918347835541,-0.059761613607406616,-0.04240766167640686,-0.06422874331474304
2024-01-01,1708905600000000,1708992000000000,DOGEUSDT,1.3006971074057598,-0.03462448716163635,-0.0330740362405777,-0.10043060779571533,-0.0584946945309639,-0.043871328234672546,-0.09471152722835541
2024-01-01,1708992000000000,1709078400000000,BTCUSDT,2.1409139386907405,-0.12147757411003113,-0.10632893443107605,-0.034809812903404236,-0.11845008283853531,-0.0557829886674881,0.06575954705476761
2024-01-01,1708992000000000,1709078400000000,ETHUSDT,0.8322986238800106,-0.11502788960933685,-0.059132516384124756,-0.0568159818649292,-0.10855312645435333,-0.013631060719490051,0.011697828769683838
2024-01-01,1708992000000000,1709078400000000,SOLUSDT,-0.35099191706729455,-0.08519913256168365,-0.08168666064739227,0.0207659974694252,-0.1034601628780365,-0.0382189005613327,0.11863632500171661
2024-01-01,1708992000000000,1709078400000000,XRPUSDT,3.0014493830963556,-0.045182205736637115,-0.03978310525417328,-0.062223225831985474,-0.05328565090894699,-0.03671230375766754,-0.048772528767585754
2024-01-01,1708992000000000,1709078400000000,DOGEUSDT,3.298746176723281,-0.042387478053569794,-0.05015929043292999,-0.0943954586982727,-0.06202187389135361,-0.04885168373584747,-0.07801324129104614
2024-01-01,1709078400000000,1709164800000000,BTCUSDT,4.157925139965006,-0.11566043645143509,-0.10445812344551086,-0.04131171107292175,-0.10285269469022751,-0.050544485449790955,0.046128757297992706
2024-01-01,1709078400000000,1709164800000000,ETHUSDT,1.7667896594548875,-0.1249447613954544,-0.057526275515556335,-0.0669243186712265,-0.11607306450605392,-0.008522555232048035,-0.0014818757772445679
2024-01-01,1709078400000000,1709164800000000,SOLUSDT,2.4990688053025885,-0.028912467882037163,-0.039474502205848694,0.041051387786865234,-0.04478681832551956,-0.00967814028263092,0.11309869587421417
2024-01-01,1709078400000000,1709164800000000,XRPUSDT,-0.8033088436697513,-0.024049391970038414,-0.06139901280403137,-0.04086682200431824,-0.03009767457842827,-0.04843945801258087,-0.023723453283309937
2024-01-01,1709078400000000,1709164800000000,DOGEUSDT,5.799051299637543,-0.02682504989206791,-0.07874745875597,-0.07151620090007782,-0.04451163858175278,-0.0731380432844162,-0.053402021527290344
2024-01-01,1709164800000000,1709251200000000,BTCUSDT,-0.7509045140704304,-0.12362322211265564,-0.15410910546779633,-0.030919253826141357,-0.09886827319860458,-0.09166960418224335,0.03416679799556732
2024-01-01,1709164800000000,1709251200000000,ETHUSDT,-0.5148620601437208,-0.14905819296836853,-0.08824619650840759,-0.0733250230550766,-0.12990713119506836,-0.027509301900863647,-0.00943136215209961
2024-01-01,1709164800000000,1709251200000000,SOLUSDT,1.2234676486882659,-0.09363243728876114,-0.11332520842552185,-0.000827401876449585,-0.12083017081022263,-0.05711226165294647,0.12101732194423676
2024-01-01,1709164800000000,1709251200000000,XRPUSDT,0.8435819705657707,-0.03790106624364853,-0.009347483515739441,-0.06399831175804138,-0.04236465319991112,-0.027062997221946716,-0.0667886883020401
2024-01-01,1709164800000000,1709251200000000,DOGEUSDT,0.27879800736330107,0.016657443717122078,-0.0987568199634552,-0.03769195079803467,-0.012442111037671566,-0.10268276184797287,-0.07871745526790619
2024-01-01,1709251200000000,1709337600000000,BTCUSDT,0.7294533466160811,-0.038295164704322815,-0.014794394373893738,-0.016364052891731262,-0.0420478880405426,0.012658551335334778,0.03631225973367691
2024-01-01,1709251200000000,1709337600000000,ETHUSDT,1.104383532972172,-0.09635620564222336,-0.018681347370147705,-0.05629688501358032,-0.09579724818468094,0.01763346791267395,-0.0028295516967773438
2024-01-01,1709251200000000,1709337600000000,SOLUSDT,0.6745236120671645,-0.06855529546737671,-0.09134791791439056,0.007117509841918945,-0.09609272330999374,-0.030018866062164307,0.12133345752954483
2024-01-01,1709251200000000,1709337600000000,XRPUSDT,1.0457896423323216,-0.04876936227083206,-0.023409098386764526,-0.06085227429866791,-0.0529869943857193,-0.02548535168170929,-0.05199219286441803
2024-01-01,1709251200000000,1709337600000000,DOGEUSDT,4.208523901359593,0.027444174513220787,-0.0023436546325683594,-0.07492125034332275,0.02660301700234413,-0.02793322503566742,-0.13057895004749298
2024-01-01,1709337600000000,1709424000000000,BTCUSDT,-0.23089071629913252,-0.07636429369449615,-0.029274001717567444,-0.026739060878753662,-0.07338302582502365,0.010362759232521057,0.02339041233062744
2024-01-01,1709337600000000,1709424000000000,ETHUSDT,-0.13305593243185176,-0.1513988971710205,-0.06094855070114136,-0.08233347535133362,-0.13827013969421387,-0.006706923246383667,-0.023620739579200745
2024-01-01,1709337600000000,1709424000000000,SOLUSDT,0.13111417569601774,-0.04993695765733719,-0.07075075805187225,0.02207207679748535,-0.077499620616436,-0.008870944380760193,0.12905851006507874
2024-01-01,1709337600000000,1709424000000000,XRPUSDT,2.9897468553591544,-0.047141969203948975,-0.019933149218559265,-0.061771661043167114,-0.04983857274055481,-0.019294098019599915,-0.05239252746105194
2024-01-01,1709337600000000,1709424000000000,DOGEUSDT,0.35173718144310784,0.0034417416900396347,-0.08770201355218887,-0.053367942571640015,-0.007857155986130238,-0.07212932407855988,-0.16408054530620575
2024-01-01,1709424000000000,1709510400000000,BTCUSDT,0.6845601436054503,-0.04744024574756622,0.00336669385433197,-0.018258243799209595,-0.05560605973005295,0.032549574971199036,0.030513204634189606
2024-01-01,1709424000000000,1709510400000000,ETHUSDT,0.7990129169673343,-0.12488910555839539,-0.025065049529075623,-0.07556088268756866,-0.12253958731889725,0.017021194100379944,-0.023196622729301453
2024-01-01,1709424000000000,1709510400000000,SOLUSDT,0.021848494121898494,-0.03594721853733063,-0.044198498129844666,0.03504294157028198,-0.0627070739865303,0.012037873268127441,0.13220563530921936
2024-01-01,1709424000000000,1709510400000000,XRPUSDT,-1.0349088488922535,-0.02629859931766987,-0.046810999512672424,-0.04145592451095581,-0.030194923281669617,-0.03993454575538635,-0.035904660820961
2024-01-01,1709424000000000,1709510400000000,DOGEUSDT,1.5120053389566979,0.010257737711071968,-0.00357624888420105,-0.08240064978599548,0.037088699638843536,-0.00596243143081665,-0.15191929042339325
2024-01-01,1709510400000000,1709596800000000,BTCUSDT,3.0663529024442466,-0.08246628940105438,-0.02551846206188202,-0.035091549158096313,-0.08429081737995148,0.015589341521263123,0.0208929181098938
2024-01-01,1709510400000000,1709596800000000,ETHUSDT,1.6272412667783596,-0.16260963678359985,-0.05308586359024048,-0.093846395611763,-0.15102767944335938,0.0006461590528488159,-0.037693992257118225
2024-01-01,1709510400000000,1709596800000000,SOLUSDT,0.5814346790765572,-0.03656568378210068,-0.03185132145881653,0.042189277708530426,-0.06293495744466782,0.020818278193473816,0.13783647119998932
2024-01-01,1709510400000000,1709596800000000,XRPUSDT,1.2643291769264609,-0.015522260218858719,0.009910672903060913,-0.0717916488647461,-0.023122526705265045,-0.015854716300964355,-0.08056904375553131
2024-01-01,1709510400000000,1709596800000000,DOGEUSDT,3.462359667185365,-0.02754621021449566,-0.0325113981962204,-0.08685693144798279,-0.015843909233808517,-0.024502858519554138,-0.16532470285892487
2024-01-01,1709596800000000,1709683200000000,BTCUSDT,-2.2979651482976378,-0.13301968574523926,-0.12133879959583282,-0.048997342586517334,-0.12044978886842728,-0.056295931339263916,0.01754269003868103
2024-01-01,1709596800000000,1709683200000000,ETHUSDT,-0.8360677292173989,-0.19174116849899292,-0.09731410443782806,-0.1100117415189743,-0.17403638362884521,-0.028362825512886047,-0.04711748659610748
2024-01-01,1709596800000000,1709683200000000,SOLUSDT,-1.4818530604919684,-0.05694641172885895,-0.04362607002258301,0.04581344872713089,-0.08386117964982986,0.014350146055221558,0.15241284668445587
2024-01-01,1709596800000000,1709683200000000,XRPUSDT,-3.2713087893768136,-0.03410981595516205,-0.01889263093471527,-0.06847897171974182,-0.03710329905152321,-0.023791149258613586,-0.06470239162445068
2024-01-01,1709596800000000,1709683200000000,DOGEUSDT,-2.642046878271335,-0.068355992436409,-0.10497085005044937,-0.09364616870880127,-0.06560321897268295,-0.0761546939611435,-0.18849770724773407
2024-01-01,1709683200000000,1709769600000000,BTCUSDT,1.1746222259319086,0.016829462721943855,0.020195528864860535,0.006477758288383484,-0.009288500063121319,0.02328495681285858,0.058851830661296844
2024-01-01,1709683200000000,1709769600000000,ETHUSDT,3.0387475729177615,-0.11758814752101898,-0.01679176092147827,-0.07973766326904297,-0.1228393092751503,0.022678732872009277,-0.02804042398929596
2024-01-01,1709683200000000,1709769600000000,SOLUSDT,1.0504926438665594,0.017965219914913177,0.029120072722434998,0.08728387206792831,-0.008130577392876148,0.05135054886341095,0.15669581294059753
2024-01-01,1709683200000000,1709769600000000,XRPUSDT,1.1536535200216413,0.05220310389995575,-0.006459459662437439,-0.06461139023303986,0.02469015121459961,-0.05694250762462616,-0.07088802754878998
2024-01-01,1709683200000000,1709769600000000,DOGEUSDT,0.4740769730681514,0.008966920897364616,0.023981750011444092,-0.0499982088804245,0.012759421952068806,0.06000469624996185,-0.053904131054878235
2024-01-01,1709769600000000,1709856000000000,BTCUSDT,0.35421341303007964,-0.08493705838918686,-0.04052075743675232,-0.03002774715423584,-0.09099916368722916,-0.0028526633977890015,0.041201747953891754
2024-01-01,1709769600000000,1709856000000000,ETHUSDT,0.47783863549147715,-0.21402981877326965,-0.15349803864955902,-0.12820953130722046,-0.19564390182495117,-0.07045156508684158,-0.04710029065608978
2024-01-01,1709769600000000,1709856000000000,SOLUSDT,2.3778072044792826,-0.059977903962135315,-0.021045997738838196,0.0449596643447876,-0.08509135991334915,0.01864798367023468,0.1572367250919342
2024-01-01,1709769600000000,1709856000000000,XRPUSDT,0.7925578148679939,-0.027940506115555763,-0.0387166291475296,-0.09071159362792969,-0.04602725803852081,-0.05087655037641525,-0.06765414774417877
2024-01-01,1709769600000000,1709856000000000,DOGEUSDT,-0.015083497261153177,-0.06389341503381729,-0.008965596556663513,-0.07307790219783783,-0.0650494173169136,0.01821570098400116,-0.11301915347576141
2024-01-01,1709856000000000,1709942400000000,BTCUSDT,0.6289884125493077,-0.0631357878446579,-0.019266054034233093,-0.02407243847846985,-0.07279961556196213,0.01562131941318512,0.045369669795036316
2024-01-01,1709856000000000,1709942400000000,ETHUSDT,0.1395320978183036,-0.17050135135650635,-0.08293409645557404,-0.12168049812316895,-0.165187269449234,-0.012919172644615173,-0.05682094395160675
2024-01-01,1709856000000000,1709942400000000,SOLUSDT,0.13785857912162652,-0.09064531326293945,-0.09017033129930496,0.028279796242713928,-0.11748562008142471,-0.03153277933597565,0.16446706652641296
2024-01-01,1709856000000000,1709942400000000,XRPUSDT,-0.39010210909109216,-0.02138465642929077,-0.02322964370250702,-0.09101581573486328,-0.035152092576026917,-0.030154168605804443,-0.06699404120445251
2024-01-01,1709856000000000,1709942400000000,DOGEUSDT,0.6572193670646855,-0.0623747855424881,0.002063170075416565,-0.06779423356056213,-0.07285059243440628,0.03795866668224335,-0.11994268000125885
2024-01-01,1709942400000000,1710028800000000,BTCUSDT,0.08599813508260085,-0.07603104412555695,-0.030371293425559998,-0.028496339917182922,-0.08364783972501755,0.010574057698249817,0.04509612172842026
2024-01-01,1709942400000000,1710028800000000,ETHUSDT,0.21747200313987539,-0.16312503814697266,-0.05382215976715088,-0.1132037341594696,-0.16123397648334503,0.009393259882926941,-0.054763421416282654
2024-01-01,1709942400000000,1710028800000000,SOLUSDT,-0.07185132493928535,-0.055780909955501556,-0.03466220200061798,0.043053120374679565,-0.07835924625396729,0.013860508799552917,0.15771716833114624
2024-01-01,1709942400000000,1710028800000000,XRPUSDT,0.010519614669014165,0.006107738241553307,0.0009861141443252563,-0.09251797199249268,-0.0132742403075099,-0.016425207257270813,-0.07209187746047974
2024-01-01,1709942400000000,1710028800000000,DOGEUSDT,1.335647764288566,-0.09362566471099854,-0.020012423396110535,-0.07801564037799835,-0.10049141943454742,0.012007936835289001,-0.14172108471393585
2024-01-01,1710028800000000,1710115200000000,BTCUSDT,0.3107492808608549,-0.06557522714138031,-0.01681286096572876,-0.025470927357673645,-0.07658394426107407,0.01929628849029541,0.04604867100715637
2024-01-01,1710028800000000,1710115200000000,ETHUSDT,-0.26760074354429525,-0.17148873209953308,-0.05002366006374359,-0.11621034145355225,-0.16815285384655,0.011187717318534851,-0.0601082444190979
2024-01-01,1710028800000000,1710115200000000,SOLUSDT,0.011735471391909419,-0.053099408745765686,-0.0162508487701416,0.04583781957626343,-0.07361913472414017,0.02707977592945099,0.1628877818584442
2024-01-01,1710028800000000,1710115200000000,XRPUSDT,-0.6414716261635566,0.0026764292269945145,-0.004851892590522766,-0.09279492497444153,-0.016932614147663116,-0.020119652152061462,-0.06786254048347473
2024-01-01,1710028800000000,1710115200000000,DOGEUSDT,-0.7653215560101958,-0.12729372084140778,-0.05191811919212341,-0.09567031264305115,-0.12875805795192719,-0.026364728808403015,-0.16813160479068756
2024-01-01,1710115200000000,1710201600000000,BTCUSDT,1.5375871384489364,-0.08076931536197662,-0.025438502430915833,-0.0325067937374115,-0.08998972922563553,0.014157533645629883,0.04221300780773163
2024-01-01,1710115200000000,1710201600000000,ETHUSDT,1.9103496951477097,-0.15683680772781372,-0.030503571033477783,-0.1110980361700058,-0.16043400764465332,0.021253973245620728,-0.05649586021900177
2024-01-01,1710115200000000,1710201600000000,SOLUSDT,0.7450375306184939,-0.0619647279381752,-0.011572331190109253,0.04159674793481827,-0.08219090849161148,0.02968592941761017,0.1595742106437683
2024-01-01,1710115200000000,1710201600000000,XRPUSDT,6.353409476762087,0.01998061127960682,-0.0016058385372161865,-0.08961160480976105,-0.005990556441247463,-0.023671239614486694,-0.06716935336589813
2024-01-01,1710115200000000,1710201600000000,DOGEUSDT,1.1039660688923143,-0.08690311014652252,0.0002956390380859375,-0.07335945963859558,-0.09816920012235641,0.023011639714241028,-0.14912049472332
2024-01-01,1710201600000000,1710288000000000,BTCUSDT,-0.30152613396845385,-0.12394294142723083,-0.07531635463237762,-0.04914438724517822,-0.1200995072722435,-0.019524499773979187,0.035252876579761505
2024-01-01,1710201600000000,1710288000000000,ETHUSDT,-0.8148891758969027,-0.22045761346817017,-0.11997975409030914,-0.14039471745491028,-0.20576933026313782,-0.03852131962776184,-0.061381906270980835
2024-01-01,1710201600000000,1710288000000000,SOLUSDT,0.3427516657809064,-0.09422025084495544,-0.04419901221990585,0.03028509020805359,-0.11226540058851242,0.009413525462150574,0.1638130098581314
2024-01-01,1710201600000000,1710288000000000,XRPUSDT,-1.102001140875289,-0.013796033337712288,-0.10333411395549774,-0.05524083971977234,-0.036912951618433,-0.10740942507982254,-0.09264299273490906
2024-01-01,1710201600000000,1710288000000000,DOGEUSDT,-1.187400240208554,-0.1433621048927307,-0.04388366639614105,-0.09561815857887268,-0.13367857038974762,-0.03809569776058197,-0.18048225343227386
2024-01-01,1710288000000000,1710374400000000,BTCUSDT,0.7665425558229485,-0.08359485119581223,-0.022157937288284302,-0.040111541748046875,-0.09330974519252777,0.015460103750228882,0.03237040340900421
2024-01-01,1710288000000000,1710374400000000,ETHUSDT,0.2347784056485916,-0.13722825050354004,-0.029527753591537476,-0.10824453830718994,-0.14770889282226562,0.01872555911540985,-0.046944648027420044
2024-01-01,1710288000000000,1710374400000000,SOLUSDT,2.0645666935262796,-0.0983833521604538,-0.04156510531902313,0.02959972620010376,-0.11619628220796585,0.014594510197639465,0.16512452065944672
2024-01-01,1710288000000000,1710374400000000,XRPUSDT,0.038551806641295414,0.02926044352352619,-0.006494790315628052,-0.0791531503200531,0.07079219073057175,-0.021496593952178955,-0.07679466903209686
2024-01-01,1710288000000000,1710374400000000,DOGEUSDT,0.07518700594683478,-0.07704661786556244,0.01066628098487854,-0.06453254818916321,-0.08496633917093277,0.025717690587043762,-0.14126218855381012
2024-01-01,1710374400000000,1710460800000000,BTCUSDT,-0.7823520117807596,-0.12704598903656006,-0.05050612986087799,-0.058210402727127075,-0.1254652440547943,-0.0006064623594284058,0.020372264087200165
2024-01-01,1710374400000000,1710460800000000,ETHUSDT,-1.194099173190677,-0.16700920462608337,-0.04197438061237335,-0.09911459684371948,-0.16660922765731812,0.013049721717834473,-0.030269280076026917
2024-01-01,1710374400000000,1710460800000000,SOLUSDT,1.8318579066677734,-0.15985989570617676,-0.1166546642780304,0.001386106014251709,-0.16633997857570648,-0.03842727839946747,0.1792251318693161
2024-01-01,1710374400000000,1710460800000000,XRPUSDT,-0.6520572782575311,0.022135304287075996,-0.004111200571060181,-0.07181701064109802,0.05329820513725281,-0.016350865364074707,-0.07171082496643066
2024-01-01,1710374400000000,1710460800000000,DOGEUSDT,0.7520785885379973,-0.11877727508544922,-0.008349001407623291,-0.07405394315719604,-0.11314967274665833,-0.011328116059303284,-0.1579412966966629
2024-01-01,1710460800000000,1710547200000000,BTCUSDT,-0.9065002401438338,-0.08284962922334671,-0.004757240414619446,-0.039934784173965454,-0.09574390947818756,0.023272573947906494,0.027807191014289856
2024-01-01,1710460800000000,1710547200000000,ETHUSDT,-1.3599252754622604,-0.09295284003019333,0.0046205073595047,-0.05734577775001526,-0.10843636095523834,0.03045453131198883,0.007608130574226379
2024-01-01,1710460800000000,1710547200000000,SOLUSDT,0.9512853131022635,-0.18105238676071167,-0.12925203144550323,-0.022887468338012695,-0.17542248964309692,-0.03983238339424133,0.1650935709476471
2024-01-01,1710460800000000,1710547200000000,XRPUSDT,-1.1823399858862436,0.04011441767215729,0.0029336363077163696,-0.06460630893707275,0.08100560307502747,-0.00020657479763031006,-0.03298810124397278
2024-01-01,1710460800000000,1710547200000000,DOGEUSDT,-1.1987767231165365,-0.15301916003227234,-0.03135579824447632,-0.09205321967601776,-0.14216019213199615,-0.03663741052150726,-0.18578271567821503
2024-01-01,1710547200000000,1710633600000000,BTCUSDT,-2.038135535672663,-0.07409078627824783,0.00802488625049591,-0.03746068477630615,-0.09156300127506256,0.026044562458992004,0.02919958531856537
2024-01-01,1710547200000000,1710633600000000,ETHUSDT,-2.1463813193918875,-0.0601700022816658,0.020455673336982727,-0.03648832440376282,-0.0827443078160286,0.02964441478252411,0.03325197100639343
2024-01-01,1710547200000000,1710633600000000,SOLUSDT,-0.24929023957029772,-0.18661093711853027,-0.09899793565273285,-0.05348631739616394,-0.17060163617134094,-0.007160648703575134,0.11687725782394409
2024-01-01,1710547200000000,1710633600000000,XRPUSDT,-1.0999330800243792,0.0616605281829834,0.001139119267463684,-0.05331319570541382,0.12366580218076706,0.009860143065452576,0.019391238689422607
2024-01-01,1710547200000000,1710633600000000,DOGEUSDT,-1.9597592847206236,-0.08776573836803436,0.010143622756004333,-0.06447520852088928,-0.08596805483102798,0.018681615591049194,-0.14013127982616425
2024-01-01,1710633600000000,1710720000000000,BTCUSDT,1.4956414089626906,0.0010630656033754349,0.03575539588928223,-0.0013449788093566895,-0.03483382984995842,0.02602161467075348,0.0616031140089035
2024-01-01,1710633600000000,1710720000000000,ETHUSDT,1.1724998802139999,0.019492989405989647,0.037800759077072144,-0.0005703866481781006,-0.01944442093372345,0.02124236524105072,0.07116405665874481
2024-01-01,1710633600000000,1710720000000000,SOLUSDT,2.553295216458611,-0.1750045269727707,-0.050472721457481384,-0.04949977993965149,-0.16729120910167694,0.028448209166526794,0.08654144406318665
2024-01-01,1710633600000000,1710720000000000,XRPUSDT,0.5970376037731783,0.06738952547311783,-0.005971893668174744,-0.04370906949043274,0.14862655103206635,0.0077087730169296265,0.051756225526332855
2024-01-01,1710633600000000,1710720000000000,DOGEUSDT,1.1859353230701797,-0.022855622693896294,0.02411089837551117,-0.030598819255828857,-0.011123142205178738,0.03771047294139862,-0.09260013699531555
2024-01-01,1710720000000000,1710806400000000,BTCUSDT,-0.35956410032957425,-0.1423894464969635,-0.06067819893360138,-0.0766664445400238,-0.14595980942249298,-0.026544272899627686,0.02266579121351242
2024-01-01,1710720000000000,1710806400000000,ETHUSDT,-1.1544860129580243,-0.11159901320934296,-0.042918816208839417,-0.06651082634925842,-0.12753640115261078,-0.016692638397216797,0.04877147078514099
2024-01-01,1710720000000000,1710806400000000,SOLUSDT,-0.6404724595203021,-0.2561144530773163,-0.14794136583805084,-0.10665132105350494,-0.2156459540128708,-0.0387367308139801,0.019455626606941223
2024-01-01,1710720000000000,1710806400000000,XRPUSDT,0.9403633737550131,0.006116239354014397,-0.03578607738018036,-0.06030389666557312,0.05446779355406761,-0.029796525835990906,-0.007992967963218689
2024-01-01,1710720000000000,1710806400000000,DOGEUSDT,-1.000749573144377,-0.13714957237243652,-0.035911381244659424,-0.09028097987174988,-0.11524056643247604,-0.035741209983825684,-0.18392382562160492
2024-01-01,1710806400000000,1710892800000000,BTCUSDT,-2.6530034804955025,-0.07818573713302612,-0.016104042530059814,-0.056692302227020264,-0.09517441689968109,0.007510289549827576,0.0315709263086319
2024-01-01,1710806400000000,1710892800000000,ETHUSDT,-3.456508975615429,-0.009664783254265785,0.006649568676948547,-0.028899461030960083,-0.042605217546224594,0.007619291543960571,0.0641825795173645
2024-01-01,1710806400000000,1710892800000000,SOLUSDT,-2.9663629356428673,-0.19502033293247223,-0.05978607386350632,-0.08347833156585693,-0.17731449007987976,0.021624848246574402,0.003836601972579956
2024-01-01,1710806400000000,1710892800000000,XRPUSDT,-2.1237468720366706,-0.013401707634329796,-0.041766464710235596,-0.06544271111488342,0.009969540871679783,-0.03522871434688568,-0.04177148640155792
2024-01-01,1710806400000000,1710892800000000,DOGEUSDT,-1.4640356730607473,-0.05249354988336563,0.004749700427055359,-0.06371757388114929,-0.034029752016067505,0.027498140931129456,-0.1370668262243271
2024-01-01,1710892800000000,1710979200000000,BTCUSDT,2.705633907727173,0.06580435484647751,0.03382520377635956,0.01826559007167816,0.017803438007831573,0.013892456889152527,0.08205597847700119
2024-01-01,1710892800000000,1710979200000000,ETHUSDT,3.214371373975849,0.12845022976398468,0.022869959473609924,0.03291092813014984,0.07059074938297272,-0.02351604402065277,0.09337788820266724
2024-01-01,1710892800000000,1710979200000000,SOLUSDT,2.4899061870821746,-0.0631694495677948,0.030310913920402527,0.0037444978952407837,0.0022704536095261574,0.052916884422302246,0.05982141196727753
2024-01-01,1710892800000000,1710979200000000,XRPUSDT,0.9538697656783903,0.07081052660942078,-0.011515319347381592,-0.041322365403175354,0.1804036796092987,0.027311250567436218,0.09066250920295715
2024-01-01,1710892800000000,1710979200000000,DOGEUSDT,2.5205436911134558,0.005068475380539894,0.015613779425621033,-0.035675302147865295,0.033674389123916626,0.03701271116733551,-0.09075306355953217
2024-01-01,1710979200000000,1711065600000000,BTCUSDT,-0.8991878619253525,-0.09859738498926163,-0.08538000285625458,-0.04222819209098816,-0.11430210620164871,-0.045375145971775055,0.06197001039981842
2024-01-01,1710979200000000,1711065600000000,ETHUSDT,-0.1613175957601935,-0.07080861181020737,-0.10011660307645798,-0.04189193248748779,-0.09522716701030731,-0.07612785696983337,0.04791158437728882
2024-01-01,1710979200000000,1711065600000000,SOLUSDT,-1.1671703148749923,-0.22877463698387146,-0.10669752210378647,-0.0834561288356781,-0.17573736608028412,-0.045177266001701355,-0.08578148484230042
2024-01-01,1710979200000000,1711065600000000,XRPUSDT,1.047703374801476,-0.0033199284225702286,-0.04337380826473236,-0.06382443010807037,0.05761009827256203,-0.030861273407936096,-0.008585602045059204
2024-01-01,1710979200000000,1711065600000000,DOGEUSDT,0.2767993150619062,-0.1044204831123352,-0.07118147611618042,-0.07547128200531006,-0.07797085493803024,-0.05880875885486603,-0.17194347083568573
2024-01-01,1711065600000000,1711152000000000,BTCUSDT,-0.6812749009146507,0.005304476246237755,-0.005800366401672363,-0.002845093607902527,-0.027221232652664185,0.002811044454574585,0.06396887451410294
2024-01-01,1711065600000000,1711152000000000,ETHUSDT,-1.1370842902726361,-0.02139335870742798,-0.04058912396430969,-0.031186968088150024,-0.04659081995487213,-0.03488343954086304,0.028874948620796204
2024-01-01,1711065600000000,1711152000000000,SOLUSDT,-0.4234471565297819,-0.07980576157569885,0.0054429322481155396,-0.03144019842147827,0.01583007350564003,0.04624404013156891,-0.04738916456699371
2024-01-01,1711065600000000,1711152000000000,XRPUSDT,-0.9756049424515711,-0.01597020961344242,-0.0435909777879715,-0.07149907946586609,0.02185782790184021,-0.028386712074279785,-0.03368617594242096
2024-01-01,1711065600000000,1711152000000000,DOGEUSDT,-0.2070387466461604,-0.05647248029708862,-0.022894427180290222,-0.06538140773773193,-0.048346664756536484,-0.0031598955392837524,-0.16079236567020416
2024-01-01,1711152000000000,1711238400000000,BTCUSDT,0.07972284655942606,0.024769863113760948,0.007033064961433411,0.022035367786884308,-0.013316660188138485,0.010895639657974243,0.07687938958406448
2024-01-01,1711152000000000,1711238400000000,ETHUSDT,-0.06071984362305956,0.02772391401231289,-0.012014910578727722,-0.007529035210609436,-0.0006024977192282677,-0.02189706265926361,0.036007873713970184
2024-01-01,1711152000000000,1711238400000000,SOLUSDT,-0.25912799436701905,-0.08202677220106125,0.012069076299667358,-0.023631274700164795,0.009179630316793919,0.04437941312789917,-0.07076519727706909
2024-01-01,1711152000000000,1711238400000000,XRPUSDT,0.18463870101797777,0.02566607855260372,-0.01375231146812439,-0.06673455238342285,0.12118443101644516,0.01540309190750122,0.04529617726802826
2024-01-01,1711152000000000,1711238400000000,DOGEUSDT,0.7821491307631666,-0.019389187917113304,0.00039187073707580566,-0.040283843874931335,-0.01761564612388611,0.0072081685066223145,-0.1332414299249649
2024-01-01,1711238400000000,1711324800000000,BTCUSDT,1.34784197780423,0.0020203161984682083,-0.008910849690437317,0.019902557134628296,-0.03219544142484665,0.004186093807220459,0.0705171674489975
2024-01-01,1711238400000000,1711324800000000,ETHUSDT,0.9711147701784352,0.001956244930624962,-0.023627713322639465,-0.01670844852924347,-0.024704396724700928,-0.023845791816711426,0.02348591387271881
2024-01-01,1711238400000000,1711324800000000,SOLUSDT,1.1878441215829998,-0.06974416971206665,0.013873234391212463,-0.01902611553668976,0.010474507696926594,0.047250837087631226,-0.0846293568611145
2024-01-01,1711238400000000,1711324800000000,XRPUSDT,0.5652289114070705,0.009982900694012642,-0.021199479699134827,-0.07070925831794739,0.084615059196949,-0.019115418195724487,-0.0007691532373428345
2024-01-01,1711238400000000,1711324800000000,DOGEUSDT,1.211801330750128,-0.03318174183368683,-0.0140799880027771,-0.03260242938995361,-0.026045408099889755,-0.021235808730125427,-0.1324751228094101
2024-01-01,1711324800000000,1711411200000000,BTCUSDT,1.0449110442466274,-0.04634220153093338,-0.05518622696399689,0.003086686134338379,-0.07050883024930954,-0.018018782138824463,0.056692302227020264
2024-01-01,1711324800000000,1711411200000000,ETHUSDT,1.010310323393912,-0.03582129627466202,-0.05188371241092682,-0.036598801612854004,-0.05759229511022568,-0.03329645097255707,0.0005489438772201538
2024-01-01,1711324800000000,1711411200000000,SOLUSDT,0.5101358303823716,-0.12936055660247803,-0.047844767570495605,-0.04954403638839722,-0.0855732336640358,0.0007744878530502319,-0.14447461068630219
2024-01-01,1711324800000000,1711411200000000,XRPUSDT,0.2597777730694476,-0.0052808728069067,-0.029422849416732788,-0.07897135615348816,0.03493296727538109,-0.04101811349391937,-0.04844951629638672
2024-01-01,1711324800000000,1711411200000000,DOGEUSDT,-0.09219059637385583,-0.041047289967536926,-0.026473984122276306,-0.029401704668998718,-0.0400441437959671,-0.03813749551773071,-0.1346307247877121
2024-01-01,1711411200000000,1711497600000000,BTCUSDT,0.04689692183396972,-0.04524075984954834,-0.05428489297628403,0.004087120294570923,-0.06815707683563232,-0.009101435542106628,0.05070062726736069
2024-01-01,1711411200000000,1711497600000000,ETHUSDT,-0.02370496336011273,-0.04669427126646042,-0.05541612207889557,-0.047729700803756714,-0.06541655957698822,-0.027578189969062805,-0.015637248754501343
2024-01-01,1711411200000000,1711497600000000,SOLUSDT,0.14078268109518813,-0.12008421123027802,-0.04564311355352402,-0.053700804710388184,-0.06669288128614426,0.019908025860786438,-0.13974981009960175
2024-01-01,1711411200000000,1711497600000000,XRPUSDT,-0.29567785845839145,-0.0035262983292341232,-0.022129729390144348,-0.08229488134384155,0.010291178710758686,-0.04239112138748169,-0.0854797214269638
2024-01-01,1711411200000000,1711497600000000,DOGEUSDT,0.549868656375243,-0.005444308742880821,0.005834475159645081,-0.016191229224205017,-0.025231003761291504,-0.005432397127151489,-0.12611256539821625
2024-01-01,1711497600000000,1711584000000000,BTCUSDT,-0.19691798991167597,-0.020903103053569794,-0.02944059669971466,0.019230663776397705,-0.04647070914506912,0.005199894309043884,0.048071593046188354
2024-01-01,1711497600000000,1711584000000000,ETHUSDT,-0.6185836438263244,-0.029621927067637444,-0.03243161737918854,-0.04564613103866577,-0.047500744462013245,-0.013240888714790344,-0.023525908589363098
2024-01-01,1711497600000000,1711584000000000,SOLUSDT,-0.4112278395503713,-0.12227526307106018,-0.04320549964904785,-0.05112893879413605,-0.05206526815891266,0.01720540225505829,-0.1340685933828354
2024-01-01,1711497600000000,1711584000000000,XRPUSDT,-0.7152767494091681,0.0038779843598604202,-0.019844502210617065,-0.08242256939411163,-0.0022657429799437523,-0.03946720063686371,-0.1038687527179718
2024-01-01,1711497600000000,1711584000000000,DOGEUSDT,0.62683372695733,-0.023091936483979225,-0.01368190348148346,-0.014712482690811157,-0.03990652412176132,-0.029173046350479126,-0.13217930495738983
2024-01-01,1711584000000000,1711670400000000,BTCUSDT,0.5137367643221941,-0.0017408858984708786,-0.015251398086547852,0.03970472514629364,-0.02983056753873825,0.013126596808433533,0.05835933983325958
2024-01-01,1711584000000000,1711670400000000,ETHUSDT,0.44477763591147557,0.0035940799862146378,-0.012803390622138977,-0.026216626167297363,-0.015422164462506771,-0.004641443490982056,-0.010079160332679749
2024-01-01,1711584000000000,1711670400000000,SOLUSDT,0.3459807867490973,-0.09445537626743317,-0.01555052399635315,-0.02733851969242096,-0.016548410058021545,0.026664957404136658,-0.10625965893268585
2024-01-01,1711584000000000,1711670400000000,XRPUSDT,0.4795992877255171,0.020656047388911247,-0.0183476060628891,-0.07336661219596863,0.0009280527010560036,-0.03591929376125336,-0.10346825420856476
2024-01-01,1711584000000000,1711670400000000,DOGEUSDT,2.1759713438385506,-0.0327291265130043,-0.024841144680976868,-0.007753580808639526,-0.048745058476924896,-0.03270040452480316,-0.13336949050426483
2024-01-01,1711670400000000,1711756800000000,BTCUSDT,-0.3664266938002104,-0.02144433744251728,-0.03455422818660736,0.04051990807056427,-0.045271314680576324,0.003977850079536438,0.060830265283584595
2024-01-01,1711670400000000,1711756800000000,ETHUSDT,-0.38773959846570705,-0.01916353404521942,-0.031274810433387756,-0.028193846344947815,-0.03484529256820679,-0.010395154356956482,-0.009825736284255981
2024-01-01,1711670400000000,1711756800000000,SOLUSDT,0.2382638743741593,-0.1148177832365036,-0.033608853816986084,-0.03538358211517334,-0.05862464755773544,0.006767377257347107,-0.12967009842395782
2024-01-01,1711670400000000,1711756800000000,XRPUSDT,0.2066609004701206,-0.008502783253788948,-0.0378829687833786,-0.07922694087028503,-0.026984624564647675,-0.03864924609661102,-0.11511324346065521
2024-01-01,1711670400000000,1711756800000000,DOGEUSDT,-0.43010675032486345,-0.06525599956512451,-0.08662085980176926,-0.005026146769523621,-0.07902351766824722,-0.08324521034955978,-0.13886992633342743
2024-01-01,1711756800000000,1711843200000000,BTCUSDT,-0.10503372973124732,0.013111503794789314,-0.009240701794624329,0.05999182164669037,-0.017586421221494675,0.015621945261955261,0.06646637618541718
2024-01-01,1711756800000000,1711843200000000,ETHUSDT,-0.02937203401319855,0.003935480490326881,-0.017376288771629333,-0.015334352850914001,-0.01362989004701376,-0.006910696625709534,-0.006968319416046143
2024-01-01,1711756800000000,1711843200000000,SOLUSDT,0.21923040972398952,-0.10764756798744202,-0.033134058117866516,-0.02985498309135437,-0.06704185158014297,0.003752976655960083,-0.13694943487644196
2024-01-01,1711756800000000,1711843200000000,XRPUSDT,-0.3383054480373903,-0.009105274453759193,-0.035105690360069275,-0.0803280919790268,-0.028386354446411133,-0.030402496457099915,-0.11409540474414825
2024-01-01,1711756800000000,1711843200000000,DOGEUSDT,-0.8856521238399746,-0.02076972834765911,-0.017659991979599,0.013626277446746826,-0.033071573823690414,-0.011551663279533386,-0.1238224059343338
2024-01-01,1711843200000000,1711929600000000,BTCUSDT,0.7045174106986936,0.013324761763215065,-0.011147454380989075,0.06526947021484375,-0.018373258411884308,0.012815073132514954,0.07156726717948914
2024-01-01,1711843200000000,1711929600000000,ETHUSDT,1.1021769956836658,-0.0010972116142511368,-0.022668614983558655,-0.011916950345039368,-0.021207138895988464,-0.010553061962127686,-0.005831167101860046
2024-01-01,1711843200000000,1711929600000000,SOLUSDT,0.8533902782392693,-0.10701483488082886,-0.03498224914073944,-0.025628313422203064,-0.10084997117519379,-0.019738435745239258,-0.15166567265987396
2024-01-01,1711843200000000,1711929600000000,XRPUSDT,0.30602887060089806,0.004162246361374855,-0.02693590521812439,-0.07741707563400269,-0.020158901810646057,-0.028589367866516113,-0.10952280461788177
2024-01-01,1711843200000000,1711929600000000,DOGEUSDT,1.4208459906470412,0.01927945204079151,0.010423675179481506,0.04511450231075287,0.010603697039186954,0.0070336610078811646,-0.08889137208461761
2024-01-01,1711929600000000,1712016000000000,BTCUSDT,-0.6724076268150889,-0.018618576228618622,-0.0393853485584259,0.05272224545478821,-0.04562008008360863,-0.001800253987312317,0.06781204789876938
2024-01-01,1711929600000000,1712016000000000,ETHUSDT,-1.0764729501710009,-0.038386762142181396,-0.05418025702238083,-0.024945199489593506,-0.05531603842973709,-0.023989468812942505,-0.013126105070114136
2024-01-01,1711929600000000,1712016000000000,SOLUSDT,-1.0253916076213265,-0.13786658644676208,-0.0700005292892456,-0.03864908218383789,-0.14966946840286255,-0.06642219424247742,-0.17202238738536835
2024-01-01,1711929600000000,1712016000000000,XRPUSDT,-0.6981463095005307,-0.012854104861617088,-0.03760920464992523,-0.08107499778270721,-0.03299064561724663,-0.03291812539100647,-0.1056392639875412
2024-01-01,1711929600000000,1712016000000000,DOGEUSDT,-0.9212656180544292,-0.05220039188861847,-0.05939783155918121,0.026042327284812927,-0.05765919387340546,-0.05969060957431793,-0.13221634924411774
2024-01-01,1712016000000000,1712102400000000,BTCUSDT,-1.744070948299144,0.03348167985677719,-0.0007065832614898682,0.07355520129203796,-0.005822445265948772,0.016439974308013916,0.0723813995718956
2024-01-01,1712016000000000,1712102400000000,ETHUSDT,-1.764426055910653,0.01980597712099552,-0.014584213495254517,-0.0016390979290008545,-0.012556231580674648,-0.012640759348869324,-0.014467015862464905
2024-01-01,1712016000000000,1712102400000000,SOLUSDT,-1.1053832000135126,-0.06185410916805267,-0.0003568977117538452,0.0064671337604522705,-0.11740357428789139,-0.004952520132064819,-0.10828016698360443
2024-01-01,1712016000000000,1712102400000000,XRPUSDT,-1.022577183695369,0.024711472913622856,-0.016607359051704407,-0.06903421878814697,-0.0072191497310996056,-0.023074790835380554,-0.09596230089664459
2024-01-01,1712016000000000,1712102400000000,DOGEUSDT,-1.4656489605430632,0.014545170590281487,0.0008645951747894287,0.05237524211406708,0.010437780059874058,0.014108970761299133,-0.08560052514076233
2024-01-01,1712102400000000,1712188800000000,BTCUSDT,0.19819400284199928,0.09865803271532059,0.02219069004058838,0.10382910817861557,0.04429984092712402,0.008799612522125244,0.09215521812438965
2024-01-01,1712102400000000,1712188800000000,ETHUSDT,0.2615784487095164,0.06855988502502441,-0.009011372923851013,0.02556147426366806,0.020429998636245728,-0.029181286692619324,0.007544755935668945
2024-01-01,1712102400000000,1712188800000000,SOLUSDT,0.3783681935290181,-0.024228716269135475,0.026667878031730652,0.03421728312969208,-0.09406837821006775,0.01862889528274536,-0.05102671682834625
2024-01-01,1712102400000000,1712188800000000,XRPUSDT,-0.46446810404518,0.04184851050376892,-0.017501577734947205,-0.0638316422700882,0.001371779479086399,-0.03442010283470154,-0.09020356833934784
2024-01-01,1712102400000000,1712188800000000,DOGEUSDT,-0.5147695907631793,0.06089348345994949,0.0168599933385849,0.07868386059999466,0.06124063581228256,0.02847805619239807,-0.025883495807647705
2024-01-01,1712188800000000,1712275200000000,BTCUSDT,1.079657907662429,0.03873830288648605,-0.004927605390548706,0.07398360967636108,-0.0051256632432341576,0.0027665942907333374,0.08356020599603653
2024-01-01,1712188800000000,1712275200000000,ETHUSDT,0.13233886681577642,0.014189125970005989,-0.02968175709247589,0.0033606886863708496,-0.02527659758925438,-0.02781011164188385,0.0021933317184448242
2024-01-01,1712188800000000,1712275200000000,SOLUSDT,-0.11336388918473027,-0.07164911925792694,-0.004910066723823547,0.00983390212059021,-0.11239175498485565,0.003239929676055908,-0.025154709815979004
2024-01-01,1712188800000000,1712275200000000,XRPUSDT,0.8181871103003382,0.027240393683314323,-0.028342783451080322,-0.0658826231956482,-0.013272068463265896,-0.039338767528533936,-0.08662466704845428
2024-01-01,1712188800000000,1712275200000000,DOGEUSDT,0.35141024874496424,0.03894755244255066,0.005207344889640808,0.07090887427330017,0.04700075834989548,0.012941643595695496,-0.022573113441467285
2024-01-01,1712275200000000,1712361600000000,BTCUSDT,-0.27460648423751316,-0.010970579460263252,-0.0443650484085083,0.03879109025001526,-0.04445148631930351,-0.011445596814155579,0.062056466937065125
2024-01-01,1712275200000000,1712361600000000,ETHUSDT,-0.08175477958322766,-0.0006608720868825912,-0.037684470415115356,-0.012737065553665161,-0.039990633726119995,-0.025284811854362488,-0.013038292527198792
2024-01-01,1712275200000000,1712361600000000,SOLUSDT,-1.0662841720192948,-0.044766202569007874,0.011690676212310791,0.021093204617500305,-0.08876048028469086,0.032369017601013184,0.014700070023536682
2024-01-01,1712275200000000,1712361600000000,XRPUSDT,-0.27087561901170937,-0.018816916272044182,-0.05630853772163391,-0.0839364230632782,-0.04680269956588745,-0.043295055627822876,-0.09525357186794281
2024-01-01,1712275200000000,1712361600000000,DOGEUSDT,-0.20154448289351906,0.0003433544188737869,-0.021926715970039368,0.049575917422771454,0.00872472021728754,-0.008767813444137573,-0.04976782202720642
2024-01-01,1712361600000000,1712448000000000,BTCUSDT,0.4554482286680018,0.01716511882841587,-0.02061299979686737,0.04307501018047333,-0.02247701585292816,-0.0003499835729598999,0.05503635108470917
2024-01-01,1712361600000000,1712448000000000,ETHUSDT,0.2794377352687705,-0.005365924909710884,-0.03975246846675873,-0.022694602608680725,-0.044635895639657974,-0.02476435899734497,-0.023439720273017883
2024-01-01,1712361600000000,1712448000000000,SOLUSDT,0.49795878187920817,0.01708841137588024,0.048733651638031006,0.05440106242895126,-0.041405998170375824,0.0648532509803772,0.05423460155725479
2024-01-01,1712361600000000,1712448000000000,XRPUSDT,0.25671903470314206,-0.016400260850787163,-0.048181623220443726,-0.08655717968940735,-0.045588910579681396,-0.045631445944309235,-0.11013555526733398
2024-01-01,1712361600000000,1712448000000000,DOGEUSDT,0.6480594608911783,0.0069441404193639755,-0.018672123551368713,0.04434022307395935,0.015618928708136082,0.005961686372756958,-0.03894510865211487
2024-01-01,1712448000000000,1712534400000000,BTCUSDT,0.1950169360956842,-0.011817989870905876,-0.04244278371334076,0.03007710725069046,-0.0427095852792263,-0.010995998978614807,0.05009809136390686
2024-01-01,1712448000000000,1712534400000000,ETHUSDT,0.8630019051350025,-0.025808164849877357,-0.05372503399848938,-0.03752139210700989,-0.05792932212352753,-0.029712915420532227,-0.03377915918827057
2024-01-01,1712448000000000,1712534400000000,SOLUSDT,0.09671861700141275,-0.03212060034275055,0.012791380286216736,0.029607057571411133,-0.0643683671951294,0.04786248505115509,0.06942872703075409
2024-01-01,1712448000000000,1712534400000000,XRPUSDT,0.06882975836203181,-0.035514093935489655,-0.057295769453048706,-0.0928187370300293,-0.05885026603937149,-0.048348501324653625,-0.11412648856639862
2024-01-01,1712448000000000,1712534400000000,DOGEUSDT,0.9677920423185665,-0.03791727125644684,-0.04940167814493179,0.023802846670150757,-0.0317058302462101,-0.025788843631744385,-0.07144998013973236
2024-01-01,1712534400000000,1712620800000000,BTCUSDT,0.9891844726641692,-0.007039787247776985,-0.03626500070095062,0.032223887741565704,-0.03757428750395775,-0.00428338348865509,0.04951228201389313
2024-01-01,1712534400000000,1712620800000000,ETHUSDT,1.978716623345753,-0.04722559452056885,-0.06702163815498352,-0.049261003732681274,-0.07095690071582794,-0.028436526656150818,-0.039428308606147766
2024-01-01,1712534400000000,1712620800000000,SOLUSDT,0.1394738409542006,-0.019220693036913872,0.025206759572029114,0.03519701212644577,-0.053817540407180786,0.06317770481109619,0.07700677961111069
2024-01-01,1712534400000000,1712620800000000,XRPUSDT,0.8898765009788777,-0.037467241287231445,-0.05270549654960632,-0.09442976117134094,-0.059481821954250336,-0.04467974603176117,-0.11939845979213715
2024-01-01,1712534400000000,1712620800000000,DOGEUSDT,0.2588681595225397,-0.0613110214471817,-0.06636270880699158,0.01241089403629303,-0.05789200961589813,-0.037647321820259094,-0.09606881439685822
2024-01-01,1712620800000000,1712707200000000,BTCUSDT,-1.033875903295699,-0.033499084413051605,-0.0628420040011406,0.022456824779510498,-0.055625542998313904,-0.015757009387016296,0.04663605988025665
2024-01-01,1712620800000000,1712707200000000,ETHUSDT,-1.390963868913145,-0.07047576457262039,-0.09823176264762878,-0.05786055326461792,-0.08488672226667404,-0.04468211531639099,-0.03868661820888519
2024-01-01,1712620800000000,1712707200000000,SOLUSDT,-0.9645025314213759,-0.020442111417651176,0.02310030162334442,0.03182697296142578,-0.05322076380252838,0.06311313807964325,0.0778038501739502
2024-01-01,1712620800000000,1712707200000000,XRPUSDT,-0.02963964883808773,-0.05216483026742935,-0.0583612322807312,-0.0981225073337555,-0.06771757453680038,-0.0381646603345871,-0.11598418653011322
2024-01-01,1712620800000000,1712707200000000,DOGEUSDT,-0.9299894969204765,-0.05237864702939987,-0.050019145011901855,0.015194006264209747,-0.05283229053020477,-0.025386184453964233,-0.089931920170784
2024-01-01,1712707200000000,1712793600000000,BTCUSDT,0.6377576968407084,0.031178591772913933,-0.018659427762031555,0.057073093950748444,-0.003300129435956478,-0.006890490651130676,0.05494968593120575
2024-01-01,1712707200000000,1712793600000000,ETHUSDT,0.29748074849619766,-0.005492715165019035,-0.04511687159538269,-0.036308929324150085,-0.035169169306755066,-0.04226629436016083,-0.05604945123195648
2024-01-01,1712707200000000,1712793600000000,SOLUSDT,0.1071943852265481,0.012436391785740852,0.03703312575817108,0.049853451550006866,-0.027675382792949677,0.057188913226127625,0.079086534678936
2024-01-01,1712707200000000,1712793600000000,XRPUSDT,0.13360868444659504,-0.046004362404346466,-0.048149436712265015,-0.10069383680820465,-0.061801016330718994,-0.04212428629398346,-0.1306939572095871
2024-01-01,1712707200000000,1712793600000000,DOGEUSDT,0.7813872600293968,-0.014143893495202065,-0.01829400658607483,0.03811539709568024,-0.012747964821755886,0.00389157235622406,-0.03132188320159912
2024-01-01,1712793600000000,1712880000000000,BTCUSDT,-0.2651261884525003,-0.015513172373175621,-0.04627440869808197,0.04479745030403137,-0.04116084426641464,-0.012494906783103943,0.05463072657585144
2024-01-01,1712793600000000,1712880000000000,ETHUSDT,-0.32957558690280425,-0.0324333980679512,-0.05495859682559967,-0.03379243612289429,-0.057586945593357086,-0.03388075530529022,-0.04060010612010956
2024-01-01,1712793600000000,1712880000000000,SOLUSDT,-0.11595963988421436,-0.013311346992850304,0.024433359503746033,0.04265522211790085,-0.047851674258708954,0.05058196187019348,0.08663222938776016
2024-01-01,1712793600000000,1712880000000000,XRPUSDT,-0.37929787990958064,-0.04322781413793564,-0.04573342204093933,-0.09687967598438263,-0.059632785618305206,-0.03901095688343048,-0.12661372125148773
2024-01-01,1712793600000000,1712880000000000,DOGEUSDT,-0.4197719270116146,-0.06642316281795502,-0.05373424291610718,0.02260618656873703,-0.0664747878909111,-0.044591180980205536,-0.07699465751647949
2024-01-01,1712880000000000,1712966400000000,BTCUSDT,-1.264817535626501,0.01540195383131504,-0.024009093642234802,0.05751645565032959,-0.015390499494969845,-0.002963840961456299,0.05547984689474106
2024-01-01,1712880000000000,1712966400000000,ETHUSDT,-2.083222158259787,-0.008863063529133797,-0.04049161076545715,-0.02533915638923645,-0.03819716349244118,-0.029007837176322937,-0.04022781550884247
2024-01-01,1712880000000000,1712966400000000,SOLUSDT,-2.4335682918887565,-0.012678064405918121,0.022234603762626648,0.03673851490020752,-0.04705328121781349,0.046303048729896545,0.07891088724136353
2024-01-01,1712880000000000,1712966400000000,XRPUSDT,-2.7795166598054655,-0.021807057783007622,-0.035710409283638,-0.09180325269699097,-0.0442177914083004,-0.03718338906764984,-0.12549994885921478
2024-01-01,1712880000000000,1712966400000000,DOGEUSDT,-1.455654283322847,-0.025063415989279747,-0.022063344717025757,0.03690178692340851,-0.02341744303703308,-0.0043153464794158936,-0.04324449598789215
2024-01-01,1712966400000000,1713052800000000,BTCUSDT,-1.4236694036244986,0.07039208710193634,-0.0012240409851074219,0.08544702082872391,0.027768485248088837,-0.007064312696456909,0.07331547886133194
2024-01-01,1712966400000000,1713052800000000,ETHUSDT,-1.8652780277083678,0.07100199162960052,-0.027614325284957886,0.012593001127243042,0.025077879428863525,-0.05401945114135742,-0.015098586678504944
2024-01-01,1712966400000000,1713052800000000,SOLUSDT,-1.919793545181871,0.0788755714893341,0.04074503481388092,0.07546800374984741,0.027907170355319977,0.017129719257354736,0.08456524461507797
2024-01-01,1712966400000000,1713052800000000,XRPUSDT,-3.0844268947966174,0.05801454186439514,-0.04444200545549393,-0.05955006182193756,0.014935375191271305,-0.08313364535570145,-0.10546480119228363
2024-01-01,1712966400000000,1713052800000000,DOGEUSDT,-1.7113009146644371,0.039188235998153687,0.0019043385982513428,0.06721033155918121,0.0660247802734375,0.02830381691455841,0.034547269344329834
2024-01-01,1713052800000000,1713139200000000,BTCUSDT,0.7682372801068365,0.10058539360761642,0.004402324557304382,0.09741203486919403,0.049943991005420685,-0.01807461678981781,0.08802682161331177
2024-01-01,1713052800000000,1713139200000000,ETHUSDT,1.2264813344861083,0.0957680195569992,-0.030839785933494568,0.029517412185668945,0.042694345116615295,-0.06782932579517365,0.012110903859138489
2024-01-01,1713052800000000,1713139200000000,SOLUSDT,1.7605187537941371,0.09736614674329758,0.03091558814048767,0.07801780104637146,0.049563221633434296,-0.006585672497749329,0.08876322209835052
2024-01-01,1713052800000000,1713139200000000,XRPUSDT,1.11591988742216,0.09887146949768066,-0.053652480244636536,-0.029945984482765198,0.045536577701568604,-0.10358785092830658,-0.05507783591747284
2024-01-01,1713052800000000,1713139200000000,DOGEUSDT,0.8246927572908853,0.0856608971953392,0.00790126621723175,0.08331058919429779,0.14725038409233093,0.043962493538856506,0.08905230462551117
2024-01-01,1713139200000000,1713225600000000,BTCUSDT,-1.000754170474126,0.011223768815398216,-0.0412948876619339,0.04384284466505051,-0.02621588110923767,-0.030947968363761902,0.05176982283592224
2024-01-01,1713139200000000,1713225600000000,ETHUSDT,-0.41077269741872285,-0.02021000348031521,-0.08548600971698761,-0.031022489070892334,-0.0528140589594841,-0.07652360945940018,-0.03172433376312256
2024-01-01,1713139200000000,1713225600000000,SOLUSDT,-1.561363837354836,-0.029040096327662468,-0.03098464012145996,0.00031062960624694824,-0.04383140802383423,-0.025033727288246155,0.0373757928609848
2024-01-01,1713139200000000,1713225600000000,XRPUSDT,-0.24256579908717965,-0.02050463669002056,-0.09392187744379044,-0.0753433108329773,-0.05025019496679306,-0.09338769316673279,-0.08343850076198578
2024-01-01,1713139200000000,1713225600000000,DOGEUSDT,-0.06813980796736294,-0.0071580540388822556,-0.03864885866641998,0.03361182659864426,0.040212444961071014,-0.01939713954925537,0.005812108516693115
2024-01-01,1713225600000000,1713312000000000,BTCUSDT,0.17314456848302792,0.07531581819057465,-0.0107802152633667,0.056575365364551544,0.028536207973957062,-0.023417383432388306,0.058034271001815796
2024-01-01,1713225600000000,1713312000000000,ETHUSDT,-0.14467398213306962,0.007718844339251518,-0.06226138025522232,-0.034339964389801025,-0.026704151183366776,-0.06500077247619629,-0.04448947310447693
2024-01-01,1713225600000000,1713312000000000,SOLUSDT,-0.2951327032422609,0.04090648889541626,-0.003953069448471069,0.023341193795204163,0.08931030333042145,-0.00551198422908783,0.07146599888801575
2024-01-01,1713225600000000,1713312000000000,XRPUSDT,-0.05788071123476955,-0.022652724757790565,-0.08289789408445358,-0.07431575655937195,-0.047023192048072815,-0.08393574506044388,-0.09750081598758698
2024-01-01,1713225600000000,1713312000000000,DOGEUSDT,-0.4423115749720914,0.0034395400434732437,-0.02997143566608429,0.02272072434425354,0.06382083147764206,0.007471844553947449,0.030715733766555786
2024-01-01,1713312000000000,1713398400000000,BTCUSDT,-1.1798301480710065,0.03596567362546921,-0.026958823204040527,0.02417398989200592,-0.006423204205930233,-0.02453775703907013,0.03545938432216644
2024-01-01,1713312000000000,1713398400000000,ETHUSDT,-0.8230783314869993,-0.002207605168223381,-0.05995665490627289,-0.05128152668476105,-0.03570948913693428,-0.05939571559429169,-0.05897317826747894
2024-01-01,1713312000000000,1713398400000000,SOLUSDT,-0.5937499640182843,0.013493509963154793,-0.007481962442398071,-0.0007795542478561401,0.0664299726486206,-0.008471682667732239,0.05643489956855774
2024-01-01,1713312000000000,1713398400000000,XRPUSDT,-0.05900576522060635,-0.03662320226430893,-0.07829506695270538,-0.08003395795822144,-0.05826570838689804,-0.07367339730262756,-0.10590802133083344
2024-01-01,1713312000000000,1713398400000000,DOGEUSDT,-0.7523387480947823,0.01749449409544468,-0.021179214119911194,0.018489062786102295,0.09534905105829239,0.015308916568756104,0.05077338218688965
2024-01-01,1713398400000000,1713484800000000,BTCUSDT,1.0638559007146184,0.08157869428396225,-0.01444166898727417,0.033715397119522095,0.031735844910144806,-0.03430120646953583,0.039680272340774536
2024-01-01,1713398400000000,1713484800000000,ETHUSDT,0.683990827014133,0.012618018314242363,-0.05571170151233673,-0.05370566248893738,-0.024084001779556274,-0.06707346439361572,-0.06697560846805573
2024-01-01,1713398400000000,1713484800000000,SOLUSDT,1.4347573788982861,0.012029992416501045,-0.011042818427085876,-0.013164877891540527,0.07365068793296814,-0.012763038277626038,0.056180909276008606
2024-01-01,1713398400000000,1713484800000000,XRPUSDT,0.34703759556684105,-0.04576187580823898,-0.07496128231287003,-0.08213931322097778,-0.06540190428495407,-0.0675627589225769,-0.1134563535451889
2024-01-01,1713398400000000,1713484800000000,DOGEUSDT,0.44222483245039773,0.03716231882572174,-0.01568235456943512,0.017595097422599792,0.13208803534507751,0.019217878580093384,0.0709308385848999
2024-01-01,1713484800000000,1713571200000000,BTCUSDT,0.16021906940901884,0.0012083183974027634,-0.05272611975669861,-0.02140381932258606,-0.03598235175013542,-0.0398632287979126,-0.006490811705589294
2024-01-01,1713484800000000,1713571200000000,ETHUSDT,-0.06696744401524375,-0.031087128445506096,-0.07462194561958313,-0.08273541927337646,-0.060294702649116516,-0.06363800913095474,-0.08866918087005615
2024-01-01,1713484800000000,1713571200000000,SOLUSDT,0.06254823307872587,-0.041013896465301514,-0.03515847027301788,-0.06320157647132874,0.0027696797624230385,-0.02342619001865387,-0.01522277295589447
2024-01-01,1713484800000000,1713571200000000,XRPUSDT,0.023095176806924706,-0.04878286272287369,-0.06977491080760956,-0.08243970572948456,-0.06668203324079514,-0.054058946669101715,-0.11244703829288483
2024-01-01,1713484800000000,1713571200000000,DOGEUSDT,0.3825679431474145,0.0015711430460214615,-0.030449047684669495,-0.008684009313583374,0.06487858295440674,-0.019622907042503357,0.010024502873420715
2024-01-01,1713571200000000,1713657600000000,BTCUSDT,0.5250507507633625,0.004517646506428719,-0.04354602098464966,-0.03513762354850769,-0.030443094670772552,-0.03523854911327362,-0.03066183626651764
2024-01-01,1713571200000000,1713657600000000,ETHUSDT,0.8546442820286891,-0.031185081228613853,-0.06701312959194183,-0.09029072523117065,-0.059446223080158234,-0.062368497252464294,-0.10937021672725677
2024-01-01,1713571200000000,1713657600000000,SOLUSDT,1.1336369637085892,-0.03798195719718933,-0.01962582767009735,-0.06980252265930176,0.022500362247228622,-0.003840431571006775,-0.003903001546859741
2024-01-01,1713571200000000,1713657600000000,XRPUSDT,1.210276055826575,-0.04645228385925293,-0.05935101956129074,-0.07921707630157471,-0.06448745727539062,-0.04632048308849335,-0.11673615872859955
2024-01-01,1713571200000000,1713657600000000,DOGEUSDT,0.5725052270414076,-0.01305682398378849,-0.03224530816078186,-0.02830272912979126,0.052219703793525696,-0.016181424260139465,-0.004939153790473938
2024-01-01,1713657600000000,1713744000000000,BTCUSDT,0.007252417343194669,-0.012794194743037224,-0.04919496178627014,-0.054814502596855164,-0.04295575991272926,-0.03331039845943451,-0.05327226221561432
2024-01-01,1713657600000000,1713744000000000,ETHUSDT,-0.07171603372272861,-0.0552968829870224,-0.07673860341310501,-0.106416255235672,-0.07821308076381683,-0.05790720880031586,-0.11933226883411407
2024-01-01,1713657600000000,1713744000000000,SOLUSDT,-0.29561589773146946,-0.05453689396381378,-0.026059433817863464,-0.09063330292701721,-0.012825733982026577,-0.0014599859714508057,-0.05010156333446503
2024-01-01,1713657600000000,1713744000000000,XRPUSDT,-0.18541346880586698,-0.04969899356365204,-0.05944254249334335,-0.08128875494003296,-0.06621680408716202,-0.03137485682964325,-0.1029355376958847
2024-01-01,1713657600000000,1713744000000000,DOGEUSDT,-0.3893654424645226,-0.03283974528312683,-0.03798060119152069,-0.04604676365852356,0.019253309816122055,-0.02334599196910858,-0.03913058340549469
2024-01-01,1713744000000000,1713830400000000,BTCUSDT,0.8930104017450871,-0.0007653292268514633,-0.0375499427318573,-0.05615973472595215,-0.03174848109483719,-0.027280792593955994,-0.06614048779010773
2024-01-01,1713744000000000,1713830400000000,ETHUSDT,0.45104228018801246,-0.04266379773616791,-0.06001720577478409,-0.1060129702091217,-0.06678982079029083,-0.05138561129570007,-0.13496778905391693
2024-01-01,1713744000000000,1713830400000000,SOLUSDT,1.0260982732614554,-0.039702072739601135,-0.00911782681941986,-0.08418107032775879,0.037776071578264236,0.01705212891101837,-0.012819603085517883
2024-01-01,1713744000000000,1713830400000000,XRPUSDT,1.4248333281051868,-0.05248893052339554,-0.04261496663093567,-0.07663530111312866,-0.06760046631097794,-0.030505403876304626,-0.11967800557613373
2024-01-01,1713744000000000,1713830400000000,DOGEUSDT,0.27894909727090345,-0.009592881426215172,-0.020845875144004822,-0.040940701961517334,0.05475512519478798,-0.01021452248096466,-0.013918891549110413
2024-01-01,1713830400000000,1713916800000000,BTCUSDT,-0.18318218407497702,-0.026255635544657707,-0.056232891976833344,-0.07440982758998871,-0.050960078835487366,-0.03257469832897186,-0.08311213552951813
2024-01-01,1713830400000000,1713916800000000,ETHUSDT,0.16457608823676723,-0.053276099264621735,-0.06579184532165527,-0.11511841416358948,-0.07574845105409622,-0.05196205526590347,-0.1392665058374405
2024-01-01,1713830400000000,1713916800000000,SOLUSDT,-0.2577423308171824,-0.0577787309885025,-0.024151280522346497,-0.09920942783355713,-0.0033271918073296547,0.007734283804893494,-0.05821426212787628
2024-01-01,1713830400000000,1713916800000000,XRPUSDT,-0.4817678839464105,-0.05105435848236084,-0.048332974314689636,-0.07667481899261475,-0.0654253289103508,-0.022247031331062317,-0.09755130112171173
2024-01-01,1713830400000000,1713916800000000,DOGEUSDT,-0.13257274950352513,-0.02463473193347454,-0.030317053198814392,-0.04979577660560608,0.024535302072763443,-0.02588494122028351,-0.047541603446006775
2024-01-01,1713916800000000,1714003200000000,BTCUSDT,-1.0206892764884008,-0.0051347557455301285,-0.04420125484466553,-0.06593316793441772,-0.03200993686914444,-0.03544174134731293,-0.0953025370836258
2024-01-01,1713916800000000,1714003200000000,ETHUSDT,-0.6794897845926363,-0.05670388042926788,-0.06720970571041107,-0.11842018365859985,-0.07888776063919067,-0.058631762862205505,-0.15032164752483368
2024-01-01,1713916800000000,1714003200000000,SOLUSDT,-0.8632350914795408,-0.04984309524297714,-0.016474977135658264,-0.09391990303993225,0.03974677622318268,0.019242212176322937,-0.01872396469116211
2024-01-01,1713916800000000,1714003200000000,XRPUSDT,-0.745294745678021,-0.061955638229846954,-0.03651776909828186,-0.07616004347801208,-0.07073374092578888,-0.032943934202194214,-0.12308399379253387
2024-01-01,1713916800000000,1714003200000000,DOGEUSDT,-0.8003186233738191,-0.024108005687594414,-0.032223671674728394,-0.05158400535583496,0.010433231480419636,-0.03293392062187195,-0.05788983404636383
2024-01-01,1714003200000000,1714089600000000,BTCUSDT,0.1126371145716121,0.03753393143415451,-0.031122609972953796,-0.03742307424545288,0.0011806273832917213,-0.042180031538009644,-0.07986913621425629
2024-01-01,1714003200000000,1714089600000000,ETHUSDT,0.13840973663925715,-0.03577098995447159,-0.0599217489361763,-0.11026076972484589,-0.06391927599906921,-0.06619391590356827,-0.15688370168209076
2024-01-01,1714003200000000,1714089600000000,SOLUSDT,-0.37651536603207136,-0.029859552159905434,-0.014335647225379944,-0.07635155320167542,0.09151723235845566,0.01696901023387909,0.031991034746170044
2024-01-01,1714003200000000,1714089600000000,XRPUSDT,-0.09020237888394186,-0.05694064497947693,-0.042060717940330505,-0.0701780617237091,-0.06464440375566483,-0.048340581357479095,-0.12240882217884064
2024-01-01,1714003200000000,1714089600000000,DOGEUSDT,-0.0070557359286979255,-0.000874662771821022,-0.029124349355697632,-0.03891792893409729,0.03469279035925865,-0.03498557209968567,-0.034792885184288025
2024-01-01,1714089600000000,1714176000000000,BTCUSDT,-0.3640819091768788,0.010674474760890007,-0.04377368092536926,-0.044252946972846985,-0.023432329297065735,-0.04174596071243286,-0.08044110238552094
2024-01-01,1714089600000000,1714176000000000,ETHUSDT,-0.21949878596366917,-0.04986516386270523,-0.06932893395423889,-0.11403471231460571,-0.07667680829763412,-0.0667472779750824,-0.14970211684703827
2024-01-01,1714089600000000,1714176000000000,SOLUSDT,-0.7462056268444189,-0.03457987308502197,-0.018374726176261902,-0.07139122486114502,0.0634486973285675,-0.009141385555267334,0.02163088321685791
2024-01-01,1714089600000000,1714176000000000,XRPUSDT,0.027619289031676455,-0.05778278410434723,-0.04706181585788727,-0.06723099946975708,-0.06369289755821228,-0.049722135066986084,-0.11081831157207489
2024-01-01,1714089600000000,1714176000000000,DOGEUSDT,-0.33939260748275857,-0.02031312696635723,-0.04002712666988373,-0.043157726526260376,-0.011225535534322262,-0.04855053126811981,-0.0595809668302536
2024-01-01,1714176000000000,1714262400000000,BTCUSDT,-0.16768888080452005,0.027864987030625343,-0.03868913650512695,-0.03518524765968323,-0.007858469150960445,-0.04305082559585571,-0.0808977335691452
2024-01-01,1714176000000000,1714262400000000,ETHUSDT,1.1393032176100506,-0.04483857750892639,-0.06686164438724518,-0.11255590617656708,-0.0727807953953743,-0.06817781925201416,-0.15505214035511017
2024-01-01,1714176000000000,1714262400000000,SOLUSDT,0.2856332828266516,-0.0251008328050375,-0.02230028808116913,-0.06019170582294464,0.04866887256503105,-0.027090266346931458,0.025742143392562866
2024-01-01,1714176000000000,1714262400000000,XRPUSDT,-0.3786618227152141,-0.060453012585639954,-0.048280149698257446,-0.0671176016330719,-0.06550128012895584,-0.04883047938346863,-0.10658062994480133
2024-01-01,1714176000000000,1714262400000000,DOGEUSDT,-0.026587905185385854,-0.013490153476595879,-0.039622947573661804,-0.04093816876411438,-0.024300776422023773,-0.04541444778442383,-0.06425483524799347
2024-01-01,1714262400000000,1714348800000000,BTCUSDT,-0.17384334654984374,0.028464606031775475,-0.04048947989940643,-0.03450220823287964,-0.0071212416514754295,-0.043304502964019775,-0.08202043175697327
2024-01-01,1714262400000000,1714348800000000,ETHUSDT,0.07309287768638348,-0.07056493312120438,-0.0848364606499672,-0.11794084310531616,-0.09084319323301315,-0.06789736449718475,-0.13936106860637665
2024-01-01,1714262400000000,1714348800000000,SOLUSDT,-0.4651206977266545,-0.052049510180950165,-0.032564178109169006,-0.07069765031337738,-0.022183816879987717,-0.044860243797302246,-0.03382420539855957
2024-01-01,1714262400000000,1714348800000000,XRPUSDT,-0.37104367746436673,-0.053273797035217285,-0.043952569365501404,-0.0637592226266861,-0.06289595365524292,-0.04772528260946274,-0.10854034125804901
2024-01-01,1714262400000000,1714348800000000,DOGEUSDT,-0.11698429410253099,-0.020985806360840797,-0.0432729572057724,-0.04517883062362671,-0.04142826050519943,-0.038975879549980164,-0.06918703019618988
2024-01-01,1714348800000000,1714435200000000,BTCUSDT,0.4025215174432644,0.03347383439540863,-0.04074840247631073,-0.03406482934951782,-0.0017991876229643822,-0.04449781775474548,-0.08608582615852356
2024-01-01,1714348800000000,1714435200000000,ETHUSDT,-0.4193542260519822,-0.05296808481216431,-0.06271325051784515,-0.1145104169845581,-0.07564795017242432,-0.05543111264705658,-0.15122096240520477
2024-01-01,1714348800000000,1714435200000000,SOLUSDT,-0.028639403075592488,-0.04062690585851669,-0.027735278010368347,-0.06353794038295746,-0.03390653431415558,-0.03746907413005829,-0.04628629982471466
2024-01-01,1714348800000000,1714435200000000,XRPUSDT,0.23834185865421506,-0.048280373215675354,-0.04373332858085632,-0.06149446964263916,-0.06325430423021317,-0.04562879353761673,-0.10604478418827057
2024-01-01,1714348800000000,1714435200000000,DOGEUSDT,-0.3604840535609548,-0.018026994541287422,-0.03999294340610504,-0.047183260321617126,-0.04567980766296387,-0.028911784291267395,-0.07016010582447052
